recnum,person_id,fc_num,contact_date,sex,race,age,build,hair_style,skin_tone,ethnicity,otherclothing,deceased,license_state,license_type,was_frisked
,22898085580,FC20002332,2021-04-13 13:25:00.0000000,Male,Black,28,Stocky,NULL,NULL,Not of Hispanic Origin,,0,MA,,0
,22898090756,FC20002332,2021-04-13 13:25:00.0000000,Male,Black,20,Thin,Afro,Light,Unknown,,0,MA,ID Only - Never had Personal Driver License,0
,19256173492,FC20006178,2021-01-01 22:12:00.0000000,Male,White,24,Muscular,NULL,NULL,Hispanic Origin,,0,MA,,1
,19256175412,FC20006178,2021-01-01 22:12:00.0000000,Male,White,20,Thin,NULL,NULL,Hispanic Origin,,0,MA,,1
,19256179180,FC20006178,2021-01-01 22:12:00.0000000,Male,White,26,Thin,NULL,NULL,Hispanic Origin,,0,MA,,1
,19256181428,FC20006178,2021-01-01 22:12:00.0000000,Male,Black,21,Medium,Straight,Light,Hispanic Origin,,0,MA,No License - Record Only,1
,19254932430,FC21000001,2021-01-01 09:17:00.0000000,Male,Asian,44,Thin,NULL,NULL,Not of Hispanic Origin,,0,MA,,0
,19255439588,FC21000003,2021-01-01 14:46:00.0000000,Female,White,20,NULL,NULL,NULL,Hispanic Origin,,0,RI,Class D,0
,19255552632,FC21000004,2021-01-01 14:42:00.0000000,Female,White,43,Thin,NULL,NULL,Not of Hispanic Origin,,0,MA,,NULL
,19255554034,FC21000004,2021-01-01 14:42:00.0000000,Male,Black,26,Thin,Curly,NULL,NULL,,0,MA,,1
,19255554328,FC21000004,2021-01-01 14:42:00.0000000,Male,Black,25,Stocky,NULL,Medium Brown,NULL,,0,MA,,1
,19255955847,FC21000006,2021-01-01 20:35:00.0000000,Male,White,37,NULL,NULL,NULL,Hispanic Origin,,0,NULL,,1
,19255956755,FC21000007,2021-01-01 18:08:00.0000000,Female,Unknown,22,NULL,NULL,NULL,Unknown,,0,MA,CDL Class B,0
,19256289778,FC21000008,2021-01-02 00:25:00.0000000,Male,White,21,Unknown,NULL,NULL,Hispanic Origin,,0,MA,No License - Record Only,0
,19256418317,FC21000009,2021-01-02 00:17:00.0000000,Male,White,58,Medium,NULL,NULL,Not of Hispanic Origin,,0,MA,,0
,19256528047,FC21000011,2021-01-02 02:31:00.0000000,Male,Black,53,Medium,NULL,NULL,Not of Hispanic Origin,,0,MA,Class D,0
,19256532865,FC21000011,2021-01-02 02:31:00.0000000,Male,White,38,NULL,NULL,NULL,Unknown,,0,MA,Class D,1
,19256590134,FC21000012,2021-01-02 03:32:00.0000000,Male,Unknown,34,NULL,NULL,NULL,NULL,,0,NULL,,0
,19256777570,FC21000013,2021-01-02 04:25:00.0000000,Male,Black,30,Medium,Corn Rows,Medium Brown,NULL,,0,MA,,1
,19256777988,FC21000013,2021-01-02 04:25:00.0000000,Female,Black,35,Medium,NULL,NULL,Not of Hispanic Origin,,0,MA,,1
,19256778240,FC21000013,2021-01-02 04:25:00.0000000,Male,Black,23,NULL,NULL,NULL,Unknown,,0,MA,Class D,1
,19256778306,FC21000013,2021-01-02 04:25:00.0000000,Female,Black,32,NULL,NULL,NULL,Unknown,,0,MA,Class D,1
,19257029392,FC21000014,2021-01-02 09:07:00.0000000,Male,Black,39,Medium,Afro,Dark Brown,Not of Hispanic Origin,,0,MA,"ID - Had a License, now has ID",1
,19257281509,FC21000015,2021-01-02 13:15:00.0000000,Female,White,34,Heavy,NULL,NULL,Not of Hispanic Origin,,0,MA,Class D,0
,19257283827,FC21000015,2021-01-02 13:15:00.0000000,Male,White,35,Medium,NULL,NULL,Not of Hispanic Origin,,0,MA,,1
,19257422503,FC21000016,2021-01-02 02:30:00.0000000,Male,Black,40,Heavy,NULL,NULL,Not of Hispanic Origin,,0,MA,None,0
,19257899648,FC21000017,2021-01-02 17:40:00.0000000,Male,Black,33,Medium,NULL,NULL,Not of Hispanic Origin,,0,MA,Class D,1
,19257903230,FC21000017,2021-01-02 17:40:00.0000000,Male,Black,34,NULL,NULL,NULL,Not of Hispanic Origin,,0,MA,,1
,19257833979,FC21000018,2021-01-02 17:21:00.0000000,Male,Black,53,Medium,NULL,Dark,Not of Hispanic Origin,,0,MA,None,1
,19257834149,FC21000018,2021-01-02 17:21:00.0000000,Male,White,59,Thin,NULL,NULL,Not of Hispanic Origin,,0,MA,,1
,19258061953,FC21000019,2021-01-02 19:45:00.0000000,Female,Black,34,NULL,NULL,NULL,Unknown,,0,NULL,,0
,19258174738,FC21000020,2021-01-01 22:36:00.0000000,Male,Black,24,Thin,Short,NULL,Not of Hispanic Origin,,0,MA,Class D,0
,19258178341,FC21000020,2021-01-01 22:36:00.0000000,Male,Black,27,Muscular,Wavy,Medium,NULL,,0,MA,Class D,0
,19258186121,FC21000020,2021-01-01 22:36:00.0000000,Male,Black,24,NULL,NULL,NULL,Unknown,,0,MA,Class D,0
,19258718235,FC21000022,2021-01-01 23:52:00.0000000,Male,Black,18,NULL,NULL,NULL,Unknown,,0,NULL,,1
,19258723706,FC21000022,2021-01-01 23:52:00.0000000,Male,Black,18,NULL,NULL,NULL,Unknown,,0,VA,Class D,1
,19258726377,FC21000022,2021-01-01 23:52:00.0000000,Male,White,19,NULL,NULL,NULL,Unknown,,0,MA,Class D,1
,19259204191,FC21000023,2021-01-03 10:30:00.0000000,Male,Black,32,NULL,NULL,NULL,Not of Hispanic Origin,,0,MA,Class D,0
,19259432787,FC21000023,2021-01-03 10:30:00.0000000,Male,Black,26,Medium,Short,Light Brown,Not of Hispanic Origin,,0,MA,ID Only - Never had Personal Driver License,0
,19259391218,FC21000025,2021-01-03 12:12:00.0000000,Female,White,36,Heavy,Straight,NULL,Not of Hispanic Origin,,0,MA,,0
,19259424900,FC21000026,2021-01-03 14:00:00.0000000,Female,White,43,Thin,NULL,NULL,Not of Hispanic Origin,,0,MA,,NULL
,19259428877,FC21000026,2021-01-03 14:00:00.0000000,Male,Other,24,NULL,NULL,NULL,Hispanic Origin,,0,RI,,0
,19259623214,FC21000027,2021-01-02 17:30:00.0000000,Male,White,19,Thin,NULL,NULL,Hispanic Origin,,0,MA,,1
,19259625731,FC21000027,2021-01-02 17:30:00.0000000,Male,White,20,NULL,NULL,NULL,Not of Hispanic Origin,,0,MA,ID Only - Never had Personal Driver License,0
,19259703107,FC21000028,2021-01-03 17:00:00.0000000,Male,Black,32,Heavy,NULL,NULL,Not of Hispanic Origin,,0,MA,,0
,19260004017,FC21000029,2021-01-03 18:30:00.0000000,Male,Black,37,Thin,Dreadlocks,Dark Brown,Not of Hispanic Origin,,0,MA,No License - Record Only,0
,19260023856,FC21000029,2021-01-03 18:30:00.0000000,Female,Black,37,Thin,NULL,NULL,Not of Hispanic Origin,,0,MA,Class D,0
,19260146223,FC21000030,2021-01-03 21:30:00.0000000,Male,Black,22,NULL,NULL,NULL,Unknown,,0,MA,Class D,0
,19260147837,FC21000030,2021-01-03 21:30:00.0000000,Male,Black,24,NULL,NULL,NULL,Not of Hispanic Origin,,0,NULL,,0
,19260146275,FC21000031,2021-01-03 16:41:00.0000000,Male,Black,43,Medium,NULL,NULL,Not of Hispanic Origin,,0,MA,Class D,0
,19260268525,FC21000032,2021-01-03 21:45:00.0000000,Male,Black,22,NULL,NULL,NULL,Not of Hispanic Origin,,0,MA,Class D,0
,19260270097,FC21000032,2021-01-03 21:45:00.0000000,Male,Black,29,Medium,NULL,NULL,Not of Hispanic Origin,,0,MA,,0
,19260244869,FC21000033,2021-01-03 22:48:00.0000000,Male,Black,26,Medium,Twists,Medium Brown,Not of Hispanic Origin,,0,MA,ID Only - Never had Personal Driver License,0
,19260359453,FC21000034,2021-01-03 23:30:00.0000000,Female,Unknown,21,NULL,NULL,NULL,NULL,,0,NULL,,NULL
,19260360170,FC21000034,2021-01-03 23:30:00.0000000,Male,Black,20,NULL,NULL,NULL,NULL,,0,NULL,,1
,19260360489,FC21000034,2021-01-03 23:30:00.0000000,Male,Black,24,Medium,NULL,NULL,Hispanic Origin,,0,MA,,1
,19260361486,FC21000034,2021-01-03 23:30:00.0000000,Male,Black,20,Thin,Braided,Medium Brown,NULL,,0,MA,,1
,19260361693,FC21000034,2021-01-03 23:30:00.0000000,Male,White,21,Heavy,NULL,NULL,Hispanic Origin,,0,MA,,1
,19260380156,FC21000034,2021-01-03 23:30:00.0000000,Male,White,24,NULL,NULL,NULL,Hispanic Origin,,0,MA,Class D,0
,19260428372,FC21000034,2021-01-03 23:30:00.0000000,Female,Unknown,30,NULL,NULL,NULL,Unknown,,0,NULL,,1
,19261021681,FC21000035,2021-01-04 08:12:00.0000000,Male,White,41,Medium,Short,Light,Not of Hispanic Origin,,0,MA,Class D,0
,19261037159,FC21000036,2021-01-04 11:00:00.0000000,Male,Black,25,Medium,Afro,NULL,Not of Hispanic Origin,,0,MA,,1
,19261058141,FC21000036,2021-01-04 11:00:00.0000000,Male,Black,27,NULL,NULL,NULL,Not of Hispanic Origin,,0,MA,No License - Record Only,1
,19261250581,FC21000037,2021-01-04 10:05:00.0000000,Male,White,20,Medium,NULL,NULL,Hispanic Origin,,0,MA,ID Only - Never had Personal Driver License,0
,19261329204,FC21000038,2021-01-04 10:50:00.0000000,Male,Black,34,Medium,NULL,NULL,Not of Hispanic Origin,,0,MA,Class D,0
,19261924132,FC21000039,2021-01-04 13:45:00.0000000,Male,White,30,Medium,Short,Light,NULL,,0,MA,,1
,19262209161,FC21000040,2021-01-04 16:00:00.0000000,Male,Black,28,Thin,NULL,NULL,Not of Hispanic Origin,,0,MA,Class D,0
,19262211691,FC21000040,2021-01-04 16:00:00.0000000,Female,Black,26,Medium,NULL,NULL,Not of Hispanic Origin,,0,MA,ID Only - Never had Personal Driver License,0
,19262348825,FC21000041,2021-01-04 17:00:00.0000000,Female,White,38,NULL,NULL,NULL,Not of Hispanic Origin,,0,MA,Class D,0
,19262413020,FC21000042,2021-01-04 16:41:00.0000000,Male,Black,28,Thin,NULL,NULL,Not of Hispanic Origin,,0,MA,,1
,19262413653,FC21000042,2021-01-04 16:41:00.0000000,Male,Black,30,Medium,NULL,NULL,Not of Hispanic Origin,,0,MA,,NULL
,19262553798,FC21000043,2021-01-04 00:00:00.0000000,Male,Black,30,Medium,Bald or Balding,Light Brown,Not of Hispanic Origin,,0,MA,"ID - Had a License, now has ID",1
,19262559407,FC21000043,2021-01-04 00:00:00.0000000,Female,Black,30,NULL,NULL,NULL,NULL,,0,MA,,NULL
,19262607947,FC21000044,2021-01-04 17:45:00.0000000,Male,Black,24,Medium,NULL,NULL,Hispanic Origin,,0,MA,,1
,19262608437,FC21000044,2021-01-04 17:45:00.0000000,Female,White,49,Thin,NULL,NULL,Not of Hispanic Origin,,0,MA,,NULL
,19262624194,FC21000044,2021-01-04 17:45:00.0000000,Female,Unknown,24,NULL,NULL,NULL,Hispanic Origin,,0,MA,Class D,0
,19262653981,FC21000045,2021-01-04 17:30:00.0000000,Male,White,40,Heavy,Short,NULL,Not of Hispanic Origin,,0,MA,,1
,19262658156,FC21000045,2021-01-04 17:30:00.0000000,Male,Unknown,32,NULL,NULL,NULL,Unknown,,0,NULL,,NULL
,19262651340,FC21000046,2021-01-04 19:30:00.0000000,Male,NULL,31,NULL,NULL,NULL,NULL,,0,NULL,,1
,19262644295,FC21000047,2021-01-04 18:50:00.0000000,Male,Black,26,Thin,NULL,NULL,Not of Hispanic Origin,,0,MA,ID Only - Never had Personal Driver License,0
,19262647624,FC21000048,2021-01-04 16:17:00.0000000,Male,Asian,39,Thin,Crew Cut,Medium,Not of Hispanic Origin,,0,MA,,0
,19262650148,FC21000048,2021-01-04 16:17:00.0000000,Male,Black,21,Thin,NULL,NULL,Not of Hispanic Origin,,0,MA,,0
,19262653874,FC21000048,2021-01-04 16:17:00.0000000,Male,Black,19,NULL,NULL,NULL,Not of Hispanic Origin,,0,MA,Class D,0
,19262653032,FC21000049,2021-01-04 18:45:00.0000000,Female,Black,34,NULL,NULL,NULL,Unknown,,0,NULL,,0
,19262649811,FC21000049,2021-01-04 18:45:00.0000000,Male,Black,34,Medium,NULL,NULL,Not of Hispanic Origin,,0,MA,,1
,19262669584,FC21000050,2021-01-04 19:50:00.0000000,Male,Black,29,Medium,NULL,NULL,Not of Hispanic Origin,,0,MA,,0
,19262681861,FC21000051,2021-01-04 17:30:00.0000000,Female,White,33,Medium,NULL,NULL,Not of Hispanic Origin,,0,MA,,1
,19262768916,FC21000052,2021-01-04 20:10:00.0000000,Male,Black,22,Thin,NULL,NULL,Not of Hispanic Origin,,0,MA,,0
,19262770423,FC21000052,2021-01-04 20:10:00.0000000,Male,Black,29,Unknown,NULL,NULL,Not of Hispanic Origin,,0,MA,,0
,19262699311,FC21000053,2021-01-04 14:38:00.0000000,Male,Black,19,Thin,NULL,NULL,Hispanic Origin,,0,MA,ID Only - Never had Personal Driver License,0
,19262716080,FC21000053,2021-01-04 14:38:00.0000000,Male,Black,24,Thin,NULL,NULL,Not of Hispanic Origin,,0,MA,,0
,19262863055,FC21000054,2021-01-04 17:00:00.0000000,Male,Black,32,Medium,Braided,NULL,Unknown,,0,MA,Class D,1
,19262864326,FC21000054,2021-01-04 17:00:00.0000000,Male,Black,31,Medium,NULL,NULL,Not of Hispanic Origin,,0,MA,,0
,19262914901,FC21000055,2021-01-04 22:15:00.0000000,Male,Black,28,Thin,NULL,NULL,Not of Hispanic Origin,,0,MA,,1
,19262979251,FC21000056,2021-01-03 19:33:00.0000000,Female,Black,56,NULL,NULL,NULL,Unknown,,0,MA,,0
,19263363904,FC21000057,2021-01-05 00:25:00.0000000,Male,Black,33,Medium,Dreadlocks,Light Brown,NULL,,0,MA,,NULL
,19263363904,FC21000057,2021-01-05 00:25:00.0000000,Male,Black,33,Medium,Dreadlocks,Light Brown,NULL,,0,MA,,1
,19263373826,FC21000058,2021-01-05 03:21:00.0000000,Male,White,35,NULL,NULL,NULL,Not of Hispanic Origin,,0,MA,Class D,NULL
,19263375085,FC21000058,2021-01-05 03:21:00.0000000,Male,Black,44,Unknown,NULL,NULL,Not of Hispanic Origin,,0,MA,,1
,19263409873,FC21000059,2021-01-05 03:08:00.0000000,Female,White,42,Medium,NULL,NULL,Not of Hispanic Origin,,0,MA,Class D,1
,19263415896,FC21000059,2021-01-05 03:08:00.0000000,Female,White,47,Stocky,NULL,NULL,Not of Hispanic Origin,,0,MA,Class D,1
,19263436891,FC21000060,2021-01-05 02:00:00.0000000,Male,Black,23,Thin,NULL,NULL,Not of Hispanic Origin,,0,MA,Class D,0
,19263437778,FC21000060,2021-01-05 02:00:00.0000000,Male,Black,20,Thin,NULL,NULL,Not of Hispanic Origin,,0,MA,ID Only - Never had Personal Driver License,0
,19263440466,FC21000060,2021-01-05 02:00:00.0000000,Male,Black,29,Medium,NULL,NULL,Not of Hispanic Origin,,0,MA,Class D,0
,19265042409,FC21000062,2021-01-04 20:28:00.0000000,Male,Black,44,Thin,NULL,Medium,Not of Hispanic Origin,,0,MA,,1
,19265043082,FC21000062,2021-01-04 20:28:00.0000000,Female,White,34,NULL,NULL,NULL,Not of Hispanic Origin,,0,NULL,,1
,19265048051,FC21000063,2021-01-04 22:10:00.0000000,Male,Black,30,Medium,Short,Dark Brown,Not of Hispanic Origin,,0,MA,Class D,0
,19265100118,FC21000064,2021-01-05 16:35:00.0000000,Male,Black,49,NULL,NULL,NULL,Not of Hispanic Origin,,0,MA,Class D,NULL
,19265100118,FC21000064,2021-01-05 16:35:00.0000000,Male,Black,49,NULL,NULL,NULL,Not of Hispanic Origin,,0,MA,Class D,0
,19265104557,FC21000065,2021-01-05 16:20:00.0000000,Male,Black,40,Medium,Curly,Brown,Not of Hispanic Origin,,0,MA,,0
,19265734198,FC21000066,2021-01-05 18:09:00.0000000,Male,Black,20,Thin,Afro,Medium Brown,NULL,,0,MA,Class D,1
,19265739370,FC21000066,2021-01-05 18:09:00.0000000,Male,Black,19,Thin,Afro,Light Brown,Not of Hispanic Origin,,0,MA,,0
,19265762564,FC21000067,2021-01-05 21:24:00.0000000,Male,Black,29,Thin,NULL,NULL,Not of Hispanic Origin,,0,MA,,1
,19265763768,FC21000067,2021-01-05 21:24:00.0000000,Male,Black,25,Thin,NULL,NULL,Not of Hispanic Origin,,0,MA,,1
,19265900024,FC21000068,2021-01-05 22:16:00.0000000,Female,Black,23,Average,Braided,NULL,Unknown,,0,MA,Class D,0
,19265905522,FC21000069,2021-01-05 22:23:00.0000000,Female,Other,30,NULL,NULL,NULL,NULL,,0,MA,,0
,19265969898,FC21000070,2021-01-05 22:30:00.0000000,Male,Black,33,Stocky,Dreadlocks,Dark Brown,NULL,,0,MA,,0
,19266347999,FC21000071,2021-01-05 08:26:00.0000000,Male,Black,32,Medium,NULL,NULL,Not of Hispanic Origin,,0,MA,,1
,19266427635,FC21000072,2021-01-06 00:26:00.0000000,Male,Black,20,Thin,Braided,Medium Brown,Not of Hispanic Origin,,0,MA,,1
,19266428098,FC21000072,2021-01-06 00:26:00.0000000,Male,Black,21,Medium,NULL,NULL,Not of Hispanic Origin,,0,MA,Class D,1
,19266429143,FC21000072,2021-01-06 00:26:00.0000000,Male,Black,21,Medium,Short,Dark,Not of Hispanic Origin,,0,OTH,None,1
,19266429430,FC21000072,2021-01-06 00:26:00.0000000,Male,Black,22,NULL,NULL,NULL,Not of Hispanic Origin,,0,MA,Class D,1
,19266429653,FC21000072,2021-01-06 00:26:00.0000000,Male,Black,22,NULL,NULL,NULL,Not of Hispanic Origin,,0,MA,Class D,1
,19266468291,FC21000073,2021-01-06 02:21:00.0000000,Male,White,23,NULL,NULL,NULL,Not of Hispanic Origin,,0,MA,,1
,19266468345,FC21000073,2021-01-06 02:21:00.0000000,Female,White,55,NULL,NULL,NULL,Unknown,,0,NULL,,0
,19266468439,FC21000073,2021-01-06 02:21:00.0000000,Female,White,43,Medium,NULL,NULL,Not of Hispanic Origin,,0,MA,,0
,19266489642,FC21000074,2021-01-06 02:02:00.0000000,Male,White,34,NULL,NULL,NULL,Not of Hispanic Origin,,0,NULL,,0
,19266490127,FC21000074,2021-01-06 02:02:00.0000000,Female,White,45,Medium,Curly,Light Brown,Hispanic Origin,,0,MA,,0
,19267061675,FC21000075,2021-01-06 10:15:00.0000000,Male,White,60,Thin,NULL,NULL,Hispanic Origin,,0,MA,,0
,19267090054,FC21000075,2021-01-06 10:15:00.0000000,Male,White,26,NULL,NULL,NULL,Not of Hispanic Origin,,0,MA,,0
,19267216541,FC21000076,2021-01-06 11:30:00.0000000,Male,Black,27,Thin,NULL,NULL,Not of Hispanic Origin,,0,MA,Class D,0
,19267507731,FC21000077,2021-01-06 00:00:00.0000000,Male,White,38,Heavy,Curly,Medium,NULL,,0,MA,,1
,19267548341,FC21000078,2021-01-06 11:00:00.0000000,Male,Black,58,NULL,NULL,NULL,Unknown,,0,MA,Class D,0
,19267597354,FC21000079,2021-01-06 13:20:00.0000000,Male,Black,27,Stocky,Braided,Dark Brown,NULL,,0,MA,Class D,0
,19267598525,FC21000079,2021-01-06 13:20:00.0000000,Male,Black,40,Medium,Short,Medium Brown,NULL,,0,MA,,0
,19267599588,FC21000079,2021-01-06 13:20:00.0000000,Male,Black,40,Medium,NULL,NULL,Not of Hispanic Origin,,0,MA,,0
,19267598951,FC21000080,2021-01-06 12:10:00.0000000,Male,White,28,Medium,Short,Medium,Not of Hispanic Origin,,0,MA,,1
,19267782949,FC21000081,2021-01-06 14:02:00.0000000,Male,Black,40,NULL,NULL,NULL,Unknown,,0,MA,Other: Suspended,1
,19267921102,FC21000082,2021-01-06 14:03:00.0000000,Male,White,50,NULL,NULL,NULL,Not of Hispanic Origin,,0,MA,Class D,0
,19267921305,FC21000082,2021-01-06 14:03:00.0000000,Male,White,63,Medium,NULL,NULL,Not of Hispanic Origin,,0,MA,,0
,19268420761,FC21000083,2021-01-06 18:00:00.0000000,Female,Black,19,Medium,NULL,NULL,Not of Hispanic Origin,,0,MA,,0
,19268422052,FC21000083,2021-01-06 18:00:00.0000000,Female,Black,26,Medium,NULL,NULL,Not of Hispanic Origin,,0,MA,,0
,19268616774,FC21000084,2021-01-06 06:30:00.0000000,Male,Black,24,NULL,NULL,NULL,NULL,,0,MA,Class D,0
,19268989312,FC21000085,2021-01-06 20:47:00.0000000,Male,Black,NULL,NULL,NULL,NULL,Unknown,,0,NULL,,0
,19269035206,FC21000086,2021-01-06 20:47:00.0000000,Female,Black,30,Thin,NULL,NULL,Not of Hispanic Origin,,0,MA,,0
,19269038259,FC21000086,2021-01-06 20:47:00.0000000,Male,Black,38,Medium,NULL,NULL,Not of Hispanic Origin,,0,MA,"ID - Had a License, now has ID",1
,19269040611,FC21000086,2021-01-06 20:47:00.0000000,Female,Black,40,NULL,NULL,NULL,Not of Hispanic Origin,,0,MA,Class D,NULL
,19269059002,FC21000087,2021-01-06 21:00:00.0000000,Male,Black,17,Medium,NULL,NULL,Hispanic Origin,,0,NULL,,0
,19269059501,FC21000087,2021-01-06 21:00:00.0000000,Male,Unknown,22,NULL,NULL,NULL,NULL,,0,MA,,0
,19269379403,FC21000088,2021-01-07 01:55:00.0000000,Male,Black,20,NULL,NULL,NULL,Not of Hispanic Origin,,0,MA,Class D,1
,19269380145,FC21000088,2021-01-07 01:55:00.0000000,Male,Black,20,Thin,Braided,Medium Brown,Not of Hispanic Origin,,0,MA,,1
,19269381222,FC21000088,2021-01-07 01:55:00.0000000,Male,Black,18,Thin,NULL,NULL,Not of Hispanic Origin,,0,MA,,1
,19269419907,FC21000089,2021-01-07 00:51:00.0000000,Male,Black,29,NULL,NULL,NULL,NULL,,0,NULL,,1
,19269424189,FC21000089,2021-01-07 00:51:00.0000000,Male,Black,26,NULL,NULL,NULL,Unknown,,0,MA,,1
,19269502063,FC21000090,2021-01-07 00:22:00.0000000,Male,Black,55,NULL,NULL,NULL,Hispanic Origin,,0,MA,Class D,0
,19269512090,FC21000091,2021-01-07 02:18:00.0000000,Male,White,29,Heavy,NULL,NULL,Not of Hispanic Origin,,0,MA,Class D,1
,19269512137,FC21000091,2021-01-07 02:18:00.0000000,Male,White,34,Thin,NULL,NULL,Hispanic Origin,,0,MA,,0
,19272957856,FC21000092,2021-01-07 12:45:00.0000000,Male,White,55,Medium,NULL,NULL,Not of Hispanic Origin,,0,MA,,1
,19273891907,FC21000093,2021-01-07 17:30:00.0000000,Male,Black,32,Medium,NULL,Dark,Not of Hispanic Origin,,0,MA,,1
,19273892037,FC21000093,2021-01-07 17:30:00.0000000,Male,Black,16,Heavy,NULL,NULL,NULL,,0,MA,,0
,19279196436,FC21000095,2021-01-07 15:00:00.0000000,Male,Black,21,Medium,Corn Rows,Medium Brown,NULL,,0,MA,,0
,19279223682,FC21000096,2021-01-07 20:29:00.0000000,Female,White,34,NULL,NULL,NULL,Not of Hispanic Origin,,0,NULL,,0
,19279315788,FC21000097,2021-01-07 22:15:00.0000000,Male,White,40,Thin,NULL,NULL,Not of Hispanic Origin,,0,MA,,1
,19279731984,FC21000098,2021-01-08 02:20:00.0000000,Male,Black,23,Thin,NULL,NULL,Not of Hispanic Origin,,0,MA,,0
,19279880949,FC21000099,2021-01-08 02:13:00.0000000,Male,White,40,Thin,Short,Light,NULL,,0,MA,,0
,19292734523,FC21000100,2021-01-08 14:03:00.0000000,Female,White,26,NULL,NULL,NULL,Not of Hispanic Origin,,0,NULL,,NULL
,19292734523,FC21000100,2021-01-08 14:03:00.0000000,Female,White,26,NULL,NULL,NULL,Not of Hispanic Origin,,0,NULL,,NULL
,19292884547,FC21000100,2021-01-08 14:03:00.0000000,Male,Black,30,NULL,NULL,NULL,Unknown,,0,NULL,,0
,19295938221,FC21000101,2021-01-08 11:32:00.0000000,Male,White,28,Thin,Shaved Head,Light,Not of Hispanic Origin,,0,MA,,1
,19317649973,FC21000102,2021-01-08 15:10:00.0000000,Male,Black,37,Stocky,NULL,NULL,Hispanic Origin,,0,MA,Class D,1
,19317849157,FC21000102,2021-01-08 15:10:00.0000000,Male,Black,29,NULL,NULL,NULL,Hispanic Origin,,0,MA,Class D,1
,19319220467,FC21000103,2021-01-08 16:00:00.0000000,Male,White,19,NULL,NULL,NULL,Not of Hispanic Origin,,0,MA,Class D,1
,19319329025,FC21000103,2021-01-08 16:00:00.0000000,Female,White,19,NULL,NULL,NULL,Not of Hispanic Origin,,0,MA,Class D,0
,19320312954,FC21000104,2021-01-08 21:03:00.0000000,Male,White,30,NULL,Curly,Light,Hispanic Origin,,0,MA,Class D,0
,19320382001,FC21000104,2021-01-08 21:03:00.0000000,Female,Asian,24,Medium,Straight,Light Brown,Not of Hispanic Origin,,0,MA,Class D,0
,19320468061,FC21000106,2021-01-08 18:08:00.0000000,Male,Black,18,Medium,Short,Dark Brown,Not of Hispanic Origin,,0,MA,,0
,19323121279,FC21000107,2021-01-08 21:15:00.0000000,Male,Black,24,Thin,Short,NULL,Hispanic Origin,,0,MA,Class D,0
,19323139927,FC21000107,2021-01-08 21:15:00.0000000,Female,Black,30,Medium,NULL,NULL,Not of Hispanic Origin,,0,MA,Class D,0
,20293476959,FC21000108,2021-01-29 21:05:00.0000000,Male,White,63,NULL,NULL,NULL,Not of Hispanic Origin,,0,MA,Class D,NULL
,20293476959,FC21000108,2021-01-29 21:05:00.0000000,Male,White,63,NULL,NULL,NULL,Not of Hispanic Origin,,0,MA,Class D,0
,19354002837,FC21000109,2021-01-09 12:52:00.0000000,Male,Black,30,Medium,NULL,NULL,Not of Hispanic Origin,,0,MA,Class D,0
,19354085601,FC21000110,2021-01-09 13:47:00.0000000,Male,Black,17,NULL,NULL,NULL,Not of Hispanic Origin,,0,MA,ID Only - Never had Personal Driver License,1
,19354140792,FC21000111,2021-01-09 13:10:00.0000000,Male,Black,15,NULL,NULL,NULL,Unknown,,0,NULL,,1
,19354418338,FC21000112,2021-01-08 15:55:00.0000000,Female,White,30,Medium,Unkempt,Light,Not of Hispanic Origin,,0,MA,,1
,19354455922,FC21000113,2021-01-08 10:00:00.0000000,Male,Black,39,Medium,Short,Light Brown,Hispanic Origin,,0,MA,Class D,0
,19354456273,FC21000113,2021-01-08 10:00:00.0000000,Female,Unknown,40,NULL,NULL,NULL,Hispanic Origin,,0,NULL,,0
,19354535644,FC21000114,2021-01-09 18:29:00.0000000,Male,Black,24,Stocky,Bald or Balding,Light Brown,Not of Hispanic Origin,,0,MA,,0
,19354536375,FC21000114,2021-01-09 18:29:00.0000000,Male,Black,23,Thin,NULL,NULL,Not of Hispanic Origin,,0,MA,Class D,0
,19354538183,FC21000114,2021-01-09 18:29:00.0000000,Male,Black,24,Medium,NULL,NULL,Not of Hispanic Origin,,0,MA,,0
,19354543156,FC21000115,2021-01-09 18:10:00.0000000,Male,Black,31,Medium,NULL,Medium Brown,Not of Hispanic Origin,,0,MA,,0
,19357483794,FC21000116,2021-01-09 19:30:00.0000000,Male,Black,36,Medium,NULL,Light Brown,Not of Hispanic Origin,,0,MA,,0
,19392596419,FC21000117,2021-01-10 00:00:00.0000000,Male,White,52,NULL,NULL,NULL,Not of Hispanic Origin,,0,MA,Class D,0
,19425879712,FC21000118,2021-01-10 01:35:00.0000000,Male,White,24,Stocky,Braided,Light Brown,Hispanic Origin,,0,MA,Class D,0
,19425936996,FC21000118,2021-01-10 01:35:00.0000000,Female,Black,31,NULL,NULL,NULL,Not of Hispanic Origin,,0,MA,Class D,0
,19429125482,FC21000119,2021-01-10 00:00:00.0000000,Male,Black,23,Thin,NULL,NULL,Not of Hispanic Origin,,0,MA,Class D,1
,19480052912,FC21000120,2021-01-10 11:25:00.0000000,Male,Black,52,Muscular,NULL,NULL,Not of Hispanic Origin,,0,MA,Class D,0
,19484619176,FC21000121,2021-01-10 11:50:00.0000000,Female,White,44,NULL,NULL,NULL,Not of Hispanic Origin,,0,MA,Class D,1
,19486636240,FC21000122,2021-01-10 09:19:00.0000000,Male,White,42,Medium,NULL,NULL,Not of Hispanic Origin,,0,MA,,1
,19486656405,FC21000122,2021-01-10 09:19:00.0000000,Male,White,56,NULL,NULL,NULL,Unknown,,0,NULL,,1
,19551880481,FC21000123,2021-01-10 18:41:00.0000000,Male,Black,41,Stocky,Short,NULL,Hispanic Origin,,0,MA,,0
,19552593433,FC21000123,2021-01-10 18:41:00.0000000,Female,White,30,NULL,NULL,NULL,Not of Hispanic Origin,,0,MA,,0
,19552686736,FC21000123,2021-01-10 18:41:00.0000000,Male,White,63,NULL,NULL,NULL,Hispanic Origin,,0,NULL,,0
,19554119212,FC21000124,2021-01-09 22:44:00.0000000,Female,Black,24,Heavy,NULL,NULL,Not of Hispanic Origin,,0,MA,,0
,19554182198,FC21000124,2021-01-09 22:44:00.0000000,Male,Black,25,Thin,NULL,NULL,Not of Hispanic Origin,,0,MA,,1
,19557815815,FC21000125,2021-01-09 21:57:00.0000000,Female,Black,18,NULL,NULL,NULL,NULL,,0,MA,,0
,19557956586,FC21000125,2021-01-09 21:57:00.0000000,Female,Black,18,Thin,Short,Dark,NULL,,0,MA,,0
,19558020752,FC21000125,2021-01-09 21:57:00.0000000,Male,Black,17,Thin,Short,Medium Brown,NULL,,0,MA,,1
,19558071110,FC21000125,2021-01-09 21:57:00.0000000,Male,Black,17,NULL,NULL,NULL,Not of Hispanic Origin,,0,MA,ID Only - Never had Personal Driver License,1
,19558132947,FC21000125,2021-01-09 21:57:00.0000000,Male,Black,20,NULL,NULL,NULL,Not of Hispanic Origin,,0,NULL,,1
,19570173647,FC21000126,2021-01-10 21:12:00.0000000,Female,Black,20,Heavy,NULL,Medium,NULL,,0,MA,Class D,0
,19597485894,FC21000127,2021-01-10 23:36:00.0000000,Male,White,36,NULL,NULL,NULL,Not of Hispanic Origin,,0,MA,"ID - Had a License, now has ID",0
,19675477425,FC21000128,2021-01-11 10:57:00.0000000,Male,White,44,Medium,NULL,NULL,Not of Hispanic Origin,,0,MA,,0
,19678030374,FC21000129,2021-01-11 13:35:00.0000000,Male,Black,31,NULL,NULL,NULL,Not of Hispanic Origin,,0,MA,Class D,NULL
,19678030374,FC21000129,2021-01-11 13:35:00.0000000,Male,Black,31,NULL,NULL,NULL,Not of Hispanic Origin,,0,MA,Class D,1
,19678030374,FC21000129,2021-01-11 13:35:00.0000000,Male,Black,31,NULL,NULL,NULL,Not of Hispanic Origin,,0,MA,Class D,NULL
,19678163082,FC21000130,2021-01-11 11:58:00.0000000,Male,Black,20,Medium,Short,Dark Brown,NULL,,0,MA,,1
,19678165994,FC21000130,2021-01-11 11:58:00.0000000,Male,Black,22,NULL,NULL,NULL,Unknown,,0,MA,Class D,NULL
,19678209972,FC21000131,2021-01-11 14:45:00.0000000,Male,White,29,Thin,NULL,NULL,Hispanic Origin,,0,MA,"ID - Had a License, now has ID",1
,19678339190,FC21000132,2021-01-11 00:00:00.0000000,Male,Black,25,Thin,Braided,Medium Brown,NULL,,0,MA,,0
,19678342144,FC21000132,2021-01-11 00:00:00.0000000,Female,Black,23,NULL,NULL,NULL,Not of Hispanic Origin,,0,NULL,,0
,19678496394,FC21000133,2021-01-11 13:29:00.0000000,Male,White,72,NULL,Bald or Balding,NULL,Not of Hispanic Origin,,0,MA,Class D,0
,19678551741,FC21000134,2021-01-11 15:00:00.0000000,Female,Black,26,Medium,NULL,NULL,Not of Hispanic Origin,,0,MA,ID Only - Never had Personal Driver License,0
,19678719827,FC21000135,2021-01-11 16:22:00.0000000,Male,Black,26,Muscular,Crew Cut,Dark,Not of Hispanic Origin,,0,MA,ID Only - Never had Personal Driver License,1
,19679106431,FC21000136,2021-01-11 13:45:00.0000000,Male,Black,52,Medium,NULL,NULL,Not of Hispanic Origin,,0,MA,,1
,19680256855,FC21000137,2021-01-11 18:42:00.0000000,Male,Black,27,Thin,NULL,NULL,Not of Hispanic Origin,,0,MA,,1
,19680269605,FC21000137,2021-01-11 18:42:00.0000000,Male,Black,28,Thin,Short,Medium Brown,Not of Hispanic Origin,,0,MA,Class D,0
,19685638117,FC21000138,2021-01-11 16:49:00.0000000,Male,White,20,Medium,NULL,NULL,Hispanic Origin,,0,MA,,1
,19685667220,FC21000138,2021-01-11 16:49:00.0000000,Male,Black,27,Heavy,NULL,NULL,Hispanic Origin,,0,MA,,NULL
,19686664211,FC21000138,2021-01-11 16:49:00.0000000,Female,White,38,Thin,NULL,NULL,Not of Hispanic Origin,,0,MA,,NULL
,19696452903,FC21000139,2021-01-11 23:01:00.0000000,Male,White,21,NULL,NULL,NULL,NULL,,0,NULL,,0
,19697378216,FC21000140,2021-01-11 23:20:00.0000000,Male,Black,37,Heavy,Short,Dark,Not of Hispanic Origin,,0,MA,,1
,19697389199,FC21000140,2021-01-11 23:20:00.0000000,Female,Black,26,NULL,NULL,NULL,Unknown,,0,NULL,,NULL
,19705082139,FC21000141,2021-01-12 01:25:00.0000000,Female,White,46,NULL,NULL,NULL,NULL,,0,MA,,0
,19705096345,FC21000141,2021-01-12 01:25:00.0000000,Male,Black,34,Medium,NULL,NULL,Not of Hispanic Origin,,0,MA,,0
,19713224947,FC21000142,2021-01-11 20:46:00.0000000,Male,White,33,Medium,Unkempt,Medium,Not of Hispanic Origin,,0,MA,,1
,19713640836,FC21000143,2021-01-12 10:30:00.0000000,Male,White,30,NULL,Curly,Light,Hispanic Origin,,0,MA,Class D,0
,19713995276,FC21000144,2021-01-12 10:25:00.0000000,Female,White,30,Medium,Unkempt,Medium,Not of Hispanic Origin,,0,MA,Class D,0
,19714498285,FC21000145,2021-01-12 14:00:00.0000000,Male,Black,17,NULL,NULL,NULL,Hispanic Origin,,0,NULL,,0
,19715367457,FC21000146,2021-01-12 17:01:00.0000000,Female,Black,19,Medium,Braided,Medium Brown,Not of Hispanic Origin,,0,MA,,1
,19715369326,FC21000146,2021-01-12 17:01:00.0000000,Male,Black,21,Thin,NULL,NULL,Hispanic Origin,,0,MA,,1
,19715374972,FC21000147,2021-01-12 18:15:00.0000000,Male,Black,19,NULL,NULL,NULL,Not of Hispanic Origin,,0,MA,Class D,0
,19717014262,FC21000148,2021-01-11 22:57:00.0000000,Male,White,34,Thin,Short,Medium,Hispanic Origin,,0,MA,,0
,19717025170,FC21000148,2021-01-11 22:57:00.0000000,Male,Black,47,Medium,NULL,NULL,Hispanic Origin,,0,MA,,0
,19718655065,FC21000149,2021-01-12 17:09:00.0000000,Male,Black,25,Thin,Dreadlocks,Medium,Not of Hispanic Origin,,0,MA,Class D,1
,19719006402,FC21000150,2021-01-13 00:43:00.0000000,Male,White,28,Thin,NULL,Light Brown,Hispanic Origin,,0,MA,,0
,19719008025,FC21000150,2021-01-13 00:43:00.0000000,Male,White,25,Thin,NULL,NULL,Hispanic Origin,,0,MA,Class D,0
,19719051386,FC21000152,2021-01-13 02:15:00.0000000,Unknown,NULL,NULL,NULL,NULL,NULL,NULL,,0,NULL,,0
,19719376689,FC21000153,2021-01-13 06:35:00.0000000,Male,Black,52,NULL,NULL,NULL,Not of Hispanic Origin,,0,MA,Class D,0
,19721360176,FC21000154,2021-01-13 13:34:00.0000000,Male to Female Transgender,Unknown,NULL,NULL,NULL,NULL,Unknown,,0,NULL,,0
,19721360176,FC21000154,2021-01-13 13:34:00.0000000,Male to Female Transgender,Unknown,NULL,NULL,NULL,NULL,Unknown,,0,NULL,,NULL
,19721351918,FC21000155,2021-01-13 14:30:00.0000000,Male,White,40,Medium,Bald or Balding,NULL,Not of Hispanic Origin,,0,MA,,0
,19726632064,FC21000156,2021-01-13 11:00:00.0000000,Male,Black,24,Thin,NULL,NULL,Not of Hispanic Origin,,0,MA,Class D,0
,19726520930,FC21000157,2021-01-13 17:36:00.0000000,Male,Black,22,Medium,NULL,NULL,Not of Hispanic Origin,,0,NULL,,0
,19726452439,FC21000158,2021-01-13 17:59:00.0000000,Male,Unknown,22,NULL,NULL,NULL,NULL,,0,MA,Class D,0
,19726586252,FC21000159,2021-01-13 18:37:00.0000000,Male,NULL,38,NULL,NULL,NULL,Not of Hispanic Origin,,0,NULL,,1
,19727617049,FC21000160,2021-01-14 01:18:00.0000000,Male,Black,25,NULL,NULL,NULL,Not of Hispanic Origin,,0,MA,Class D,0
,19727631390,FC21000161,2021-01-14 00:45:00.0000000,Male,Black,42,NULL,NULL,NULL,Not of Hispanic Origin,,0,MA,Class D,0
,19728244184,FC21000162,2021-01-14 01:15:00.0000000,Male,Black,34,Medium,Mohawk,NULL,Not of Hispanic Origin,,0,MA,Class D,1
,19729669522,FC21000163,2021-01-14 12:31:00.0000000,Male,White,18,Thin,NULL,NULL,Hispanic Origin,,0,MA,,0
,19729670675,FC21000163,2021-01-14 12:31:00.0000000,Male,Black,15,Thin,NULL,NULL,Not of Hispanic Origin,,0,MA,,0
,19730038230,FC21000164,2021-01-14 14:00:00.0000000,Male,White,33,Thin,NULL,NULL,Not of Hispanic Origin,,0,MA,,0
,19730043628,FC21000164,2021-01-14 14:00:00.0000000,Male,White,45,Medium,NULL,NULL,Hispanic Origin,,0,MA,,NULL
,19730102978,FC21000165,2021-01-14 14:50:00.0000000,Male,Black,30,Medium,Unkempt,Medium Brown,Unknown,,0,MA,,0
,19730800769,FC21000166,2021-01-14 17:23:00.0000000,Male,Black,22,NULL,NULL,NULL,Hispanic Origin,,0,MA,Class D,0
,19730810911,FC21000166,2021-01-14 17:23:00.0000000,Male,White,23,Medium,NULL,NULL,Hispanic Origin,,0,MA,,0
,19734029144,FC21000167,2021-01-11 00:15:00.0000000,Male,White,48,Muscular,NULL,NULL,Not of Hispanic Origin,,0,MA,,0
,19734226205,FC21000168,2021-01-14 03:50:00.0000000,Female,Asian,48,Thin,NULL,NULL,Not of Hispanic Origin,,0,MA,,0
,19734703137,FC21000169,2021-01-14 12:30:00.0000000,Male,Black,48,Medium,Short,Medium Brown,NULL,,0,MA,,0
,19735891185,FC21000172,2021-01-15 00:00:00.0000000,Male,Black,35,Thin,Short,Dark Brown,NULL,,0,MA,,1
,19736488676,FC21000173,2021-01-15 16:30:00.0000000,Male,White,17,NULL,NULL,NULL,Hispanic Origin,,0,NULL,,0
,19737060177,FC21000174,2021-01-15 18:10:00.0000000,Female,Black,17,NULL,NULL,NULL,Not of Hispanic Origin,,0,NULL,,NULL
,19737060177,FC21000174,2021-01-15 18:10:00.0000000,Female,Black,17,NULL,NULL,NULL,Not of Hispanic Origin,,0,NULL,,0
,19737060653,FC21000174,2021-01-15 18:10:00.0000000,Male,Black,24,Thin,NULL,NULL,Not of Hispanic Origin,,0,MA,,NULL
,19737060653,FC21000174,2021-01-15 18:10:00.0000000,Male,Black,24,Thin,NULL,NULL,Not of Hispanic Origin,,0,MA,,0
,19737065323,FC21000174,2021-01-15 18:10:00.0000000,Male,Black,24,Medium,NULL,NULL,Hispanic Origin,,0,MA,,NULL
,19737065323,FC21000174,2021-01-15 18:10:00.0000000,Male,Black,24,Medium,NULL,NULL,Hispanic Origin,,0,MA,,0
,19737586601,FC21000175,2021-01-15 17:35:00.0000000,Male,Black,19,Thin,Short,NULL,Not of Hispanic Origin,,0,MA,,1
,19737586801,FC21000175,2021-01-15 17:35:00.0000000,Male,Black,21,Thin,Short,NULL,Not of Hispanic Origin,,0,MA,,1
,19737586881,FC21000175,2021-01-15 17:35:00.0000000,Male,Black,20,Thin,NULL,Dark Brown,NULL,,0,MA,,1
,19737586959,FC21000175,2021-01-15 17:35:00.0000000,Male,Black,20,Thin,Braided,Dark,Not of Hispanic Origin,,0,MA,,1
,19737988732,FC21000176,2021-01-16 01:09:00.0000000,Male,Black,37,Stocky,Short,Dark Brown,Not of Hispanic Origin,,0,MA,Class D,0
,19737996565,FC21000177,2021-01-16 02:10:00.0000000,Male,Black,29,Medium,Braided,Medium Brown,Hispanic Origin,,0,MA,Class D,0
,19737999308,FC21000177,2021-01-16 02:10:00.0000000,Female,Unknown,27,NULL,NULL,NULL,Hispanic Origin,,0,MA,Class D,0
,19738026363,FC21000178,2021-01-16 02:45:00.0000000,Male,Black,24,Medium,Short,Medium Brown,Unknown,,0,MA,Class D,1
,19738027186,FC21000178,2021-01-16 02:45:00.0000000,Male,Black,28,Thin,Fade,NULL,Not of Hispanic Origin,,0,MA,Class D,1
,19739197559,FC21000179,2021-01-16 16:05:00.0000000,Male,Black,26,Thin,Dreadlocks,Dark Brown,NULL,,0,MA,,0
,19740301548,FC21000180,2021-01-17 00:21:00.0000000,Male,White,32,NULL,NULL,NULL,NULL,,0,MA,ID Only - Never had Personal Driver License,1
,19740910516,FC21000181,2021-01-17 11:13:00.0000000,Male,Black,11,NULL,NULL,NULL,Not of Hispanic Origin,,0,NULL,,0
,19755983164,FC21000182,2021-01-17 16:58:00.0000000,Male,White,27,Medium,Braided,Medium Brown,Hispanic Origin,,0,MA,,0
,19755986423,FC21000182,2021-01-17 16:58:00.0000000,Male,Black,28,NULL,NULL,NULL,Not of Hispanic Origin,,0,NULL,,0
,19757893136,FC21000183,2021-01-17 17:16:00.0000000,Male,Black,18,Thin,Afro,Dark Brown,Not of Hispanic Origin,,0,MA,,1
,19758176357,FC21000183,2021-01-17 17:16:00.0000000,Male,Black,18,Thin,NULL,Dark Brown,NULL,,0,MA,,1
,19758345384,FC21000183,2021-01-17 17:16:00.0000000,Male,Black,20,NULL,NULL,NULL,Unknown,,0,MA,"ID - Had a License, now has ID",NULL
,19758655739,FC21000183,2021-01-17 17:16:00.0000000,Female,Unknown,18,NULL,NULL,NULL,Hispanic Origin,,0,NULL,,1
,19774963319,FC21000184,2021-01-17 18:20:00.0000000,Male,Black,23,Thin,NULL,NULL,Not of Hispanic Origin,,0,MA,,0
,19813705333,FC21000185,2021-01-18 00:00:00.0000000,Male,Black,20,Thin,Braided,Dark,Not of Hispanic Origin,,0,MA,,1
,19813705645,FC21000185,2021-01-18 00:00:00.0000000,Male,Black,28,Thin,Short,Medium Brown,Not of Hispanic Origin,,0,MA,Class D,1
,19813706163,FC21000185,2021-01-18 00:00:00.0000000,Male,Black,18,NULL,NULL,NULL,Unknown,,0,NULL,,1
,19813706604,FC21000185,2021-01-18 00:00:00.0000000,Male,Black,17,NULL,NULL,NULL,Not of Hispanic Origin,,0,NULL,,1
,19813706996,FC21000185,2021-01-18 00:00:00.0000000,Male,Black,19,Medium,Braided,Dark,Not of Hispanic Origin,,0,MA,,1
,19813707412,FC21000185,2021-01-18 00:00:00.0000000,Male,Black,19,Thin,NULL,NULL,Not of Hispanic Origin,,0,MA,,1
,19813708113,FC21000185,2021-01-18 00:00:00.0000000,Male,Black,21,Thin,NULL,NULL,Hispanic Origin,,0,MA,,1
,19819221249,FC21000186,2021-01-18 10:35:00.0000000,Male,Black,41,Stocky,NULL,NULL,Not of Hispanic Origin,,0,MA,,0
,19819463635,FC21000186,2021-01-18 10:35:00.0000000,Female,White,36,NULL,NULL,NULL,Not of Hispanic Origin,,0,MA,Class D,NULL
,19926955620,FC21000188,2021-01-17 23:03:00.0000000,Male,Black,58,Medium,NULL,NULL,Not of Hispanic Origin,,0,MA,,0
,19929240552,FC21000190,2021-01-19 11:33:00.0000000,Male,White,34,NULL,NULL,NULL,NULL,,0,NULL,,0
,19929288886,FC21000190,2021-01-19 11:33:00.0000000,Female,White,30,NULL,NULL,NULL,NULL,,0,NULL,,0
,19935546939,FC21000192,2021-01-19 15:43:00.0000000,Male,Unknown,49,NULL,NULL,NULL,Hispanic Origin,,0,MA,Class D,0
,19935636587,FC21000193,2021-01-19 16:30:00.0000000,Male,White,18,NULL,NULL,NULL,Hispanic Origin,,0,MA,Instruction Permit,1
,19935637886,FC21000193,2021-01-19 16:30:00.0000000,Male,White,18,Medium,Afro,Light Brown,NULL,,0,MA,,0
,19936301908,FC21000194,2021-01-19 15:58:00.0000000,Male,White,55,NULL,NULL,NULL,Unknown,,0,MA,Class D,1
,19936688812,FC21000195,2021-01-19 20:13:00.0000000,Male,Black,34,Thin,Braided,Medium,Not of Hispanic Origin,,0,MA,Class D,0
,19936785954,FC21000196,2021-01-19 16:45:00.0000000,Male,Black,21,NULL,NULL,NULL,Hispanic Origin,,0,MA,Class D,0
,19936812930,FC21000197,2021-01-19 21:22:00.0000000,Male,Black,21,Unknown,NULL,NULL,Unknown,,0,MA,Class D,0
,19937917607,FC21000198,2021-01-20 08:10:00.0000000,Male,White,57,Medium,NULL,NULL,Not of Hispanic Origin,,0,MA,,0
,19944003008,FC21000200,2021-01-20 20:00:00.0000000,Male,Black,29,Thin,NULL,NULL,Hispanic Origin,,0,MA,,0
,19944078236,FC21000201,2021-01-20 20:00:00.0000000,Male,Black,19,NULL,NULL,NULL,NULL,,0,NULL,,0
,19944078748,FC21000201,2021-01-20 20:00:00.0000000,Male,Black,19,NULL,NULL,NULL,Unknown,,0,MA,Class D,0
,19944080410,FC21000201,2021-01-20 20:00:00.0000000,Male,Black,19,NULL,NULL,NULL,NULL,,0,NULL,,0
,19944080839,FC21000201,2021-01-20 20:00:00.0000000,Male,Black,20,Thin,NULL,NULL,Not of Hispanic Origin,,0,MA,,0
,19944266866,FC21000202,2021-01-20 21:37:00.0000000,Female,White,17,NULL,NULL,NULL,NULL,,0,NULL,,NULL
,19944270662,FC21000202,2021-01-20 21:37:00.0000000,Male,Black,54,Medium,NULL,NULL,Not of Hispanic Origin,,0,MA,,0
,19944388371,FC21000204,2021-01-20 20:31:00.0000000,Male,Black,29,Heavy,NULL,NULL,Hispanic Origin,,0,MA,Class D,0
,19944395641,FC21000205,2021-01-20 23:00:00.0000000,Male,White,42,Thin,NULL,NULL,Hispanic Origin,,0,MA,Class D,0
,19944396447,FC21000205,2021-01-20 23:00:00.0000000,Male,White,25,Heavy,Short,Light Brown,Hispanic Origin,,0,MA,Class D,0
,19944397250,FC21000205,2021-01-20 23:00:00.0000000,Male,White,36,Medium,Short,Light Brown,Hispanic Origin,,0,MA,Class D,0
,19944397423,FC21000205,2021-01-20 23:00:00.0000000,Male,Black,22,Obese,Short,Dark Brown,Not of Hispanic Origin,,0,NULL,,0
,19948963646,FC21000206,2021-01-21 01:34:00.0000000,Female,Black,24,Thin,NULL,NULL,Not of Hispanic Origin,,0,MA,,0
,19948980353,FC21000206,2021-01-21 01:34:00.0000000,Male,Black,27,Medium,NULL,Medium,NULL,,0,MA,,0
,19955060708,FC21000207,2021-01-21 00:57:00.0000000,Male,Black,21,NULL,NULL,NULL,Unknown,,0,MA,Class D,0
,19980841559,FC21000208,2021-01-21 17:08:00.0000000,Male,Black,26,Heavy,Afro,Medium,Hispanic Origin,,0,MA,Class D,0
,19981202375,FC21000209,2021-01-21 17:42:00.0000000,Male,Black,21,Medium,NULL,NULL,Not of Hispanic Origin,,0,MA,,0
,19981233542,FC21000209,2021-01-21 17:42:00.0000000,Male,Black,21,NULL,NULL,NULL,NULL,,0,NULL,,NULL
,19981269278,FC21000209,2021-01-21 17:42:00.0000000,Male,Black,20,Thin,Braided,Medium Brown,Not of Hispanic Origin,,0,MA,,NULL
,19995022101,FC21000210,2021-01-21 20:30:00.0000000,Male,Black,37,Muscular,Dreadlocks,Medium Brown,NULL,,0,MA,,0
,20003189729,FC21000211,2021-01-21 21:10:00.0000000,Male,White,39,Medium,Short,Light,NULL,,0,MA,,1
,20003223132,FC21000211,2021-01-21 21:10:00.0000000,Male,White,33,Thin,NULL,NULL,Not of Hispanic Origin,,0,MA,,1
,20014433467,FC21000212,2021-01-22 03:00:00.0000000,Male,Black,41,Thin,Short,Light,Hispanic Origin,,0,MA,,1
,20015174812,FC21000213,2021-01-22 02:00:00.0000000,Male,Black,22,NULL,NULL,NULL,Unknown,,0,MA,Class D,0
,20016022237,FC21000214,2021-01-22 03:26:00.0000000,Male,Black,36,Medium,NULL,Light Brown,Not of Hispanic Origin,,0,MA,,1
,20016925662,FC21000215,2021-01-22 02:06:00.0000000,Male,Black,25,Medium,Braided,Dark Brown,Not of Hispanic Origin,,0,MA,None,1
,20017028035,FC21000215,2021-01-22 02:06:00.0000000,Female,Black,24,NULL,NULL,NULL,Unknown,,0,NULL,,NULL
,20017096411,FC21000215,2021-01-22 02:06:00.0000000,Female,Black,27,NULL,NULL,NULL,Unknown,,0,MA,Class D,NULL
,20028841710,FC21000216,2021-01-22 10:50:00.0000000,Female,Unknown,44,NULL,NULL,NULL,Not of Hispanic Origin,,0,MA,Class D,1
,20028848504,FC21000216,2021-01-22 10:50:00.0000000,Male,White,62,Thin,Mullet,NULL,Not of Hispanic Origin,,0,MA,Class D,0
,20033224337,FC21000218,2021-01-22 17:15:00.0000000,Male,Black,34,Medium,NULL,NULL,Not of Hispanic Origin,,0,MA,,1
,20033224929,FC21000218,2021-01-22 17:15:00.0000000,Male,Black,56,NULL,NULL,NULL,Not of Hispanic Origin,,0,NULL,,1
,20033375106,FC21000219,2021-01-22 20:00:00.0000000,Male,White,35,Medium,Short,Light,Not of Hispanic Origin,,0,MA,,1
,20033754931,FC21000220,2021-01-23 00:00:00.0000000,Male,Black,18,Heavy,NULL,NULL,Not of Hispanic Origin,,0,MA,,0
,20033758669,FC21000220,2021-01-23 00:00:00.0000000,Female,Black,19,NULL,NULL,NULL,Unknown,,0,NULL,,0
,20033759833,FC21000220,2021-01-23 00:00:00.0000000,Male,Black,21,Thin,Short,Medium Brown,NULL,,0,MA,ID Only - Never had Personal Driver License,0
,20035453826,FC21000221,2021-01-23 13:56:00.0000000,Male,Black,36,Thin,Short,Dark Brown,Not of Hispanic Origin,,0,MA,,0
,20035575156,FC21000222,2021-01-23 10:24:00.0000000,Male,White,57,Medium,NULL,NULL,Not of Hispanic Origin,,0,MA,,0
,20035579444,FC21000222,2021-01-23 10:24:00.0000000,Male,White,59,Medium,NULL,NULL,Not of Hispanic Origin,,0,MA,,NULL
,20171551674,FC21000222,2021-01-23 10:24:00.0000000,Male,White,50,NULL,NULL,NULL,Not of Hispanic Origin,,0,NULL,,NULL
,20036124190,FC21000223,2021-01-23 17:00:00.0000000,Male,Black,40,Medium,Short,Medium Brown,NULL,,0,MA,,0
,20036254111,FC21000224,2021-01-23 17:35:00.0000000,Male,Black,29,Heavy,NULL,NULL,Not of Hispanic Origin,,0,MA,Class D,0
,20036254593,FC21000224,2021-01-23 17:35:00.0000000,Male,Black,36,Medium,NULL,NULL,Not of Hispanic Origin,,0,MA,,0
,20039620128,FC21000225,2021-01-23 18:30:00.0000000,Male,Black,23,Unknown,NULL,NULL,Not of Hispanic Origin,,0,MA,Class D,1
,20039621909,FC21000225,2021-01-23 18:30:00.0000000,Male,Black,28,Medium,Short,NULL,Not of Hispanic Origin,,0,MA,,1
,20039623470,FC21000225,2021-01-23 18:30:00.0000000,Male,Black,29,Medium,NULL,NULL,Not of Hispanic Origin,,0,MA,Class D,1
,20041414452,FC21000226,2021-01-23 22:00:00.0000000,Male,Black,32,Heavy,NULL,NULL,Not of Hispanic Origin,,0,MA,,0
,20041456136,FC21000226,2021-01-23 22:00:00.0000000,Male,Black,29,Medium,NULL,NULL,Not of Hispanic Origin,,0,MA,,0
,20043913077,FC21000227,2021-01-23 21:54:00.0000000,Male,Black,18,Thin,NULL,NULL,Not of Hispanic Origin,,0,MA,,1
,20043959153,FC21000227,2021-01-23 21:54:00.0000000,Male,Black,17,NULL,NULL,NULL,NULL,,0,NULL,,1
,20043981072,FC21000227,2021-01-23 21:54:00.0000000,Male,Black,16,NULL,NULL,NULL,Hispanic Origin,,0,NULL,,1
,20044012997,FC21000227,2021-01-23 21:54:00.0000000,Male,Black,18,Thin,NULL,NULL,Not of Hispanic Origin,,0,MA,,1
,20044042100,FC21000227,2021-01-23 21:54:00.0000000,Male,Black,19,NULL,NULL,NULL,NULL,,0,NULL,,1
,20044687658,FC21000227,2021-01-23 21:54:00.0000000,Male,Black,19,Thin,Short,Medium,Not of Hispanic Origin,,0,MA,ID Only - Never had Personal Driver License,0
,20050784459,FC21000228,2021-01-24 00:56:00.0000000,Male,Black,26,Thin,NULL,NULL,Not of Hispanic Origin,,0,MA,,0
,20050785209,FC21000228,2021-01-24 00:56:00.0000000,Female,Black,30,NULL,NULL,NULL,Unknown,,0,MA,Class D,NULL
,20050800921,FC21000229,2021-01-24 00:00:00.0000000,Female,White,20,NULL,NULL,NULL,Not of Hispanic Origin,,0,MA,Class D,1
,20050800923,FC21000229,2021-01-24 00:00:00.0000000,Male,White,18,NULL,NULL,NULL,Unknown,,0,NULL,,1
,20050848041,FC21000230,2021-01-24 02:08:00.0000000,Male,Black,21,Thin,NULL,NULL,Not of Hispanic Origin,,0,MA,,0
,20050848433,FC21000230,2021-01-24 02:08:00.0000000,Male,Black,20,Medium,NULL,NULL,Not of Hispanic Origin,,0,MA,,0
,20050848800,FC21000230,2021-01-24 02:08:00.0000000,Male,Black,18,Thin,NULL,NULL,Hispanic Origin,,0,MA,,0
,20050856697,FC21000230,2021-01-24 02:08:00.0000000,Male,Black,23,NULL,NULL,NULL,Not of Hispanic Origin,,0,MA,,0
,20069717258,FC21000231,2021-01-23 16:45:00.0000000,Female,White,44,NULL,NULL,NULL,Not of Hispanic Origin,,0,MA,"ID - Had a License, now has ID",0
,20071313803,FC21000232,2021-01-24 11:00:00.0000000,Male,White,32,Medium,NULL,NULL,Hispanic Origin,,0,MA,,0
,20075791200,FC21000233,2021-01-24 10:17:00.0000000,Male,Black,37,Medium,NULL,Medium Brown,NULL,,0,MA,,1
,20078359254,FC21000234,2021-01-24 12:58:00.0000000,Male,Black,32,Thin,Curly,Medium Brown,Unknown,,0,MA,,0
,20082756200,FC21000235,2021-01-24 13:51:00.0000000,Female,Black,56,NULL,NULL,NULL,NULL,,0,MA,ID Only - Never had Personal Driver License,0
,20125601324,FC21000236,2021-01-25 00:59:00.0000000,Male,Black,49,Thin,NULL,NULL,Not of Hispanic Origin,,0,NULL,,0
,20125611210,FC21000237,2021-01-24 00:39:00.0000000,Male,White,57,Heavy,NULL,NULL,Not of Hispanic Origin,,0,MA,,0
,20127860637,FC21000238,2021-01-25 08:50:00.0000000,Male,White,36,Medium,Short,Light,Not of Hispanic Origin,,0,MA,Class D,0
,20128364472,FC21000239,2021-01-25 09:45:00.0000000,Male,Black,32,NULL,NULL,NULL,Unknown,,0,NULL,,0
,20128441621,FC21000239,2021-01-25 09:45:00.0000000,Male,Other,25,NULL,NULL,NULL,Not of Hispanic Origin,,0,MA,Class D,0
,20129729715,FC21000240,2021-01-25 15:00:00.0000000,Male,White,35,Medium,NULL,NULL,Not of Hispanic Origin,,0,MA,,0
,20129736306,FC21000240,2021-01-25 15:00:00.0000000,Female,White,34,Heavy,NULL,NULL,Not of Hispanic Origin,,0,MA,Class D,0
,20130844782,FC21000241,2021-01-25 15:45:00.0000000,Male,White,25,Heavy,NULL,NULL,Hispanic Origin,,0,MA,,0
,20130859519,FC21000241,2021-01-25 15:45:00.0000000,Male,Black,28,NULL,NULL,NULL,Not of Hispanic Origin,,0,MA,Class D,0
,20130911787,FC21000241,2021-01-25 15:45:00.0000000,Male,Black,25,Thin,NULL,NULL,Not of Hispanic Origin,,0,MA,Class D,0
,20130924351,FC21000241,2021-01-25 15:45:00.0000000,Male,Black,25,Medium,Braided,Dark Brown,Not of Hispanic Origin,,0,MA,,0
,20132166975,FC21000242,2021-01-25 16:06:00.0000000,Male,Black,21,Thin,NULL,NULL,Not of Hispanic Origin,,0,MA,,1
,20131218248,FC21000243,2021-01-25 16:50:00.0000000,NULL,NULL,NULL,NULL,NULL,NULL,NULL,,0,NULL,,NULL
,20131234860,FC21000243,2021-01-25 16:50:00.0000000,Male,Black,14,NULL,NULL,NULL,Not of Hispanic Origin,,0,NULL,,1
,20131261586,FC21000243,2021-01-25 16:50:00.0000000,Male,Unknown,14,NULL,NULL,NULL,Hispanic Origin,,0,NULL,,1
,20131297064,FC21000244,2021-01-25 18:28:00.0000000,Male,White,35,NULL,NULL,NULL,Hispanic Origin,,0,NULL,,0
,20132240412,FC21000245,2021-01-25 18:48:00.0000000,Male,Black,39,NULL,NULL,NULL,Not of Hispanic Origin,,0,MA,CDL Class B,0
,20132341295,FC21000246,2021-01-25 21:42:00.0000000,Male,Black,35,Medium,Bald or Balding,Dark,Not of Hispanic Origin,,0,MA,,1
,20132341469,FC21000246,2021-01-25 21:42:00.0000000,Male,Black,33,Medium,Curly,Medium Brown,Not of Hispanic Origin,,0,MA,Class D,1
,20132343936,FC21000246,2021-01-25 21:42:00.0000000,Male,Black,36,Thin,NULL,NULL,Hispanic Origin,,0,MA,,1
,20132737278,FC21000247,2021-01-26 01:02:00.0000000,Male,White,31,NULL,NULL,NULL,NULL,,0,MA,Class D,1
,20132748984,FC21000247,2021-01-26 01:02:00.0000000,Male,White,29,NULL,NULL,NULL,Hispanic Origin,,0,MA,ID Only - Never had Personal Driver License,NULL
,20132830221,FC21000248,2021-01-26 01:08:00.0000000,Male,Black,19,Thin,NULL,NULL,Not of Hispanic Origin,,0,MA,,0
,20132832302,FC21000248,2021-01-26 01:08:00.0000000,Female,Black,19,Medium,NULL,NULL,Not of Hispanic Origin,,0,MA,,0
,20132855715,FC21000249,2021-01-26 01:00:00.0000000,Male,Black,32,Medium,Afro,NULL,Not of Hispanic Origin,,0,MA,,0
,20134023399,FC21000250,2021-01-26 09:19:00.0000000,Male,Black,27,Heavy,Curly,Dark,Not of Hispanic Origin,,0,MA,Class D,0
,20134030499,FC21000250,2021-01-26 09:19:00.0000000,Male,White,NULL,Medium,NULL,NULL,Not of Hispanic Origin,,0,NULL,,0
,20134144809,FC21000251,2021-01-26 09:25:00.0000000,Male,Black,NULL,NULL,NULL,NULL,Unknown,,0,NULL,,0
,20134153535,FC21000252,2021-01-26 10:05:00.0000000,Male,White,23,Thin,Wavy,Medium,Hispanic Origin,,0,MA,,0
,20134308000,FC21000253,2021-01-26 11:00:00.0000000,Male,White,55,Muscular,NULL,NULL,Not of Hispanic Origin,,0,MA,,0
,20134328597,FC21000254,2021-01-26 11:15:00.0000000,Male,NULL,18,NULL,NULL,NULL,NULL,,0,NULL,,0
,20134330770,FC21000254,2021-01-26 11:15:00.0000000,Male,Black,18,Thin,NULL,NULL,Not of Hispanic Origin,,0,MA,ID Only - Never had Personal Driver License,0
,20134331725,FC21000254,2021-01-26 11:15:00.0000000,Male,Black,16,NULL,NULL,NULL,Not of Hispanic Origin,,0,NULL,,0
,20158174271,FC21000256,2021-01-26 14:00:00.0000000,Male,Black,33,Thin,Braided,Light Brown,Hispanic Origin,,0,MA,"ID - Had a License, now has ID",0
,20158178300,FC21000256,2021-01-26 14:00:00.0000000,Female,Black,NULL,NULL,NULL,NULL,Unknown,,0,NULL,,0
,20158194525,FC21000256,2021-01-26 14:00:00.0000000,Male,Black,NULL,NULL,NULL,NULL,Not of Hispanic Origin,,0,NULL,,0
,20158245639,FC21000257,2021-01-26 14:00:00.0000000,Male,White,46,Heavy,NULL,NULL,Not of Hispanic Origin,,0,MA,,0
,20159204058,FC21000258,2021-01-26 18:17:00.0000000,Male,Black,25,Medium,NULL,NULL,Hispanic Origin,,0,MA,,1
,20159873075,FC21000259,2021-01-20 19:00:00.0000000,Male,Black,38,NULL,NULL,NULL,Not of Hispanic Origin,,0,NULL,,0
,20159998771,FC21000261,2021-01-26 06:55:00.0000000,Male,Black,40,Heavy,NULL,NULL,Not of Hispanic Origin,,0,MA,Class D,0
,20160171957,FC21000262,2021-01-26 02:46:00.0000000,Male,White,17,NULL,NULL,NULL,Hispanic Origin,,0,NULL,,1
,20160172373,FC21000262,2021-01-26 02:46:00.0000000,Male,White,18,NULL,NULL,NULL,Not of Hispanic Origin,,0,NULL,,1
,20160465077,FC21000263,2021-01-27 02:50:00.0000000,Male,Black,30,Thin,NULL,NULL,Not of Hispanic Origin,,0,MA,Class D,0
,20160469097,FC21000263,2021-01-27 02:50:00.0000000,Male,Black,30,Thin,Dreadlocks,Light Brown,Unknown,,0,MA,ID Only - Never had Personal Driver License,0
,20171427024,FC21000264,2021-01-27 14:58:00.0000000,Male,White,33,Thin,NULL,NULL,Not of Hispanic Origin,,0,MA,,0
,20171598032,FC21000265,2021-01-27 10:26:00.0000000,Male,Black,51,Medium,Short,Dark Brown,NULL,,0,MA,,0
,20171625528,FC21000266,2021-01-27 14:20:00.0000000,Male,Black,31,Medium,NULL,NULL,Not of Hispanic Origin,,0,MA,Class D,0
,20173063342,FC21000267,2021-01-27 16:32:00.0000000,Male,Black,20,Medium,NULL,NULL,Not of Hispanic Origin,,0,MA,,0
,20173195393,FC21000267,2021-01-27 16:32:00.0000000,Male,Black,22,NULL,NULL,NULL,Unknown,,0,MA,Class D,0
,20175213917,FC21000268,2021-01-27 20:53:00.0000000,Male,Black,21,Heavy,Dreadlocks,Medium Brown,Hispanic Origin,,0,MA,,1
,20175214952,FC21000268,2021-01-27 20:53:00.0000000,Male,Black,24,Heavy,Unknown,Medium Brown,Not of Hispanic Origin,,0,MA,Class D,1
,20175352765,FC21000270,2021-01-27 20:13:00.0000000,Male,Black,31,Thin,NULL,NULL,Not of Hispanic Origin,,0,MA,,1
,20175354730,FC21000270,2021-01-27 20:13:00.0000000,Male,Black,28,Medium,NULL,NULL,Not of Hispanic Origin,,0,MA,Class D,1
,20175356344,FC21000270,2021-01-27 20:13:00.0000000,Male,Black,24,Medium,NULL,NULL,Not of Hispanic Origin,,0,MA,,1
,20175456959,FC21000271,2021-01-27 21:47:00.0000000,Male,Black,17,Thin,Afro,Dark,NULL,,0,MA,,1
,20175456959,FC21000271,2021-01-27 21:47:00.0000000,Male,Black,17,Thin,Afro,Dark,NULL,,0,MA,,NULL
,20175457445,FC21000271,2021-01-27 21:47:00.0000000,Female,Black,25,Thin,NULL,NULL,Hispanic Origin,,0,MA,"ID - Had a License, now has ID",NULL
,20175457445,FC21000271,2021-01-27 21:47:00.0000000,Female,Black,25,Thin,NULL,NULL,Hispanic Origin,,0,MA,"ID - Had a License, now has ID",1
,20175457689,FC21000271,2021-01-27 21:47:00.0000000,Male,Unknown,18,NULL,NULL,NULL,NULL,,0,NULL,,1
,20175457689,FC21000271,2021-01-27 21:47:00.0000000,Male,Unknown,18,NULL,NULL,NULL,NULL,,0,NULL,,NULL
,20175457732,FC21000271,2021-01-27 21:47:00.0000000,Male,Black,20,Heavy,Afro,Medium Brown,Not of Hispanic Origin,,0,MA,,NULL
,20175457732,FC21000271,2021-01-27 21:47:00.0000000,Male,Black,20,Heavy,Afro,Medium Brown,Not of Hispanic Origin,,0,MA,,1
,20175457813,FC21000271,2021-01-27 21:47:00.0000000,Male,Black,17,NULL,NULL,NULL,Unknown,,0,MA,,1
,20175457813,FC21000271,2021-01-27 21:47:00.0000000,Male,Black,17,NULL,NULL,NULL,Unknown,,0,MA,,NULL
,20175790638,FC21000272,2021-01-28 01:30:00.0000000,Male,Unknown,45,NULL,NULL,NULL,Unknown,,0,RI,Class D,0
,20175935828,FC21000273,2021-01-28 04:25:00.0000000,Male,Black,37,Thin,NULL,NULL,Not of Hispanic Origin,,0,MA,,0
,20175974142,FC21000274,2021-01-28 00:55:00.0000000,Male,Black,23,Thin,NULL,NULL,Not of Hispanic Origin,,0,MA,,1
,20175974628,FC21000274,2021-01-28 00:55:00.0000000,Male,Black,33,Unknown,NULL,NULL,Not of Hispanic Origin,,0,MA,,NULL
,20175976228,FC21000274,2021-01-28 00:55:00.0000000,Female,Black,22,NULL,NULL,NULL,Not of Hispanic Origin,,0,MA,Class D,NULL
,20183996042,FC21000275,2021-01-21 00:00:00.0000000,Male,Black,38,Muscular,NULL,Brown,Not of Hispanic Origin,,0,MA,Other: suspended,0
,20184753524,FC21000275,2021-01-21 00:00:00.0000000,Male,Black,23,Medium,Short,Dark Brown,Not of Hispanic Origin,,0,MA,ID Only - Never had Personal Driver License,NULL
,20185486404,FC21000275,2021-01-21 00:00:00.0000000,Male,Black,24,Thin,Short,Medium Brown,Not of Hispanic Origin,,0,MA,Other: suspended,NULL
,20186094114,FC21000275,2021-01-21 00:00:00.0000000,Male,Black,30,Medium,Braided,Dark Brown,Not of Hispanic Origin,,0,MA,Other: suspended,NULL
,20186538037,FC21000275,2021-01-21 00:00:00.0000000,Male,Black,30,Medium,Short,Light,Hispanic Origin,,0,MA,Other: suspended,NULL
,20187476048,FC21000275,2021-01-21 00:00:00.0000000,Male,Black,22,Thin,Braided,Medium Brown,Not of Hispanic Origin,,0,MA,Class D,NULL
,20187992199,FC21000275,2021-01-21 00:00:00.0000000,Male,Black,19,Thin,NULL,NULL,Not of Hispanic Origin,,0,MA,ID Only - Never had Personal Driver License,NULL
,20188351043,FC21000275,2021-01-21 00:00:00.0000000,Male,Black,19,Thin,Braided,Dark Brown,Not of Hispanic Origin,,0,MA,,NULL
,20189855036,FC21000275,2021-01-21 00:00:00.0000000,Female,Black,31,Medium,Braided,Dark Brown,Not of Hispanic Origin,,0,MA,"ID - Had a License, now has ID",NULL
,20190468715,FC21000275,2021-01-21 00:00:00.0000000,Male,Black,35,Medium,NULL,Brown,Not of Hispanic Origin,,0,MA,"ID - Had a License, now has ID",NULL
,20190638211,FC21000275,2021-01-21 00:00:00.0000000,Male,Black,23,Thin,Dreadlocks,Light,Hispanic Origin,,0,MA,Other: suspended,NULL
,20206638383,FC21000276,2021-01-28 18:30:00.0000000,Male,Black,20,Thin,NULL,NULL,Not of Hispanic Origin,,0,MA,ID Only - Never had Personal Driver License,1
,20212379170,FC21000277,2021-01-28 20:45:00.0000000,Male,Black,32,Thin,Dreadlocks,Medium Brown,NULL,,0,MA,,1
,20212440250,FC21000277,2021-01-28 20:45:00.0000000,Male,Black,31,Stocky,NULL,NULL,Not of Hispanic Origin,,0,MA,,1
,20216881489,FC21000278,2021-01-28 21:34:00.0000000,Male,Black,38,Stocky,NULL,NULL,Hispanic Origin,,0,MA,,0
,20216952927,FC21000278,2021-01-28 21:34:00.0000000,Male,White,40,Medium,NULL,NULL,Hispanic Origin,,0,MA,,0
,20216677742,FC21000279,2021-01-28 21:39:00.0000000,Male,Black,26,Thin,NULL,NULL,Not of Hispanic Origin,,0,MA,ID Only - Never had Personal Driver License,1
,20217461419,FC21000280,2021-01-28 15:39:00.0000000,Male,Black,24,NULL,NULL,NULL,Unknown,,0,MA,,1
,20217481354,FC21000280,2021-01-28 15:39:00.0000000,Female,Black,43,NULL,NULL,NULL,NULL,,0,MA,ID Only - Never had Personal Driver License,0
,20217447216,FC21000281,2021-01-28 21:23:00.0000000,Male,Black,32,Thin,Dreadlocks,NULL,Not of Hispanic Origin,,0,MA,Personal Driver License,0
,20217458330,FC21000281,2021-01-28 21:23:00.0000000,Female,Black,39,NULL,NULL,NULL,Not of Hispanic Origin,,0,MA,Class D,NULL
,20219646028,FC21000282,2021-01-27 10:39:00.0000000,Male,Black,NULL,NULL,NULL,NULL,Not of Hispanic Origin,,0,NULL,,NULL
,20219689666,FC21000282,2021-01-27 10:39:00.0000000,Male,White,29,Medium,Short,Medium,Hispanic Origin,,0,MA,,1
,20220727788,FC21000283,2021-01-27 13:40:00.0000000,Male,Unknown,NULL,NULL,NULL,NULL,Unknown,,0,NULL,,NULL
,20220751471,FC21000283,2021-01-27 13:40:00.0000000,Male,Black,36,Medium,Curly,Light Brown,Not of Hispanic Origin,,0,MA,,1
,20220970701,FC21000283,2021-01-27 13:40:00.0000000,Male,Black,25,Heavy,NULL,NULL,Not of Hispanic Origin,,0,MA,,0
,20221203881,FC21000283,2021-01-27 13:40:00.0000000,Male,Black,24,Medium,NULL,NULL,Not of Hispanic Origin,,0,MA,Class D,0
,20222096878,FC21000283,2021-01-27 13:40:00.0000000,Male,Black,NULL,NULL,NULL,NULL,Hispanic Origin,,0,NULL,,0
,20222232133,FC21000284,2021-01-28 22:47:00.0000000,Male,Black,40,Heavy,NULL,NULL,Not of Hispanic Origin,,0,MA,Class D,NULL
,20222232133,FC21000284,2021-01-28 22:47:00.0000000,Male,Black,40,Heavy,NULL,NULL,Not of Hispanic Origin,,0,MA,Class D,0
,20245258012,FC21000285,2021-01-28 22:20:00.0000000,Female,White,27,Medium,Braided,Medium Brown,Not of Hispanic Origin,,0,MA,,1
,20247532716,FC21000286,2021-01-29 01:15:00.0000000,Male,White,35,Heavy,NULL,NULL,Not of Hispanic Origin,,0,MA,,1
,20250610809,FC21000287,2021-01-29 03:20:00.0000000,Male,Black,34,NULL,NULL,NULL,Not of Hispanic Origin,,0,MA,Class D,1
,20250736292,FC21000287,2021-01-29 03:20:00.0000000,Female,Black,34,NULL,NULL,NULL,Unknown,,0,MA,Class D,0
,20254073899,FC21000288,2021-01-29 00:56:00.0000000,Male,Black,28,Thin,NULL,NULL,Not of Hispanic Origin,,0,MA,Class D,0
,20269908868,FC21000289,2021-01-29 00:00:00.0000000,Male,Black,40,Heavy,NULL,NULL,Not of Hispanic Origin,,0,MA,Class D,0
,20269917778,FC21000289,2021-01-29 00:00:00.0000000,Male,White,28,NULL,NULL,NULL,Not of Hispanic Origin,,0,MA,ID Only - Never had Personal Driver License,0
,20287488202,FC21000291,2021-01-29 14:30:00.0000000,Male,White,32,Muscular,NULL,Light,Hispanic Origin,,0,MA,Class D,0
,20287745393,FC21000291,2021-01-29 14:30:00.0000000,Male,Black,23,Thin,NULL,NULL,Not of Hispanic Origin,,0,MA,Class D,0
,20293079604,FC21000293,2021-01-28 00:00:00.0000000,Female,White,29,NULL,NULL,NULL,Not of Hispanic Origin,,0,MA,,1
,20293643080,FC21000294,2021-01-29 22:15:00.0000000,Male,Black,23,Thin,NULL,NULL,Not of Hispanic Origin,,0,MA,Class D,0
,20293644130,FC21000294,2021-01-29 22:15:00.0000000,Male,Black,29,Heavy,NULL,NULL,Not of Hispanic Origin,,0,MA,,0
,20294272473,FC21000295,2021-01-30 02:46:00.0000000,Male,White,54,Medium,NULL,NULL,Not of Hispanic Origin,,0,MA,,0
,20294327071,FC21000296,2021-01-30 02:10:00.0000000,Male,Black,26,Medium,Braided,Medium Brown,NULL,,0,MA,,NULL
,20294327071,FC21000296,2021-01-30 02:10:00.0000000,Male,Black,26,Medium,Braided,Medium Brown,NULL,,0,MA,,1
,20294426583,FC21000297,2021-01-30 00:17:00.0000000,Male,Black,32,Medium,NULL,NULL,Not of Hispanic Origin,,0,MA,,0
,20295364546,FC21000298,2021-01-30 17:42:00.0000000,Male,Black,18,NULL,NULL,NULL,Hispanic Origin,,0,MA,None,1
,20295366906,FC21000298,2021-01-30 17:42:00.0000000,Male,Black,17,Thin,Afro,Dark,Unknown,,0,MA,None,1
,20295369904,FC21000298,2021-01-30 17:42:00.0000000,Male,Black,18,Thin,NULL,NULL,Not of Hispanic Origin,,0,MA,Class D,1
,20295502418,FC21000299,2021-01-30 13:12:00.0000000,Male,White,31,Thin,Short,Light,Not of Hispanic Origin,,0,ID,Class D,0
,20295556793,FC21000299,2021-01-30 13:12:00.0000000,Female,White,31,NULL,NULL,NULL,Not of Hispanic Origin,,0,MA,ID Only - Never had Personal Driver License,0
,20295849321,FC21000300,2021-01-30 21:47:00.0000000,Male,White,37,Thin,Short,NULL,Unknown,,0,MA,Class D,0
,20295850427,FC21000300,2021-01-30 21:47:00.0000000,Female,Black,35,Heavy,NULL,NULL,Not of Hispanic Origin,,0,MA,CDL Class B,0
,20296562144,FC21000301,2021-01-30 01:36:00.0000000,Male,Black,28,Thin,Short,Medium Brown,Not of Hispanic Origin,,0,MA,Class D,0
,20296608065,FC21000302,2021-01-31 02:08:00.0000000,Male,Black,20,Thin,NULL,NULL,Not of Hispanic Origin,,0,MA,,0
,20310581024,FC21000303,2021-01-31 11:24:00.0000000,Male,White,40,Medium,NULL,NULL,Hispanic Origin,,0,MA,,1
,20310584980,FC21000303,2021-01-31 11:24:00.0000000,Male,Unknown,32,NULL,NULL,NULL,Hispanic Origin,,0,NULL,,1
,20316643214,FC21000304,2021-01-31 18:37:00.0000000,Male,Black,30,Thin,Short,Dark,Not of Hispanic Origin,,0,MA,,1
,20316652736,FC21000304,2021-01-31 18:37:00.0000000,Female,Black,25,Medium,NULL,NULL,Not of Hispanic Origin,,0,MA,,1
,20316660558,FC21000305,2021-01-31 19:23:00.0000000,Male,White,31,Medium,NULL,NULL,Not of Hispanic Origin,,0,MA,,0
,20316661664,FC21000305,2021-01-31 19:23:00.0000000,Female,White,31,Medium,Straight,Medium,NULL,,0,MA,,0
,20317629713,FC21000306,2021-01-31 17:21:00.0000000,Male,Black,21,NULL,NULL,NULL,Unknown,,0,MA,ID Only - Never had Personal Driver License,1
,20320192220,FC21000307,2021-01-31 16:59:00.0000000,Male,Black,17,NULL,NULL,NULL,Hispanic Origin,,0,MA,,0
,20323430957,FC21000308,2021-01-31 22:54:00.0000000,Female,Black,27,Heavy,NULL,NULL,Not of Hispanic Origin,,0,MA,,0
,20326743472,FC21000309,2021-02-01 02:15:00.0000000,Male,Asian,23,Thin,NULL,NULL,Not of Hispanic Origin,,0,MA,,1
,20327062691,FC21000310,2021-02-01 01:05:00.0000000,Male,Black,27,Thin,Braided,Dark,Not of Hispanic Origin,,0,MA,,0
,20327159816,FC21000312,2021-01-31 18:24:00.0000000,Male,Black,24,Medium,NULL,NULL,Not of Hispanic Origin,,0,MA,Class D,0
,20327160305,FC21000312,2021-01-31 18:24:00.0000000,Male,Black,23,Thin,NULL,NULL,Not of Hispanic Origin,,0,MA,,0
,20327530894,FC21000313,2021-02-01 00:00:00.0000000,Male,Black,40,Heavy,NULL,NULL,Not of Hispanic Origin,,0,MA,,0
,20332707388,FC21000314,2021-02-01 16:36:00.0000000,Male,White,45,Thin,NULL,NULL,Not of Hispanic Origin,,0,MA,,0
,20332740726,FC21000315,2021-02-01 16:12:00.0000000,Male,White,52,NULL,NULL,NULL,Not of Hispanic Origin,,0,MA,Class D,0
,20341081206,FC21000316,2021-02-01 16:00:00.0000000,Male,Black,56,Average,Dreadlocks,Black,Not of Hispanic Origin,,0,NULL,,NULL
,20341081206,FC21000316,2021-02-01 16:00:00.0000000,Male,Black,56,Average,Dreadlocks,Black,Not of Hispanic Origin,,0,NULL,,1
,20354829248,FC21000317,2021-02-01 20:31:00.0000000,Male,Black,19,Thin,NULL,NULL,Not of Hispanic Origin,,0,MA,,1
,20354829775,FC21000317,2021-02-01 20:31:00.0000000,Female,Black,19,NULL,NULL,NULL,Not of Hispanic Origin,,0,NULL,,1
,20354829824,FC21000317,2021-02-01 20:31:00.0000000,Male,Black,20,Thin,NULL,NULL,Not of Hispanic Origin,,0,MA,ID Only - Never had Personal Driver License,1
,20354829963,FC21000317,2021-02-01 20:31:00.0000000,Female,Black,19,Medium,NULL,Dark Brown,NULL,,0,MA,,1
,20356709413,FC21000320,2021-02-02 14:50:00.0000000,Male,NULL,63,NULL,NULL,NULL,NULL,,0,NULL,,0
,20357262112,FC21000321,2021-02-02 16:44:00.0000000,Unknown,Unknown,NULL,NULL,NULL,NULL,Unknown,,0,NULL,,NULL
,20357277109,FC21000321,2021-02-02 16:44:00.0000000,Male,Black,15,NULL,NULL,NULL,Not of Hispanic Origin,,0,NULL,,1
,20357281473,FC21000321,2021-02-02 16:44:00.0000000,Male,Black,17,Thin,NULL,NULL,Not of Hispanic Origin,,0,MA,,1
,20357288219,FC21000321,2021-02-02 16:44:00.0000000,Male,Black,19,Thin,NULL,NULL,Not of Hispanic Origin,,0,MA,,1
,20357457414,FC21000322,2021-02-02 17:55:00.0000000,Male,White,33,NULL,NULL,NULL,Hispanic Origin,,0,MA,Class D,1
,20357730737,FC21000323,2021-02-02 18:04:00.0000000,Male,Black,19,Medium,NULL,Medium Brown,NULL,,0,MA,,1
,20357730914,FC21000323,2021-02-02 18:04:00.0000000,Male,Black,19,Medium,NULL,NULL,Not of Hispanic Origin,,0,MA,,1
,20357731003,FC21000323,2021-02-02 18:04:00.0000000,Male,Black,16,NULL,NULL,NULL,NULL,,0,NULL,,1
,20357866712,FC21000324,2021-02-02 15:26:00.0000000,Male,White,27,NULL,Bald or Balding,Light,NULL,,0,MA,,1
,20358042139,FC21000325,2021-02-02 22:19:00.0000000,Male,Black,26,Medium,NULL,NULL,Not of Hispanic Origin,,0,MA,ID Only - Never had Personal Driver License,0
,20358048962,FC21000325,2021-02-02 22:19:00.0000000,Male,Black,23,Thin,NULL,Brown,Not of Hispanic Origin,,0,MA,Class D,0
,20358085620,FC21000326,2021-02-01 16:45:00.0000000,Male,Black,34,Medium,Short,Dark,NULL,,0,MA,,0
,20369249400,FC21000327,2021-01-20 17:38:00.0000000,Male,White,NULL,NULL,NULL,NULL,NULL,,0,NULL,,NULL
,20369308273,FC21000327,2021-01-20 17:38:00.0000000,Male,White,55,Medium,NULL,NULL,Not of Hispanic Origin,,0,MA,,0
,20372009118,FC21000328,2021-02-03 17:23:00.0000000,Male,White,15,NULL,NULL,NULL,Not of Hispanic Origin,,0,NULL,,1
,20372192072,FC21000329,2021-02-02 23:25:00.0000000,Male,White,22,NULL,NULL,NULL,Hispanic Origin,,0,MA,Class D,0
,20372219564,FC21000329,2021-02-02 23:25:00.0000000,Male,Black,22,Medium,NULL,NULL,Hispanic Origin,,0,MA,,0
,20373038471,FC21000330,2021-02-03 17:00:00.0000000,Male,White,36,Medium,Short,Medium Brown,Hispanic Origin,,0,MA,Class D,0
,20373388045,FC21000331,2021-02-03 16:21:00.0000000,Male,White,35,Medium,NULL,NULL,Not of Hispanic Origin,,0,MA,,1
,20375622916,FC21000332,2021-01-28 20:44:00.0000000,Male,Black,20,NULL,NULL,NULL,Not of Hispanic Origin,,0,MA,,0
,20375625754,FC21000332,2021-01-28 20:44:00.0000000,Male,Black,20,NULL,NULL,NULL,Not of Hispanic Origin,,0,MA,,0
,20375627300,FC21000332,2021-01-28 20:44:00.0000000,Male,Black,21,NULL,NULL,NULL,Not of Hispanic Origin,,0,NULL,,0
,20375685614,FC21000333,2021-02-03 20:00:00.0000000,Male,Black,29,Medium,NULL,NULL,Not of Hispanic Origin,,0,MA,,0
,20375797765,FC21000335,2021-02-03 00:00:00.0000000,Male,White,45,NULL,NULL,NULL,Not of Hispanic Origin,,0,MA,Class D,0
,20375799910,FC21000335,2021-02-03 00:00:00.0000000,Female,White,36,Medium,NULL,NULL,Not of Hispanic Origin,,0,FL,,0
,20375802624,FC21000336,2021-02-03 16:50:00.0000000,Male,Black,63,Thin,Curly,Dark Brown,NULL,,0,MA,Class D,1
,20375803140,FC21000336,2021-02-03 16:50:00.0000000,Male,Black,56,Medium,NULL,NULL,Not of Hispanic Origin,,0,MA,,1
,20375813714,FC21000336,2021-02-03 16:50:00.0000000,Male,Black,31,Thin,NULL,NULL,Not of Hispanic Origin,,0,MA,,1
,20376352378,FC21000337,2021-02-03 19:56:00.0000000,Male,Black,29,Medium,NULL,NULL,Not of Hispanic Origin,,0,MA,,0
,20378455997,FC21000338,2021-02-04 12:37:00.0000000,Male,Black,32,NULL,NULL,NULL,Not of Hispanic Origin,,0,MA,Class D,1
,20378459383,FC21000338,2021-02-04 12:37:00.0000000,Male,Black,57,Heavy,NULL,NULL,Not of Hispanic Origin,,0,MA,,1
,20378993562,FC21000339,2021-02-04 16:30:00.0000000,Female,Black,27,Thin,NULL,NULL,Not of Hispanic Origin,,0,MA,,0
,20378994990,FC21000339,2021-02-04 16:30:00.0000000,Male,White,45,Heavy,Short,Light Brown,Hispanic Origin,,0,MA,,0
,20379754178,FC21000340,2021-02-04 05:30:00.0000000,Male,Black,29,Medium,NULL,NULL,Not of Hispanic Origin,,0,MA,Class D,0
,20384130864,FC21000341,2021-02-04 16:00:00.0000000,Male,White,37,NULL,NULL,NULL,Not of Hispanic Origin,,0,NULL,,1
,20389654778,FC21000342,2021-02-04 20:03:00.0000000,Female,Asian,25,NULL,NULL,NULL,Not of Hispanic Origin,,0,NULL,,NULL
,20390002912,FC21000342,2021-02-04 20:03:00.0000000,Male,White,24,Medium,Curly,Light Brown,NULL,,0,MA,,0
,20394752479,FC21000343,2021-02-04 20:15:00.0000000,Male,Black,30,Medium,NULL,NULL,Not of Hispanic Origin,,0,MA,"ID - Had a License, now has ID",1
,20394898236,FC21000344,2021-02-04 22:15:00.0000000,Male,White,29,Medium,Short,Light,Hispanic Origin,,0,MA,,0
,20394883368,FC21000345,2021-02-04 21:44:00.0000000,Male,Black,22,Stocky,Short,Dark Brown,Not of Hispanic Origin,,0,MA,ID Only - Never had Personal Driver License,0
,20394883865,FC21000345,2021-02-04 21:44:00.0000000,Male,White,26,Thin,Short,NULL,Not of Hispanic Origin,,0,MA,Class D,0
,20395099814,FC21000346,2021-02-05 01:11:00.0000000,Male,White,30,Heavy,Short,Light,Not of Hispanic Origin,,0,MA,,0
,20395100938,FC21000346,2021-02-05 01:11:00.0000000,Female,White,29,Heavy,NULL,NULL,NULL,,0,MA,,0
,20395232827,FC21000347,2021-02-05 01:15:00.0000000,Male,NULL,20,NULL,NULL,NULL,NULL,,0,NULL,,0
,20395233552,FC21000347,2021-02-05 01:15:00.0000000,Female,NULL,19,NULL,NULL,NULL,NULL,,0,NULL,,0
,20395411028,FC21000348,2021-02-04 22:01:00.0000000,Male,Black,28,Thin,Curly,Medium Brown,NULL,,0,MA,,NULL
,20395411028,FC21000348,2021-02-04 22:01:00.0000000,Male,Black,28,Thin,Curly,Medium Brown,NULL,,0,MA,,1
,20395411856,FC21000348,2021-02-04 22:01:00.0000000,Male,Black,35,Thin,NULL,NULL,Not of Hispanic Origin,,0,MA,,1
,20395411856,FC21000348,2021-02-04 22:01:00.0000000,Male,Black,35,Thin,NULL,NULL,Not of Hispanic Origin,,0,MA,,NULL
,20395411920,FC21000348,2021-02-04 22:01:00.0000000,Male,Black,25,Thin,NULL,NULL,Not of Hispanic Origin,,0,MA,,NULL
,20395411920,FC21000348,2021-02-04 22:01:00.0000000,Male,Black,25,Thin,NULL,NULL,Not of Hispanic Origin,,0,MA,,1
,20395545921,FC21000349,2021-02-05 07:10:00.0000000,Male,Black,45,Medium,Short,Medium Brown,Not of Hispanic Origin,,0,MA,ID Only - Never had Personal Driver License,0
,20399638755,FC21000350,2021-02-05 14:15:00.0000000,Male,Black,23,Thin,Dreadlocks,Light,Hispanic Origin,,0,MA,Other: suspended,0
,20400013155,FC21000352,2021-02-05 14:30:00.0000000,Male,Black,17,Medium,Afro,Medium Brown,NULL,,0,MA,,1
,20400148901,FC21000352,2021-02-05 14:30:00.0000000,Male,Unknown,16,NULL,NULL,NULL,NULL,,0,NULL,,1
,20400329578,FC21000352,2021-02-05 14:30:00.0000000,Female,NULL,18,NULL,NULL,NULL,NULL,,0,NULL,,1
,20400374560,FC21000352,2021-02-05 14:30:00.0000000,Male,White,29,Medium,Short,NULL,NULL,,0,MA,,1
,20400462798,FC21000352,2021-02-05 14:30:00.0000000,Female,Black,30,NULL,NULL,NULL,NULL,,0,RI,,1
,20400211256,FC21000353,2021-02-05 11:30:00.0000000,Male,Black,22,Thin,Braided,Medium Brown,Not of Hispanic Origin,,0,MA,Class D,0
,20400120105,FC21000353,2021-02-05 11:30:00.0000000,Male,Black,52,NULL,NULL,NULL,Hispanic Origin,,0,MA,Class D,NULL
,20401884218,FC21000354,2021-02-05 00:00:00.0000000,Male,White,14,NULL,NULL,NULL,Unknown,,0,NULL,,1
,20403843436,FC21000355,2021-02-05 17:49:00.0000000,Female,White,25,Medium,NULL,NULL,Not of Hispanic Origin,,0,MA,,0
,20403848052,FC21000355,2021-02-05 17:49:00.0000000,Male,Black,46,Medium,Afro,NULL,Not of Hispanic Origin,,0,MA,,0
,20403856602,FC21000355,2021-02-05 17:49:00.0000000,Male,Black,50,Medium,NULL,NULL,Not of Hispanic Origin,,0,MA,,0
,20403859821,FC21000355,2021-02-05 17:49:00.0000000,Female,Black,30,Thin,NULL,NULL,Not of Hispanic Origin,,0,MA,,0
,20403867216,FC21000355,2021-02-05 17:49:00.0000000,Male,White,54,NULL,NULL,NULL,Unknown,,0,NULL,,0
,20405858529,FC21000356,2021-02-06 03:00:00.0000000,Male,White,31,Medium,Pony Tail,NULL,Hispanic Origin,,0,MA,,1
,20405859336,FC21000356,2021-02-06 03:00:00.0000000,Male,Black,30,Medium,NULL,NULL,Not of Hispanic Origin,,0,MA,,1
,20405865682,FC21000357,2021-02-06 00:00:00.0000000,Male,Black,23,Muscular,NULL,NULL,Not of Hispanic Origin,,0,MA,,1
,20405867090,FC21000357,2021-02-06 00:00:00.0000000,Female,Black,20,Unknown,NULL,NULL,Hispanic Origin,,0,MA,,NULL
,20405947357,FC21000358,2021-02-06 00:00:00.0000000,Male,White,30,Heavy,Dreadlocks,Light Brown,Hispanic Origin,,0,MA,Class D,0
,20405950050,FC21000358,2021-02-06 00:00:00.0000000,Male,Black,24,Medium,NULL,NULL,Not of Hispanic Origin,,0,MA,,0
,20405968452,FC21000359,2021-02-06 02:11:00.0000000,Male,Black,38,Thin,Short,Dark Brown,Not of Hispanic Origin,,0,MA,,1
,20406104472,FC21000360,2021-02-06 01:18:00.0000000,Male,Black,32,Medium,NULL,NULL,Not of Hispanic Origin,,0,MA,Class D,0
,20406258547,FC21000361,2021-02-05 23:08:00.0000000,Male,Black,33,NULL,NULL,NULL,Unknown,,0,MA,Class D,0
,20406371959,FC21000362,2021-02-06 06:00:00.0000000,Male,Black,27,Thin,NULL,NULL,Not of Hispanic Origin,,0,MA,,1
,20406372009,FC21000362,2021-02-06 06:00:00.0000000,Male,Black,28,NULL,NULL,NULL,Unknown,,0,NULL,,0
,20406372048,FC21000362,2021-02-06 06:00:00.0000000,Male,Black,28,Thin,Dreadlocks,Brown,Not of Hispanic Origin,,0,MA,ID Only - Never had Personal Driver License,0
,20406372091,FC21000362,2021-02-06 06:00:00.0000000,Female,Black,19,Average,NULL,Brown,Not of Hispanic Origin,,0,MA,ID Only - Never had Personal Driver License,0
,20406584172,FC21000363,2021-02-06 00:00:00.0000000,Male,Black,19,Medium,Short,Dark Brown,NULL,,0,MA,,1
,20406998882,FC21000364,2021-02-06 16:53:00.0000000,Male,Black,62,NULL,NULL,NULL,NULL,,0,MA,Class D,0
,20406998882,FC21000364,2021-02-06 16:53:00.0000000,Male,Black,62,NULL,NULL,NULL,NULL,,0,MA,Class D,NULL
,20407438275,FC21000365,2021-02-06 17:42:00.0000000,Male,White,28,NULL,NULL,NULL,Not of Hispanic Origin,,0,MA,Class D,1
,20407438933,FC21000365,2021-02-06 17:42:00.0000000,Female,White,34,Thin,NULL,NULL,Not of Hispanic Origin,,0,MA,"ID - Had a License, now has ID",0
,20407601432,FC21000366,2021-02-06 22:00:00.0000000,Male,Black,33,Heavy,Braided,Light Brown,NULL,,0,MA,,0
,20407601872,FC21000366,2021-02-06 22:00:00.0000000,Female,Black,43,Thin,NULL,NULL,Not of Hispanic Origin,,0,MA,,0
,20407627048,FC21000367,2021-02-06 17:25:00.0000000,Male,White,19,NULL,NULL,NULL,NULL,,0,NULL,,0
,20407632008,FC21000367,2021-02-06 17:25:00.0000000,Female,NULL,NULL,NULL,NULL,NULL,NULL,,0,NULL,,NULL
,20407644061,FC21000368,2021-02-06 22:52:00.0000000,Male,White,34,Medium,NULL,NULL,Not of Hispanic Origin,,0,MA,,0
,20407676333,FC21000369,2021-02-06 21:45:00.0000000,Male,Black,22,Thin,NULL,NULL,Not of Hispanic Origin,,0,MA,,0
,20407755579,FC21000370,2021-02-06 23:05:00.0000000,Male,White,31,NULL,NULL,NULL,Not of Hispanic Origin,,0,MA,Class D,NULL
,20407757118,FC21000370,2021-02-06 23:05:00.0000000,Male,Black,32,Medium,Unkempt,Dark Brown,Not of Hispanic Origin,,0,MA,,1
,20407757229,FC21000370,2021-02-06 23:05:00.0000000,Female,Black,27,Medium,NULL,NULL,Not of Hispanic Origin,,0,MA,,1
,20407757604,FC21000370,2021-02-06 23:05:00.0000000,Male,Black,34,Medium,Curly,Light Brown,NULL,,0,MA,,1
,20407892326,FC21000371,2021-02-07 01:40:00.0000000,Male,Black,29,Heavy,NULL,NULL,Hispanic Origin,,0,MA,Class D,0
,20407926833,FC21000372,2021-02-07 01:41:00.0000000,Male,White,32,Muscular,Short,Light Brown,Hispanic Origin,,0,MA,Class D,0
,20408014222,FC21000373,2021-02-07 02:45:00.0000000,Male,White,35,Thin,NULL,NULL,Not of Hispanic Origin,,0,MA,,1
,20408015691,FC21000373,2021-02-07 02:45:00.0000000,Male,White,46,Thin,NULL,NULL,Hispanic Origin,,0,MA,,1
,20408047025,FC21000374,2021-02-07 01:33:00.0000000,Male,Black,24,Medium,Dreadlocks,Dark Brown,NULL,,0,MA,Class D,0
,20408065683,FC21000375,2021-02-07 02:18:00.0000000,Male,White,21,Unknown,NULL,NULL,Hispanic Origin,,0,MA,No License - Record Only,0
,20408209215,FC21000376,2021-02-07 05:13:00.0000000,Male,White,42,Thin,NULL,NULL,Hispanic Origin,,0,MA,,0
,20408211862,FC21000376,2021-02-07 05:13:00.0000000,Male,White,38,Thin,NULL,NULL,Not of Hispanic Origin,,0,MA,,0
,20409111022,FC21000377,2021-02-04 20:33:00.0000000,Female,White,25,NULL,NULL,NULL,Not of Hispanic Origin,,0,NULL,,0
,20409122030,FC21000377,2021-02-04 20:33:00.0000000,Male,NULL,33,NULL,NULL,NULL,Not of Hispanic Origin,,0,NULL,,1
,20409139101,FC21000377,2021-02-04 20:33:00.0000000,Male,NULL,32,NULL,NULL,NULL,NULL,,0,NULL,,1
,20409144152,FC21000377,2021-02-04 20:33:00.0000000,Male,White,41,NULL,NULL,NULL,Not of Hispanic Origin,,0,NULL,,1
,20409098268,FC21000378,2021-02-06 23:16:00.0000000,Male,Black,30,Heavy,Dreadlocks,Dark Brown,Unknown,,0,MA,,0
,20410088960,FC21000379,2021-02-08 02:04:00.0000000,Male,White,34,Medium,Crew Cut,Light,Not of Hispanic Origin,,0,MA,,0
,20410090117,FC21000379,2021-02-08 02:04:00.0000000,Male,White,NULL,NULL,NULL,NULL,Unknown,,0,NULL,,0
,20410090411,FC21000379,2021-02-08 02:04:00.0000000,Female,White,30,Unknown,NULL,NULL,Not of Hispanic Origin,,0,MA,,0
,20410869023,FC21000380,2021-02-08 09:44:00.0000000,Male,White,59,Thin,NULL,NULL,Hispanic Origin,,0,MA,,1
,20411345226,FC21000381,2021-02-06 00:00:00.0000000,Male,Black,22,Thin,Braided,Medium Brown,Not of Hispanic Origin,,0,MA,Class D,0
,20411346592,FC21000381,2021-02-06 00:00:00.0000000,Male,Black,19,Thin,Braided,NULL,Not of Hispanic Origin,,0,MA,,NULL
,20412224714,FC21000383,2021-02-08 14:00:00.0000000,Male,Black,24,Thin,Short,Medium Brown,Not of Hispanic Origin,,0,MA,Other: suspended,1
,20412227747,FC21000383,2021-02-08 14:00:00.0000000,Male,White,20,Thin,NULL,Light Brown,NULL,,0,MA,,NULL
,20877208637,FC21000383,2021-02-08 14:00:00.0000000,Male,Black,29,Stocky,NULL,NULL,Not of Hispanic Origin,,0,MA,,NULL
,20414551024,FC21000384,2021-02-08 19:00:00.0000000,Male,Black,27,Medium,Short,Dark Brown,Not of Hispanic Origin,,0,MA,,1
,20416322154,FC21000385,2021-02-08 17:20:00.0000000,Male,Black,22,Thin,Short,NULL,Not of Hispanic Origin,,0,MA,Class D,1
,20416326154,FC21000385,2021-02-08 17:20:00.0000000,Male,Black,21,Thin,Curly,Medium Brown,Not of Hispanic Origin,,0,MA,,1
,20416335500,FC21000385,2021-02-08 17:20:00.0000000,Male,Asian,40,Medium,NULL,NULL,Not of Hispanic Origin,,0,MA,Class D,1
,20416495463,FC21000385,2021-02-08 17:20:00.0000000,Female,Black,19,NULL,NULL,NULL,NULL,,0,NULL,,1
,20417271538,FC21000386,2021-02-08 19:38:00.0000000,Male,Black,19,NULL,NULL,NULL,Unknown,,0,MA,Personal Driver License,0
,20417732232,FC21000387,2021-02-08 21:15:00.0000000,Male,Black,45,NULL,NULL,NULL,Not of Hispanic Origin,,0,NULL,,1
,20432126703,FC21000388,2021-02-09 02:11:00.0000000,Male,Black,31,NULL,NULL,NULL,Not of Hispanic Origin,,0,MA,Class D,1
,20432132819,FC21000389,2021-02-09 01:45:00.0000000,Male,White,20,Thin,NULL,NULL,Not of Hispanic Origin,,0,MA,Class D,1
,20432739539,FC21000390,2021-02-09 09:20:00.0000000,Female,White,28,NULL,Straight,NULL,Not of Hispanic Origin,,0,MA,Personal Driver License,0
,20432741874,FC21000390,2021-02-09 09:20:00.0000000,Male,White,48,Medium,Unkempt,Light,NULL,,0,MA,,0
,20434257495,FC21000391,2021-02-09 11:10:00.0000000,Male,Black,32,Thin,Dreadlocks,Medium,Not of Hispanic Origin,,0,MA,Personal Driver License,1
,20434378810,FC21000391,2021-02-09 11:10:00.0000000,Female,Black,38,Thin,NULL,NULL,Not of Hispanic Origin,,0,MA,,0
,20435008478,FC21000392,2021-02-09 13:20:00.0000000,Male,Black,21,Medium,NULL,NULL,Not of Hispanic Origin,,0,MA,,1
,20435149827,FC21000393,2021-02-09 12:35:00.0000000,Male,Black,37,Thin,NULL,NULL,Not of Hispanic Origin,,0,MA,,0
,20435372012,FC21000394,2021-02-09 13:47:00.0000000,Male,White,29,NULL,NULL,NULL,NULL,,0,NULL,,0
,20435994677,FC21000395,2021-02-08 13:30:00.0000000,Male,Black,33,NULL,NULL,NULL,Unknown,,0,MA,,0
,20436014955,FC21000395,2021-02-08 13:30:00.0000000,Male,Black,38,Thin,NULL,NULL,Not of Hispanic Origin,,0,MA,,0
,20438554863,FC21000396,2021-02-09 16:35:00.0000000,Male,White,30,Thin,NULL,NULL,Not of Hispanic Origin,,0,MA,,0
,20442902848,FC21000398,2021-02-09 21:54:00.0000000,Male,Black,22,Thin,Braided,Dark Brown,Not of Hispanic Origin,,0,MA,,0
,20442979669,FC21000399,2021-02-09 22:02:00.0000000,Male,Black,49,NULL,NULL,NULL,Hispanic Origin,,0,NULL,,1
,20443242853,FC21000400,2021-02-10 00:45:00.0000000,Male,Black,33,NULL,NULL,NULL,Unknown,,0,MA,,0
,20443243678,FC21000400,2021-02-10 00:45:00.0000000,Male,Black,32,Muscular,NULL,NULL,Not of Hispanic Origin,,0,MA,,0
,20443251334,FC21000401,2021-02-10 01:30:00.0000000,Male,Black,41,Thin,Short,Medium Brown,Not of Hispanic Origin,,0,MA,,0
,20443251624,FC21000401,2021-02-10 01:30:00.0000000,Male,White,40,Medium,NULL,NULL,Not of Hispanic Origin,,0,MA,,0
,20443922310,FC21000402,2021-02-10 10:20:00.0000000,Male,White,53,Heavy,NULL,NULL,Not of Hispanic Origin,,0,MA,,1
,20443923655,FC21000402,2021-02-10 10:20:00.0000000,Male,White,44,Thin,NULL,NULL,NULL,,0,MA,"ID - Had a License, now has ID",1
,20444099109,FC21000403,2021-02-10 09:00:00.0000000,Male,Black,34,Thin,NULL,NULL,Not of Hispanic Origin,,0,MA,,0
,20444102239,FC21000403,2021-02-10 09:00:00.0000000,Male,Black,38,Stocky,Dreadlocks,Medium,Not of Hispanic Origin,,0,MA,"ID - Had a License, now has ID",0
,20444492071,FC21000405,2021-02-03 10:00:00.0000000,Male,Black,20,Medium,Short,Medium Brown,Hispanic Origin,,0,MA,,0
,20445051740,FC21000406,2021-02-09 00:00:00.0000000,Male,Black,26,Unknown,NULL,NULL,Not of Hispanic Origin,,0,MA,,0
,20445698568,FC21000407,2021-01-29 02:00:00.0000000,Male,White,59,Medium,NULL,NULL,Not of Hispanic Origin,,0,MA,,0
,20446098178,FC21000408,2021-02-10 11:40:00.0000000,Male,Black,31,Heavy,NULL,Dark Brown,NULL,,0,MA,,0
,20446310292,FC21000409,2021-02-10 15:00:00.0000000,Male,Black,20,Thin,Short,Medium,NULL,,0,MA,,1
,20446314097,FC21000409,2021-02-10 15:00:00.0000000,Male,Black,22,NULL,NULL,NULL,Hispanic Origin,,0,MA,ID Only - Never had Personal Driver License,1
,20446317038,FC21000409,2021-02-10 15:00:00.0000000,Male,Black,20,Muscular,NULL,NULL,Not of Hispanic Origin,,0,MA,,1
,20447506984,FC21000410,2021-02-10 17:55:00.0000000,Male,Black,31,NULL,NULL,NULL,NULL,,0,NULL,,0
,20447816677,FC21000411,2021-02-10 20:50:00.0000000,Male,Black,20,Thin,Braided,Dark,NULL,,0,MA,Class D,1
,20776594037,FC21000412,2021-02-13 21:21:00.0000000,Male,Black,28,Stocky,Short,Dark,Not of Hispanic Origin,,0,MA,,1
,20776594407,FC21000412,2021-02-13 21:21:00.0000000,Male,Black,34,Medium,NULL,NULL,Not of Hispanic Origin,,0,MA,,1
,20776594926,FC21000412,2021-02-13 21:21:00.0000000,Male,Black,26,Heavy,NULL,NULL,Not of Hispanic Origin,,0,MA,,0
,20448224652,FC21000413,2021-02-11 00:24:00.0000000,Male,Black,42,NULL,NULL,NULL,Not of Hispanic Origin,,0,MA,Class D,1
,20448225696,FC21000413,2021-02-11 00:24:00.0000000,Female,Black,39,NULL,NULL,NULL,Unknown,,0,MA,Class D,1
,20448166049,FC21000414,2021-02-10 21:29:00.0000000,Male,Black,22,Thin,Dreadlocks,Medium,Hispanic Origin,,0,MA,,NULL
,20448166049,FC21000414,2021-02-10 21:29:00.0000000,Male,Black,22,Thin,Dreadlocks,Medium,Hispanic Origin,,0,MA,,1
,20448237294,FC21000415,2021-02-11 01:30:00.0000000,Male to Female Transgender,Black,26,Medium,Wig/hair Piece,NULL,Not of Hispanic Origin,,0,MA,,0
,20448275017,FC21000416,2021-02-11 01:08:00.0000000,Male,Unknown,21,NULL,NULL,NULL,Unknown,,0,MA,Class D,1
,20448278365,FC21000416,2021-02-11 01:08:00.0000000,Female,Other,19,NULL,NULL,NULL,Hispanic Origin,,0,NULL,,0
,20448351049,FC21000418,2021-02-11 01:13:00.0000000,Male,Black,24,Medium,Short,NULL,Unknown,,0,MA,Class D,1
,20461766624,FC21000419,2021-02-11 11:00:00.0000000,Male,Unknown,22,Medium,Curly,NULL,Hispanic Origin,,0,MA,,0
,20467530163,FC21000420,2021-02-11 11:34:00.0000000,Male,Black,24,Heavy,NULL,Dark Brown,NULL,,0,MA,,1
,20470762659,FC21000421,2021-02-11 13:34:00.0000000,Male,White,29,Medium,NULL,NULL,Not of Hispanic Origin,,0,MA,,1
,20484819711,FC21000422,2021-02-11 17:00:00.0000000,Male,White,NULL,NULL,NULL,NULL,NULL,,0,NULL,,0
,20486983005,FC21000423,2021-02-11 16:17:00.0000000,Female,Black,22,NULL,NULL,NULL,Unknown,,0,MA,No License - Record Only,NULL
,20487023450,FC21000423,2021-02-11 16:17:00.0000000,Male,Black,49,Medium,NULL,NULL,Not of Hispanic Origin,,0,MA,Other: Suspended,0
,20502342529,FC21000425,2021-02-11 19:34:00.0000000,Unknown,Unknown,NULL,NULL,NULL,NULL,NULL,,0,NULL,,NULL
,20502998405,FC21000425,2021-02-11 19:34:00.0000000,Male,White,31,Thin,Short,Light,Not of Hispanic Origin,,0,ID,Class D,0
,20503028926,FC21000425,2021-02-11 19:34:00.0000000,Female,White,32,NULL,NULL,NULL,Not of Hispanic Origin,,0,MA,ID Only - Never had Personal Driver License,0
,20506064929,FC21000426,2021-02-11 18:33:00.0000000,Female,Black,18,NULL,NULL,NULL,Not of Hispanic Origin,,0,NULL,,NULL
,20506064929,FC21000426,2021-02-11 18:33:00.0000000,Female,Black,18,NULL,NULL,NULL,Not of Hispanic Origin,,0,NULL,,1
,20506113598,FC21000426,2021-02-11 18:33:00.0000000,Female,Black,17,Small,Pony Tail,Medium Brown,Not of Hispanic Origin,,0,NULL,,NULL
,20506113598,FC21000426,2021-02-11 18:33:00.0000000,Female,Black,17,Small,Pony Tail,Medium Brown,Not of Hispanic Origin,,0,NULL,,1
,20506124573,FC21000426,2021-02-11 18:33:00.0000000,Male,Black,25,NULL,NULL,NULL,Not of Hispanic Origin,,0,MA,Class D,NULL
,20506124573,FC21000426,2021-02-11 18:33:00.0000000,Male,Black,25,NULL,NULL,NULL,Not of Hispanic Origin,,0,MA,Class D,1
,20518684099,FC21000427,2021-02-10 19:24:00.0000000,Male,Black,25,Thin,Short,NULL,Not of Hispanic Origin,,0,MA,Class D,0
,20518904990,FC21000428,2021-02-11 22:20:00.0000000,Male,White,32,Medium,NULL,NULL,Hispanic Origin,,0,MA,,0
,20519844266,FC21000429,2021-02-11 10:11:00.0000000,Male,White,18,Thin,Short,Light,NULL,,0,MA,,0
,20520077957,FC21000429,2021-02-11 10:11:00.0000000,Male,White,20,Medium,NULL,NULL,Hispanic Origin,,0,MA,,0
,20520276545,FC21000430,2021-02-11 22:40:00.0000000,Male,White,62,Medium,NULL,NULL,Not of Hispanic Origin,,0,MA,,0
,20521184087,FC21000431,2021-02-03 13:00:00.0000000,Female,White,30,Obese,NULL,NULL,Not of Hispanic Origin,,0,MA,Class D,0
,20521349767,FC21000431,2021-02-03 13:00:00.0000000,Female,Other,39,NULL,NULL,NULL,NULL,,0,MA,,NULL
,20521543693,FC21000432,2021-02-11 22:55:00.0000000,Male,Black,32,Heavy,NULL,NULL,Hispanic Origin,,0,MA,,0
,20521849414,FC21000433,2021-02-11 22:08:00.0000000,Male,Black,18,Thin,Curly,Medium Brown,Hispanic Origin,,0,MA,No License - Record Only,0
,20522031702,FC21000434,2021-02-11 22:56:00.0000000,Male,Black,33,NULL,NULL,NULL,Unknown,,0,MA,Class D,NULL
,20522031702,FC21000434,2021-02-11 22:56:00.0000000,Male,Black,33,NULL,NULL,NULL,Unknown,,0,MA,Class D,0
,20555347383,FC21000435,2021-02-12 09:00:00.0000000,Male,White,66,Thin,NULL,NULL,Not of Hispanic Origin,,0,MA,,1
,20572891593,FC21000436,2021-02-12 00:00:00.0000000,Male,Black,24,Medium,NULL,NULL,Not of Hispanic Origin,,0,MA,,0
,20577512975,FC21000437,2021-02-12 13:38:00.0000000,Male,Black,27,Muscular,Wavy,Medium,NULL,,0,MA,Class D,0
,20577598805,FC21000437,2021-02-12 13:38:00.0000000,Female,White,32,Heavy,NULL,NULL,Hispanic Origin,,0,MA,,NULL
,20580750375,FC21000438,2021-02-12 11:53:00.0000000,Male,Black,22,NULL,NULL,NULL,Unknown,,0,NULL,,1
,20582229687,FC21000439,2021-02-10 11:55:00.0000000,Male to Female Transgender,White,63,NULL,NULL,NULL,Not of Hispanic Origin,,0,NULL,,0
,20583212455,FC21000440,2021-02-12 11:00:00.0000000,Male,White,31,Medium,Short,Light,Not of Hispanic Origin,,0,MA,,0
,20596583630,FC21000441,2021-02-12 18:30:00.0000000,Male,Black,40,Medium,Short,Medium Brown,NULL,,0,MA,,0
,20607390743,FC21000442,2021-02-12 20:00:00.0000000,Male,Black,38,Medium,NULL,NULL,Not of Hispanic Origin,,0,MA,,0
,20610962636,FC21000443,2021-02-12 20:59:00.0000000,Male,Black,48,Medium,NULL,NULL,Not of Hispanic Origin,,0,MA,Class D,0
,20626228240,FC21000444,2021-02-13 00:34:00.0000000,Male,White,32,Muscular,Short,Light Brown,Hispanic Origin,,0,MA,Class D,0
,20633956041,FC21000445,2021-02-13 00:24:00.0000000,Male,Black,25,Heavy,Short,Dark Brown,NULL,,0,MA,Class D,0
,20634085339,FC21000445,2021-02-13 00:24:00.0000000,Male,Black,20,Thin,NULL,NULL,Not of Hispanic Origin,,0,MA,,0
,20634231807,FC21000445,2021-02-13 00:24:00.0000000,Male,Black,28,Thin,Short,Medium Brown,Not of Hispanic Origin,,0,MA,Class D,0
,20640486824,FC21000446,2021-02-13 02:45:00.0000000,Male,Black,24,Medium,Short,Medium Brown,NULL,,0,MA,,1
,20656137068,FC21000447,2021-02-12 23:00:00.0000000,Female,Unknown,24,NULL,NULL,NULL,Unknown,,0,MA,Class D,1
,20665972931,FC21000447,2021-02-12 23:00:00.0000000,Male,Black,24,NULL,NULL,NULL,Not of Hispanic Origin,,0,MA,Class D,1
,20726921721,FC21000448,2021-02-13 11:44:00.0000000,Male,NULL,56,NULL,NULL,NULL,NULL,,0,NULL,,0
,20733213705,FC21000449,2021-02-13 15:45:00.0000000,Male,Black,30,Medium,Dreadlocks,Dark Brown,Unknown,,0,MA,ID Only - Never had Personal Driver License,0
,20733254724,FC21000449,2021-02-13 15:45:00.0000000,Male,Black,49,Medium,NULL,NULL,Not of Hispanic Origin,,0,MA,ID Only - Never had Personal Driver License,0
,20733284333,FC21000449,2021-02-13 15:45:00.0000000,Male,Black,25,Medium,Short,Medium Brown,Not of Hispanic Origin,,0,MA,,0
,20734823913,FC21000449,2021-02-13 15:45:00.0000000,Male,Black,31,Medium,NULL,NULL,Not of Hispanic Origin,,0,MA,,0
,20734859565,FC21000449,2021-02-13 15:45:00.0000000,Male,Black,28,NULL,NULL,NULL,Not of Hispanic Origin,,0,MA,ID Only - Never had Personal Driver License,0
,20734900479,FC21000449,2021-02-13 15:45:00.0000000,Male,White,30,Medium,NULL,NULL,Hispanic Origin,,0,MA,ID Only - Never had Personal Driver License,0
,20734933174,FC21000449,2021-02-13 15:45:00.0000000,Male,White,27,Medium,NULL,NULL,Not of Hispanic Origin,,0,MA,,0
,20735451971,FC21000449,2021-02-13 15:45:00.0000000,Male,Black,22,Thin,Short,Dark,Not of Hispanic Origin,,0,MA,,0
,20743630688,FC21000450,2021-02-13 16:42:00.0000000,Female,Unknown,24,NULL,NULL,NULL,NULL,,0,NULL,,0
,20743724482,FC21000450,2021-02-13 16:42:00.0000000,Female,Black,22,NULL,NULL,NULL,Unknown,,0,MA,Class D,0
,20743955926,FC21000450,2021-02-13 16:42:00.0000000,Male,Unknown,22,NULL,NULL,NULL,NULL,,0,NULL,,0
,20771942373,FC21000451,2021-02-13 19:00:00.0000000,Male,White,46,NULL,NULL,NULL,Hispanic Origin,,0,MA,Class D,0
,20774856873,FC21000451,2021-02-13 19:00:00.0000000,Male,White,24,Medium,NULL,NULL,Hispanic Origin,,0,MA,,NULL
,20761855283,FC21000452,2021-02-13 17:41:00.0000000,Male,Black,25,Thin,NULL,NULL,Not of Hispanic Origin,,0,MA,,0
,20763277139,FC21000453,2021-02-13 20:15:00.0000000,Female,White,NULL,NULL,NULL,NULL,NULL,,0,NULL,,0
,20771842697,FC21000454,2021-02-13 19:46:00.0000000,Male,White,40,NULL,NULL,NULL,Hispanic Origin,,0,MA,,1
,20774651753,FC21000455,2021-02-13 21:06:00.0000000,Male,Black,25,NULL,NULL,NULL,Not of Hispanic Origin,,0,MA,Class D,1
,20775984940,FC21000456,2021-02-13 17:26:00.0000000,Male,White,20,NULL,NULL,NULL,Hispanic Origin,,0,MA,No License - Record Only,0
,20776033805,FC21000456,2021-02-13 17:26:00.0000000,Female,Black,20,Thin,NULL,NULL,Not of Hispanic Origin,,0,MA,,0
,20776131140,FC21000456,2021-02-13 17:26:00.0000000,Male,White,32,Muscular,Short,Light Brown,Hispanic Origin,,0,MA,Class D,0
,20776435034,FC21000457,2021-02-13 18:23:00.0000000,Male,Unknown,16,NULL,NULL,NULL,NULL,,0,NULL,,0
,20776442210,FC21000458,2021-02-13 21:29:00.0000000,Female,Black,26,NULL,NULL,NULL,NULL,,0,NULL,,0
,20776442788,FC21000459,2021-02-13 18:41:00.0000000,Male,White,27,Thin,NULL,NULL,Hispanic Origin,,0,MA,,0
,20776443329,FC21000459,2021-02-13 18:41:00.0000000,Male,Black,29,Medium,Braided,Medium Brown,Hispanic Origin,,0,MA,Class D,0
,20776444093,FC21000459,2021-02-13 18:41:00.0000000,Male,White,29,Medium,NULL,NULL,Hispanic Origin,,0,MA,,0
,20776589912,FC21000460,2021-02-13 05:38:00.0000000,Male,Black,35,Thin,NULL,NULL,Not of Hispanic Origin,,0,MA,,1
,20776598408,FC21000461,2021-02-13 05:38:00.0000000,Male,Black,27,NULL,NULL,NULL,NULL,,0,NULL,,1
,20821655426,FC21000462,2021-02-14 02:04:00.0000000,Male,Black,27,Medium,NULL,Dark Brown,Not of Hispanic Origin,,0,MA,,1
,20821664528,FC21000462,2021-02-14 02:04:00.0000000,Female,White,48,Thin,NULL,NULL,NULL,,0,MA,,1
,20821763974,FC21000462,2021-02-14 02:04:00.0000000,Male,Unknown,47,NULL,NULL,NULL,Unknown,,0,NULL,,1
,20860580635,FC21000463,2021-02-14 11:00:00.0000000,Female,White,20,Thin,Straight,Light,Not of Hispanic Origin,,0,MA,,1
,20861699292,FC21000463,2021-02-14 11:00:00.0000000,Female,Black,21,NULL,NULL,NULL,Unknown,,0,RI,,NULL
,20862286284,FC21000463,2021-02-14 11:00:00.0000000,Male,Black,17,NULL,NULL,NULL,Unknown,,0,NULL,,NULL
,20866500728,FC21000465,2021-02-13 23:15:00.0000000,Male,Black,NULL,NULL,NULL,NULL,NULL,,0,NULL,,0
,20871164670,FC21000466,2021-02-14 10:05:00.0000000,Male,Black,23,Thin,NULL,NULL,Not of Hispanic Origin,,0,MA,,NULL
,20871164670,FC21000466,2021-02-14 10:05:00.0000000,Male,Black,23,Thin,NULL,NULL,Not of Hispanic Origin,,0,MA,,0
,20875493477,FC21000467,2021-02-14 16:35:00.0000000,Male,Black,21,Thin,Curly,Dark Brown,NULL,,0,MA,,NULL
,20875493477,FC21000467,2021-02-14 16:35:00.0000000,Male,Black,21,Thin,Curly,Dark Brown,NULL,,0,MA,,0
,20875798857,FC21000468,2021-02-14 20:15:00.0000000,Male,White,34,Thin,NULL,NULL,Not of Hispanic Origin,,0,MA,CDL Class C,1
,20875822788,FC21000469,2021-02-14 18:15:00.0000000,Male,White,26,NULL,NULL,NULL,Hispanic Origin,,0,MA,Class D,0
,20875911675,FC21000471,2021-02-14 21:56:00.0000000,Male,White,23,Thin,NULL,NULL,Hispanic Origin,,0,MA,,1
,20875912102,FC21000471,2021-02-14 21:56:00.0000000,Male,Black,17,NULL,NULL,NULL,Unknown,,0,MA,ID Only - Never had Personal Driver License,1
,20875931833,FC21000472,2021-02-14 17:42:00.0000000,Male,Black,32,Medium,NULL,NULL,Hispanic Origin,,0,MA,,0
,20875937649,FC21000473,2021-02-14 00:00:00.0000000,Male,Black,33,Medium,Short,Medium Brown,Hispanic Origin,,0,MA,Class D,0
,20875939728,FC21000473,2021-02-14 00:00:00.0000000,Male,White,24,Thin,Braided,Light,Hispanic Origin,,0,MA,,0
,20876895104,FC21000474,2021-02-15 10:00:00.0000000,Female,Black,27,Medium,NULL,Dark Brown,Not of Hispanic Origin,,0,MA,Class D,0
,20877193943,FC21000475,2021-02-15 13:13:00.0000000,Unknown,NULL,NULL,NULL,NULL,NULL,NULL,,0,NULL,,0
,20877449293,FC21000477,2021-02-15 00:00:00.0000000,Male,Black,25,Heavy,NULL,NULL,Not of Hispanic Origin,,0,MA,,0
,20877457407,FC21000477,2021-02-15 00:00:00.0000000,Female,Black,25,NULL,NULL,NULL,NULL,,0,NULL,,0
,20877456393,FC21000478,2021-02-15 15:30:00.0000000,Male,Black,33,Medium,Short,Medium,Unknown,,0,MA,,1
,20877491183,FC21000479,2021-02-15 16:40:00.0000000,Male,Black,20,NULL,NULL,NULL,Hispanic Origin,,0,NULL,,0
,20877482309,FC21000480,2021-02-15 15:18:00.0000000,Female,Black,22,Medium,NULL,NULL,Not of Hispanic Origin,,0,MA,Class D,NULL
,20877482309,FC21000480,2021-02-15 15:18:00.0000000,Female,Black,22,Medium,NULL,NULL,Not of Hispanic Origin,,0,MA,Class D,0
,20877483997,FC21000480,2021-02-15 15:18:00.0000000,Male,Black,71,Medium,NULL,NULL,Not of Hispanic Origin,,0,MA,,0
,20877484000,FC21000480,2021-02-15 15:18:00.0000000,Male,Black,26,Thin,NULL,NULL,Not of Hispanic Origin,,0,MA,ID Only - Never had Personal Driver License,1
,20877613749,FC21000481,2021-02-15 16:30:00.0000000,Male,Black,29,Thin,NULL,NULL,Not of Hispanic Origin,,0,MA,,0
,20877686163,FC21000482,2021-02-15 17:47:00.0000000,Male,Black,51,Medium,Short,Medium Brown,Not of Hispanic Origin,,0,MA,,1
,20877687889,FC21000482,2021-02-15 17:47:00.0000000,Female,White,32,Thin,Straight,Light,Hispanic Origin,,0,MA,"ID - Had a License, now has ID",0
,20879367596,FC21000482,2021-02-15 17:47:00.0000000,Male,Black,32,Thin,Braided,Light,Hispanic Origin,,0,MA,Personal Driver License,NULL
,20880274236,FC21000483,2021-02-16 01:30:00.0000000,Male,Black,20,NULL,NULL,NULL,Unknown,,0,MA,Class D,0
,20880295133,FC21000484,2021-02-16 00:00:00.0000000,Male,White,37,NULL,NULL,NULL,Not of Hispanic Origin,,0,NULL,,1
,20880359155,FC21000485,2021-02-16 03:00:00.0000000,Male,White,33,Medium,NULL,NULL,Hispanic Origin,,0,MA,,1
,20880481515,FC21000486,2021-02-16 02:35:00.0000000,Male,Black,19,Thin,NULL,Medium Brown,Unknown,,0,MA,ID Only - Never had Personal Driver License,1
,20880481577,FC21000486,2021-02-16 02:35:00.0000000,Male,Black,20,Thin,Afro,Light,Unknown,,0,MA,ID Only - Never had Personal Driver License,1
,20880481642,FC21000486,2021-02-16 02:35:00.0000000,Male,Black,17,Medium,NULL,NULL,Not of Hispanic Origin,,0,MA,,1
,20880481684,FC21000486,2021-02-16 02:35:00.0000000,Male,Black,22,NULL,NULL,NULL,Unknown,,0,NULL,,1
,20881083599,FC21000487,2021-02-16 11:11:00.0000000,Male,White,43,NULL,NULL,NULL,Not of Hispanic Origin,,0,NULL,,1
,20881947856,FC21000488,2021-02-16 13:30:00.0000000,Male,Black,43,Medium,NULL,NULL,Not of Hispanic Origin,,0,MA,,0
,20882335489,FC21000489,2021-02-16 17:20:00.0000000,Male,Black,40,Medium,Short,Medium Brown,NULL,,0,MA,,0
,20882589227,FC21000490,2021-02-16 18:20:00.0000000,Male,Black,28,Thin,Short,Medium Brown,Not of Hispanic Origin,,0,MA,Class D,1
,20882591111,FC21000490,2021-02-16 18:20:00.0000000,Male,Black,25,Heavy,Short,Dark Brown,NULL,,0,MA,Class D,1
,20882593741,FC21000490,2021-02-16 18:20:00.0000000,Male,Black,20,Thin,NULL,NULL,Hispanic Origin,,0,MA,,1
,20882864174,FC21000491,2021-02-16 19:45:00.0000000,Male,Black,20,NULL,NULL,NULL,Unknown,,0,MA,Class D,0
,20883001875,FC21000492,2021-02-16 20:00:00.0000000,Male,Black,36,Thin,NULL,NULL,Hispanic Origin,,0,MA,"ID - Had a License, now has ID",1
,20883088700,FC21000493,2021-02-16 20:25:00.0000000,Male,White,33,NULL,NULL,NULL,Hispanic Origin,,0,MA,Class D,0
,20883701804,FC21000494,2021-02-17 00:50:00.0000000,Male,Black,25,Medium,NULL,NULL,Not of Hispanic Origin,,0,MA,Class D,0
,20883887198,FC21000495,2021-02-17 02:00:00.0000000,Male,Black,27,Thin,Dreadlocks,Medium Brown,Not of Hispanic Origin,,0,MA,,1
,20883905516,FC21000496,2021-02-16 02:45:00.0000000,Male,White,20,NULL,NULL,NULL,Hispanic Origin,,0,MA,Class D,1
,20883906362,FC21000496,2021-02-16 02:45:00.0000000,Female,Black,17,Small,Pony Tail,Medium Brown,Not of Hispanic Origin,,0,NULL,,1
,20883908155,FC21000496,2021-02-16 02:45:00.0000000,Female,Black,18,Thin,Short,Light,NULL,,0,MA,,1
,20886252784,FC21000497,2021-02-17 02:08:00.0000000,Male,Black,29,Heavy,Dreadlocks,Medium,Not of Hispanic Origin,,0,MA,,0
,20887268069,FC21000498,2021-02-17 01:11:00.0000000,Male,Black,30,Medium,Short,Dark Brown,Not of Hispanic Origin,,0,MA,Class D,1
,20887320935,FC21000498,2021-02-17 01:11:00.0000000,Male,Black,31,NULL,NULL,NULL,Unknown,,0,MA,Class D,1
,20888244567,FC21000499,2021-02-17 03:04:00.0000000,Male,Black,38,Heavy,NULL,NULL,Not of Hispanic Origin,,0,MA,,0
,20907634334,FC21000500,2021-02-17 10:05:00.0000000,Male,Black,38,Thin,NULL,NULL,Not of Hispanic Origin,,0,MA,,0
,20908733588,FC21000501,2021-02-15 14:27:00.0000000,Male,Black,48,Medium,Short,Light Brown,Not of Hispanic Origin,,0,MA,,0
,20908779132,FC21000502,2021-02-17 00:00:00.0000000,Male,White,25,Thin,NULL,NULL,Hispanic Origin,,0,MA,,0
,20908787657,FC21000502,2021-02-17 00:00:00.0000000,Female,Unknown,43,NULL,NULL,NULL,NULL,,0,NULL,,0
,20908774678,FC21000503,2021-02-17 12:12:00.0000000,Male,White,20,Thin,NULL,NULL,Hispanic Origin,,0,MA,,1
,20909079438,FC21000504,2021-02-17 17:20:00.0000000,Male,White,42,Medium,Short,Medium,Hispanic Origin,,0,MA,,0
,20909103857,FC21000505,2021-02-17 17:20:00.0000000,Male,Black,29,Medium,NULL,NULL,Not of Hispanic Origin,,0,MA,,0
,20909110347,FC21000505,2021-02-17 17:20:00.0000000,Female,Black,29,NULL,NULL,NULL,Not of Hispanic Origin,,0,NULL,,0
,20909111635,FC21000506,2021-02-17 17:12:00.0000000,Male,Black,35,Medium,Braided,Medium Brown,Not of Hispanic Origin,,0,MA,Class D,0
,20909131413,FC21000507,2021-02-17 17:14:00.0000000,Male,Black,30,Medium,Braided,Medium Brown,Hispanic Origin,,0,MA,Class D,0
,20909128194,FC21000508,2021-02-17 17:30:00.0000000,Male,Black,22,NULL,NULL,NULL,Not of Hispanic Origin,,0,MA,Class D,0
,20909131132,FC21000508,2021-02-17 17:30:00.0000000,Female,White,22,NULL,NULL,NULL,Not of Hispanic Origin,,0,AL,Class D,0
,20909320919,FC21000509,2021-02-17 18:30:00.0000000,Male,Black,19,NULL,NULL,NULL,Unknown,,0,MA,Class D,1
,20909324332,FC21000509,2021-02-17 18:30:00.0000000,Male,White,20,NULL,NULL,NULL,Hispanic Origin,,0,MA,Class D,NULL
,20909477251,FC21000510,2021-02-17 19:55:00.0000000,Male,Other,21,NULL,NULL,NULL,Hispanic Origin,,0,MA,,1
,20909534768,FC21000510,2021-02-17 19:55:00.0000000,Male,Black,25,NULL,NULL,NULL,Hispanic Origin,,0,MA,,1
,20909517041,FC21000511,2021-02-17 19:27:00.0000000,Male,White,26,NULL,NULL,NULL,NULL,,0,MA,Class D,0
,20909542518,FC21000512,2021-02-17 17:00:00.0000000,Male,Black,21,Medium,Short,Light Brown,NULL,,0,MA,,0
,20909553920,FC21000513,2021-02-17 20:33:00.0000000,Female,Black,41,NULL,NULL,NULL,Hispanic Origin,,0,NULL,,NULL
,20909553920,FC21000513,2021-02-17 20:33:00.0000000,Female,Black,41,NULL,NULL,NULL,Hispanic Origin,,0,NULL,,0
,20909588318,FC21000514,2021-02-17 20:45:00.0000000,Male,Unknown,26,NULL,NULL,NULL,NULL,,0,NULL,,0
,20909624875,FC21000515,2021-02-17 18:49:00.0000000,Male,Black,28,Thin,Braided,Medium Brown,Not of Hispanic Origin,,0,MA,,1
,20909645257,FC21000516,2021-02-17 16:31:00.0000000,Male,Black,26,Thin,NULL,NULL,Not of Hispanic Origin,,0,MA,,1
,20909765747,FC21000517,2021-02-16 20:11:00.0000000,Male,Black,46,Thin,NULL,NULL,Hispanic Origin,,0,MA,,0
,20909999560,FC21000518,2021-02-17 23:57:00.0000000,Male,Black,26,Medium,Short,Light Brown,Not of Hispanic Origin,,0,MA,,1
,20910246332,FC21000519,2021-02-18 01:34:00.0000000,Female,Black,38,Unknown,NULL,NULL,Not of Hispanic Origin,,0,MA,,0
,20910247319,FC21000519,2021-02-18 01:34:00.0000000,Male,Black,27,Stocky,NULL,NULL,Not of Hispanic Origin,,0,MA,ID Only - Never had Personal Driver License,0
,20910267435,FC21000520,2021-02-18 02:00:00.0000000,Male,Black,24,Heavy,NULL,Dark Brown,NULL,,0,MA,,0
,20921045841,FC21000521,2021-02-18 13:26:00.0000000,Male,White,59,Medium,NULL,NULL,Not of Hispanic Origin,,0,MA,,1
,20921409650,FC21000522,2021-02-18 13:30:00.0000000,Male,White,52,Thin,Short,Light,Not of Hispanic Origin,,0,MA,,0
,20921669474,FC21000523,2021-02-18 13:46:00.0000000,Male,Black,21,Medium,Corn Rows,Medium,Hispanic Origin,,0,MA,Class D,1
,20922098240,FC21000524,2021-02-17 16:00:00.0000000,Male,White,36,Medium,NULL,NULL,Hispanic Origin,,0,MA,,0
,20923409578,FC21000525,2021-02-18 14:00:00.0000000,Male,Black,29,Thin,NULL,NULL,Not of Hispanic Origin,,0,MA,,0
,20923432766,FC21000525,2021-02-18 14:00:00.0000000,Male,Unknown,23,Heavy,NULL,Light Brown,Hispanic Origin,,0,MA,,0
,20926226532,FC21000526,2021-02-18 16:35:00.0000000,Female,Black,30,NULL,NULL,NULL,Unknown,,0,MA,Class D,0
,20928529118,FC21000528,2021-02-18 14:18:00.0000000,Male,Black,26,NULL,NULL,NULL,Unknown,,0,MA,Class D,0
,20930211515,FC21000529,2021-02-18 17:21:00.0000000,Male,White,30,Thin,Short,NULL,NULL,,0,MA,,NULL
,20930211515,FC21000529,2021-02-18 17:21:00.0000000,Male,White,30,Thin,Short,NULL,NULL,,0,MA,,0
,20934094456,FC21000530,2021-02-18 18:15:00.0000000,Male,Black,32,Medium,NULL,NULL,Not of Hispanic Origin,,0,MA,,1
,20934120712,FC21000530,2021-02-18 18:15:00.0000000,Male,Black,43,Medium,NULL,NULL,Not of Hispanic Origin,,0,MA,,1
,20934306730,FC21000530,2021-02-18 18:15:00.0000000,Male,Black,34,Medium,NULL,NULL,Not of Hispanic Origin,,0,MA,Class D,NULL
,20937289831,FC21000531,2021-02-18 19:38:00.0000000,Male,Black,28,Medium,NULL,NULL,Not of Hispanic Origin,,0,MA,Class D,0
,20939029952,FC21000532,2021-02-18 17:04:00.0000000,Male,White,18,NULL,NULL,NULL,Hispanic Origin,,0,MA,Instruction Permit,1
,20939064348,FC21000532,2021-02-18 17:04:00.0000000,Male,Black,18,NULL,NULL,NULL,Not of Hispanic Origin,,0,MA,,1
,20944516794,FC21000533,2021-02-18 23:30:00.0000000,Male,Black,29,Obese,NULL,NULL,Not of Hispanic Origin,,0,MA,CDL Class C,0
,20944547819,FC21000533,2021-02-18 23:30:00.0000000,Female,Black,33,NULL,NULL,NULL,Not of Hispanic Origin,,0,NULL,,0
,20946562766,FC21000534,2021-02-19 02:00:00.0000000,Male,Unknown,36,NULL,NULL,NULL,NULL,,0,NULL,,0
,20946634826,FC21000535,2021-02-18 23:14:00.0000000,Male,NULL,20,Medium,NULL,Light Brown,NULL,,0,MA,,1
,20946644891,FC21000535,2021-02-18 23:14:00.0000000,Male,Black,17,Heavy,Curly,NULL,NULL,,0,MA,,1
,20946657675,FC21000535,2021-02-18 23:14:00.0000000,Male,White,23,NULL,NULL,NULL,NULL,,0,MA,No License - Record Only,1
,20975451382,FC21000536,2021-02-18 22:46:00.0000000,Female,Black,19,NULL,NULL,NULL,Not of Hispanic Origin,,0,MA,Class D,0
,20975451509,FC21000536,2021-02-18 22:46:00.0000000,Female,Black,25,NULL,NULL,NULL,Unknown,,0,NULL,,0
,20975452686,FC21000536,2021-02-18 22:46:00.0000000,Female,Unknown,20,NULL,NULL,NULL,Hispanic Origin,,0,NULL,,0
,20975452778,FC21000536,2021-02-18 22:46:00.0000000,Female,Black,21,NULL,NULL,NULL,Unknown,,0,MA,Class D,0
,20975452888,FC21000536,2021-02-18 22:46:00.0000000,Male,Unknown,20,NULL,NULL,NULL,Hispanic Origin,,0,MA,Class D,0
,20975956357,FC21000537,2021-02-19 11:20:00.0000000,Female,White,31,Medium,Unkempt,Light,Not of Hispanic Origin,,0,MA,,0
,20979306202,FC21000539,2021-02-19 14:05:00.0000000,Male,Black,32,Medium,NULL,NULL,Not of Hispanic Origin,,0,MA,,0
,20980737853,FC21000540,2021-02-19 14:35:00.0000000,Male,White,38,Stocky,NULL,NULL,Not of Hispanic Origin,,0,MA,,0
,21019753235,FC21000541,2021-02-19 16:29:00.0000000,Male,Black,35,Thin,NULL,Medium Brown,Hispanic Origin,,0,MA,Class D,1
,21019931429,FC21000541,2021-02-19 16:29:00.0000000,Male,White,30,Heavy,Dreadlocks,Light Brown,Hispanic Origin,,0,MA,Class D,1
,21021692270,FC21000542,2021-02-19 16:25:00.0000000,Female,Black,54,Medium,NULL,NULL,Not of Hispanic Origin,,0,MA,,NULL
,21021692270,FC21000542,2021-02-19 16:25:00.0000000,Female,Black,54,Medium,NULL,NULL,Not of Hispanic Origin,,0,MA,,0
,21022887720,FC21000543,2021-02-19 16:10:00.0000000,Male,Black,18,Thin,NULL,Dark Brown,NULL,,0,MA,,0
,21056645823,FC21000544,2021-02-19 17:57:00.0000000,Male,Black,29,Stocky,Short,Medium Brown,Hispanic Origin,,0,MA,Class D,0
,21056851411,FC21000544,2021-02-19 17:57:00.0000000,Male,White,32,Muscular,Short,Light Brown,Hispanic Origin,,0,MA,Class D,0
,21059798266,FC21000545,2021-02-19 20:50:00.0000000,Female,White,42,NULL,NULL,NULL,NULL,,0,MA,No License - Record Only,NULL
,21059884086,FC21000545,2021-02-19 20:50:00.0000000,Male,Black,49,Stocky,NULL,NULL,Not of Hispanic Origin,,0,MA,Class D,0
,21079852452,FC21000546,2021-02-19 23:18:00.0000000,Male,Black,42,Medium,NULL,NULL,Not of Hispanic Origin,,0,MA,,0
,21079969503,FC21000546,2021-02-19 23:18:00.0000000,Female,Black,21,NULL,NULL,NULL,Not of Hispanic Origin,,0,MA,ID Only - Never had Personal Driver License,0
,21081303702,FC21000546,2021-02-19 23:18:00.0000000,Female,White,NULL,NULL,NULL,NULL,NULL,,0,NULL,,0
,21083967704,FC21000547,2021-02-20 00:06:00.0000000,Male,White,32,Muscular,Short,Light Brown,Hispanic Origin,,0,MA,Class D,0
,21090780061,FC21000548,2021-02-20 01:08:00.0000000,Male,Black,40,NULL,NULL,NULL,Unknown,,0,MA,Class D,0
,21097125604,FC21000549,2021-02-20 00:44:00.0000000,Female,White,31,Unknown,NULL,NULL,Not of Hispanic Origin,,0,MA,,NULL
,21097125604,FC21000549,2021-02-20 00:44:00.0000000,Female,White,31,Unknown,NULL,NULL,Not of Hispanic Origin,,0,MA,,1
,21097181809,FC21000549,2021-02-20 00:44:00.0000000,Male,White,47,Thin,NULL,NULL,Not of Hispanic Origin,,0,MA,,1
,21097189786,FC21000549,2021-02-20 00:44:00.0000000,NULL,NULL,NULL,NULL,NULL,NULL,NULL,,0,NULL,,0
,21166729254,FC21000550,2021-02-20 14:50:00.0000000,Male,Other,42,NULL,NULL,NULL,Unknown,,0,MA,Class D,0
,21210246091,FC21000551,2021-02-13 17:00:00.0000000,Male,Black,25,Medium,NULL,NULL,Not of Hispanic Origin,,0,MA,Class D,0
,21223415579,FC21000552,2021-02-20 22:35:00.0000000,Male,Asian,37,Thin,Bald or Balding,Medium,NULL,,0,MA,"ID - Had a License, now has ID",0
,21251193782,FC21000553,2021-02-21 02:30:00.0000000,Male,Black,29,Medium,NULL,NULL,Not of Hispanic Origin,,0,MA,,1
,21306061422,FC21000555,2021-02-21 09:54:00.0000000,Male,Black,39,Medium,NULL,NULL,Hispanic Origin,,0,MA,,0
,21310152142,FC21000556,2021-02-21 10:30:00.0000000,Male,Black,36,Medium,Bald or Balding,Dark Brown,Not of Hispanic Origin,,0,MA,,0
,21319067605,FC21000557,2021-02-20 12:15:00.0000000,Male,Black,31,Medium,NULL,NULL,Not of Hispanic Origin,,0,MA,Other: Suspended,1
,21320005059,FC21000557,2021-02-20 12:15:00.0000000,Female,Black,33,NULL,Wig/hair Piece,Medium,NULL,,0,MA,,1
,21375113689,FC21000558,2021-02-21 17:00:00.0000000,Male,Black,53,Thin,NULL,NULL,Not of Hispanic Origin,,0,MA,,0
,21375250574,FC21000559,2021-02-21 21:00:00.0000000,Male,Black,27,Heavy,Curly,Light,Hispanic Origin,,0,MA,ID Only - Never had Personal Driver License,1
,21375252713,FC21000560,2021-02-21 21:45:00.0000000,Male,Black,30,Medium,NULL,NULL,Not of Hispanic Origin,,0,MA,Class D,0
,21375253650,FC21000560,2021-02-21 21:45:00.0000000,Female,Black,19,NULL,NULL,NULL,Not of Hispanic Origin,,0,MA,Class D,0
,21375253917,FC21000560,2021-02-21 21:45:00.0000000,Female,Black,20,Thin,Braided,Light,Unknown,,0,MA,,0
,21375263033,FC21000561,2021-02-21 18:00:00.0000000,Male,White,36,Medium,Crew Cut,Medium,Not of Hispanic Origin,,0,MA,Class D,0
,21375326088,FC21000562,2021-02-21 17:54:00.0000000,Female,Black,36,NULL,NULL,NULL,Unknown,,0,MA,Class D,0
,21375331116,FC21000563,2021-02-21 17:36:00.0000000,Male,Black,29,NULL,NULL,NULL,Not of Hispanic Origin,,0,MA,Class D,0
,21375331571,FC21000563,2021-02-21 17:36:00.0000000,Male,White,37,Thin,NULL,Light,Not of Hispanic Origin,,0,MA,,NULL
,21375331784,FC21000563,2021-02-21 17:36:00.0000000,Male,Black,48,Medium,Short,Medium Brown,Not of Hispanic Origin,,0,MA,,NULL
,21375342517,FC21000564,2021-02-21 22:52:00.0000000,Male,Black,29,Thin,NULL,NULL,Not of Hispanic Origin,,0,MA,Class D,0
,21375366013,FC21000565,2021-02-21 22:45:00.0000000,Male,Black,23,NULL,NULL,NULL,Hispanic Origin,,0,MA,,1
,21375366563,FC21000565,2021-02-21 22:45:00.0000000,Male,Black,40,Thin,NULL,NULL,Hispanic Origin,,0,MA,,1
,21375368296,FC21000565,2021-02-21 22:45:00.0000000,Male,White,46,NULL,NULL,NULL,Not of Hispanic Origin,,0,MA,,1
,21375443163,FC21000566,2021-02-21 02:45:00.0000000,Male,White,31,Heavy,NULL,OTHER,NULL,,0,MA,,0
,21375554803,FC21000567,2021-02-21 22:09:00.0000000,Male,Black,31,Medium,Short,Medium,Not of Hispanic Origin,,0,MA,Other: Suspended,1
,21375554816,FC21000567,2021-02-21 22:09:00.0000000,Female,Black,29,Medium,Short,Medium,NULL,,0,MA,,1
,21375598061,FC21000568,2021-02-20 20:46:00.0000000,Male,Black,38,Medium,Bald or Balding,Brown,Not of Hispanic Origin,,0,MA,Other: suspended,1
,21375598171,FC21000568,2021-02-20 20:46:00.0000000,Male,Black,42,Thin,NULL,NULL,Not of Hispanic Origin,,0,MA,,1
,21375618996,FC21000569,2021-02-21 20:30:00.0000000,Male,Black,26,Medium,NULL,NULL,Unknown,,0,MA,,0
,21375693517,FC21000571,2021-02-22 02:00:00.0000000,Male,Black,49,Medium,Short,Dark,Not of Hispanic Origin,,0,MA,,1
,21375696610,FC21000571,2021-02-22 02:00:00.0000000,Male,Black,52,Medium,NULL,NULL,Not of Hispanic Origin,,0,MA,,1
,21375798005,FC21000572,2021-02-22 00:47:00.0000000,Male,Black,20,Thin,NULL,NULL,Not of Hispanic Origin,,0,MA,,1
,21375801785,FC21000572,2021-02-22 00:47:00.0000000,Male,Black,25,NULL,NULL,NULL,Unknown,,0,NULL,,1
,21375818702,FC21000573,2021-02-22 02:54:00.0000000,NULL,NULL,NULL,NULL,NULL,NULL,NULL,,0,NULL,,0
,21375822073,FC21000574,2021-02-22 02:09:00.0000000,Male,Black,28,Thin,Short,Medium Brown,Not of Hispanic Origin,,0,MA,Class D,1
,21375822541,FC21000574,2021-02-22 02:09:00.0000000,Male,Black,25,Heavy,Short,Dark Brown,NULL,,0,MA,Class D,0
,21375822940,FC21000574,2021-02-22 02:09:00.0000000,Male,Black,20,Thin,NULL,NULL,Not of Hispanic Origin,,0,MA,,0
,21376007063,FC21000575,2021-02-22 00:15:00.0000000,Male,Black,36,Thin,NULL,NULL,Not of Hispanic Origin,,0,MA,,0
,21376743420,FC21000576,2021-02-22 11:10:00.0000000,Male,Black,29,Medium,NULL,NULL,Not of Hispanic Origin,,0,MA,Class D,0
,21379065532,FC21000577,2021-02-22 13:45:00.0000000,Male,White,38,NULL,NULL,NULL,Not of Hispanic Origin,,0,MO,,0
,21382017660,FC21000578,2021-02-22 11:30:00.0000000,Male,Black,35,Medium,Short,Light Brown,NULL,,0,MA,Class D,0
,21382050986,FC21000578,2021-02-22 11:30:00.0000000,Male,Black,37,Thin,NULL,NULL,Hispanic Origin,,0,MA,,0
,21386188009,FC21000579,2021-02-22 16:25:00.0000000,Male,White,50,NULL,NULL,NULL,Not of Hispanic Origin,,0,MA,Class D,0
,21389249037,FC21000580,2021-02-22 18:00:00.0000000,Male,Black,51,Medium,Dreadlocks,NULL,NULL,,0,MA,"ID - Had a License, now has ID",0
,21388191019,FC21000581,2021-02-22 15:00:00.0000000,Female,White,41,Thin,NULL,NULL,Not of Hispanic Origin,,0,MA,,0
,21390347485,FC21000582,2021-02-22 15:22:00.0000000,Male,White,24,NULL,NULL,NULL,Hispanic Origin,,0,MA,Class D,1
,21390354797,FC21000582,2021-02-22 15:22:00.0000000,Male,White,23,Thin,Curly,NULL,Unknown,,0,MA,,1
,21394681626,FC21000583,2021-02-22 19:00:00.0000000,Female,White,41,NULL,NULL,NULL,Not of Hispanic Origin,,0,MA,,0
,21395259548,FC21000584,2021-02-22 19:00:00.0000000,Female,Unknown,35,NULL,NULL,NULL,Unknown,,0,NULL,,0
,21395403753,FC21000585,2021-02-22 19:05:00.0000000,Male,Unknown,18,NULL,NULL,NULL,NULL,,0,NULL,,0
,21398570867,FC21000586,2021-02-22 17:54:00.0000000,Male,Black,20,Thin,Afro,Medium Brown,Unknown,,0,MA,ID Only - Never had Personal Driver License,1
,21398726830,FC21000587,2021-02-22 19:08:00.0000000,Female,Black,20,NULL,NULL,NULL,Not of Hispanic Origin,,0,MA,Class D,NULL
,21398767259,FC21000587,2021-02-22 19:08:00.0000000,Male,Black,37,Thin,NULL,NULL,Not of Hispanic Origin,,0,MA,Other: Suspended,1
,21400244223,FC21000588,2021-02-22 19:15:00.0000000,Male,White,33,NULL,NULL,NULL,Not of Hispanic Origin,,0,MA,Class D,1
,21401184926,FC21000589,2021-02-22 21:30:00.0000000,Male,White,29,Thin,Short,Light,Not of Hispanic Origin,,0,MA,,1
,21401328106,FC21000590,2021-02-22 20:04:00.0000000,Male,White,27,NULL,NULL,NULL,NULL,,0,NULL,,0
,21403357759,FC21000591,2021-02-22 23:00:00.0000000,Male,Black,29,Medium,NULL,Dark,Not of Hispanic Origin,,0,MA,Class D,0
,21407415595,FC21000592,2021-02-23 00:57:00.0000000,Male,NULL,23,NULL,NULL,NULL,NULL,,0,MA,Class D,NULL
,21408067481,FC21000592,2021-02-23 00:57:00.0000000,NULL,NULL,NULL,NULL,NULL,NULL,NULL,,0,NULL,,0
,21408572880,FC21000593,2021-02-23 01:41:00.0000000,Male,Black,41,Medium,NULL,NULL,Not of Hispanic Origin,,0,MA,,0
,21410282981,FC21000594,2021-02-23 01:55:00.0000000,Male,White,30,Medium,Unkempt,Light,Not of Hispanic Origin,,0,MA,,1
,21410608402,FC21000595,2021-02-23 03:15:00.0000000,Male,Black,37,Medium,NULL,NULL,Not of Hispanic Origin,,0,MA,,0
,21412590408,FC21000596,2021-02-23 00:53:00.0000000,Male,Black,25,NULL,NULL,NULL,Hispanic Origin,,0,MA,Class D,1
,21412966235,FC21000597,2021-02-23 00:20:00.0000000,Female,White,30,Heavy,Curly,Medium Brown,Hispanic Origin,,0,MA,,1
,21412974758,FC21000597,2021-02-23 00:20:00.0000000,Female,Black,30,Thin,Short,Medium,Not of Hispanic Origin,,0,MA,,1
,21412995082,FC21000597,2021-02-23 00:20:00.0000000,Male,Black,39,NULL,NULL,NULL,Unknown,,0,MA,,1
,21416767520,FC21000598,2021-02-23 09:00:00.0000000,Male,White,28,Muscular,Short,Medium,Hispanic Origin,,0,MA,,0
,21417086179,FC21000599,2021-02-23 09:50:00.0000000,Male,White,40,Medium,Straight,Light,Not of Hispanic Origin,,0,MA,,1
,21417525123,FC21000600,2021-02-23 10:49:00.0000000,Male,Black,22,Thin,NULL,NULL,Hispanic Origin,,0,MA,Class D,0
,21417526733,FC21000600,2021-02-23 10:49:00.0000000,Female,Black,21,NULL,NULL,NULL,Hispanic Origin,,0,MA,Class D,0
,21417534054,FC21000600,2021-02-23 10:49:00.0000000,Male,Unknown,23,NULL,NULL,NULL,Hispanic Origin,,0,MA,ID Only - Never had Personal Driver License,0
,21418007999,FC21000601,2021-02-17 11:00:00.0000000,Female,Unknown,54,NULL,NULL,NULL,NULL,,0,MA,,0
,21418074046,FC21000602,2021-02-23 16:00:00.0000000,Male,White,29,NULL,NULL,NULL,Hispanic Origin,,0,NULL,,0
,21418126776,FC21000603,2021-02-22 21:47:00.0000000,Male,Black,28,Medium,NULL,NULL,Hispanic Origin,,0,MA,,0
,21418115676,FC21000604,2021-02-23 14:30:00.0000000,Male,White,41,Thin,Unkempt,Light,Hispanic Origin,,0,MA,,1
,21418117490,FC21000604,2021-02-23 14:30:00.0000000,Male,White,46,NULL,NULL,NULL,Hispanic Origin,,0,NULL,,NULL
,21418268037,FC21000605,2021-02-23 17:05:00.0000000,Female,Black,30,NULL,NULL,NULL,Not of Hispanic Origin,,0,MA,Class D,0
,21418951661,FC21000606,2021-02-23 17:45:00.0000000,Male,Black,43,NULL,NULL,NULL,Not of Hispanic Origin,,0,MA,Class D,1
,21420072696,FC21000607,2021-02-23 19:25:00.0000000,Male,Black,32,Medium,NULL,NULL,Not of Hispanic Origin,,0,MA,Class D,0
,21420114607,FC21000608,2021-02-23 18:40:00.0000000,Male,Black,20,Thin,Afro,Medium Brown,NULL,,0,MA,Class D,1
,21428417593,FC21000609,2021-02-23 00:00:00.0000000,Male,Black,25,Medium,NULL,NULL,Not of Hispanic Origin,,0,MA,,1
,21428430185,FC21000609,2021-02-23 00:00:00.0000000,Male,Black,26,Thin,NULL,NULL,Not of Hispanic Origin,,0,MA,,1
,21428962955,FC21000610,2021-02-23 22:13:00.0000000,Male,Black,31,Thin,NULL,NULL,Not of Hispanic Origin,,0,MA,,0
,21429270252,FC21000611,2021-02-23 22:43:00.0000000,Male,Black,29,Thin,Braided,Dark,Not of Hispanic Origin,,0,MA,Class D,0
,21429287721,FC21000611,2021-02-23 22:43:00.0000000,Male,Black,27,Heavy,NULL,NULL,Not of Hispanic Origin,,0,MA,,0
,21429451590,FC21000613,2021-02-24 00:11:00.0000000,Male,Black,34,NULL,NULL,NULL,Unknown,,0,MA,Class D,1
,21429832373,FC21000614,2021-02-23 23:25:00.0000000,Female,White,39,Medium,NULL,NULL,Not of Hispanic Origin,,0,MA,,0
,21429865893,FC21000614,2021-02-23 23:25:00.0000000,Male,Unknown,38,NULL,NULL,NULL,Not of Hispanic Origin,,0,MA,,0
,21430117358,FC21000615,2021-02-24 01:00:00.0000000,Male,Black,22,NULL,NULL,NULL,Unknown,,0,NULL,,0
,21431446396,FC21000616,2021-02-24 01:00:00.0000000,Male,White,28,NULL,NULL,NULL,Not of Hispanic Origin,,0,MA,Class D,0
,21439727957,FC21000617,2021-02-24 01:00:00.0000000,Male,Black,28,Thin,Short,Medium Brown,Not of Hispanic Origin,,0,MA,Class D,0
,21440543417,FC21000618,2021-02-24 01:28:00.0000000,Male,Black,34,Thin,NULL,NULL,Not of Hispanic Origin,,0,MA,,1
,21442008493,FC21000619,2021-02-24 03:12:00.0000000,Male,Black,31,NULL,NULL,NULL,Unknown,,0,MA,Other: SUS,NULL
,21442008493,FC21000619,2021-02-24 03:12:00.0000000,Male,Black,31,NULL,NULL,NULL,Unknown,,0,MA,Other: SUS,1
,21443915820,FC21000620,2021-02-24 01:54:00.0000000,Male,Black,26,Thin,NULL,NULL,Not of Hispanic Origin,,0,MA,,1
,21444083155,FC21000620,2021-02-24 01:54:00.0000000,Male,Black,27,Thin,Short,Medium,Hispanic Origin,,0,MA,Class D,NULL
,21447635826,FC21000621,2021-02-24 04:30:00.0000000,Male,Black,40,Heavy,NULL,NULL,Not of Hispanic Origin,,0,MA,,0
,21448547653,FC21000622,2021-02-24 02:25:00.0000000,Male,White,53,NULL,NULL,NULL,Not of Hispanic Origin,,0,MA,Class D,0
,21458863444,FC21000623,2021-02-24 08:13:00.0000000,Male,White,NULL,NULL,NULL,NULL,NULL,,0,NULL,,NULL
,21458864197,FC21000623,2021-02-24 08:13:00.0000000,Male,White,36,Medium,Crew Cut,Medium,Not of Hispanic Origin,,0,MA,Class D,0
,21458892862,FC21000624,2021-02-24 09:16:00.0000000,Male,Black,40,Medium,Short,Medium Brown,NULL,,0,MA,,0
,21462279498,FC21000625,2021-02-24 15:16:00.0000000,Male,Black,33,Medium,Short,Medium Brown,Hispanic Origin,,0,MA,Class D,0
,21462327107,FC21000626,2021-02-24 14:45:00.0000000,Female,Unknown,29,NULL,NULL,NULL,Unknown,,0,NULL,,1
,21462338670,FC21000626,2021-02-24 14:45:00.0000000,Male,Unknown,52,NULL,NULL,NULL,NULL,,0,NULL,,NULL
,21462341664,FC21000626,2021-02-24 14:45:00.0000000,Female,White,33,NULL,NULL,NULL,Not of Hispanic Origin,,0,CA,Class D,NULL
,21462598066,FC21000627,2021-02-24 16:45:00.0000000,Male,Black,20,Thin,Short,Medium Brown,Not of Hispanic Origin,,0,MA,ID Only - Never had Personal Driver License,0
,21462804981,FC21000628,2021-02-24 18:10:00.0000000,Male,Black,57,NULL,NULL,NULL,Unknown,,0,MA,,0
,21462828377,FC21000629,2021-02-24 18:00:00.0000000,Male,Black,25,NULL,NULL,NULL,Not of Hispanic Origin,,0,MA,Class D,0
,21462922890,FC21000630,2021-02-24 17:45:00.0000000,Female,Black,19,NULL,NULL,NULL,Not of Hispanic Origin,,0,MA,,0
,21462924691,FC21000630,2021-02-24 17:45:00.0000000,Male,Black,21,Thin,NULL,NULL,Not of Hispanic Origin,,0,MA,Class D,0
,21542121527,FC21000631,2021-02-28 19:45:00.0000000,Male,Black,19,Medium,Braided,Dark Brown,NULL,,0,MA,Class D,1
,21542277293,FC21000631,2021-02-28 19:45:00.0000000,Male,Black,25,Medium,NULL,NULL,Not of Hispanic Origin,,0,MA,,1
,21463123373,FC21000632,2021-02-24 13:00:00.0000000,Male,Black,32,Medium,Short,Medium,Unknown,,0,MA,,1
,21463147352,FC21000633,2021-02-24 19:30:00.0000000,Male,Black,25,NULL,NULL,NULL,Not of Hispanic Origin,,0,NULL,,0
,21464144600,FC21000634,2021-02-24 20:00:00.0000000,Male,Black,24,Medium,Braided,Medium,Not of Hispanic Origin,,0,MA,ID Only - Never had Personal Driver License,1
,21464145150,FC21000634,2021-02-24 20:00:00.0000000,Male,Black,18,Thin,NULL,Dark Brown,NULL,,0,MA,,0
,21464145973,FC21000634,2021-02-24 20:00:00.0000000,Male,Black,26,Medium,NULL,Medium Brown,Not of Hispanic Origin,,0,MA,,1
,21464151193,FC21000634,2021-02-24 20:00:00.0000000,Male,Black,24,Medium,Short,Light Brown,Hispanic Origin,,0,MA,,1
,21465714349,FC21000635,2021-02-24 00:00:00.0000000,Male,Black,40,NULL,NULL,NULL,Unknown,,0,MA,Class D,1
,21465823669,FC21000636,2021-02-24 18:22:00.0000000,Male,White,27,Medium,Braided,Medium Brown,Hispanic Origin,,0,MA,,0
,21465848440,FC21000636,2021-02-24 18:22:00.0000000,Male,Black,29,Heavy,NULL,NULL,Not of Hispanic Origin,,0,MA,,0
,21472193103,FC21000637,2021-02-25 03:35:00.0000000,Male,White,50,Thin,NULL,NULL,Not of Hispanic Origin,,0,MA,,0
,21472556034,FC21000638,2021-02-24 02:45:00.0000000,Male,Black,30,Medium,Braided,Dark,NULL,,0,MA,,0
,21475146029,FC21000639,2021-02-25 03:00:00.0000000,Female,White,41,Thin,Straight,OTHER,Not of Hispanic Origin,,0,MA,,1
,21475171685,FC21000639,2021-02-25 03:00:00.0000000,Male,Black,35,Medium,NULL,NULL,Not of Hispanic Origin,,0,MA,,1
,21475530797,FC21000640,2021-02-25 02:40:00.0000000,Male,Black,29,Thin,Pony Tail,Light Brown,Hispanic Origin,,0,MA,Class D,1
,21475553520,FC21000640,2021-02-25 02:40:00.0000000,Male,Black,26,Medium,NULL,NULL,Not of Hispanic Origin,,0,MA,,1
,21475567742,FC21000640,2021-02-25 02:40:00.0000000,Male,Black,20,Thin,NULL,NULL,Not of Hispanic Origin,,0,MA,,1
,21475578394,FC21000640,2021-02-25 02:40:00.0000000,Male,White,24,Thin,NULL,NULL,Hispanic Origin,,0,MA,Class D,1
,21476668814,FC21000641,2021-02-25 00:33:00.0000000,Female,Black,19,NULL,NULL,NULL,Not of Hispanic Origin,,0,MA,Class D,1
,21476693807,FC21000641,2021-02-25 00:33:00.0000000,Female,Black,21,Thin,Braided,Light,Unknown,,0,MA,,1
,21481805666,FC21000642,2021-02-25 00:00:00.0000000,Female,White,33,Thin,NULL,NULL,Not of Hispanic Origin,,0,MA,,0
,21488160991,FC21000643,2021-02-25 12:00:00.0000000,Male,White,48,Average,Bushy,Fair,Not of Hispanic Origin,,0,NULL,,0
,21490480655,FC21000644,2021-02-25 13:45:00.0000000,Female,White,52,Medium,NULL,NULL,Not of Hispanic Origin,,0,MA,,0
,21490507794,FC21000646,2021-02-25 10:30:00.0000000,Male,Black,30,Thin,Straight,Light Brown,Hispanic Origin,,0,MA,,0
,21490554943,FC21000647,2021-02-24 16:15:00.0000000,Male,White,21,Thin,NULL,NULL,Hispanic Origin,,0,MA,ID Only - Never had Personal Driver License,1
,21496553205,FC21000648,2021-02-25 14:59:00.0000000,Male,Black,17,Thin,Short,Dark Brown,Not of Hispanic Origin,,0,MA,,1
,21496559428,FC21000648,2021-02-25 14:59:00.0000000,Male,Black,21,Medium,Short,Medium,Hispanic Origin,,0,MA,,1
,21496580338,FC21000648,2021-02-25 14:59:00.0000000,Male,Black,19,Thin,NULL,NULL,Not of Hispanic Origin,,0,MA,,1
,21496629053,FC21000648,2021-02-25 14:59:00.0000000,Male,Black,21,Medium,NULL,NULL,Not of Hispanic Origin,,0,MA,,1
,21506871127,FC21000650,2021-02-25 20:40:00.0000000,Male,Black,18,Medium,Short,Light Brown,Hispanic Origin,,0,MA,,0
,21506876748,FC21000650,2021-02-25 20:40:00.0000000,Male,Black,23,Heavy,NULL,NULL,Not of Hispanic Origin,,0,MA,,0
,21507052533,FC21000652,2021-02-25 13:05:00.0000000,Female,White,48,Medium,NULL,Fair,Not of Hispanic Origin,,0,MA,ID Only - Never had Personal Driver License,0
,21507173906,FC21000653,2021-02-25 17:20:00.0000000,Male,Black,33,Medium,NULL,Light Brown,Not of Hispanic Origin,,0,MA,ID Only - Never had Personal Driver License,1
,21507274213,FC21000654,2021-02-25 22:45:00.0000000,Male,Black,29,Thin,Braided,Dark Brown,Not of Hispanic Origin,,0,MA,Class D,1
,21507504263,FC21000655,2021-02-25 23:48:00.0000000,Female,Black,NULL,NULL,NULL,NULL,Hispanic Origin,,0,NULL,,NULL
,21507504775,FC21000655,2021-02-25 23:48:00.0000000,Male,Black,32,Medium,NULL,NULL,Not of Hispanic Origin,,0,MA,Class D,0
,21507752602,FC21000656,2021-02-26 02:25:00.0000000,Female,Black,30,Unknown,NULL,NULL,Hispanic Origin,,0,MA,Class D,0
,21507772396,FC21000657,2021-02-26 03:00:00.0000000,Male,White,34,Medium,NULL,NULL,Not of Hispanic Origin,,0,MA,"ID - Had a License, now has ID",0
,21507882755,FC21000658,2021-02-26 03:35:00.0000000,Male,Black,41,Thin,NULL,Dark Brown,Unknown,,0,MA,Class D,0
,21508036823,FC21000659,2021-02-26 02:50:00.0000000,Male,Black,44,NULL,NULL,NULL,Hispanic Origin,,0,NULL,,0
,21512039649,FC21000660,2021-02-26 08:56:00.0000000,Male,Unknown,25,NULL,NULL,NULL,Unknown,,0,NULL,,0
,21509009413,FC21000661,2021-02-26 10:01:00.0000000,Male,Black,62,NULL,NULL,NULL,NULL,,0,MA,ID Only - Never had Personal Driver License,0
,21509126701,FC21000662,2021-02-20 19:30:00.0000000,Male,White,37,Heavy,NULL,NULL,Not of Hispanic Origin,,0,MA,,0
,21509580973,FC21000663,2021-02-26 12:40:00.0000000,Male,White,45,Medium,Short,Light,NULL,,0,MA,,1
,21509931757,FC21000664,2021-01-23 20:00:00.0000000,Male,Black,26,Medium,NULL,Medium Brown,NULL,,0,MA,,0
,21510060852,FC21000665,2021-02-26 11:30:00.0000000,Male,Black,27,Medium,NULL,NULL,Not of Hispanic Origin,,0,MA,,0
,21510422699,FC21000666,2021-02-26 16:26:00.0000000,Male,Other,43,NULL,NULL,NULL,NULL,,0,NULL,,NULL
,21510431905,FC21000666,2021-02-26 16:26:00.0000000,Male,Black,41,NULL,NULL,NULL,Not of Hispanic Origin,,0,NULL,,0
,21511103448,FC21000667,2021-02-26 20:09:00.0000000,Male,Black,26,Unknown,NULL,NULL,Not of Hispanic Origin,,0,MA,,1
,21511343081,FC21000668,2021-02-26 18:06:00.0000000,Male,Black,56,Medium,Short,Dark Brown,NULL,,0,MA,,1
,21511343186,FC21000668,2021-02-26 18:06:00.0000000,Male,White,32,NULL,NULL,NULL,Not of Hispanic Origin,,0,MA,CDL Class A,1
,21511343328,FC21000668,2021-02-26 18:06:00.0000000,Male,White,45,NULL,NULL,NULL,Hispanic Origin,,0,MA,Class D,1
,21511343724,FC21000668,2021-02-26 18:06:00.0000000,Male,Black,27,Thin,Short,NULL,Unknown,,0,MA,,NULL
,21511419104,FC21000669,2021-02-26 17:38:00.0000000,Male,White,18,NULL,NULL,NULL,Hispanic Origin,,0,MA,Instruction Permit,1
,21511431790,FC21000669,2021-02-26 17:38:00.0000000,Male,NULL,18,NULL,NULL,NULL,NULL,,0,NULL,,1
,21511442137,FC21000669,2021-02-26 17:38:00.0000000,Male,NULL,21,NULL,NULL,NULL,NULL,,0,MA,,1
,21511453923,FC21000670,2021-02-26 21:45:00.0000000,Male,Black,21,Thin,Short,Medium,Not of Hispanic Origin,,0,MA,,NULL
,21511453923,FC21000670,2021-02-26 21:45:00.0000000,Male,Black,21,Thin,Short,Medium,Not of Hispanic Origin,,0,MA,,0
,21511584187,FC21000671,2021-02-26 19:09:00.0000000,Female,Black,58,NULL,NULL,NULL,Unknown,,0,NULL,,0
,21511690116,FC21000672,2021-02-26 23:10:00.0000000,Male,Black,24,NULL,NULL,NULL,Unknown,,0,MA,Class D,0
,21511690205,FC21000672,2021-02-26 23:10:00.0000000,Male,Black,21,NULL,NULL,NULL,Unknown,,0,MA,Class D,0
,21511690449,FC21000672,2021-02-26 23:10:00.0000000,Male,Black,28,Medium,NULL,NULL,Not of Hispanic Origin,,0,MA,Class D,0
,21512448949,FC21000673,2021-02-27 01:00:00.0000000,Male,Black,24,NULL,NULL,NULL,Not of Hispanic Origin,,0,MA,Class D,NULL
,21512448949,FC21000673,2021-02-27 01:00:00.0000000,Male,Black,24,NULL,NULL,NULL,Not of Hispanic Origin,,0,MA,Class D,1
,21512528155,FC21000674,2021-02-27 00:00:00.0000000,Male,NULL,31,NULL,NULL,NULL,NULL,,0,MA,Class D,1
,21512532417,FC21000674,2021-02-27 00:00:00.0000000,Male,NULL,21,NULL,NULL,NULL,NULL,,0,MA,Class D,1
,21512543263,FC21000674,2021-02-27 00:00:00.0000000,Female,NULL,25,NULL,NULL,NULL,NULL,,0,MA,Class D,0
,21513674987,FC21000675,2021-02-27 11:00:00.0000000,Male,Unknown,38,Medium,NULL,NULL,NULL,,0,MA,,0
,21513689177,FC21000675,2021-02-27 11:00:00.0000000,Male,Black,34,NULL,NULL,NULL,Not of Hispanic Origin,,0,NULL,,0
,21513697297,FC21000676,2021-02-27 11:32:00.0000000,Male,White,33,NULL,NULL,NULL,Unknown,,0,NULL,,0
,21513893587,FC21000677,2021-02-27 11:35:00.0000000,Male,Black,26,Thin,Short,Dark,Unknown,,0,MA,Class D,0
,21514101941,FC21000678,2021-02-27 13:45:00.0000000,Male,Black,20,Thin,Short,NULL,Not of Hispanic Origin,,0,MA,,1
,21514102500,FC21000678,2021-02-27 13:45:00.0000000,Male,Black,19,Medium,NULL,NULL,Not of Hispanic Origin,,0,MA,Class D,1
,21514582882,FC21000679,2021-02-26 22:05:00.0000000,Female,Black,NULL,NULL,NULL,NULL,NULL,,0,NULL,,NULL
,21514628039,FC21000679,2021-02-26 22:05:00.0000000,Male,Black,38,Heavy,Unknown,Dark Brown,Not of Hispanic Origin,,0,MA,Class D,1
,21514628353,FC21000679,2021-02-26 22:05:00.0000000,Male,Black,70,NULL,NULL,NULL,Unknown,,0,MA,ID Only - Never had Personal Driver License,1
,21514650414,FC21000680,2021-02-27 17:05:00.0000000,Male,White,30,Stocky,Bushy,Light,Hispanic Origin,,0,MA,,NULL
,21514650414,FC21000680,2021-02-27 17:05:00.0000000,Male,White,30,Stocky,Bushy,Light,Hispanic Origin,,0,MA,,0
,21518136336,FC21000681,2021-02-27 23:15:00.0000000,Male,Black,19,NULL,NULL,NULL,Not of Hispanic Origin,,0,MA,Class D,1
,21518217370,FC21000682,2021-02-27 14:30:00.0000000,Male,Black,21,NULL,NULL,NULL,Not of Hispanic Origin,,0,MA,Class D,1
,21518218292,FC21000682,2021-02-27 14:30:00.0000000,Male,Black,17,NULL,NULL,NULL,Unknown,,0,NULL,,1
,21518426659,FC21000683,2021-02-27 22:40:00.0000000,Male,White,31,NULL,NULL,NULL,Unknown,,0,NULL,,NULL
,21518426659,FC21000683,2021-02-27 22:40:00.0000000,Male,White,31,NULL,NULL,NULL,Unknown,,0,NULL,,0
,21518428992,FC21000683,2021-02-27 22:40:00.0000000,Male,White,24,NULL,NULL,NULL,NULL,,0,NULL,,0
,21518431289,FC21000683,2021-02-27 22:40:00.0000000,Male,White,24,NULL,NULL,NULL,Unknown,,0,NULL,,0
,21518435890,FC21000683,2021-02-27 22:40:00.0000000,Male,White,NULL,NULL,NULL,NULL,NULL,,0,NULL,,0
,21518530185,FC21000684,2021-02-28 01:37:00.0000000,Male,White,23,Heavy,NULL,NULL,Hispanic Origin,,0,MA,,0
,21518663520,FC21000685,2021-02-28 00:33:00.0000000,Male,Black,36,Medium,NULL,NULL,Not of Hispanic Origin,,0,MA,,0
,21519916456,FC21000686,2021-02-28 00:00:00.0000000,Male,Black,28,Thin,NULL,NULL,Hispanic Origin,,0,MA,,0
,21519917585,FC21000686,2021-02-28 00:00:00.0000000,Male,Black,27,NULL,NULL,NULL,Unknown,,0,MA,Class D,0
,21520263263,FC21000688,2021-02-28 08:30:00.0000000,Male,Black,37,Medium,Short,NULL,Not of Hispanic Origin,,0,MA,Class D,1
,21520364916,FC21000690,2021-02-28 13:05:00.0000000,Male,White,54,NULL,NULL,NULL,Not of Hispanic Origin,,0,NC,,1
,21520365664,FC21000690,2021-02-28 13:05:00.0000000,Female,Unknown,26,NULL,NULL,NULL,Hispanic Origin,,0,MA,Class D,NULL
,21520429484,FC21000691,2021-02-28 13:45:00.0000000,Male,White,33,NULL,NULL,NULL,Unknown,,0,MA,Class D,0
,21520534308,FC21000692,2021-02-28 15:00:00.0000000,Male,White,29,NULL,NULL,NULL,Unknown,,0,NULL,,1
,21520539470,FC21000693,2021-02-27 14:00:00.0000000,Male,White,53,Heavy,NULL,NULL,Not of Hispanic Origin,,0,MA,,1
,21520858035,FC21000694,2021-02-28 15:19:00.0000000,Female,White,34,NULL,NULL,NULL,Not of Hispanic Origin,,0,NULL,,1
,21520858190,FC21000694,2021-02-28 15:19:00.0000000,Male,Black,34,Thin,Short,Dark,Not of Hispanic Origin,,0,MA,,1
,21521231260,FC21000695,2021-02-28 21:26:00.0000000,Female,Asian,68,NULL,NULL,NULL,Not of Hispanic Origin,,0,MA,Class D,0
,21521250850,FC21000696,2021-02-28 21:47:00.0000000,Male,Asian,33,Medium,Short,Light,Not of Hispanic Origin,,0,MA,ID Only - Never had Personal Driver License,0
,21521275951,FC21000698,2021-02-28 21:40:00.0000000,Male,Black,23,Thin,NULL,NULL,Not of Hispanic Origin,,0,MA,Class D,0
,21521300984,FC21000699,2021-02-28 17:36:00.0000000,Male,Black,29,Unknown,NULL,NULL,Not of Hispanic Origin,,0,MA,Class D,1
,21521303203,FC21000699,2021-02-28 17:36:00.0000000,Female,Black,27,NULL,NULL,NULL,Not of Hispanic Origin,,0,NULL,,0
,21521312126,FC21000700,2021-02-28 19:45:00.0000000,Male,Black,33,Medium,Curly,Medium Brown,Not of Hispanic Origin,,0,MA,Class D,0
,21521314068,FC21000700,2021-02-28 19:45:00.0000000,Male,Black,36,Thin,NULL,NULL,Hispanic Origin,,0,MA,,0
,21521331695,FC21000701,2021-02-26 22:47:00.0000000,Male,Black,26,Muscular,NULL,NULL,Not of Hispanic Origin,,0,MA,,0
,21521343002,FC21000702,2021-02-28 18:21:00.0000000,Male,Black,21,Medium,Corn Rows,Medium,Hispanic Origin,,0,MA,Class D,1
,21521345839,FC21000702,2021-02-28 18:21:00.0000000,Female,White,16,NULL,NULL,NULL,Hispanic Origin,,0,NULL,,0
,21521358924,FC21000704,2021-02-28 22:00:00.0000000,Female,White,27,Medium,Braided,Medium Brown,Not of Hispanic Origin,,0,MA,Personal Driver License,1
,21521541435,FC21000705,2021-03-01 01:02:00.0000000,Male,Black,32,Medium,Short,Medium Brown,Not of Hispanic Origin,,0,MA,Class D,0
,21521772442,FC21000706,2021-03-01 01:18:00.0000000,Male,Black,35,Medium,NULL,NULL,Hispanic Origin,,0,MA,,0
,21521786735,FC21000707,2021-03-01 00:55:00.0000000,Male,Black,36,Thin,NULL,NULL,Not of Hispanic Origin,,0,MA,,0
,21521811595,FC21000708,2021-03-01 02:24:00.0000000,Male,Black,37,Stocky,Short,Dark Brown,Not of Hispanic Origin,,0,MA,Class D,0
,21521875708,FC21000709,2021-02-28 02:30:00.0000000,Male,Black,20,Thin,Braided,Light Brown,Hispanic Origin,,0,MA,Instruction Permit,1
,21521877936,FC21000709,2021-02-28 02:30:00.0000000,Female,Black,18,NULL,NULL,NULL,Unknown,,0,NULL,,NULL
,21528280190,FC21000710,2021-03-01 12:04:00.0000000,Male,White,33,NULL,NULL,NULL,Unknown,,0,NULL,,1
,21528941146,FC21000711,2021-03-01 13:00:00.0000000,Male,Black,35,Medium,Braided,Dark Brown,Not of Hispanic Origin,,0,MA,,1
,21531330094,FC21000712,2021-03-01 14:00:00.0000000,Female,Black,27,Medium,NULL,NULL,Not of Hispanic Origin,,0,MA,,1
,21531357085,FC21000712,2021-03-01 14:00:00.0000000,Male,Black,18,Medium,Short,Medium Brown,NULL,,0,MA,,1
,21543766999,FC21000713,2021-03-01 00:06:00.0000000,Male,White,41,NULL,NULL,NULL,Not of Hispanic Origin,,0,MA,Class D,0
,21543870075,FC21000713,2021-03-01 00:06:00.0000000,Female,White,31,NULL,NULL,NULL,Not of Hispanic Origin,,0,MA,Class D,0
,21543853726,FC21000714,2021-03-01 16:39:00.0000000,Female,Black,21,Thin,NULL,NULL,Not of Hispanic Origin,,0,MA,,0
,21545115548,FC21000716,2021-03-01 17:45:00.0000000,Male,Black,37,Muscular,NULL,NULL,Not of Hispanic Origin,,0,MA,,0
,21545950177,FC21000717,2021-02-28 23:31:00.0000000,Male,Unknown,17,NULL,Short,NULL,NULL,,0,MA,,1
,21545950910,FC21000717,2021-02-28 23:31:00.0000000,Male,Black,15,Thin,Short,NULL,NULL,,0,MA,,1
,21546201647,FC21000718,2021-03-01 02:00:00.0000000,Male,Black,21,Thin,Short,NULL,Not of Hispanic Origin,,0,MA,,0
,21547592013,FC21000719,2021-03-01 20:14:00.0000000,Male,Black,51,Thin,Bald or Balding,Medium,Not of Hispanic Origin,,0,FL,Class D,1
,21547611373,FC21000719,2021-03-01 20:14:00.0000000,Female,White,58,NULL,NULL,NULL,NULL,,0,NULL,,0
,21547892048,FC21000720,2021-03-01 18:32:00.0000000,Male,Black,48,NULL,NULL,NULL,Unknown,,0,MA,Class D,0
,21547976048,FC21000720,2021-03-01 18:32:00.0000000,Male,Black,57,NULL,NULL,NULL,Unknown,,0,NULL,,0
,21547986820,FC21000720,2021-03-01 18:32:00.0000000,Male,Black,56,Medium,NULL,NULL,Not of Hispanic Origin,,0,MA,"ID - Had a License, now has ID",0
,21548005306,FC21000720,2021-03-01 18:32:00.0000000,Male,Black,54,NULL,NULL,NULL,Not of Hispanic Origin,,0,MA,Personal Driver License,0
,21548430355,FC21000721,2021-03-01 20:30:00.0000000,Male,Black,52,Medium,Short,Medium Brown,Not of Hispanic Origin,,0,MA,,1
,21548477383,FC21000721,2021-03-01 20:30:00.0000000,Male,Black,49,Thin,Bald or Balding,Medium Brown,Not of Hispanic Origin,,0,MA,Class D,1
,21550491600,FC21000722,2021-03-01 18:40:00.0000000,Male,Black,55,NULL,NULL,NULL,NULL,,0,NULL,,1
,21550503085,FC21000722,2021-03-01 18:40:00.0000000,Male,Black,34,NULL,NULL,NULL,Unknown,,0,MA,Class D,1
,21551511203,FC21000723,2021-02-28 22:34:00.0000000,Female,White,58,NULL,NULL,NULL,NULL,,0,NULL,,NULL
,21551521639,FC21000723,2021-02-28 22:34:00.0000000,Male,White,44,NULL,NULL,NULL,NULL,,0,NULL,,1
,21552504971,FC21000724,2021-03-01 10:30:00.0000000,Male,White,33,Medium,NULL,NULL,Hispanic Origin,,0,MA,Class D,0
,21552527102,FC21000724,2021-03-01 10:30:00.0000000,Male,White,24,Medium,Braided,Light Brown,NULL,,0,MA,,0
,21552560089,FC21000724,2021-03-01 10:30:00.0000000,Male,Unknown,33,NULL,NULL,NULL,Hispanic Origin,,0,NULL,,1
,21554013495,FC21000725,2021-03-02 00:30:00.0000000,Male,Black,22,NULL,NULL,NULL,Not of Hispanic Origin,,0,MA,Class D,0
,21554014950,FC21000725,2021-03-02 00:30:00.0000000,Male,Black,24,Thin,NULL,NULL,Not of Hispanic Origin,,0,MA,,0
,21554040314,FC21000726,2021-03-02 01:33:00.0000000,Male,Black,29,Medium,NULL,Dark,Not of Hispanic Origin,,0,MA,Class D,0
,21554091011,FC21000727,2021-03-02 02:15:00.0000000,Female,Black,37,Medium,NULL,NULL,Not of Hispanic Origin,,0,MA,,0
,21554185244,FC21000728,2021-03-02 01:30:00.0000000,Male,White,27,Medium,NULL,NULL,Hispanic Origin,,0,MA,,1
,21554187932,FC21000728,2021-03-02 01:30:00.0000000,Male,White,28,Heavy,NULL,NULL,Hispanic Origin,,0,MA,Class D,1
,21554200907,FC21000729,2021-03-02 01:00:00.0000000,Male,Black,25,Thin,Dreadlocks,Medium,Not of Hispanic Origin,,0,MA,Class D,1
,21554224349,FC21000730,2021-03-02 00:54:00.0000000,Male,Black,27,Thin,Braided,Dark,Not of Hispanic Origin,,0,MA,,0
,21554359172,FC21000731,2021-03-02 02:22:00.0000000,Male,Black,24,Medium,Short,Medium Brown,Unknown,,0,MA,Class D,1
,21554378629,FC21000732,2021-03-02 00:59:00.0000000,Male,Black,25,Heavy,Short,Dark Brown,NULL,,0,MA,Class D,1
,21560038250,FC21000733,2021-03-02 07:30:00.0000000,Male,White,58,Thin,NULL,NULL,Not of Hispanic Origin,,0,MA,,0
,21569657438,FC21000734,2021-03-01 19:10:00.0000000,Male,Black,20,NULL,NULL,NULL,Unknown,,0,NULL,,1
,21569730047,FC21000734,2021-03-01 19:10:00.0000000,Male,Unknown,19,NULL,NULL,NULL,Hispanic Origin,,0,NULL,,1
,21569785709,FC21000734,2021-03-01 19:10:00.0000000,Male,White,22,NULL,NULL,NULL,Hispanic Origin,,0,MA,Personal Driver License,1
,21578917308,FC21000736,2021-03-02 00:00:00.0000000,Female,White,29,NULL,NULL,NULL,Not of Hispanic Origin,,0,MA,Class D,0
,21579628079,FC21000736,2021-03-02 00:00:00.0000000,Male,Black,23,Thin,Short,Medium Brown,Hispanic Origin,,0,MA,Instruction Permit,0
,21582897532,FC21000737,2021-03-02 14:52:00.0000000,Male,Black,47,Medium,Afro,NULL,Not of Hispanic Origin,,0,MA,,0
,21588719349,FC21000738,2021-02-28 17:26:00.0000000,Male,White,30,NULL,NULL,NULL,Not of Hispanic Origin,,0,MA,"ID - Had a License, now has ID",0
,21591454671,FC21000739,2021-03-02 15:00:00.0000000,Male,White,49,Thin,Short,Medium,NULL,,0,MA,,0
,21591470255,FC21000739,2021-03-02 15:00:00.0000000,Male,White,36,NULL,NULL,NULL,Not of Hispanic Origin,,0,NULL,,0
,21591487633,FC21000739,2021-03-02 15:00:00.0000000,Male,White,30,Thin,Wavy,Light,Not of Hispanic Origin,,0,MA,,0
,21591525931,FC21000739,2021-03-02 15:00:00.0000000,Male,Black,56,Medium,NULL,NULL,Not of Hispanic Origin,,0,MA,,0
,21591569747,FC21000739,2021-03-02 15:00:00.0000000,Male,Black,36,Medium,Curly,Light,Hispanic Origin,,0,MA,,0
,21591680153,FC21000739,2021-03-02 15:00:00.0000000,Male,White,38,Thin,Unkempt,Light,Not of Hispanic Origin,,0,MA,,0
,21595660870,FC21000740,2021-03-02 16:30:00.0000000,Male,White,49,Thin,Short,Medium,NULL,,0,MA,,0
,21595794518,FC21000741,2021-03-02 19:00:00.0000000,Female,White,39,NULL,NULL,NULL,Not of Hispanic Origin,,0,MA,"ID - Had a License, now has ID",0
,21596921446,FC21000742,2021-03-02 18:37:00.0000000,Male,Black,34,Medium,NULL,NULL,Not of Hispanic Origin,,0,MA,,1
,21596983686,FC21000743,2021-03-02 19:00:00.0000000,Male,Black,52,Medium,NULL,Dark,Unknown,,0,MA,Class D,0
,21606553875,FC21000744,2021-02-23 15:30:00.0000000,Male,White,37,NULL,NULL,NULL,NULL,,0,MA,,0
,21609676456,FC21000745,2021-03-02 23:01:00.0000000,Male,White,39,NULL,NULL,NULL,NULL,,0,NULL,,0
,21612455530,FC21000746,2021-03-03 00:28:00.0000000,Male,Black,28,Medium,NULL,NULL,Not of Hispanic Origin,,0,MA,,0
,21617342459,FC21000747,2021-03-03 00:20:00.0000000,Female,White,45,Thin,NULL,NULL,Hispanic Origin,,0,MA,Class D,NULL
,21617346364,FC21000747,2021-03-03 00:20:00.0000000,Male,Unknown,14,Thin,Braided,Light Brown,NULL,,0,MA,,0
,21617353102,FC21000748,2021-03-03 00:50:00.0000000,Male,Black,21,Thin,NULL,Medium Brown,Not of Hispanic Origin,,0,MA,,NULL
,21617353102,FC21000748,2021-03-03 00:50:00.0000000,Male,Black,21,Thin,NULL,Medium Brown,Not of Hispanic Origin,,0,MA,,1
,21617357336,FC21000748,2021-03-03 00:50:00.0000000,Male,Black,16,NULL,NULL,NULL,Not of Hispanic Origin,,0,NULL,,1
,21617360590,FC21000748,2021-03-03 00:50:00.0000000,Male,Black,20,Thin,NULL,NULL,Not of Hispanic Origin,,0,MA,,1
,21617362802,FC21000748,2021-03-03 00:50:00.0000000,Male,Black,17,Thin,NULL,NULL,Not of Hispanic Origin,,0,MA,,1
,21617365652,FC21000748,2021-03-03 00:50:00.0000000,Male,Black,23,Medium,Braided,Dark Brown,Not of Hispanic Origin,,0,MA,Class D,1
,21617932508,FC21000749,2021-03-03 01:54:00.0000000,Male,White,53,Medium,Unkempt,Light,Not of Hispanic Origin,,0,MA,ID Only - Never had Personal Driver License,1
,21620381138,FC21000750,2021-03-03 01:49:00.0000000,Male,Black,27,Thin,NULL,NULL,Not of Hispanic Origin,,0,MA,Class D,0
,21621140032,FC21000751,2021-03-03 03:58:00.0000000,Male,White,29,Thin,Bald or Balding,Light,Unknown,,0,MA,Class D,1
,21623626280,FC21000752,2021-03-03 05:00:00.0000000,Male,White,71,Medium,Straight,Light,NULL,,0,MA,,0
,21628830301,FC21000753,2021-03-01 22:00:00.0000000,Male,Black,23,Medium,Braided,NULL,Not of Hispanic Origin,,0,MA,,NULL
,21628830301,FC21000753,2021-03-01 22:00:00.0000000,Male,Black,23,Medium,Braided,NULL,Not of Hispanic Origin,,0,MA,,0
,21630978117,FC21000754,2021-03-03 12:05:00.0000000,Male,Black,61,Medium,NULL,NULL,Not of Hispanic Origin,,0,MA,,0
,21631181329,FC21000754,2021-03-03 12:05:00.0000000,Male,White,39,NULL,NULL,NULL,Hispanic Origin,,0,MA,"ID - Had a License, now has ID",0
,21634072857,FC21000755,2021-03-03 12:45:00.0000000,Male,Black,23,Thin,NULL,NULL,Not of Hispanic Origin,,0,MA,Class D,NULL
,21634072857,FC21000755,2021-03-03 12:45:00.0000000,Male,Black,23,Thin,NULL,NULL,Not of Hispanic Origin,,0,MA,Class D,0
,21636205148,FC21000756,2021-03-03 15:05:00.0000000,Male,Black,46,Unknown,NULL,NULL,Hispanic Origin,,0,MA,,0
,21636240646,FC21000756,2021-03-03 15:05:00.0000000,Male,Black,29,Medium,Braided,Medium Brown,Hispanic Origin,,0,MA,Class D,0
,21636393129,FC21000756,2021-03-03 15:05:00.0000000,Male,Black,25,Thin,NULL,NULL,Hispanic Origin,,0,MA,,0
,21636405799,FC21000756,2021-03-03 15:05:00.0000000,Male,White,32,Muscular,Short,Light Brown,Hispanic Origin,,0,MA,Class D,0
,21636434489,FC21000756,2021-03-03 15:05:00.0000000,Male,White,32,NULL,NULL,NULL,Hispanic Origin,,0,MA,,0
,21636529914,FC21000757,2021-03-03 14:30:00.0000000,Male,Black,15,Thin,Afro,Dark,Unknown,,0,MA,,0
,21640348486,FC21000759,2021-03-03 17:38:00.0000000,Male,White,72,NULL,NULL,NULL,Unknown,,0,NULL,,0
,21641436990,FC21000760,2021-03-03 18:36:00.0000000,Male,Black,37,Thin,Short,Medium Brown,Not of Hispanic Origin,,0,MA,,1
,21641632485,FC21000761,2021-03-03 16:58:00.0000000,Male,Black,37,Medium,NULL,NULL,Not of Hispanic Origin,,0,MA,,0
,21642773603,FC21000762,2021-03-03 00:00:00.0000000,Male,Black,26,Thin,NULL,Medium,Not of Hispanic Origin,,0,MA,,1
,21643266232,FC21000763,2021-03-03 20:50:00.0000000,Male,Black,36,Medium,NULL,Fair,Not of Hispanic Origin,,0,MA,Class D,0
,21643902966,FC21000764,2021-03-03 20:15:00.0000000,Male,Black,48,Medium,NULL,NULL,Not of Hispanic Origin,,0,MA,,0
,21643928316,FC21000764,2021-03-03 20:15:00.0000000,Male,Black,47,Medium,NULL,NULL,Hispanic Origin,,0,MA,,0
,21644456165,FC21000764,2021-03-03 20:15:00.0000000,Male,Black,NULL,NULL,NULL,NULL,Not of Hispanic Origin,,0,NULL,,0
,21643967628,FC21000765,2021-03-03 16:58:00.0000000,Male,Black,38,Medium,NULL,NULL,Not of Hispanic Origin,,0,MA,,0
,21645484513,FC21000766,2021-03-03 21:50:00.0000000,Male,White,39,Medium,Mohawk,Light,Not of Hispanic Origin,,0,MA,,0
,21646983027,FC21000767,2021-03-03 22:38:00.0000000,Male,Black,29,NULL,NULL,NULL,Not of Hispanic Origin,,0,MA,Class D,0
,21646995908,FC21000767,2021-03-03 22:38:00.0000000,Male,Black,25,Thin,NULL,NULL,Not of Hispanic Origin,,0,MA,,0
,21647009815,FC21000767,2021-03-03 22:38:00.0000000,Male,Black,26,Thin,NULL,NULL,Not of Hispanic Origin,,0,MA,,0
,21647057150,FC21000767,2021-03-03 22:38:00.0000000,Male,Unknown,26,NULL,NULL,NULL,Unknown,,0,NY,,0
,21649436818,FC21000768,2021-03-04 02:05:00.0000000,Male,White,54,Medium,NULL,NULL,Not of Hispanic Origin,,0,MA,,0
,21649470888,FC21000769,2021-03-04 00:00:00.0000000,Male,Black,21,Thin,Short,NULL,Not of Hispanic Origin,,0,MA,,0
,21649747035,FC21000770,2021-02-27 21:03:00.0000000,Male,Black,51,Muscular,NULL,NULL,Not of Hispanic Origin,,0,MA,,0
,21649761366,FC21000770,2021-02-27 21:03:00.0000000,Female,Black,33,Thin,NULL,NULL,Not of Hispanic Origin,,0,MA,,NULL
,21650549942,FC21000771,2021-03-04 09:29:00.0000000,Male,Black,31,Medium,Short,Light Brown,Hispanic Origin,,0,MA,,1
,21650848496,FC21000772,2021-03-04 12:40:00.0000000,Male,Black,29,Medium,Short,NULL,Hispanic Origin,,0,MA,,0
,21651804433,FC21000773,2021-03-04 15:09:00.0000000,Male,Black,27,Thin,NULL,Medium Brown,Hispanic Origin,,0,MA,,0
,21651869602,FC21000774,2021-03-04 15:51:00.0000000,Female,White,54,NULL,NULL,NULL,Not of Hispanic Origin,,0,NULL,,0
,21662015710,FC21000775,2021-03-04 16:52:00.0000000,Female,Black,46,NULL,NULL,NULL,Not of Hispanic Origin,,0,NULL,,1
,21652241606,FC21000776,2021-03-02 20:30:00.0000000,Male,Black,58,Medium,Bald or Balding,Dark,Not of Hispanic Origin,,0,MA,"ID - Had a License, now has ID",1
,21652241770,FC21000776,2021-03-02 20:30:00.0000000,Female,Black,37,NULL,NULL,NULL,Not of Hispanic Origin,,0,MA,"ID - Had a License, now has ID",0
,21658036419,FC21000777,2021-03-04 17:47:00.0000000,Male,NULL,NULL,NULL,NULL,NULL,NULL,,0,NULL,,0
,21657242851,FC21000778,2021-03-04 20:22:00.0000000,Male,White,39,Medium,NULL,NULL,Not of Hispanic Origin,,0,MA,,0
,21663256515,FC21000779,2021-03-04 21:53:00.0000000,Male,Black,17,Thin,NULL,NULL,Not of Hispanic Origin,,0,MA,,NULL
,21663256515,FC21000779,2021-03-04 21:53:00.0000000,Male,Black,17,Thin,NULL,NULL,Not of Hispanic Origin,,0,MA,,1
,21663257303,FC21000779,2021-03-04 21:53:00.0000000,Male,Black,23,NULL,NULL,NULL,NULL,,0,MA,Class D,1
,21663257303,FC21000779,2021-03-04 21:53:00.0000000,Male,Black,23,NULL,NULL,NULL,NULL,,0,MA,Class D,NULL
,21663260007,FC21000779,2021-03-04 21:53:00.0000000,Male,Black,18,NULL,NULL,NULL,Not of Hispanic Origin,,0,MA,Class D,NULL
,21663260007,FC21000779,2021-03-04 21:53:00.0000000,Male,Black,18,NULL,NULL,NULL,Not of Hispanic Origin,,0,MA,Class D,1
,21663262388,FC21000779,2021-03-04 21:53:00.0000000,Male,Black,22,Medium,NULL,NULL,Not of Hispanic Origin,,0,NULL,,1
,21663262388,FC21000779,2021-03-04 21:53:00.0000000,Male,Black,22,Medium,NULL,NULL,Not of Hispanic Origin,,0,NULL,,NULL
,21663520088,FC21000780,2021-03-04 22:04:00.0000000,Male,Black,24,Medium,Braided,Medium,Not of Hispanic Origin,,0,MA,ID Only - Never had Personal Driver License,0
,21663580148,FC21000780,2021-03-04 22:04:00.0000000,Female,Black,25,Medium,NULL,NULL,Not of Hispanic Origin,,0,MA,,0
,21666735040,FC21000781,2021-03-05 00:47:00.0000000,Male,Black,23,Heavy,NULL,NULL,Not of Hispanic Origin,,0,MA,,1
,21671905925,FC21000782,2021-03-05 03:30:00.0000000,Male,Black,21,Thin,Short,NULL,Not of Hispanic Origin,,0,MA,,1
,21675193192,FC21000783,2021-03-05 01:32:00.0000000,Male,Black,24,NULL,NULL,NULL,Hispanic Origin,,0,MA,Class D,1
,21690015083,FC21000784,2021-03-05 12:20:00.0000000,Male,Black,42,Thin,Curly,Light,Unknown,,0,MA,Class D,0
,21697194144,FC21000785,2021-03-05 14:36:00.0000000,Male,Black,34,NULL,NULL,NULL,Not of Hispanic Origin,,0,CA,,0
,21698740978,FC21000786,2021-03-05 12:30:00.0000000,Male,Black,34,Medium,NULL,NULL,Hispanic Origin,,0,MA,,1
,21698788376,FC21000786,2021-03-05 12:30:00.0000000,Male,White,29,Thin,NULL,Light Brown,Hispanic Origin,,0,MA,,1
,21699217520,FC21000787,2021-03-04 15:00:00.0000000,Female,White,34,Thin,NULL,NULL,Hispanic Origin,,0,MA,"ID - Had a License, now has ID",0
,21704113515,FC21000788,2021-03-05 16:38:00.0000000,Male,White,34,Medium,Straight,Light,Hispanic Origin,,0,MA,,0
,21710468429,FC21000790,2021-03-05 18:44:00.0000000,Male,Black,14,NULL,NULL,NULL,Not of Hispanic Origin,,0,NULL,,1
,21710533200,FC21000790,2021-03-05 18:44:00.0000000,Female,Black,16,NULL,NULL,NULL,Not of Hispanic Origin,,0,NULL,,1
,21711114077,FC21000791,2021-03-05 19:30:00.0000000,Male,Black,43,Medium,NULL,NULL,Not of Hispanic Origin,,0,MA,,0
,21732383399,FC21000792,2021-03-05 17:15:00.0000000,Male,Black,25,Thin,NULL,NULL,Hispanic Origin,,0,MA,,1
,21732421702,FC21000792,2021-03-05 17:15:00.0000000,Male,Black,23,Thin,Short,Medium Brown,Hispanic Origin,,0,MA,Instruction Permit,1
,21733881357,FC21000793,2021-03-05 19:27:00.0000000,Male,Black,20,NULL,NULL,NULL,Not of Hispanic Origin,,0,MA,,1
,21752391108,FC21000794,2021-03-04 14:14:00.0000000,Male,Black,29,Stocky,NULL,NULL,Not of Hispanic Origin,,0,MA,,0
,21752410137,FC21000794,2021-03-04 14:14:00.0000000,Male,Black,22,Thin,Short,NULL,NULL,,0,MA,,0
,21752503154,FC21000794,2021-03-04 14:14:00.0000000,Male,Black,31,Unknown,NULL,NULL,Not of Hispanic Origin,,0,MA,,0
,21760207887,FC21000796,2021-03-06 09:30:00.0000000,Male,White,32,NULL,NULL,NULL,Not of Hispanic Origin,,0,MA,Class D,1
,21769407892,FC21000797,2021-03-06 14:05:00.0000000,Male,White,NULL,Small,NULL,Brown,Hispanic Origin,,0,NULL,,1
,21770077955,FC21000798,2021-03-06 17:00:00.0000000,Male,White,39,Medium,Bald or Balding,NULL,Not of Hispanic Origin,,0,MA,Class D,1
,21770274817,FC21000799,2021-03-06 17:38:00.0000000,Male,Black,22,Thin,Dreadlocks,Medium Brown,NULL,,0,MA,Class D,0
,21770420358,FC21000800,2021-03-06 18:50:00.0000000,Male,Black,69,NULL,NULL,NULL,Not of Hispanic Origin,,0,MA,Class D,0
,21770421313,FC21000800,2021-03-06 18:50:00.0000000,Female,Black,48,NULL,NULL,NULL,Unknown,,0,MA,Class D,0
,21770436524,FC21000801,2021-03-06 18:29:00.0000000,Male,Black,21,Medium,Short,Medium Brown,NULL,,0,MA,ID Only - Never had Personal Driver License,1
,21770436730,FC21000801,2021-03-06 18:29:00.0000000,Male,Black,20,Heavy,Braided,Medium Brown,Not of Hispanic Origin,,0,MA,Class D,NULL
,21770483313,FC21000802,2021-03-06 19:30:00.0000000,Male,Black,27,Medium,Braided,Medium Brown,Not of Hispanic Origin,,0,MA,Class D,0
,21770591584,FC21000803,2021-03-06 19:00:00.0000000,Male,White,23,NULL,NULL,NULL,Hispanic Origin,,0,MA,Class D,1
,21770654020,FC21000803,2021-03-06 19:00:00.0000000,Female,Asian,28,NULL,NULL,NULL,Not of Hispanic Origin,,0,MA,Class D,1
,21770671248,FC21000803,2021-03-06 19:00:00.0000000,Male,Black,19,NULL,NULL,NULL,Hispanic Origin,,0,MA,Class D,1
,21770623371,FC21000804,2021-03-06 19:15:00.0000000,Female,White,23,Thin,Straight,Light,Not of Hispanic Origin,,0,MA,,0
,21770714302,FC21000805,2021-03-03 11:50:00.0000000,Female,Other,31,NULL,NULL,NULL,Not of Hispanic Origin,,0,KS,,0
,21770892285,FC21000806,2021-03-06 22:45:00.0000000,Male,Black,29,Heavy,NULL,NULL,Not of Hispanic Origin,,0,MA,,0
,21770892840,FC21000806,2021-03-06 22:45:00.0000000,Male,Black,29,Medium,NULL,NULL,Not of Hispanic Origin,,0,MA,,NULL
,21770893442,FC21000806,2021-03-06 22:45:00.0000000,Male,Black,32,Medium,NULL,NULL,Not of Hispanic Origin,,0,MA,,NULL
,21771440531,FC21000807,2021-03-07 02:00:00.0000000,Male,White,32,NULL,NULL,NULL,Hispanic Origin,,0,MA,Class D,0
,21771444237,FC21000808,2021-03-07 03:03:00.0000000,Male,Black,40,Medium,NULL,NULL,Hispanic Origin,,0,MA,,0
,21771467245,FC21000809,2021-03-07 02:45:00.0000000,Male,White,28,Medium,Short,Light,Not of Hispanic Origin,,0,MA,,1
,21771468081,FC21000809,2021-03-07 02:45:00.0000000,Female,White,32,Medium,Straight,Light,Not of Hispanic Origin,,0,MA,,1
,21771500280,FC21000810,2021-03-07 01:24:00.0000000,Female,Black,20,Thin,NULL,NULL,Not of Hispanic Origin,,0,MA,,0
,21771501565,FC21000810,2021-03-07 01:24:00.0000000,Male,Black,20,Thin,NULL,NULL,Not of Hispanic Origin,,0,MA,,0
,21771510798,FC21000812,2021-03-07 00:00:00.0000000,Male,Black,28,Medium,Dreadlocks,Medium Brown,Not of Hispanic Origin,,0,MA,Class D,0
,21771737834,FC21000813,2021-03-07 03:30:00.0000000,Male,Black,23,NULL,NULL,NULL,Not of Hispanic Origin,,0,NULL,,1
,21771924270,FC21000814,2021-03-06 23:13:00.0000000,Male,Black,49,Medium,NULL,NULL,Not of Hispanic Origin,,0,MA,Class D,0
,21772376532,FC21000815,2021-03-07 12:58:00.0000000,Male,White,27,Thin,NULL,NULL,Not of Hispanic Origin,,0,MA,,0
,21772593686,FC21000816,2021-03-07 14:00:00.0000000,Male,White,29,Medium,Short,Medium,Hispanic Origin,,0,MA,,0
,21772593686,FC21000816,2021-03-07 14:00:00.0000000,Male,White,29,Medium,Short,Medium,Hispanic Origin,,0,MA,,NULL
,21772795712,FC21000817,2021-03-07 01:00:00.0000000,Male,Black,27,Heavy,NULL,NULL,Not of Hispanic Origin,,0,MA,,1
,21772798651,FC21000817,2021-03-07 01:00:00.0000000,Male,Black,25,Thin,NULL,NULL,Not of Hispanic Origin,,0,MA,Class D,1
,21772957969,FC21000818,2021-03-05 22:26:00.0000000,Female,White,28,NULL,NULL,NULL,Hispanic Origin,,0,MA,Personal Driver License,0
,21772967274,FC21000818,2021-03-05 22:26:00.0000000,Male,Black,20,NULL,NULL,NULL,Hispanic Origin,,0,MA,ID Only - Never had Personal Driver License,0
,21772972306,FC21000818,2021-03-05 22:26:00.0000000,Female,Black,21,NULL,NULL,NULL,Unknown,,0,MA,Class D,0
,21772978146,FC21000819,2021-03-07 18:20:00.0000000,Male,Black,25,Thin,NULL,NULL,Hispanic Origin,,0,MA,,0
,21772979766,FC21000819,2021-03-07 18:20:00.0000000,Female,Black,30,Medium,NULL,NULL,Not of Hispanic Origin,,0,MA,Class D,0
,21772986600,FC21000820,2021-03-07 18:25:00.0000000,Male,Black,38,Thin,NULL,NULL,Not of Hispanic Origin,,0,MA,,0
,21773013080,FC21000821,2021-03-05 22:43:00.0000000,Male,White,20,NULL,NULL,NULL,Not of Hispanic Origin,,0,MA,Class D,1
,21773034596,FC21000821,2021-03-05 22:43:00.0000000,Male,White,18,NULL,NULL,NULL,Not of Hispanic Origin,,0,MA,ID Only - Never had Personal Driver License,1
,21773040466,FC21000821,2021-03-05 22:43:00.0000000,Male,White,21,NULL,NULL,NULL,Not of Hispanic Origin,,0,MA,Class D,1
,21773067890,FC21000822,2021-03-07 17:04:00.0000000,Male,Black,36,Muscular,NULL,NULL,Hispanic Origin,,0,MA,ID Only - Never had Personal Driver License,1
,21773167163,FC21000823,2021-03-07 19:27:00.0000000,Male,Black,24,Thin,NULL,NULL,Not of Hispanic Origin,,0,MA,Class D,1
,21773181162,FC21000823,2021-03-07 19:27:00.0000000,Female,Black,20,NULL,NULL,NULL,Not of Hispanic Origin,,0,MA,Class D,1
,21773339802,FC21000824,2021-03-05 21:42:00.0000000,Male,White,22,NULL,NULL,NULL,Unknown,,0,MA,Class D,1
,21773363033,FC21000825,2021-03-06 19:36:00.0000000,Male,Black,23,NULL,NULL,NULL,Unknown,,0,MA,No License - Record Only,0
,21773363105,FC21000825,2021-03-06 19:36:00.0000000,Male,Black,22,NULL,NULL,NULL,Unknown,,0,MA,Personal Driver License,1
,21773439210,FC21000826,2021-03-07 06:04:00.0000000,Male,White,24,Thin,Afro,NULL,Not of Hispanic Origin,,0,MA,,1
,21773439530,FC21000826,2021-03-07 06:04:00.0000000,NULL,NULL,NULL,NULL,NULL,NULL,NULL,,0,NULL,,0
,21773439909,FC21000826,2021-03-07 06:04:00.0000000,Female,Black,29,NULL,NULL,NULL,Not of Hispanic Origin,,0,MA,Class D,NULL
,21773954103,FC21000827,2021-03-07 05:15:00.0000000,Male,White,32,NULL,NULL,NULL,NULL,,0,MA,Class D,1
,21774071224,FC21000828,2021-03-08 03:25:00.0000000,Male,White,20,Thin,NULL,NULL,Not of Hispanic Origin,,0,MA,Class D,0
,21774072316,FC21000828,2021-03-08 03:25:00.0000000,Male,Black,18,Thin,NULL,NULL,Not of Hispanic Origin,,0,MA,,0
,21774096433,FC21000829,2021-03-08 01:38:00.0000000,Male,Black,31,Medium,NULL,NULL,Not of Hispanic Origin,,0,MA,,0
,21774207276,FC21000830,2021-03-08 03:00:00.0000000,Male,Black,21,Medium,NULL,NULL,Not of Hispanic Origin,,0,MA,ID Only - Never had Personal Driver License,0
,21774207570,FC21000830,2021-03-08 03:00:00.0000000,Male,Black,18,NULL,NULL,NULL,NULL,,0,NULL,,0
,21774207810,FC21000830,2021-03-08 03:00:00.0000000,Female,White,20,NULL,NULL,NULL,Hispanic Origin,,0,MA,Class D,0
,21774208267,FC21000830,2021-03-08 03:00:00.0000000,Male,Black,18,NULL,NULL,NULL,Not of Hispanic Origin,,0,NULL,,0
,21774882057,FC21000831,2021-03-08 10:00:00.0000000,Male,Black,20,NULL,NULL,NULL,Not of Hispanic Origin,,0,NULL,,1
,21774882757,FC21000831,2021-03-08 10:00:00.0000000,Unknown,Unknown,19,NULL,NULL,NULL,NULL,,0,NULL,,1
,21775886880,FC21000832,2021-03-08 15:00:00.0000000,Male,Black,25,Heavy,NULL,NULL,Not of Hispanic Origin,,0,MA,,0
,21775935448,FC21000833,2021-03-08 15:10:00.0000000,Male,Black,25,Heavy,NULL,NULL,Not of Hispanic Origin,,0,MA,,0
,21775929483,FC21000834,2021-03-08 15:15:00.0000000,Male,Black,22,Thin,NULL,NULL,Not of Hispanic Origin,,0,MA,,0
,21776198860,FC21000835,2021-03-08 15:30:00.0000000,Unknown,NULL,NULL,NULL,NULL,NULL,NULL,,0,NULL,,0
,21784141820,FC21000836,2021-03-08 17:10:00.0000000,Male,Black,23,Thin,NULL,NULL,Hispanic Origin,,0,MA,,1
,24025819090,FC21000715,2021-05-14 22:30:00.0000000,Male,White,44,Medium,NULL,NULL,Not of Hispanic Origin,,0,MA,Class D,0
,21784200948,FC21000836,2021-03-08 17:10:00.0000000,Male,White,22,Medium,NULL,NULL,Hispanic Origin,,0,MA,,1
,21784266052,FC21000836,2021-03-08 17:10:00.0000000,Male,Black,22,NULL,NULL,NULL,Hispanic Origin,,0,MA,ID Only - Never had Personal Driver License,1
,21788508131,FC21000837,2021-03-08 20:20:00.0000000,Male,Black,27,Medium,Short,Medium Brown,Not of Hispanic Origin,,0,MA,,0
,21792125622,FC21000838,2021-03-08 20:40:00.0000000,Female,White,38,Medium,NULL,NULL,Not of Hispanic Origin,,0,MA,,0
,21796177462,FC21000839,2021-03-08 17:00:00.0000000,Male,White,20,Thin,NULL,Light,Hispanic Origin,,0,NULL,,1
,21796391802,FC21000839,2021-03-08 17:00:00.0000000,Male,White,22,NULL,NULL,NULL,Hispanic Origin,,0,NULL,,0
,21796409241,FC21000839,2021-03-08 17:00:00.0000000,Male,White,28,NULL,NULL,NULL,Hispanic Origin,,0,NULL,,1
,21796415752,FC21000839,2021-03-08 17:00:00.0000000,Male,White,21,NULL,NULL,NULL,Hispanic Origin,,0,NULL,,0
,21796402444,FC21000840,2021-03-08 21:26:00.0000000,Male,White,22,NULL,NULL,NULL,Hispanic Origin,,0,MA,Class D,1
,21796402507,FC21000840,2021-03-08 21:26:00.0000000,Female,Unknown,19,NULL,NULL,NULL,NULL,,0,NULL,,0
,21796402588,FC21000840,2021-03-08 21:26:00.0000000,Male,White,23,Medium,Braided,Light,Hispanic Origin,,0,MA,,1
,21796402826,FC21000840,2021-03-08 21:26:00.0000000,Male,White,20,NULL,NULL,NULL,Hispanic Origin,,0,MA,,1
,21796647056,FC21000841,2021-03-08 22:55:00.0000000,Male,Black,30,NULL,NULL,NULL,Not of Hispanic Origin,,0,RI,,0
,21796671758,FC21000842,2021-03-08 18:00:00.0000000,Male,Black,52,Thin,Bald or Balding,Dark,Not of Hispanic Origin,,0,MA,,0
,21797707339,FC21000843,2021-03-08 22:33:00.0000000,Male,White,34,Thin,NULL,NULL,Not of Hispanic Origin,,0,MA,,1
,21797707727,FC21000843,2021-03-08 22:33:00.0000000,Female,White,31,Thin,NULL,NULL,Not of Hispanic Origin,,0,MA,,0
,21797812511,FC21000844,2021-03-09 01:03:00.0000000,Male,White,25,Thin,Braided,Light,Hispanic Origin,,0,MA,Class D,0
,21797936052,FC21000846,2021-03-09 02:20:00.0000000,Male,White,49,NULL,NULL,NULL,Not of Hispanic Origin,,0,MA,,1
,21797982655,FC21000847,2021-03-09 02:47:00.0000000,Male,White,43,Thin,NULL,NULL,Not of Hispanic Origin,,0,MA,Class D,0
,21797988482,FC21000848,2021-03-09 01:36:00.0000000,Male,White,29,Thin,NULL,NULL,Hispanic Origin,,0,MA,,0
,21798625853,FC21000850,2021-03-07 13:50:00.0000000,Female,White,43,Thin,NULL,NULL,Not of Hispanic Origin,,0,MA,,NULL
,21798629969,FC21000850,2021-03-07 13:50:00.0000000,Male,White,36,Medium,Crew Cut,Medium,Not of Hispanic Origin,,0,MA,Class D,1
,21798822102,FC21000852,2021-03-09 09:33:00.0000000,Male,Black,33,NULL,Short,Medium Brown,NULL,,0,MA,,0
,21798823125,FC21000852,2021-03-09 09:33:00.0000000,Male,Black,46,Medium,NULL,Dark Brown,Unknown,,0,MA,Class D,0
,21798864011,FC21000853,2021-03-08 16:37:00.0000000,Male,White,38,Medium,Short,Light,Hispanic Origin,,0,MA,,0
,21799368837,FC21000854,2021-03-09 12:30:00.0000000,Male,Black,24,Thin,Short,Dark,Not of Hispanic Origin,,0,MA,,0
,21799371168,FC21000854,2021-03-09 12:30:00.0000000,Male,Black,28,Thin,NULL,NULL,Not of Hispanic Origin,,0,MA,Instruction Permit,0
,21799665337,FC21000855,2021-03-09 14:00:00.0000000,Male,Black,22,Thin,Dreadlocks,Medium Brown,NULL,,0,MA,Class D,0
,21799666311,FC21000855,2021-03-09 14:00:00.0000000,Male,Black,26,Thin,Short,Medium Brown,Not of Hispanic Origin,,0,MA,,0
,21799733047,FC21000856,2021-03-09 09:45:00.0000000,Male,Black,28,Thin,NULL,NULL,Not of Hispanic Origin,,0,MA,,0
,21800017339,FC21000857,2021-03-09 13:13:00.0000000,Male,Black,0,NULL,NULL,NULL,Unknown,,0,MA,Class D,1
,21800019141,FC21000857,2021-03-09 13:13:00.0000000,Male,Black,20,Thin,Short,Medium,Not of Hispanic Origin,,0,MA,ID Only - Never had Personal Driver License,NULL
,21800029140,FC21000857,2021-03-09 13:13:00.0000000,Male,Black,21,NULL,NULL,NULL,NULL,,0,MA,,NULL
,21800057422,FC21000858,2021-03-09 14:40:00.0000000,Male,Black,18,Medium,NULL,Dark Brown,Not of Hispanic Origin,,0,MA,ID Only - Never had Personal Driver License,1
,21800063217,FC21000858,2021-03-09 14:40:00.0000000,Male,Black,20,NULL,NULL,NULL,Not of Hispanic Origin,,0,NULL,,1
,21800064920,FC21000858,2021-03-09 14:40:00.0000000,Male,Black,20,NULL,NULL,NULL,Unknown,,0,MA,"ID - Had a License, now has ID",1
,21800232937,FC21000859,2021-03-09 16:20:00.0000000,Male,Black,40,NULL,NULL,NULL,Not of Hispanic Origin,,0,MA,Class D,1
,21800294751,FC21000860,2021-03-09 16:34:00.0000000,Male,Black,51,Medium,NULL,NULL,Hispanic Origin,,0,MA,,0
,21800342464,FC21000861,2021-03-09 16:30:00.0000000,Male,Black,32,Thin,Curly,Medium Brown,NULL,,0,MA,,0
,21800364964,FC21000862,2021-03-09 16:53:00.0000000,Male,Black,19,Medium,NULL,NULL,Not of Hispanic Origin,,0,MA,,1
,21800365653,FC21000862,2021-03-09 16:53:00.0000000,Male,White,20,Medium,NULL,NULL,Hispanic Origin,,0,MA,,0
,21800993905,FC21000863,2021-03-09 18:25:00.0000000,Male,Black,23,Medium,NULL,NULL,Not of Hispanic Origin,,0,MA,,0
,21800995002,FC21000863,2021-03-09 18:25:00.0000000,Male,White,19,Medium,NULL,NULL,Hispanic Origin,,0,MA,,0
,21800996105,FC21000863,2021-03-09 18:25:00.0000000,Male,Black,25,Muscular,NULL,NULL,Hispanic Origin,,0,MA,,0
,21800874245,FC21000864,2021-03-09 18:13:00.0000000,Male,Unknown,24,NULL,NULL,NULL,Unknown,,0,CA,"ID - Had a License, now has ID",0
,21800966192,FC21000865,2021-03-09 20:18:00.0000000,Male,Black,19,Thin,Short,Dark,Not of Hispanic Origin,,0,MA,,1
,21800968383,FC21000865,2021-03-09 20:18:00.0000000,Male,Black,18,Heavy,NULL,NULL,Not of Hispanic Origin,,0,MA,,1
,21801081377,FC21000867,2021-03-09 18:50:00.0000000,Male,Black,29,Thin,NULL,NULL,Not of Hispanic Origin,,0,MA,,0
,21801079482,FC21000868,2021-03-09 18:31:00.0000000,Female,White,39,Medium,Straight,NULL,Not of Hispanic Origin,,0,MA,,NULL
,21801079482,FC21000868,2021-03-09 18:31:00.0000000,Female,White,39,Medium,Straight,NULL,Not of Hispanic Origin,,0,MA,,0
,21801079496,FC21000868,2021-03-09 18:31:00.0000000,Male,Other,39,NULL,NULL,NULL,Unknown,,0,NULL,,NULL
,21801384941,FC21000869,2021-03-09 23:05:00.0000000,Male,Black,24,Thin,Short,Light,Not of Hispanic Origin,,0,MA,Class D,0
,21801386179,FC21000869,2021-03-09 23:05:00.0000000,Male,Black,28,Medium,NULL,NULL,Not of Hispanic Origin,,0,MA,,0
,21801876523,FC21000870,2021-03-10 02:30:00.0000000,Male,White,38,Medium,NULL,NULL,NULL,,0,MA,,0
,21801905544,FC21000871,2021-03-10 03:15:00.0000000,Male,Black,29,Medium,NULL,Medium Brown,Not of Hispanic Origin,,0,MA,Class D,0
,21801909849,FC21000871,2021-03-10 03:15:00.0000000,Male,White,34,NULL,NULL,NULL,Not of Hispanic Origin,,0,MA,Class D,0
,21802525120,FC21000873,2021-03-10 09:15:00.0000000,Male,Black,28,Thin,Braided,Medium,Hispanic Origin,,0,MA,,0
,21803370294,FC21000874,2021-03-10 11:53:00.0000000,Male,White,39,Medium,NULL,NULL,Not of Hispanic Origin,,0,MA,,0
,21803390067,FC21000874,2021-03-10 11:53:00.0000000,Male,Black,49,NULL,NULL,NULL,Hispanic Origin,,0,MA,,NULL
,21803390067,FC21000874,2021-03-10 11:53:00.0000000,Male,Black,49,NULL,NULL,NULL,Hispanic Origin,,0,MA,,0
,21803375480,FC21000875,2021-03-10 12:10:00.0000000,Male,White,28,Thin,Short,Light,Not of Hispanic Origin,,0,MA,,0
,21803450618,FC21000876,2021-03-10 12:44:00.0000000,Male,White,39,NULL,NULL,NULL,Not of Hispanic Origin,,0,MA,Class D,0
,21803887830,FC21000877,2021-03-10 13:07:00.0000000,Male,Black,39,NULL,NULL,NULL,Unknown,,0,NULL,,0
,21807626459,FC21000877,2021-03-10 13:07:00.0000000,Male,White,NULL,NULL,NULL,NULL,NULL,,0,NULL,,NULL
,21804184274,FC21000878,2021-03-10 00:00:00.0000000,Male,White,34,Medium,NULL,NULL,Not of Hispanic Origin,,0,MA,,0
,21804774456,FC21000880,2021-03-10 17:48:00.0000000,Female,Black,39,NULL,NULL,NULL,NULL,,0,MA,ID Only - Never had Personal Driver License,0
,21804845707,FC21000881,2021-03-10 05:20:00.0000000,Male,Black,20,Thin,Dreadlocks,Medium Brown,NULL,,0,MA,,1
,21804848993,FC21000881,2021-03-10 05:20:00.0000000,Male,Black,17,NULL,NULL,NULL,NULL,,0,NULL,,1
,21804853656,FC21000881,2021-03-10 05:20:00.0000000,Male,Black,18,NULL,NULL,NULL,NULL,,0,NULL,,1
,21804892770,FC21000882,2021-03-10 20:32:00.0000000,Male,Black,34,NULL,NULL,NULL,Not of Hispanic Origin,,0,MA,Class D,1
,21804896443,FC21000882,2021-03-10 20:32:00.0000000,Male,Black,33,Thin,Dreadlocks,Dark Brown,Not of Hispanic Origin,,0,MA,No License - Record Only,1
,21804897120,FC21000882,2021-03-10 20:32:00.0000000,Male,Black,32,Medium,NULL,NULL,Not of Hispanic Origin,,0,MA,,1
,21804898088,FC21000882,2021-03-10 20:32:00.0000000,Male,Black,40,Heavy,NULL,NULL,Hispanic Origin,,0,MA,,1
,21805097875,FC21000883,2021-03-10 21:43:00.0000000,Male,Black,21,Thin,NULL,NULL,Not of Hispanic Origin,,0,MA,,0
,21805097875,FC21000883,2021-03-10 21:43:00.0000000,Male,Black,21,Thin,NULL,NULL,Not of Hispanic Origin,,0,MA,,NULL
,21805097977,FC21000883,2021-03-10 21:43:00.0000000,Female,Black,39,NULL,NULL,NULL,Not of Hispanic Origin,,0,NULL,,NULL
,21805118392,FC21000884,2021-03-10 20:56:00.0000000,Male,Black,25,Thin,NULL,NULL,Not of Hispanic Origin,,0,MA,Class D,NULL
,21805118392,FC21000884,2021-03-10 20:56:00.0000000,Male,Black,25,Thin,NULL,NULL,Not of Hispanic Origin,,0,MA,Class D,0
,21805119350,FC21000884,2021-03-10 20:56:00.0000000,Male,Black,25,Thin,Short,Medium Brown,NULL,,0,MA,,NULL
,21805119350,FC21000884,2021-03-10 20:56:00.0000000,Male,Black,25,Thin,Short,Medium Brown,NULL,,0,MA,,0
,21805119456,FC21000884,2021-03-10 20:56:00.0000000,Male,Black,24,Medium,Short,Dark Brown,Not of Hispanic Origin,,0,MA,,NULL
,21805119456,FC21000884,2021-03-10 20:56:00.0000000,Male,Black,24,Medium,Short,Dark Brown,Not of Hispanic Origin,,0,MA,,NULL
,21805223935,FC21000885,2021-03-10 22:58:00.0000000,Male,Black,32,Thin,Curly,Medium Brown,NULL,,0,MA,,0
,21805262024,FC21000886,2021-03-10 21:29:00.0000000,Female,Black,28,Thin,Unkempt,Light,Hispanic Origin,,0,MA,Class D,1
,21805262590,FC21000886,2021-03-10 21:29:00.0000000,Male,Black,51,Medium,NULL,NULL,Hispanic Origin,,0,MA,,0
,21806609351,FC21000888,2021-03-11 10:42:00.0000000,Male,White,36,Medium,NULL,NULL,Hispanic Origin,,0,MA,"ID - Had a License, now has ID",1
,21807155643,FC21000889,2021-03-11 09:55:00.0000000,Male,White,58,Medium,NULL,Light,NULL,,0,MA,,1
,21807565688,FC21000890,2021-03-11 12:08:00.0000000,Male,Black,21,Medium,Braided,Medium,Not of Hispanic Origin,,0,MA,,1
,21807702160,FC21000891,2021-03-09 15:03:00.0000000,Male,Black,28,Medium,Short,Medium Brown,NULL,,0,MA,,1
,21808439150,FC21000892,2021-03-11 17:24:00.0000000,Male,White,65,Medium,NULL,NULL,Hispanic Origin,,0,MA,Class D,0
,21809021626,FC21000893,2021-03-11 00:00:00.0000000,Male,White,22,Medium,NULL,NULL,Hispanic Origin,,0,MA,,1
,21809093533,FC21000894,2021-03-11 17:55:00.0000000,Male,Black,31,Thin,NULL,NULL,Not of Hispanic Origin,,0,MA,,1
,21809100930,FC21000894,2021-03-11 17:55:00.0000000,Male,Black,34,Medium,NULL,NULL,Not of Hispanic Origin,,0,MA,,1
,21809482668,FC21000895,2021-03-12 01:15:00.0000000,Male,Black,25,Thin,Short,Dark,Not of Hispanic Origin,,0,MA,Class D,0
,21814439198,FC21000896,2021-03-12 02:45:00.0000000,Male,Black,25,Thin,NULL,NULL,Not of Hispanic Origin,,0,MA,Class D,0
,21814499718,FC21000896,2021-03-12 02:45:00.0000000,Female,Black,23,Heavy,NULL,NULL,Not of Hispanic Origin,,0,MA,ID Only - Never had Personal Driver License,0
,21814596331,FC21000896,2021-03-12 02:45:00.0000000,Male,Black,25,NULL,NULL,NULL,Not of Hispanic Origin,,0,MA,Class D,0
,21818081725,FC21000897,2021-03-12 02:28:00.0000000,Male,Black,32,NULL,NULL,NULL,Unknown,,0,MA,,0
,21818191958,FC21000897,2021-03-12 02:28:00.0000000,Female,Other,21,NULL,NULL,NULL,Unknown,,0,MA,Class D,0
,21824145831,FC21000898,2021-03-05 03:39:00.0000000,Male,Black,27,Medium,NULL,NULL,Hispanic Origin,,0,MA,,1
,21824237226,FC21000898,2021-03-05 03:39:00.0000000,Male,White,22,Stocky,Wavy,Medium,NULL,,0,MA,,1
,21845553638,FC21000900,2021-03-09 22:19:00.0000000,Male,Black,54,Stocky,NULL,NULL,Not of Hispanic Origin,,0,MA,,NULL
,21845562724,FC21000900,2021-03-09 22:19:00.0000000,Male,Black,22,NULL,NULL,NULL,Hispanic Origin,,0,MD,Class D,1
,21845566951,FC21000900,2021-03-09 22:19:00.0000000,Male,Black,31,NULL,NULL,NULL,Not of Hispanic Origin,,0,MA,Class D,1
,21845571416,FC21000900,2021-03-09 22:19:00.0000000,Male,Unknown,20,NULL,NULL,NULL,NULL,,0,MA,Class D,1
,21845576012,FC21000900,2021-03-09 22:19:00.0000000,Male,Black,52,Medium,NULL,NULL,Not of Hispanic Origin,,0,MA,,NULL
,21845986181,FC21000901,2021-03-11 22:35:00.0000000,Male,Black,28,Medium,NULL,NULL,Not of Hispanic Origin,,0,MA,,0
,21846096907,FC21000901,2021-03-11 22:35:00.0000000,Female,Black,28,Thin,NULL,NULL,Not of Hispanic Origin,,0,MA,,0
,21846683414,FC21000902,2021-03-10 18:21:00.0000000,Male,White,29,Medium,NULL,NULL,Hispanic Origin,,0,MA,Class D,0
,21846713347,FC21000902,2021-03-10 18:21:00.0000000,Male,White,22,Medium,NULL,NULL,Hispanic Origin,,0,MA,,0
,21846748679,FC21000902,2021-03-10 18:21:00.0000000,Male,White,25,Medium,NULL,NULL,Hispanic Origin,,0,MA,,0
,21846969455,FC21000902,2021-03-10 18:21:00.0000000,Male,Unknown,21,NULL,NULL,NULL,Hispanic Origin,,0,MA,Class D,0
,21847455840,FC21000903,2021-03-10 20:00:00.0000000,Male,Black,20,NULL,NULL,NULL,Not of Hispanic Origin,,0,NULL,,1
,21847609243,FC21000904,2021-03-10 16:30:00.0000000,Male,Black,34,Medium,NULL,NULL,Hispanic Origin,,0,MA,,0
,21847653737,FC21000904,2021-03-10 16:30:00.0000000,Male,Black,18,NULL,NULL,NULL,Not of Hispanic Origin,,0,NULL,,0
,21847700861,FC21000904,2021-03-10 16:30:00.0000000,Male,Black,27,Thin,NULL,NULL,Hispanic Origin,,0,MA,,0
,21849151843,FC21000905,2021-03-12 12:10:00.0000000,Male,White,29,NULL,NULL,NULL,Not of Hispanic Origin,,0,MA,,0
,21849884335,FC21000906,2021-03-12 14:50:00.0000000,Male,White,54,NULL,NULL,NULL,Not of Hispanic Origin,,0,MA,Class D,0
,21849944836,FC21000907,2021-03-12 15:30:00.0000000,Male,Black,51,Thin,Curly,Medium,Not of Hispanic Origin,,0,MA,None,1
,21849944929,FC21000907,2021-03-12 15:30:00.0000000,Male,Black,25,NULL,NULL,NULL,Not of Hispanic Origin,,0,NULL,,1
,21849952344,FC21000907,2021-03-12 15:30:00.0000000,Male,White,55,Medium,NULL,NULL,Not of Hispanic Origin,,0,MA,,0
,21850015476,FC21000908,2021-03-12 15:00:00.0000000,Male,Black,18,Medium,NULL,Dark Brown,Not of Hispanic Origin,,0,MA,ID Only - Never had Personal Driver License,0
,21850017108,FC21000908,2021-03-12 15:00:00.0000000,Male,Black,20,Thin,Short,Medium,NULL,,0,MA,,0
,21850020345,FC21000908,2021-03-12 15:00:00.0000000,Male,Black,20,Thin,Afro,Medium Brown,NULL,,0,MA,Class D,0
,21850022296,FC21000908,2021-03-12 15:00:00.0000000,Male,Black,18,Medium,NULL,NULL,Not of Hispanic Origin,,0,MA,,0
,21850393222,FC21000909,2021-03-12 18:00:00.0000000,Male,Black,24,Medium,NULL,NULL,Not of Hispanic Origin,,0,MA,Class D,0
,21850397934,FC21000909,2021-03-12 18:00:00.0000000,Male,Black,22,Medium,NULL,NULL,Not of Hispanic Origin,,0,MA,,0
,21850400226,FC21000909,2021-03-12 18:00:00.0000000,Male,NULL,22,NULL,NULL,NULL,NULL,,0,NULL,,0
,21850578341,FC21000910,2021-03-12 18:53:00.0000000,Male,Black,27,NULL,NULL,NULL,Unknown,,0,MA,Class D,1
,21850581482,FC21000910,2021-03-12 18:53:00.0000000,Male,Black,24,NULL,NULL,NULL,Not of Hispanic Origin,,0,NULL,,1
,21850910185,FC21000911,2021-03-12 20:13:00.0000000,Male,Black,21,NULL,NULL,NULL,Unknown,,0,MA,Class D,0
,21851169250,FC21000912,2021-03-12 19:50:00.0000000,Male,White,37,Medium,Other,Light,Not of Hispanic Origin,,0,MA,,0
,21851195845,FC21000912,2021-03-12 19:50:00.0000000,Male,Black,41,Medium,Short,Dark Brown,Not of Hispanic Origin,,0,MA,,0
,21851785210,FC21000913,2021-03-12 19:00:00.0000000,Male,Black,36,Thin,NULL,Medium,Not of Hispanic Origin,,0,GA,,0
,21851789207,FC21000913,2021-03-12 19:00:00.0000000,Female,White,42,NULL,NULL,NULL,Not of Hispanic Origin,,0,NULL,,0
,21854350529,FC21000914,2021-03-12 17:00:00.0000000,Male,Black,33,Medium,NULL,NULL,Not of Hispanic Origin,,0,MA,,1
,21855584925,FC21000915,2021-03-12 22:50:00.0000000,Male,Black,24,Thin,NULL,NULL,Not of Hispanic Origin,,0,MA,,1
,21856734325,FC21000916,2021-03-12 22:23:00.0000000,Female,Unknown,26,NULL,NULL,NULL,NULL,,0,NULL,,0
,21856793507,FC21000916,2021-03-12 22:23:00.0000000,Male,Black,24,Medium,NULL,Medium Brown,NULL,,0,MA,,NULL
,21861352453,FC21000917,2021-03-13 01:00:00.0000000,Male,Black,22,Medium,NULL,NULL,Hispanic Origin,,0,MA,,0
,21861353142,FC21000917,2021-03-13 01:00:00.0000000,Male,Black,25,Heavy,NULL,Dark Brown,NULL,,0,MA,"ID - Had a License, now has ID",NULL
,21868048602,FC21000918,2021-03-13 00:57:00.0000000,Male,Black,30,Medium,NULL,NULL,Not of Hispanic Origin,,0,MA,,1
,21868051050,FC21000918,2021-03-13 00:57:00.0000000,Male,Black,26,Medium,Short,NULL,NULL,,0,MA,,1
,21868053948,FC21000918,2021-03-13 00:57:00.0000000,Male,Black,25,Medium,Dreadlocks,Medium Brown,NULL,,0,MA,,1
,21868557845,FC21000919,2021-03-13 03:33:00.0000000,Male,Black,49,Medium,NULL,NULL,Not of Hispanic Origin,,0,MA,,1
,21869436717,FC21000920,2021-03-13 02:42:00.0000000,Male,Black,35,Thin,NULL,NULL,Not of Hispanic Origin,,0,MA,,0
,21870273325,FC21000921,2021-03-12 17:49:00.0000000,Male,Unknown,53,NULL,NULL,NULL,Hispanic Origin,,0,MA,Class D,0
,21870744104,FC21000922,2021-03-12 18:24:00.0000000,Male,White,39,Medium,Bald or Balding,Light Brown,Hispanic Origin,,0,MA,ID Only - Never had Personal Driver License,0
,21872188681,FC21000924,2021-03-12 12:20:00.0000000,Male,NULL,61,NULL,NULL,NULL,NULL,,0,NULL,,0
,21872207374,FC21000925,2021-03-12 21:49:00.0000000,Male,Black,16,NULL,NULL,NULL,Unknown,,0,NULL,,1
,21872209114,FC21000925,2021-03-12 21:49:00.0000000,Female,Black,34,NULL,NULL,NULL,Not of Hispanic Origin,,0,MA,ID Only - Never had Personal Driver License,NULL
,21872227497,FC21000925,2021-03-12 21:49:00.0000000,Male,Black,24,Thin,Corn Rows,Light,NULL,,0,MA,,NULL
,21872665084,FC21000926,2021-03-13 00:00:00.0000000,Male,Black,29,Thin,NULL,NULL,Not of Hispanic Origin,,0,MA,Class D,1
,21873343924,FC21000927,2021-03-13 12:50:00.0000000,Male,White,33,NULL,NULL,NULL,Unknown,,0,NULL,,0
,21875817088,FC21000928,2021-03-13 14:24:00.0000000,Male,Black,22,Medium,Short,Medium Brown,Not of Hispanic Origin,,0,MA,,0
,21880144916,FC21000929,2021-03-13 17:35:00.0000000,Male,White,26,NULL,NULL,NULL,Hispanic Origin,,0,NULL,,NULL
,21880144916,FC21000929,2021-03-13 17:35:00.0000000,Male,White,26,NULL,NULL,NULL,Hispanic Origin,,0,NULL,,0
,21880185670,FC21000930,2021-03-13 17:15:00.0000000,Male,Black,34,Medium,NULL,Light Brown,NULL,,0,MA,ID Only - Never had Personal Driver License,1
,21884270380,FC21000930,2021-03-13 17:15:00.0000000,Female,White,41,NULL,NULL,NULL,Not of Hispanic Origin,,0,MA,,0
,21880509278,FC21000931,2021-03-13 16:45:00.0000000,Female,White,50,Heavy,Short,Medium,Not of Hispanic Origin,,0,MA,,0
,21881408424,FC21000932,2021-03-13 16:00:00.0000000,Male,White,41,Thin,Short,Light,NULL,,0,MA,,1
,21881692798,FC21000933,2021-03-13 16:15:00.0000000,Male,Black,46,NULL,NULL,NULL,NULL,,0,NULL,,0
,21883061543,FC21000934,2021-03-13 19:00:00.0000000,Male,Black,46,Medium,NULL,NULL,Not of Hispanic Origin,,0,MA,Class D,0
,21884221411,FC21000935,2021-03-12 17:45:00.0000000,Male,Black,35,Medium,NULL,NULL,Hispanic Origin,,0,MA,,0
,21884498143,FC21000936,2021-03-13 18:31:00.0000000,Male,Black,37,Stocky,NULL,NULL,Hispanic Origin,,0,MA,Class D,1
,21884542453,FC21000937,2021-03-13 21:30:00.0000000,Male,Black,37,Medium,NULL,NULL,Not of Hispanic Origin,,0,MA,,1
,21884549019,FC21000938,2021-03-13 21:54:00.0000000,Male,White,35,Thin,NULL,NULL,Not of Hispanic Origin,,0,MA,,0
,21884725379,FC21000939,2021-03-13 19:00:00.0000000,Male,Black,24,NULL,NULL,NULL,Unknown,,0,MA,Class D,0
,21885226676,FC21000940,2021-03-13 10:36:00.0000000,Male,Black,23,Medium,Dreadlocks,Medium Brown,Not of Hispanic Origin,,0,MA,Personal Driver License,0
,21885431730,FC21000941,2021-03-13 22:01:00.0000000,Male,Black,22,Heavy,Braided,Dark,NULL,,0,MA,,0
,21890512097,FC21000942,2021-03-14 08:01:00.0000000,Male,Black,30,Stocky,NULL,NULL,Not of Hispanic Origin,,0,MA,,NULL
,21890515990,FC21000942,2021-03-14 08:01:00.0000000,Male,Black,22,Medium,Braided,Medium Brown,Not of Hispanic Origin,,0,MA,Class D,0
,21890978460,FC21000943,2021-03-14 13:25:00.0000000,Male,Black,26,Thin,Braided,Medium Brown,Not of Hispanic Origin,,0,MA,,0
,21890979058,FC21000943,2021-03-14 13:25:00.0000000,Female,Black,28,Thin,NULL,NULL,Not of Hispanic Origin,,0,MA,"ID - Had a License, now has ID",0
,21890979760,FC21000943,2021-03-14 13:25:00.0000000,Male,Black,29,Thin,NULL,NULL,Not of Hispanic Origin,,0,MA,Class D,0
,21891149037,FC21000944,2021-03-13 12:35:00.0000000,Male,White,32,NULL,NULL,NULL,Not of Hispanic Origin,,0,NULL,,0
,21891330432,FC21000945,2021-03-14 15:30:00.0000000,Male,Black,29,Medium,Short,NULL,Hispanic Origin,,0,MA,,0
,21891332494,FC21000945,2021-03-14 15:30:00.0000000,Male,White,18,NULL,NULL,NULL,Hispanic Origin,,0,NULL,,0
,21891396153,FC21000946,2021-03-12 17:34:00.0000000,Male,Black,24,Thin,NULL,NULL,Not of Hispanic Origin,,0,MA,Class D,0
,21891567007,FC21000947,2021-03-14 15:27:00.0000000,Female,Black,26,Medium,Corn Rows,Dark Brown,NULL,,0,MA,,NULL
,21891567007,FC21000947,2021-03-14 15:27:00.0000000,Female,Black,26,Medium,Corn Rows,Dark Brown,NULL,,0,MA,,1
,21891626163,FC21000948,2021-03-14 14:52:00.0000000,Female,White,25,NULL,NULL,NULL,Not of Hispanic Origin,,0,NULL,,NULL
,21891626776,FC21000948,2021-03-14 14:52:00.0000000,Male,White,38,Thin,Curly,NULL,Unknown,,0,MA,Class D,0
,21891855192,FC21000949,2021-03-14 19:50:00.0000000,Male,Black,34,Thin,NULL,NULL,Not of Hispanic Origin,,0,MA,,0
,21891966842,FC21000950,2021-03-14 20:00:00.0000000,Female,Black,33,Medium,Straight,Medium Brown,Not of Hispanic Origin,,0,MA,ID Only - Never had Personal Driver License,0
,21892112561,FC21000951,2021-03-14 20:00:00.0000000,Male,Black,44,Thin,NULL,NULL,Not of Hispanic Origin,,0,MA,,1
,21892195488,FC21000952,2021-03-13 17:38:00.0000000,Male,White,38,NULL,NULL,NULL,Not of Hispanic Origin,,0,MA,CDL Class A,0
,21892340296,FC21000953,2021-03-14 23:00:00.0000000,Male,White,59,NULL,NULL,NULL,Not of Hispanic Origin,,0,MA,,NULL
,21892340296,FC21000953,2021-03-14 23:00:00.0000000,Male,White,59,NULL,NULL,NULL,Not of Hispanic Origin,,0,MA,,1
,21892496174,FC21000954,2021-03-15 01:30:00.0000000,Male,Black,36,NULL,NULL,NULL,Hispanic Origin,,0,NULL,,1
,21892533704,FC21000954,2021-03-15 01:30:00.0000000,Male,White,48,NULL,NULL,NULL,Not of Hispanic Origin,,0,NULL,,NULL
,21892701002,FC21000955,2021-03-12 23:33:00.0000000,Male,Unknown,35,NULL,NULL,NULL,Hispanic Origin,,0,MA,Class D,1
,21893333975,FC21000956,2021-03-14 08:50:00.0000000,Male,Black,64,Medium,Curly,Medium Brown,Not of Hispanic Origin,,0,MA,,0
,21894238523,FC21000958,2021-03-15 13:45:00.0000000,Male,Black,24,Heavy,Short,Light Brown,NULL,,0,MA,,1
,21894252503,FC21000958,2021-03-15 13:45:00.0000000,Male,White,20,NULL,NULL,NULL,Hispanic Origin,,0,NULL,,1
,21894244697,FC21000959,2021-03-15 12:22:00.0000000,Male,Black,32,NULL,NULL,NULL,Unknown,,0,MA,No License - Record Only,1
,21894403095,FC21000960,2021-03-15 14:40:00.0000000,Male,Black,36,Medium,Short,Dark Brown,Not of Hispanic Origin,,0,MA,ID Only - Never had Personal Driver License,0
,21894837473,FC21000962,2021-03-14 19:38:00.0000000,Female,Black,NULL,NULL,NULL,NULL,Unknown,,0,NULL,,NULL
,21894839724,FC21000962,2021-03-14 19:38:00.0000000,Male,White,33,NULL,NULL,NULL,Not of Hispanic Origin,,0,MA,,0
,21894930666,FC21000963,2021-03-15 17:00:00.0000000,Male,Black,32,Medium,NULL,NULL,Not of Hispanic Origin,,0,MA,,0
,21895464346,FC21000964,2021-03-15 19:55:00.0000000,Male,Black,32,NULL,NULL,NULL,NULL,,0,NULL,,0
,21895478217,FC21000965,2021-03-15 19:13:00.0000000,Female,White,NULL,NULL,NULL,NULL,NULL,,0,NULL,,NULL
,21895479424,FC21000965,2021-03-15 19:13:00.0000000,Male,White,39,Medium,Bald or Balding,Light Brown,Hispanic Origin,,0,MA,ID Only - Never had Personal Driver License,0
,21895545965,FC21000966,2021-03-15 20:20:00.0000000,Male,Black,43,Thin,NULL,NULL,Not of Hispanic Origin,,0,MA,Other: had a license and was cancelled,0
,21895642360,FC21000967,2021-03-15 21:00:00.0000000,Male,Black,24,Thin,NULL,NULL,Not of Hispanic Origin,,0,MA,,0
,21895751293,FC21000968,2021-03-15 21:12:00.0000000,Male,Black,43,Medium,NULL,NULL,Not of Hispanic Origin,,0,MA,,0
,21895880136,FC21000969,2021-03-15 16:30:00.0000000,Male,White,41,NULL,NULL,NULL,Unknown,,0,NULL,,1
,21896161852,FC21000970,2021-03-16 01:07:00.0000000,Male,Other,NULL,NULL,NULL,NULL,Hispanic Origin,,0,NULL,,0
,21896192227,FC21000971,2021-03-16 00:15:00.0000000,Male,Black,44,Medium,NULL,NULL,Not of Hispanic Origin,,0,MA,,0
,21896238866,FC21000972,2021-03-16 00:37:00.0000000,Male,Black,46,Thin,Short,Medium,Not of Hispanic Origin,,0,MA,Personal Driver License,0
,21896240769,FC21000973,2021-03-16 01:00:00.0000000,Male,Black,32,Heavy,NULL,NULL,Not of Hispanic Origin,,0,MA,Class D,0
,21896254692,FC21000974,2021-03-16 01:30:00.0000000,Female,White,43,NULL,NULL,NULL,Not of Hispanic Origin,,0,MA,Class D,0
,21896255212,FC21000975,2021-03-16 00:53:00.0000000,Male,Black,43,Medium,NULL,NULL,Not of Hispanic Origin,,0,MA,,0
,21896283921,FC21000976,2021-03-16 00:59:00.0000000,Male,White,31,NULL,NULL,NULL,Unknown,,0,MA,Class D,0
,21896342595,FC21000977,2021-03-16 01:35:00.0000000,Male,Black,41,Medium,Bald or Balding,Dark Brown,Unknown,,0,MA,,1
,21897226539,FC21000978,2021-03-14 18:17:00.0000000,Male,Black,31,Medium,NULL,NULL,Not of Hispanic Origin,,0,MA,,0
,21897536704,FC21000979,2021-03-16 11:15:00.0000000,Female,White,41,Medium,NULL,NULL,Not of Hispanic Origin,,0,MA,,0
,21897537365,FC21000979,2021-03-16 11:15:00.0000000,Female,White,40,NULL,NULL,NULL,Unknown,,0,MA,Class D,0
,21897999598,FC21000980,2021-03-16 12:12:00.0000000,Male,Black,22,Thin,Dreadlocks,Dark,Not of Hispanic Origin,,0,MA,,0
,21898536662,FC21000981,2021-03-16 15:12:00.0000000,Female,White,37,Medium,NULL,NULL,Not of Hispanic Origin,,0,MA,,0
,21898558604,FC21000982,2021-03-16 14:19:00.0000000,Male,White,38,Thin,Short,Light Brown,Hispanic Origin,,0,MA,,0
,21906700151,FC21000983,2021-03-12 18:48:00.0000000,Male,Black,60,Thin,NULL,NULL,Not of Hispanic Origin,,0,MA,,NULL
,21906870794,FC21000983,2021-03-12 18:48:00.0000000,Male,White,28,NULL,NULL,NULL,NULL,,0,NULL,,1
,21913176217,FC21000984,2021-03-16 15:33:00.0000000,Male,White,17,Thin,NULL,NULL,Hispanic Origin,,0,MA,,1
,21913176337,FC21000984,2021-03-16 15:33:00.0000000,Female,Black,17,NULL,NULL,NULL,Unknown,,0,NULL,,1
,21915280044,FC21000985,2021-03-16 18:18:00.0000000,Male,Unknown,52,NULL,NULL,NULL,NULL,,0,NULL,,0
,21919425624,FC21000986,2021-03-16 19:45:00.0000000,Female,Black,28,Medium,Short,Light Brown,Hispanic Origin,,0,MA,Class D,0
,21922178615,FC21000987,2021-03-16 21:00:00.0000000,Male,White,33,NULL,NULL,NULL,Not of Hispanic Origin,,0,NULL,,0
,21922362082,FC21000988,2021-03-16 22:42:00.0000000,Male,White,19,Medium,NULL,NULL,Not of Hispanic Origin,,0,NULL,,0
,21922419712,FC21000989,2021-03-16 23:00:00.0000000,Male,Black,30,Medium,Braided,Dark Brown,Not of Hispanic Origin,,0,MA,Other: suspended,1
,21922420557,FC21000989,2021-03-16 23:00:00.0000000,Male,White,33,Medium,NULL,NULL,Hispanic Origin,,0,MA,,1
,21922726630,FC21000990,2021-03-17 00:15:00.0000000,Male,Black,20,Thin,Afro,Medium Brown,NULL,,0,MA,Class D,1
,21922727138,FC21000990,2021-03-17 00:15:00.0000000,Male,Black,22,Stocky,Short,Dark Brown,Not of Hispanic Origin,,0,MA,ID Only - Never had Personal Driver License,1
,21922773606,FC21000991,2021-03-17 01:10:00.0000000,Male,NULL,25,NULL,NULL,NULL,NULL,,0,NULL,,1
,21922775085,FC21000991,2021-03-17 01:10:00.0000000,Male,Black,31,NULL,NULL,NULL,NULL,,0,NULL,,1
,21922777276,FC21000991,2021-03-17 01:10:00.0000000,Female,Black,58,NULL,NULL,NULL,NULL,,0,NULL,,0
,21922833053,FC21000992,2021-03-17 00:25:00.0000000,Male,Black,28,Thin,NULL,NULL,Not of Hispanic Origin,,0,MA,,1
,21922833711,FC21000992,2021-03-17 00:25:00.0000000,Male,Black,23,Medium,NULL,NULL,Not of Hispanic Origin,,0,MA,Other: M,1
,21923076145,FC21000993,2021-03-15 22:10:00.0000000,Male,Black,20,Thin,NULL,NULL,Not of Hispanic Origin,,0,MA,,1
,21923146239,FC21000994,2021-03-17 01:58:00.0000000,Male,Black,39,Medium,NULL,Medium Brown,Unknown,,0,MA,,1
,21923506543,FC21000995,2021-03-15 15:31:00.0000000,Male,Unknown,21,NULL,NULL,NULL,NULL,,0,NH,Class D,1
,21923512529,FC21000995,2021-03-15 15:31:00.0000000,Male,Unknown,21,NULL,NULL,NULL,NULL,,0,NH,Class D,1
,21923652042,FC21000996,2021-03-17 10:00:00.0000000,Male,Black,33,NULL,NULL,NULL,NULL,,0,NULL,,0
,21923738287,FC21000997,2021-03-17 10:24:00.0000000,Male,Black,23,NULL,NULL,NULL,Not of Hispanic Origin,,0,NULL,,0
,21924381073,FC21000999,2021-03-17 13:00:00.0000000,Male,Black,23,Medium,NULL,NULL,Not of Hispanic Origin,,0,MA,,1
,21924400811,FC21001000,2021-03-17 12:04:00.0000000,Male,Black,20,Thin,Afro,Medium Brown,NULL,,0,MA,Class D,0
,21924443706,FC21001001,2021-03-17 12:58:00.0000000,Male,Black,38,Unknown,NULL,NULL,Not of Hispanic Origin,,0,MA,,1
,21924580474,FC21001002,2021-03-17 14:20:00.0000000,Male,Black,34,Medium,Short,Dark,NULL,,0,MA,,0
,21924722187,FC21001003,2021-03-17 00:00:00.0000000,Male,Black,23,Thin,Short,NULL,Not of Hispanic Origin,,0,MA,ID Only - Never had Personal Driver License,0
,21924777576,FC21001004,2021-03-17 14:50:00.0000000,Male,Black,31,Thin,NULL,NULL,Not of Hispanic Origin,,0,MA,,0
,21925598608,FC21001005,2021-03-17 18:30:00.0000000,Male,Black,31,Thin,NULL,NULL,Not of Hispanic Origin,,0,MA,,0
,21925600313,FC21001005,2021-03-17 18:30:00.0000000,Female,Black,28,NULL,NULL,NULL,Not of Hispanic Origin,,0,MA,Class D,NULL
,21926039932,FC21001007,2021-03-17 21:30:00.0000000,Male,Black,29,Medium,NULL,NULL,Not of Hispanic Origin,,0,MA,,0
,21926139930,FC21001008,2021-03-15 20:16:00.0000000,Female,Black,40,Heavy,Short,Medium Brown,NULL,,0,MA,,0
,21926168143,FC21001009,2021-03-15 20:40:00.0000000,Female,White,35,Medium,NULL,NULL,Not of Hispanic Origin,,0,MA,,0
,21926175816,FC21001009,2021-03-15 20:40:00.0000000,Male,Black,68,NULL,NULL,NULL,Not of Hispanic Origin,,0,MA,,0
,21926193972,FC21001010,2021-03-17 00:00:00.0000000,Male,Black,47,Heavy,NULL,NULL,Not of Hispanic Origin,,0,MA,,0
,21926497919,FC21001011,2021-03-18 00:00:00.0000000,Male,Black,26,Heavy,NULL,NULL,Not of Hispanic Origin,,0,MA,,1
,21926501964,FC21001011,2021-03-18 00:00:00.0000000,Female,Black,26,NULL,NULL,NULL,NULL,,0,NULL,,1
,21926655129,FC21001013,2021-03-18 02:11:00.0000000,Female,Black,18,NULL,NULL,NULL,NULL,,0,MA,,1
,21926656809,FC21001013,2021-03-18 02:11:00.0000000,Male,Black,17,Thin,Short,Medium Brown,NULL,,0,MA,,1
,21926656817,FC21001013,2021-03-18 02:11:00.0000000,Female,Black,19,Thin,Short,Dark,NULL,,0,MA,,1
,21926656821,FC21001013,2021-03-18 02:11:00.0000000,Male,Black,20,NULL,NULL,NULL,Not of Hispanic Origin,,0,NULL,,1
,21926656839,FC21001013,2021-03-18 02:11:00.0000000,Male,Black,17,NULL,NULL,NULL,Not of Hispanic Origin,,0,MA,ID Only - Never had Personal Driver License,1
,21926725534,FC21001014,2021-03-18 01:05:00.0000000,Male,Black,24,Stocky,Bald or Balding,Light Brown,Not of Hispanic Origin,,0,MA,,1
,21926726812,FC21001014,2021-03-18 01:05:00.0000000,Male,Black,27,Medium,NULL,NULL,Not of Hispanic Origin,,0,MA,,1
,21926727830,FC21001014,2021-03-18 01:05:00.0000000,Male,Black,22,Thin,NULL,Medium Brown,Not of Hispanic Origin,,0,MA,,1
,21926738265,FC21001015,2021-03-18 03:00:00.0000000,Male,Black,27,Thin,NULL,NULL,Hispanic Origin,,0,MA,,0
,21928798195,FC21001016,2021-03-18 00:00:00.0000000,Male,White,44,Medium,Short,Light,Not of Hispanic Origin,,0,MA,,0
,21929798026,FC21001017,2021-03-18 19:15:00.0000000,Male,Black,15,NULL,NULL,NULL,NULL,,0,NULL,,0
,21930275259,FC21001018,2021-03-18 22:17:00.0000000,Male,Black,23,NULL,NULL,NULL,Not of Hispanic Origin,,0,MA,ID Only - Never had Personal Driver License,1
,21930290478,FC21001019,2021-03-18 20:45:00.0000000,Male,Black,31,Medium,NULL,NULL,Not of Hispanic Origin,,0,MA,,0
,21930809615,FC21001020,2021-03-09 00:28:00.0000000,Female,Black,42,Medium,Short,Dark,Unknown,,0,MA,Class D,NULL
,21930809615,FC21001020,2021-03-09 00:28:00.0000000,Female,Black,42,Medium,Short,Dark,Unknown,,0,MA,Class D,1
,21930811688,FC21001020,2021-03-09 00:28:00.0000000,Male,Black,50,NULL,NULL,NULL,NULL,,0,NULL,,1
,21930811688,FC21001020,2021-03-09 00:28:00.0000000,Male,Black,50,NULL,NULL,NULL,NULL,,0,NULL,,NULL
,21930722703,FC21001021,2021-03-19 01:45:00.0000000,Female,Black,21,Medium,NULL,NULL,Hispanic Origin,,0,MA,,1
,21930723066,FC21001021,2021-03-19 01:45:00.0000000,Male,Black,28,Medium,Short,Medium Brown,NULL,,0,MA,,1
,21930737332,FC21001022,2021-03-19 00:45:00.0000000,Male,White,26,NULL,NULL,NULL,Not of Hispanic Origin,,0,MA,Class D,0
,21930756245,FC21001023,2021-03-15 17:41:00.0000000,Male,Black,19,Thin,NULL,NULL,Not of Hispanic Origin,,0,MA,,1
,21930756640,FC21001023,2021-03-15 17:41:00.0000000,Male,Black,16,Medium,Afro,Dark Brown,Not of Hispanic Origin,,0,MA,,1
,21930757257,FC21001023,2021-03-15 17:41:00.0000000,Male,Black,18,Thin,Short,Medium Brown,Not of Hispanic Origin,,0,MA,ID Only - Never had Personal Driver License,1
,21930759589,FC21001023,2021-03-15 17:41:00.0000000,Male,Black,18,NULL,NULL,NULL,Unknown,,0,MA,ID Only - Never had Personal Driver License,1
,21930765867,FC21001023,2021-03-15 17:41:00.0000000,Female,Black,17,Thin,Straight,Medium Brown,NULL,,0,MA,,1
,21930766092,FC21001023,2021-03-15 17:41:00.0000000,Female,Black,15,NULL,NULL,NULL,NULL,,0,NULL,,1
,21930801691,FC21001023,2021-03-15 17:41:00.0000000,Female,Black,15,NULL,NULL,NULL,Not of Hispanic Origin,,0,NULL,,0
,21930777868,FC21001024,2021-03-19 03:19:00.0000000,Male,White,21,Thin,NULL,NULL,Hispanic Origin,,0,MA,,1
,21930779489,FC21001024,2021-03-19 03:19:00.0000000,Male,Black,24,Heavy,NULL,NULL,Not of Hispanic Origin,,0,MA,,1
,21931677669,FC21001025,2021-03-19 11:00:00.0000000,Male,Black,40,Medium,NULL,NULL,Not of Hispanic Origin,,0,MA,,0
,21931988123,FC21001026,2021-03-19 12:34:00.0000000,Male,White,29,Thin,NULL,NULL,Not of Hispanic Origin,,0,MA,,0
,21931993187,FC21001027,2021-03-19 12:08:00.0000000,Male,Black,23,NULL,NULL,NULL,Not of Hispanic Origin,,0,MA,Class D,1
,21934116460,FC21001028,2021-03-18 09:57:00.0000000,Male,Black,31,Muscular,Dreadlocks,Dark Brown,NULL,,0,MA,,1
,21935227414,FC21001029,2021-03-19 18:42:00.0000000,Female,White,59,NULL,NULL,NULL,Not of Hispanic Origin,,0,MA,"ID - Had a License, now has ID",0
,21935769010,FC21001030,2021-03-19 21:39:00.0000000,Male,Black,41,Medium,Short,Medium Brown,NULL,,0,MA,Class D,1
,21935824614,FC21001031,2021-03-19 22:38:00.0000000,Male,NULL,26,NULL,NULL,NULL,NULL,,0,MA,Class D,1
,21935825683,FC21001031,2021-03-19 22:38:00.0000000,Male,Black,27,Thin,NULL,NULL,Not of Hispanic Origin,,0,MA,Class D,1
,21935828126,FC21001031,2021-03-19 22:38:00.0000000,Male,Black,42,Heavy,Short,Medium Brown,Unknown,,0,NJ,ID Only - Never had Personal Driver License,NULL
,21935833453,FC21001032,2021-03-19 21:29:00.0000000,Female,Black,40,Heavy,Short,Medium Brown,NULL,,0,MA,,0
,21935975719,FC21001033,2021-03-20 00:00:00.0000000,Male,Black,20,Thin,Afro,Medium Brown,NULL,,0,MA,Class D,0
,21935976397,FC21001033,2021-03-20 00:00:00.0000000,Male,Black,20,Thin,Short,Medium,NULL,,0,MA,,0
,21936132875,FC21001034,2021-03-20 00:40:00.0000000,Male,White,43,Thin,Braided,NULL,NULL,,0,MA,,0
,21936462566,FC21001035,2021-03-20 01:16:00.0000000,Male,Black,27,NULL,NULL,NULL,Not of Hispanic Origin,,0,MA,Class D,0
,21936472692,FC21001036,2021-03-20 00:37:00.0000000,Male,Black,28,Stocky,NULL,NULL,Not of Hispanic Origin,,0,MA,,0
,21936475746,FC21001036,2021-03-20 00:37:00.0000000,Male,Black,29,NULL,NULL,NULL,Not of Hispanic Origin,,0,MA,,NULL
,21936477986,FC21001036,2021-03-20 00:37:00.0000000,Female,Black,24,Medium,NULL,NULL,Not of Hispanic Origin,,0,MA,,NULL
,21936490153,FC21001037,2021-03-20 02:00:00.0000000,Male,Black,28,Medium,NULL,NULL,Not of Hispanic Origin,,0,MA,,0
,21936505419,FC21001038,2021-03-20 01:15:00.0000000,Male,Black,20,Medium,NULL,NULL,Not of Hispanic Origin,,0,MA,,1
,21936501499,FC21001039,2021-03-20 02:02:00.0000000,Male,Black,31,Medium,NULL,NULL,Not of Hispanic Origin,,0,MA,,0
,21937142193,FC21001040,2021-02-19 00:10:00.0000000,Male,White,48,Stocky,Short,Light,Not of Hispanic Origin,,0,MA,Class D,0
,21937146281,FC21001041,2021-03-20 10:15:00.0000000,Male,White,54,Medium,Short,Fair,Not of Hispanic Origin,,0,MA,,1
,21937219131,FC21001042,2021-03-20 12:26:00.0000000,Male,White,34,Medium,NULL,NULL,Not of Hispanic Origin,,0,MA,,0
,21937220388,FC21001042,2021-03-20 12:26:00.0000000,Male,Black,35,Medium,Short,Light Brown,NULL,,0,MA,Class D,0
,21937370569,FC21001043,2021-03-19 18:00:00.0000000,Male,Black,44,Medium,Curly,Medium Brown,NULL,,0,MA,,1
,21937875768,FC21001044,2021-03-20 17:52:00.0000000,Male,White,45,Medium,NULL,NULL,Hispanic Origin,,0,MA,,0
,21937893746,FC21001045,2021-03-20 18:24:00.0000000,Male,Black,18,Medium,NULL,Dark Brown,Not of Hispanic Origin,,0,MA,ID Only - Never had Personal Driver License,NULL
,21937893746,FC21001045,2021-03-20 18:24:00.0000000,Male,Black,18,Medium,NULL,Dark Brown,Not of Hispanic Origin,,0,MA,ID Only - Never had Personal Driver License,1
,21937896940,FC21001045,2021-03-20 18:24:00.0000000,Male,Black,22,Thin,Short,Medium,Unknown,,0,MA,Class D,NULL
,21937896940,FC21001045,2021-03-20 18:24:00.0000000,Male,Black,22,Thin,Short,Medium,Unknown,,0,MA,Class D,1
,21937897974,FC21001045,2021-03-20 18:24:00.0000000,Male,Black,30,Medium,NULL,NULL,Not of Hispanic Origin,,0,MA,Class D,NULL
,21937897974,FC21001045,2021-03-20 18:24:00.0000000,Male,Black,30,Medium,NULL,NULL,Not of Hispanic Origin,,0,MA,Class D,0
,21937902324,FC21001045,2021-03-20 18:24:00.0000000,Male,Black,24,Stocky,Short,Medium,Not of Hispanic Origin,,0,MA,Instruction Permit,0
,21937902324,FC21001045,2021-03-20 18:24:00.0000000,Male,Black,24,Stocky,Short,Medium,Not of Hispanic Origin,,0,MA,Instruction Permit,NULL
,21937987772,FC21001046,2021-03-20 19:03:00.0000000,Female,White,24,NULL,NULL,NULL,Not of Hispanic Origin,,0,NULL,,0
,21938037876,FC21001047,2021-03-20 19:39:00.0000000,Male,Black,38,Medium,NULL,NULL,Not of Hispanic Origin,,0,MA,,1
,21938315578,FC21001049,2021-03-20 18:30:00.0000000,Male,Black,43,Medium,NULL,NULL,Not of Hispanic Origin,,0,MA,,0
,21938355317,FC21001050,2021-03-20 20:30:00.0000000,Male,White,31,Medium,NULL,NULL,Hispanic Origin,,0,MA,Class D,0
,21980346028,FC21001051,2021-03-20 15:45:00.0000000,Male,Black,32,Medium,NULL,NULL,Hispanic Origin,,0,MA,,NULL
,21980346028,FC21001051,2021-03-20 15:45:00.0000000,Male,Black,32,Medium,NULL,NULL,Hispanic Origin,,0,MA,,0
,21938911769,FC21001052,2021-03-21 01:30:00.0000000,Male,Black,28,Thin,NULL,Dark Brown,Not of Hispanic Origin,,0,MA,Class D,0
,21938941737,FC21001053,2021-03-20 21:41:00.0000000,Female,White,23,NULL,NULL,NULL,Hispanic Origin,,0,MA,Class D,0
,21938942249,FC21001053,2021-03-20 21:41:00.0000000,Male,Black,25,NULL,NULL,NULL,Unknown,,0,NULL,,0
,21938965837,FC21001054,2021-03-20 01:20:00.0000000,Male,Black,26,Muscular,Braided,Dark,Not of Hispanic Origin,,0,MA,Class D,0
,21939147561,FC21001055,2021-03-21 02:47:00.0000000,Female,White,24,NULL,NULL,NULL,Hispanic Origin,,0,MA,Class D,NULL
,21939155921,FC21001055,2021-03-21 02:47:00.0000000,Male,White,35,Medium,NULL,NULL,Hispanic Origin,,0,MA,,0
,21939603943,FC21001056,2021-03-20 16:52:00.0000000,Male,Black,33,Medium,NULL,NULL,Not of Hispanic Origin,,0,MA,Class D,0
,21939775952,FC21001057,2021-03-21 10:00:00.0000000,Male,Black,33,Medium,NULL,NULL,Not of Hispanic Origin,,0,MA,,1
,21939853388,FC21001058,2021-03-20 03:39:00.0000000,Male,White,31,Thin,NULL,Fair,Not of Hispanic Origin,,0,MA,Class D,0
,21944461671,FC21001059,2021-03-21 12:44:00.0000000,Male,Unknown,28,NULL,NULL,NULL,Unknown,,0,MA,Class D,1
,21944472594,FC21001060,2021-03-21 14:50:00.0000000,Male,Black,39,Medium,Braided,Light,Hispanic Origin,,0,MA,Class D,0
,21944500089,FC21001061,2021-03-21 13:53:00.0000000,Female,Black,57,NULL,NULL,NULL,Not of Hispanic Origin,,0,NULL,,NULL
,21944508056,FC21001061,2021-03-21 13:53:00.0000000,Male,Other,27,NULL,NULL,NULL,Unknown,,0,NULL,,1
,21944654519,FC21001062,2021-03-20 21:45:00.0000000,Male,Black,21,Thin,Short,NULL,Not of Hispanic Origin,,0,MA,Class D,0
,21944698855,FC21001063,2021-03-20 23:45:00.0000000,Male,Black,24,Stocky,Bald or Balding,Light Brown,Not of Hispanic Origin,,0,MA,,0
,21944831288,FC21001064,2021-03-21 17:59:00.0000000,Male,White,34,Medium,Unkempt,Medium,Not of Hispanic Origin,,0,MA,,0
,21950296710,FC21001065,2021-03-21 00:00:00.0000000,Male,Black,24,Thin,NULL,Brown,Not of Hispanic Origin,,0,MA,Class D,0
,21950348247,FC21001065,2021-03-21 00:00:00.0000000,Male,Black,26,Medium,NULL,Medium Brown,Not of Hispanic Origin,,0,MA,,0
,21952715037,FC21001066,2021-03-21 20:51:00.0000000,Male,Black,NULL,NULL,NULL,NULL,Unknown,,0,NULL,,0
,21954840687,FC21001067,2021-03-21 21:00:00.0000000,Male,White,45,Thin,NULL,NULL,Not of Hispanic Origin,,0,MA,,0
,21958101161,FC21001068,2021-03-21 17:44:00.0000000,Male,Black,32,Thin,Curly,Medium Brown,Not of Hispanic Origin,,0,MA,,0
,21958182903,FC21001069,2021-03-21 16:38:00.0000000,Male,White,21,NULL,NULL,NULL,Not of Hispanic Origin,,0,MA,ID Only - Never had Personal Driver License,1
,21958185685,FC21001069,2021-03-21 16:38:00.0000000,Male,White,31,NULL,NULL,NULL,Unknown,,0,MA,Class D,0
,21959708209,FC21001070,2021-03-22 00:59:00.0000000,Male,White,38,NULL,NULL,NULL,Unknown,,0,MA,Class D,0
,21960556733,FC21001071,2021-03-22 08:15:00.0000000,Female,White,23,Thin,NULL,NULL,Not of Hispanic Origin,,0,MA,,0
,21960929261,FC21001072,2021-03-22 10:45:00.0000000,Male,Black,27,NULL,NULL,NULL,Not of Hispanic Origin,,0,NULL,,0
,21961092475,FC21001073,2021-03-22 00:00:00.0000000,Female,White,42,Medium,NULL,NULL,Hispanic Origin,,0,MA,,0
,21962193495,FC21001074,2021-03-22 13:00:00.0000000,Male,White,54,NULL,NULL,NULL,Not of Hispanic Origin,,0,MA,Class D,1
,21962575259,FC21001075,2021-03-22 15:15:00.0000000,Male,Black,44,Stocky,NULL,NULL,Not of Hispanic Origin,,0,MA,,0
,21966591223,FC21001077,2021-03-22 16:05:00.0000000,Male,Unknown,32,NULL,NULL,NULL,Hispanic Origin,,0,NULL,,1
,21968572492,FC21001078,2021-03-22 13:40:00.0000000,Male,White,39,Thin,NULL,Light,Not of Hispanic Origin,,0,MA,,1
,21968572627,FC21001078,2021-03-22 13:40:00.0000000,Female,Black,43,NULL,NULL,NULL,Unknown,,0,MA,Class D,1
,21969069471,FC21001079,2021-03-22 20:49:00.0000000,Male,Black,28,Thin,NULL,Dark Brown,Not of Hispanic Origin,,0,MA,Class D,0
,21969107764,FC21001080,2021-03-22 17:12:00.0000000,Male,White,36,Thin,NULL,NULL,Not of Hispanic Origin,,0,MA,,1
,21969243778,FC21001081,2021-03-23 22:38:00.0000000,Male,Black,31,NULL,NULL,NULL,Not of Hispanic Origin,,0,MA,Class D,0
,21969246797,FC21001081,2021-03-23 22:38:00.0000000,Male,Black,17,NULL,NULL,NULL,Not of Hispanic Origin,,0,NULL,,0
,21969295474,FC21001082,2021-03-22 23:14:00.0000000,Male,White,39,Thin,Shaved Head,Medium,Hispanic Origin,,0,MA,Personal Driver License,0
,21969434396,FC21001083,2021-03-23 00:19:00.0000000,Male,White,66,Thin,NULL,Medium,Not of Hispanic Origin,,0,MA,,0
,21969771616,FC21001084,2021-03-23 02:08:00.0000000,Male,Other,22,NULL,NULL,NULL,Unknown,,0,MA,Class D,0
,21970684145,FC21001086,2021-03-23 11:25:00.0000000,Male,Black,26,Medium,NULL,NULL,Not of Hispanic Origin,,0,MA,,1
,21970794930,FC21001087,2021-03-23 11:50:00.0000000,Male,Black,30,Medium,NULL,NULL,Not of Hispanic Origin,,0,MA,,0
,21974486950,FC21001088,2021-03-21 18:54:00.0000000,Male,Black,36,Medium,Dreadlocks,Medium,Not of Hispanic Origin,,0,MA,Class D,0
,21976853891,FC21001089,2021-03-23 16:37:00.0000000,Male,Black,30,NULL,NULL,NULL,Hispanic Origin,,0,MA,"ID - Had a License, now has ID",0
,21976959711,FC21001090,2021-03-23 16:52:00.0000000,Male,Black,25,Thin,Short,NULL,Not of Hispanic Origin,,0,MA,Class D,1
,21976960812,FC21001090,2021-03-23 16:52:00.0000000,Female,Black,24,NULL,NULL,NULL,NULL,,0,MA,Class D,NULL
,21977531375,FC21001091,2021-03-23 20:05:00.0000000,Female,Black,34,Heavy,NULL,Light,Not of Hispanic Origin,,0,MA,,0
,21977544821,FC21001091,2021-03-23 20:05:00.0000000,Female,Black,33,Medium,NULL,NULL,Not of Hispanic Origin,,0,MA,,0
,21977596191,FC21001092,2021-03-23 20:40:00.0000000,Male,Black,45,Medium,NULL,NULL,Not of Hispanic Origin,,0,MA,,0
,21977638666,FC21001093,2021-03-23 19:00:00.0000000,Male,Black,37,Medium,Bald or Balding,Dark Brown,Unknown,,0,MA,Class D,1
,21977676058,FC21001094,2021-03-23 21:12:00.0000000,Male,White,39,Thin,Shaved Head,Medium,Hispanic Origin,,0,MA,Personal Driver License,0
,21977764660,FC21001095,2021-03-15 19:45:00.0000000,Male,Black,18,Medium,NULL,Dark Brown,Not of Hispanic Origin,,0,MA,ID Only - Never had Personal Driver License,0
,21977765847,FC21001095,2021-03-15 19:45:00.0000000,Male,Black,23,Thin,NULL,NULL,Not of Hispanic Origin,,0,MA,,0
,21977845960,FC21001096,2021-03-23 22:05:00.0000000,Male,Black,28,Muscular,NULL,NULL,Not of Hispanic Origin,,0,MA,,0
,21977846842,FC21001096,2021-03-23 22:05:00.0000000,Male,Black,18,Thin,NULL,NULL,Not of Hispanic Origin,,0,MA,,0
,21977847588,FC21001096,2021-03-23 22:05:00.0000000,Male,Black,28,Unknown,NULL,NULL,Not of Hispanic Origin,,0,MA,,0
,21977866738,FC21001097,2021-03-23 20:47:00.0000000,Female,Black,40,Heavy,Short,Medium Brown,NULL,,0,MA,,0
,21977923839,FC21001098,2021-03-23 22:43:00.0000000,Male,Black,21,Thin,Braided,Medium Brown,Not of Hispanic Origin,,0,MA,Class D,0
,21977927218,FC21001098,2021-03-23 22:43:00.0000000,Male,Black,21,NULL,NULL,NULL,Not of Hispanic Origin,,0,MA,Class D,0
,21978139921,FC21001099,2021-03-23 23:16:00.0000000,Male,White,NULL,NULL,NULL,NULL,Unknown,,0,NULL,,0
,21977979691,FC21001100,2021-03-23 22:04:00.0000000,Male,White,20,NULL,NULL,NULL,Hispanic Origin,,0,MA,,0
,21977984010,FC21001100,2021-03-23 22:04:00.0000000,Male,Black,20,NULL,NULL,NULL,Hispanic Origin,,0,MA,,0
,21977985904,FC21001100,2021-03-23 22:04:00.0000000,Male,Black,18,NULL,NULL,NULL,Hispanic Origin,,0,NULL,,0
,21978438311,FC21001101,2021-03-23 23:04:00.0000000,Male,Black,23,Thin,NULL,NULL,Hispanic Origin,,0,MA,,1
,21978439397,FC21001101,2021-03-23 23:04:00.0000000,Male,Black,22,NULL,NULL,NULL,Hispanic Origin,,0,MA,ID Only - Never had Personal Driver License,1
,21978786836,FC21001101,2021-03-23 23:04:00.0000000,Male,White,18,NULL,NULL,NULL,Hispanic Origin,,0,MA,ID Only - Never had Personal Driver License,1
,21978808592,FC21001101,2021-03-23 23:04:00.0000000,Male,Black,21,NULL,NULL,NULL,Hispanic Origin,,0,MA,Instruction Permit,1
,21979402976,FC21001102,2021-03-24 08:20:00.0000000,Male,Black,33,Medium,NULL,NULL,Not of Hispanic Origin,,0,MA,,0
,21979900858,FC21001103,2021-03-24 09:18:00.0000000,Male,Black,32,Thin,NULL,NULL,Not of Hispanic Origin,,0,MA,,0
,21980856051,FC21001104,2021-03-22 13:00:00.0000000,Male,Black,35,Medium,NULL,NULL,Not of Hispanic Origin,,0,MA,Class D,0
,21980968985,FC21001105,2021-03-24 12:15:00.0000000,Male,Black,52,Thin,NULL,NULL,Hispanic Origin,,0,MA,,0
,21981474076,FC21001106,2021-03-24 09:17:00.0000000,Male,White,45,Thin,NULL,NULL,Not of Hispanic Origin,,0,MA,,1
,21981580794,FC21001106,2021-03-24 09:17:00.0000000,Male,White,29,NULL,NULL,NULL,Not of Hispanic Origin,,0,MA,Class D,1
,21981763174,FC21001106,2021-03-24 09:17:00.0000000,Male,Other,55,NULL,NULL,NULL,Not of Hispanic Origin,,0,NULL,,0
,21981525697,FC21001107,2021-03-24 13:00:00.0000000,Male,Black,47,Medium,NULL,NULL,Not of Hispanic Origin,,0,MA,,0
,21981711923,FC21001108,2021-03-24 11:55:00.0000000,Male,Black,41,Heavy,NULL,NULL,Not of Hispanic Origin,,0,MA,Class D,0
,21982955451,FC21001109,2021-03-24 09:52:00.0000000,Male,White,39,NULL,NULL,NULL,Unknown,,0,MA,Class D,NULL
,21982984835,FC21001109,2021-03-24 09:52:00.0000000,Male,White,46,Thin,NULL,NULL,Not of Hispanic Origin,,0,MA,,0
,22025179969,FC21001110,2021-03-24 11:00:00.0000000,Male,White,32,Thin,Short,Light,Not of Hispanic Origin,,0,MA,,1
,22025347001,FC21001110,2021-03-24 11:00:00.0000000,Male,White,31,Thin,Receding or Slightly Receding,Dark,Hispanic Origin,,0,MA,,1
,21990310006,FC21001111,2021-03-24 14:30:00.0000000,Male,NULL,38,Medium,Braided,Medium Brown,NULL,,0,MA,,0
,21983542366,FC21001112,2021-03-24 00:00:00.0000000,Male,Black,30,Medium,Bald or Balding,Light Brown,Not of Hispanic Origin,,0,MA,"ID - Had a License, now has ID",1
,21983568330,FC21001113,2021-03-24 15:16:00.0000000,Female,Black,21,NULL,NULL,NULL,Hispanic Origin,,0,MA,,0
,21983572362,FC21001113,2021-03-24 15:16:00.0000000,Male,Black,22,Thin,Braided,Medium Brown,Not of Hispanic Origin,,0,MA,Class D,0
,21984569388,FC21001114,2021-03-24 00:00:00.0000000,Male,Black,25,Medium,Afro,Light,Not of Hispanic Origin,,0,MA,,0
,21984712424,FC21001115,2021-03-24 18:00:00.0000000,Male,Black,31,Medium,NULL,NULL,Not of Hispanic Origin,,0,MA,Class D,1
,21986289008,FC21001116,2021-03-24 21:00:00.0000000,Male,Black,34,Thin,Short,Medium Brown,NULL,,0,MA,,0
,21986566828,FC21001117,2021-03-24 16:47:00.0000000,Male,Black,22,Medium,NULL,NULL,Not of Hispanic Origin,,0,MA,,0
,21986568934,FC21001117,2021-03-24 16:47:00.0000000,Male,White,22,Medium,NULL,NULL,Hispanic Origin,,0,MA,,0
,21986935216,FC21001118,2021-03-24 21:07:00.0000000,Male,Black,35,NULL,NULL,NULL,Hispanic Origin,,0,MA,,0
,21986936483,FC21001118,2021-03-24 21:07:00.0000000,Female,Black,27,Medium,NULL,NULL,Hispanic Origin,,0,MA,,0
,21986995829,FC21001119,2021-03-24 16:21:00.0000000,Male,White,16,NULL,NULL,NULL,Hispanic Origin,,0,NULL,,0
,21987005331,FC21001119,2021-03-24 16:21:00.0000000,Male,White,16,NULL,NULL,NULL,Hispanic Origin,,0,NULL,,NULL
,21987055528,FC21001119,2021-03-24 16:21:00.0000000,Male,White,16,NULL,NULL,NULL,Hispanic Origin,,0,NULL,,NULL
,21987348182,FC21001120,2021-03-24 17:44:00.0000000,Male,Black,26,Medium,NULL,Light,NULL,,0,MA,,1
,21987895606,FC21001121,2021-03-25 00:40:00.0000000,Male,White,34,Medium,NULL,NULL,Not of Hispanic Origin,,0,MA,Class D,0
,21988330812,FC21001122,2021-03-25 02:40:00.0000000,Male,White,30,Heavy,NULL,NULL,Hispanic Origin,,0,MA,,1
,21988933618,FC21001123,2021-03-25 05:05:00.0000000,Male,Black,37,NULL,NULL,NULL,Not of Hispanic Origin,,0,MA,Class D,0
,21990207784,FC21001124,2021-03-25 08:10:00.0000000,Male,Black,37,Thin,NULL,Dark,Not of Hispanic Origin,,0,MA,Class D,0
,21990703236,FC21001125,2021-03-24 18:30:00.0000000,Male,Black,24,Stocky,Bald or Balding,Light Brown,Not of Hispanic Origin,,0,MA,,0
,21990706233,FC21001125,2021-03-24 18:30:00.0000000,Male,Black,27,Medium,NULL,NULL,Not of Hispanic Origin,,0,MA,,0
,21990711359,FC21001125,2021-03-24 18:30:00.0000000,Male,Black,22,Thin,NULL,Medium Brown,Not of Hispanic Origin,,0,MA,,0
,21991707352,FC21001126,2021-03-24 13:00:00.0000000,Male,Black,24,Medium,Short,Light Brown,Hispanic Origin,,0,MA,,0
,21992641596,FC21001127,2021-03-25 09:05:00.0000000,Male,White,58,Heavy,NULL,NULL,Not of Hispanic Origin,,0,MA,,0
,21992643895,FC21001127,2021-03-25 09:05:00.0000000,Female,White,36,Medium,Curly,Light,Not of Hispanic Origin,,0,MA,Class D,0
,21993047959,FC21001128,2021-03-25 11:50:00.0000000,Male,Black,33,Medium,NULL,NULL,Hispanic Origin,,0,FL,Class D,0
,21994041059,FC21001130,2021-03-24 10:00:00.0000000,Male,White,40,NULL,NULL,NULL,Unknown,,0,MA,Class D,0
,21994656192,FC21001131,2021-03-25 14:35:00.0000000,Male,Black,24,Medium,NULL,NULL,Not of Hispanic Origin,,0,MA,Class D,1
,21994914351,FC21001132,2021-03-25 12:15:00.0000000,Male,White,28,Stocky,NULL,NULL,Hispanic Origin,,0,MA,,0
,21995013457,FC21001133,2021-03-25 00:00:00.0000000,Male,Other,22,NULL,NULL,NULL,Hispanic Origin,,0,MA,Class D,0
,21995557549,FC21001134,2021-03-24 16:19:00.0000000,Female,Black,40,Heavy,Short,Medium Brown,NULL,,0,MA,,0
,21998275672,FC21001135,2021-03-25 18:20:00.0000000,Male,Black,40,Medium,NULL,NULL,Not of Hispanic Origin,,0,MA,,0
,22002868994,FC21001136,2021-03-25 20:00:00.0000000,Male,Black,27,NULL,NULL,NULL,Unknown,,0,MA,Class D,1
,22002961335,FC21001136,2021-03-25 20:00:00.0000000,Female,Black,35,Medium,NULL,NULL,Not of Hispanic Origin,,0,MA,,NULL
,22003078917,FC21001137,2021-03-25 00:00:00.0000000,Male,Black,61,NULL,NULL,NULL,Not of Hispanic Origin,,0,MA,ID Only - Never had Personal Driver License,0
,22003435909,FC21001138,2021-03-25 19:30:00.0000000,Male,Unknown,NULL,NULL,NULL,NULL,NULL,,0,NULL,,0
,22006323045,FC21001139,2021-03-25 19:33:00.0000000,Male,Black,31,Medium,Afro,Dark,Not of Hispanic Origin,,0,MA,,1
,22006327773,FC21001139,2021-03-25 19:33:00.0000000,Male,Black,31,Medium,Afro,Medium,Not of Hispanic Origin,,0,MA,,1
,22012280817,FC21001140,2021-03-25 22:54:00.0000000,Male,Black,36,Medium,Short,Medium,NULL,,0,MA,"ID - Had a License, now has ID",1
,22012334110,FC21001140,2021-03-25 22:54:00.0000000,Female,White,34,Medium,Straight,Light,Unknown,,0,MA,Class D,1
,22020735159,FC21001141,2021-03-26 01:23:00.0000000,Female,White,58,NULL,NULL,NULL,Not of Hispanic Origin,,0,NULL,,NULL
,22020798125,FC21001141,2021-03-26 01:23:00.0000000,Female,White,32,NULL,NULL,NULL,Not of Hispanic Origin,,0,NULL,,0
,22020995149,FC21001142,2021-03-26 01:16:00.0000000,Male,Black,39,NULL,NULL,NULL,Not of Hispanic Origin,,0,NH,Class D,0
,22021071114,FC21001142,2021-03-26 01:16:00.0000000,Male,Black,53,NULL,NULL,NULL,Not of Hispanic Origin,,0,MA,Class D,0
,22028298583,FC21001143,2021-03-26 02:14:00.0000000,Male,Black,27,Medium,Dreadlocks,Dark Brown,Not of Hispanic Origin,,0,MA,,0
,22029667611,FC21001144,2021-03-26 00:30:00.0000000,Male,Black,42,Heavy,NULL,NULL,Not of Hispanic Origin,,0,MA,,0
,22031515052,FC21001145,2021-03-26 02:51:00.0000000,Male,Unknown,49,NULL,NULL,NULL,Hispanic Origin,,0,NULL,,0
,22045461378,FC21001146,2021-03-26 10:04:00.0000000,Male,White,38,Thin,NULL,NULL,Hispanic Origin,,0,MA,Other: Class M,0
,22055902209,FC21001147,2021-03-22 00:00:00.0000000,Male,White,36,NULL,NULL,NULL,Not of Hispanic Origin,,0,NULL,,NULL
,22055922942,FC21001147,2021-03-22 00:00:00.0000000,Male,Black,65,NULL,NULL,NULL,Not of Hispanic Origin,,0,MA,Class D,0
,22056507777,FC21001148,2021-03-26 12:50:00.0000000,Male,Black,30,Thin,NULL,NULL,Hispanic Origin,,0,MA,,0
,22056550484,FC21001148,2021-03-26 12:50:00.0000000,Male,Black,31,Heavy,NULL,NULL,Hispanic Origin,,0,MA,,0
,22057623021,FC21001149,2021-03-26 13:09:00.0000000,Male,White,43,Heavy,NULL,Light,Unknown,,0,MA,,1
,22063262316,FC21001150,2021-03-26 15:24:00.0000000,Female,White,28,Medium,Short,NULL,NULL,,0,MA,,0
,22063283550,FC21001150,2021-03-26 15:24:00.0000000,Male,Black,42,Medium,NULL,Medium Brown,Not of Hispanic Origin,,0,MA,,NULL
,22070719190,FC21001151,2021-03-26 00:00:00.0000000,Male,Black,33,Medium,Short,NULL,Not of Hispanic Origin,,0,MA,,0
,22071452885,FC21001152,2021-03-26 18:01:00.0000000,Male,Black,25,Thin,NULL,NULL,Not of Hispanic Origin,,0,MA,,0
,22084253703,FC21001153,2021-03-26 21:50:00.0000000,Male,Black,51,NULL,NULL,NULL,NULL,,0,NULL,,0
,22087077012,FC21001154,2021-03-26 23:02:00.0000000,Male,Black,50,Heavy,Bald or Balding,Dark Brown,Not of Hispanic Origin,,0,MA,,0
,22087100773,FC21001154,2021-03-26 23:02:00.0000000,Male,Black,51,Thin,Curly,Medium,Not of Hispanic Origin,,0,MA,None,0
,22098538770,FC21001155,2021-03-26 17:25:00.0000000,Male,Black,29,Thin,NULL,NULL,Not of Hispanic Origin,,0,MA,,0
,22098673028,FC21001156,2021-03-26 23:23:00.0000000,Male,Black,36,Thin,Braided,Medium Brown,Not of Hispanic Origin,,0,MA,Other: M,1
,22107897005,FC21001158,2021-03-26 00:57:00.0000000,Male,White,47,Thin,NULL,NULL,Not of Hispanic Origin,,0,MA,,0
,22114524864,FC21001159,2021-03-27 03:30:00.0000000,Female,Black,27,NULL,NULL,NULL,Not of Hispanic Origin,,0,AL,Class D,0
,22114673765,FC21001159,2021-03-27 03:30:00.0000000,Female,Black,22,NULL,NULL,NULL,Not of Hispanic Origin,,0,NULL,,0
,22114772952,FC21001159,2021-03-27 03:30:00.0000000,Female,Black,16,NULL,NULL,NULL,Unknown,,0,NULL,,0
,22131838270,FC21001160,2021-03-27 09:52:00.0000000,Male,White,54,Medium,NULL,NULL,Not of Hispanic Origin,,0,MA,,NULL
,22131838270,FC21001160,2021-03-27 09:52:00.0000000,Male,White,54,Medium,NULL,NULL,Not of Hispanic Origin,,0,MA,,0
,22139001166,FC21001161,2021-03-27 14:31:00.0000000,Male,Black,44,Medium,Short,Dark Brown,NULL,,0,MA,,1
,22139010934,FC21001161,2021-03-27 14:31:00.0000000,Male,Black,42,Medium,NULL,NULL,Not of Hispanic Origin,,0,MA,Class D,1
,22141206555,FC21001162,2021-03-27 14:15:00.0000000,Female,White,37,Heavy,NULL,NULL,Not of Hispanic Origin,,0,MA,,0
,22141445064,FC21001163,2021-03-27 03:30:00.0000000,Male,Black,33,Medium,Dreadlocks,Dark Brown,Not of Hispanic Origin,,0,MA,,0
,22141449946,FC21001164,2021-03-27 16:07:00.0000000,Male,Black,29,Thin,NULL,NULL,Not of Hispanic Origin,,0,MA,,0
,22141502339,FC21001165,2021-03-27 15:21:00.0000000,Female,White,26,NULL,NULL,NULL,Unknown,,0,NULL,,1
,22143691113,FC21001166,2021-03-27 17:45:00.0000000,Male,White,33,Thin,Straight,Fair,Hispanic Origin,,0,MA,,0
,22143770605,FC21001166,2021-03-27 17:45:00.0000000,Male,Unknown,31,NULL,NULL,NULL,Unknown,,0,MA,,0
,22143786162,FC21001166,2021-03-27 17:45:00.0000000,Female,Asian,25,Thin,Straight,Light,Not of Hispanic Origin,,0,MA,Instruction Permit,0
,22144328468,FC21001167,2021-03-27 16:30:00.0000000,Male,White,52,Medium,NULL,NULL,Hispanic Origin,,0,MA,,0
,22146115868,FC21001168,2021-03-27 21:08:00.0000000,Male,Black,30,Medium,Braided,Medium Brown,Not of Hispanic Origin,,0,MA,,1
,22146897484,FC21001169,2021-03-27 01:28:00.0000000,Male,Black,31,Medium,Braided,Medium Brown,Not of Hispanic Origin,,0,MA,,1
,22146913636,FC21001169,2021-03-27 01:28:00.0000000,Female,Black,28,Medium,NULL,NULL,Not of Hispanic Origin,,0,MA,Class D,0
,22146928871,FC21001169,2021-03-27 01:28:00.0000000,Male,Black,28,Medium,NULL,NULL,Not of Hispanic Origin,,0,MA,ID Only - Never had Personal Driver License,0
,22146947472,FC21001169,2021-03-27 01:28:00.0000000,Male,Asian,31,NULL,NULL,NULL,Not of Hispanic Origin,,0,MA,Class D,NULL
,22151076438,FC21001170,2021-03-28 03:33:00.0000000,Male,Black,36,Heavy,Short,Medium,NULL,,0,MA,,0
,22151177763,FC21001170,2021-03-28 03:33:00.0000000,Female,Black,26,NULL,NULL,NULL,NULL,,0,MA,Class D,NULL
,22151458859,FC21001170,2021-03-28 03:33:00.0000000,Male,Black,30,Medium,NULL,NULL,Not of Hispanic Origin,,0,MA,,0
,22154729472,FC21001171,2021-03-28 05:23:00.0000000,Male,Black,23,Thin,NULL,NULL,Not of Hispanic Origin,,0,MA,,1
,22159968019,FC21001173,2021-03-28 11:49:00.0000000,Male,White,60,Thin,NULL,NULL,Not of Hispanic Origin,,0,MA,,1
,22163342320,FC21001174,2021-03-28 13:00:00.0000000,Male,Black,30,Medium,Braided,Dark Brown,Not of Hispanic Origin,,0,MA,Other: suspended,1
,22163342457,FC21001174,2021-03-28 13:00:00.0000000,Male,Black,35,Medium,NULL,Brown,Not of Hispanic Origin,,0,MA,"ID - Had a License, now has ID",1
,22163343019,FC21001174,2021-03-28 13:00:00.0000000,Female,Black,25,NULL,NULL,NULL,Unknown,,0,MA,Class D,0
,22164579720,FC21001175,2021-03-28 17:05:00.0000000,Male,Black,40,Medium,Short,Medium,Not of Hispanic Origin,,0,MA,,0
,22167536290,FC21001176,2021-03-28 18:35:00.0000000,Male,Black,23,Thin,Dreadlocks,Dark,Not of Hispanic Origin,,0,MA,,1
,22171581530,FC21001177,2021-03-28 21:30:00.0000000,Male,White,47,Thin,NULL,NULL,Hispanic Origin,,0,MA,,1
,22171637318,FC21001177,2021-03-28 21:30:00.0000000,Male,White,33,Heavy,NULL,NULL,Hispanic Origin,,0,MA,,1
,22171691616,FC21001178,2021-03-28 18:10:00.0000000,Female,Black,21,NULL,NULL,NULL,Not of Hispanic Origin,,0,MA,Class D,0
,22171560893,FC21001178,2021-03-28 18:10:00.0000000,Male,Black,23,Thin,Dreadlocks,Medium Brown,Not of Hispanic Origin,,0,MA,"ID - Had a License, now has ID",1
,22171561047,FC21001178,2021-03-28 18:10:00.0000000,Female,Black,23,NULL,NULL,NULL,Not of Hispanic Origin,,0,MA,Class D,0
,22171989800,FC21001180,2021-03-28 22:05:00.0000000,Male,Black,29,Medium,NULL,Dark,Not of Hispanic Origin,,0,MA,Class D,0
,22172479286,FC21001181,2021-03-28 22:30:00.0000000,Male,Black,38,Unknown,NULL,NULL,Not of Hispanic Origin,,0,MA,Class D,1
,22172514516,FC21001181,2021-03-28 22:30:00.0000000,Male,Black,30,Heavy,Dreadlocks,Dark Brown,NULL,,0,MA,No License - Record Only,1
,22172532262,FC21001181,2021-03-28 22:30:00.0000000,Female,Black,34,NULL,NULL,NULL,Not of Hispanic Origin,,0,MA,Class D,1
,22184732239,FC21001182,2021-03-26 00:43:00.0000000,Male,White,42,Medium,NULL,NULL,Hispanic Origin,,0,MA,,1
,22184737354,FC21001182,2021-03-26 00:43:00.0000000,Male,White,21,Unknown,NULL,NULL,Hispanic Origin,,0,MA,No License - Record Only,1
,22184737625,FC21001182,2021-03-26 00:43:00.0000000,Male,Black,17,Thin,Wavy,Medium,Hispanic Origin,,0,MA,,1
,22194287102,FC21001183,2021-03-29 10:09:00.0000000,Male,Black,27,Medium,NULL,NULL,Not of Hispanic Origin,,0,MA,,0
,22199662908,FC21001184,2021-03-29 10:23:00.0000000,Male,Black,56,Medium,NULL,NULL,Not of Hispanic Origin,,0,MA,,0
,22211801702,FC21001185,2021-03-29 13:18:00.0000000,Male,Black,47,Thin,Dreadlocks,Dark Brown,Not of Hispanic Origin,,0,MA,"ID - Had a License, now has ID",0
,22232738463,FC21001186,2021-03-19 20:07:00.0000000,Male,Black,27,Medium,NULL,NULL,Not of Hispanic Origin,,0,MA,Class D,1
,22232764406,FC21001186,2021-03-19 20:07:00.0000000,Female,Black,35,Medium,NULL,NULL,Not of Hispanic Origin,,0,MA,,NULL
,22234177282,FC21001187,2021-03-29 17:28:00.0000000,Male,Black,42,NULL,NULL,NULL,Unknown,,0,MA,,1
,22237375419,FC21001188,2021-03-29 18:40:00.0000000,Male,Black,23,Heavy,NULL,NULL,Not of Hispanic Origin,,0,MA,Class D,1
,22238837935,FC21001190,2021-03-29 18:41:00.0000000,Male,White,29,Muscular,Dreadlocks,Light,Not of Hispanic Origin,,0,MA,,1
,22238750101,FC21001191,2021-03-29 18:00:00.0000000,Male,Black,25,Medium,Afro,Light,Not of Hispanic Origin,,0,MA,,0
,22241952116,FC21001192,2021-03-29 18:30:00.0000000,Male,Black,18,Medium,NULL,NULL,Hispanic Origin,,0,NULL,,0
,22239763562,FC21001192,2021-03-29 18:30:00.0000000,Male,Black,18,Thin,NULL,NULL,Not of Hispanic Origin,,0,MA,,0
,22240804618,FC21001193,2021-03-29 18:00:00.0000000,Male,Black,28,Thin,Braided,Medium Brown,Not of Hispanic Origin,,0,MA,"ID - Had a License, now has ID",0
,22241549041,FC21001193,2021-03-29 18:00:00.0000000,Female,White,NULL,NULL,NULL,NULL,Unknown,,0,NULL,,0
,22244829118,FC21001194,2021-03-29 16:30:00.0000000,Male,Black,30,Thin,Straight,Light Brown,Hispanic Origin,,0,MA,,1
,22244837323,FC21001195,2021-03-29 18:36:00.0000000,Male,White,22,Medium,Braided,OTHER,Hispanic Origin,,0,MA,,1
,22244861497,FC21001195,2021-03-29 18:36:00.0000000,Male,Black,23,Medium,Curly,NULL,Not of Hispanic Origin,,0,MA,,0
,22244959403,FC21001195,2021-03-29 18:36:00.0000000,Male,Black,31,Heavy,Short,NULL,Not of Hispanic Origin,,0,MA,,0
,22245119521,FC21001196,2021-03-28 21:00:00.0000000,Male,Black,52,Heavy,NULL,NULL,Not of Hispanic Origin,,0,MA,,0
,22245624602,FC21001197,2021-03-28 21:40:00.0000000,Male,Black,44,NULL,NULL,NULL,NULL,,0,NULL,,0
,22245980835,FC21001198,2021-03-29 21:00:00.0000000,Male,White,37,Medium,Unkempt,Light Brown,NULL,,0,MA,,0
,22246027111,FC21001198,2021-03-29 21:00:00.0000000,Female,White,31,Medium,Straight,Medium,Not of Hispanic Origin,,0,MA,Class D,0
,22248855179,FC21001199,2021-03-25 20:56:00.0000000,Male,Black,61,Heavy,NULL,NULL,Not of Hispanic Origin,,0,MA,,1
,22248865089,FC21001199,2021-03-25 20:56:00.0000000,Female,White,31,Medium,Straight,Medium,Not of Hispanic Origin,,0,MA,,0
,22253396187,FC21001200,2021-03-29 22:15:00.0000000,Male,White,35,Thin,Curly,Light,Hispanic Origin,,0,MA,,0
,22254342531,FC21001201,2021-03-29 22:45:00.0000000,Male,Black,23,Thin,NULL,NULL,Not of Hispanic Origin,,0,MA,Class D,1
,22260045824,FC21001202,2021-03-30 01:00:00.0000000,Female,Black,35,Thin,Straight,Medium Brown,Not of Hispanic Origin,,0,MA,,1
,22260085587,FC21001203,2021-03-30 02:30:00.0000000,Male,Black,30,Medium,NULL,NULL,Not of Hispanic Origin,,0,MA,,0
,22260085934,FC21001203,2021-03-30 02:30:00.0000000,Male,Black,29,Medium,NULL,Medium Brown,NULL,,0,MA,,0
,22260160621,FC21001204,2021-03-30 03:00:00.0000000,Female,Black,47,Thin,Short,Dark Brown,Not of Hispanic Origin,,0,MA,No License - Record Only,0
,22261269973,FC21001205,2021-03-30 03:00:00.0000000,Male,Black,51,Thin,Curly,Medium,Not of Hispanic Origin,,0,MA,None,0
,22261270274,FC21001205,2021-03-30 03:00:00.0000000,Female,Black,30,Medium,NULL,Medium Brown,NULL,,0,MA,,NULL
,22263338611,FC21001206,2021-03-30 02:00:00.0000000,Male,Black,52,NULL,NULL,NULL,Not of Hispanic Origin,,0,NULL,,0
,22271093242,FC21001207,2021-03-30 09:10:00.0000000,Male,Black,33,Medium,Short,Dark Brown,Not of Hispanic Origin,,0,MA,,0
,22271285838,FC21001208,2021-03-30 00:00:00.0000000,Male,Black,73,Medium,NULL,Dark,Not of Hispanic Origin,,0,MA,Class D,1
,22284739156,FC21001209,2021-03-30 08:14:00.0000000,Male,Black,58,Thin,Short,Light,Unknown,,0,MA,,1
,22286762206,FC21001210,2021-03-30 12:45:00.0000000,Male,Black,32,Medium,Short,Dark Brown,Not of Hispanic Origin,,0,MA,Class D,0
,22288136739,FC21001211,2021-03-30 13:00:00.0000000,Male,White,43,Thin,Short,Light,Not of Hispanic Origin,,0,MA,Class D,1
,22288210425,FC21001212,2021-03-30 11:00:00.0000000,Male,White,NULL,NULL,NULL,NULL,Not of Hispanic Origin,,0,NULL,,NULL
,22288210443,FC21001212,2021-03-30 11:00:00.0000000,Male,White,NULL,NULL,NULL,NULL,Not of Hispanic Origin,,0,NULL,,NULL
,22288215421,FC21001212,2021-03-30 11:00:00.0000000,Male,Unknown,34,NULL,NULL,NULL,Not of Hispanic Origin,,0,MA,Class D,0
,22288300342,FC21001213,2021-03-30 14:20:00.0000000,Male,Black,62,Thin,NULL,NULL,Not of Hispanic Origin,,0,MA,,1
,22288334567,FC21001214,2021-03-28 12:37:00.0000000,Male,White,22,NULL,NULL,NULL,Unknown,,0,NULL,,1
,22289605724,FC21001215,2021-03-30 17:00:00.0000000,Male,White,25,NULL,NULL,NULL,Hispanic Origin,,0,MA,Class D,1
,22289652351,FC21001215,2021-03-30 17:00:00.0000000,Male,Black,50,Medium,NULL,NULL,Not of Hispanic Origin,,0,MA,,1
,22289355951,FC21001216,2021-03-30 15:49:00.0000000,Male,White,52,NULL,NULL,NULL,NULL,,0,MA,,1
,22289368160,FC21001216,2021-03-30 15:49:00.0000000,Male,NULL,47,NULL,NULL,NULL,NULL,,0,NULL,,NULL
,22290102641,FC21001217,2021-03-30 17:26:00.0000000,Male,Black,47,Medium,NULL,NULL,Not of Hispanic Origin,,0,MA,,0
,22291201807,FC21001218,2021-03-30 18:27:00.0000000,Female,Black,26,Stocky,Curly,NULL,Not of Hispanic Origin,,0,MA,Class D,0
,22291618924,FC21001219,2021-03-30 17:43:00.0000000,Male,Black,36,Medium,NULL,NULL,Not of Hispanic Origin,,0,MA,,0
,22297050482,FC21001220,2021-03-30 10:10:00.0000000,Male,White,20,Medium,NULL,NULL,Hispanic Origin,,0,MA,ID Only - Never had Personal Driver License,1
,22297116266,FC21001220,2021-03-30 10:10:00.0000000,Male,Black,27,Medium,NULL,NULL,Not of Hispanic Origin,,0,MA,,1
,22297152488,FC21001221,2021-03-30 22:10:00.0000000,Male,White,41,Thin,NULL,NULL,Hispanic Origin,,0,MA,,0
,22298379789,FC21001222,2021-03-30 20:58:00.0000000,Male,Black,21,Thin,NULL,NULL,Hispanic Origin,,0,MA,No License - Record Only,0
,22298528814,FC21001222,2021-03-30 20:58:00.0000000,Female,Black,21,NULL,NULL,NULL,Hispanic Origin,,0,MA,Class D,0
,22301180590,FC21001223,2021-03-30 11:00:00.0000000,Male,White,37,NULL,NULL,NULL,Not of Hispanic Origin,,0,CT,,0
,22302832664,FC21001224,2021-03-30 22:55:00.0000000,Male,White,58,NULL,NULL,NULL,Hispanic Origin,,0,NULL,,0
,22302905756,FC21001225,2021-03-30 23:10:00.0000000,Male,Unknown,22,NULL,NULL,NULL,Unknown,,0,MA,Class D,0
,22317732880,FC21001226,2021-03-30 22:36:00.0000000,Female,White,32,Unknown,NULL,NULL,Not of Hispanic Origin,,0,MA,,0
,22317791822,FC21001226,2021-03-30 22:36:00.0000000,Male,White,36,Medium,Crew Cut,Medium,Not of Hispanic Origin,,0,MA,Class D,1
,22343909185,FC21001227,2021-03-30 20:50:00.0000000,Male,NULL,32,NULL,NULL,NULL,NULL,,0,NULL,,1
,22343824299,FC21001228,2021-03-30 12:52:00.0000000,Male,Black,21,Thin,Dreadlocks,Medium Brown,NULL,,0,MA,,NULL
,22343824299,FC21001228,2021-03-30 12:52:00.0000000,Male,Black,21,Thin,Dreadlocks,Medium Brown,NULL,,0,MA,,1
,22345262683,FC21001229,2021-03-31 10:20:00.0000000,Male,Black,67,Medium,NULL,NULL,Not of Hispanic Origin,,0,MA,,0
,22345511868,FC21001230,2021-03-31 06:26:00.0000000,Male,Black,26,Medium,Short,Light,Not of Hispanic Origin,,0,MA,,1
,22345533315,FC21001230,2021-03-31 06:26:00.0000000,Male,Black,27,Thin,Crew Cut,NULL,Not of Hispanic Origin,,0,MA,Class D,1
,22348212870,FC21001231,2021-03-31 10:30:00.0000000,Male,Black,31,Heavy,NULL,Dark,Not of Hispanic Origin,,0,MA,ID Only - Never had Personal Driver License,1
,22348627434,FC21001232,2021-03-31 11:00:00.0000000,Female,White,23,Stocky,NULL,Fair,Not of Hispanic Origin,,0,MA,Class D,0
,22348572534,FC21001233,2021-03-29 18:15:00.0000000,Male,Black,21,Medium,Short,Medium Brown,Not of Hispanic Origin,,0,MA,,0
,22351869308,FC21001234,2021-03-31 12:15:00.0000000,Male,White,44,Medium,NULL,Light,Not of Hispanic Origin,,0,MA,"ID - Had a License, now has ID",0
,22360415350,FC21001235,2021-03-31 13:00:00.0000000,Male,Black,37,Thin,NULL,NULL,Not of Hispanic Origin,,0,MA,,1
,22361330663,FC21001236,2021-03-31 00:00:00.0000000,Male,Black,30,Medium,Bald or Balding,Dark Brown,Not of Hispanic Origin,,0,MA,Class D,1
,22370396073,FC21001237,2021-03-30 23:20:00.0000000,Male,Black,23,Medium,Curly,Medium,Hispanic Origin,,0,MA,Class D,1
,22370681576,FC21001237,2021-03-30 23:20:00.0000000,Male,White,15,NULL,NULL,NULL,Hispanic Origin,,0,NULL,,1
,22377223908,FC21001238,2021-03-31 00:00:00.0000000,Male,White,43,Medium,NULL,NULL,Not of Hispanic Origin,,0,MA,,0
,22382911141,FC21001239,2021-03-31 20:45:00.0000000,Male,Black,54,Medium,Bald or Balding,Medium Brown,NULL,,0,MA,,0
,22383219352,FC21001240,2021-03-31 17:59:00.0000000,Male,Black,31,Medium,NULL,NULL,Not of Hispanic Origin,,0,MA,,0
,22389873377,FC21001240,2021-03-31 17:59:00.0000000,Female,Black,28,Thin,NULL,NULL,Not of Hispanic Origin,,0,MA,,NULL
,22385059596,FC21001241,2021-03-31 20:45:00.0000000,Male,Black,17,NULL,NULL,NULL,Not of Hispanic Origin,,0,NULL,,1
,22385161720,FC21001242,2021-03-31 19:40:00.0000000,Male,Black,22,NULL,NULL,NULL,NULL,,0,MA,Class D,0
,22385317695,FC21001242,2021-03-31 19:40:00.0000000,Male,Black,22,NULL,NULL,NULL,Hispanic Origin,,0,MA,Class D,0
,22385492526,FC21001242,2021-03-31 19:40:00.0000000,Male,White,23,NULL,NULL,NULL,Hispanic Origin,,0,MA,Class D,0
,22389628223,FC21001243,2021-03-30 22:23:00.0000000,Male,Black,25,NULL,NULL,NULL,Unknown,,0,MA,Class D,0
,22389698057,FC21001243,2021-03-30 22:23:00.0000000,Male,White,23,NULL,NULL,NULL,Hispanic Origin,,0,MA,Class D,NULL
,22389803548,FC21001243,2021-03-30 22:23:00.0000000,Male,Black,25,Thin,Dreadlocks,Brown,Not of Hispanic Origin,,0,MA,,NULL
,22389933406,FC21001244,2021-03-31 21:30:00.0000000,Male,Black,62,Thin,NULL,NULL,Not of Hispanic Origin,,0,MA,,0
,22390457256,FC21001245,2021-03-31 18:19:00.0000000,Male,White,20,Medium,NULL,NULL,Hispanic Origin,,0,MA,ID Only - Never had Personal Driver License,1
,22390613799,FC21001246,2021-03-31 05:48:00.0000000,Male,Black,27,Thin,NULL,NULL,Not of Hispanic Origin,,0,MA,Class D,0
,22390649114,FC21001246,2021-03-31 05:48:00.0000000,Male,Black,28,Stocky,NULL,NULL,Not of Hispanic Origin,,0,MA,,0
,22390979809,FC21001247,2021-03-31 20:58:00.0000000,Male,Black,54,Muscular,Short,Medium Brown,NULL,,0,MA,Class D,0
,22391127338,FC21001248,2021-03-31 00:00:00.0000000,Male,Black,20,Thin,NULL,NULL,Not of Hispanic Origin,,0,MA,,0
,22391282209,FC21001248,2021-03-31 00:00:00.0000000,Male,White,19,Heavy,NULL,NULL,Hispanic Origin,,0,MA,,0
,22392108045,FC21001249,2021-03-31 20:45:00.0000000,Female,Unknown,NULL,NULL,NULL,NULL,Unknown,,0,NULL,,NULL
,22392139785,FC21001249,2021-03-31 20:45:00.0000000,Male,Black,17,Thin,NULL,NULL,Not of Hispanic Origin,,0,NULL,,1
,22392225478,FC21001249,2021-03-31 20:45:00.0000000,Male,Black,18,Medium,Short,Light Brown,Not of Hispanic Origin,,0,MA,,1
,22392237782,FC21001249,2021-03-31 20:45:00.0000000,Female,Black,17,NULL,NULL,NULL,Not of Hispanic Origin,,0,NULL,,0
,22392402024,FC21001249,2021-03-31 20:45:00.0000000,Male,Black,16,NULL,NULL,NULL,Not of Hispanic Origin,,0,NULL,,1
,22392983130,FC21001250,2021-03-31 22:25:00.0000000,Male,Black,45,Medium,Dreadlocks,Medium,Not of Hispanic Origin,,0,MA,,1
,22408185910,FC21001251,2021-04-01 00:00:00.0000000,Male,White,32,Medium,Short,Light,NULL,,0,MA,Other: M,0
,22411229110,FC21001252,2021-04-01 09:19:00.0000000,Male,Black,24,NULL,NULL,NULL,Not of Hispanic Origin,,0,MA,Class D,NULL
,22411229110,FC21001252,2021-04-01 09:19:00.0000000,Male,Black,24,NULL,NULL,NULL,Not of Hispanic Origin,,0,MA,Class D,0
,22422578153,FC21001253,2021-04-01 14:31:00.0000000,Male,White,34,Medium,Short,Light,Not of Hispanic Origin,,0,MA,,1
,22422620163,FC21001254,2021-04-01 13:27:00.0000000,Female,Unknown,33,NULL,NULL,NULL,Unknown,,0,NULL,,NULL
,22422622205,FC21001254,2021-04-01 13:27:00.0000000,Male,White,32,Medium,Short,Light,NULL,,0,MA,Other: M,0
,22426381781,FC21001255,2021-04-01 11:57:00.0000000,Female,Black,41,Medium,NULL,NULL,Not of Hispanic Origin,,0,MA,Class D,0
,22426970890,FC21001256,2021-04-01 18:00:00.0000000,Male,White,23,Thin,NULL,NULL,Hispanic Origin,,0,MA,,0
,22428560785,FC21001258,2021-04-01 20:45:00.0000000,Male,Black,23,Thin,NULL,NULL,Hispanic Origin,,0,MA,,0
,22429546128,FC21001259,2021-04-01 21:00:00.0000000,Male,Black,62,Thin,NULL,NULL,Not of Hispanic Origin,,0,MA,,0
,22429599028,FC21001260,2021-04-01 18:40:00.0000000,Male,Black,32,Medium,NULL,NULL,Hispanic Origin,,0,MA,ID Only - Never had Personal Driver License,NULL
,22429599028,FC21001260,2021-04-01 18:40:00.0000000,Male,Black,32,Medium,NULL,NULL,Hispanic Origin,,0,MA,ID Only - Never had Personal Driver License,1
,22429689061,FC21001261,2021-04-01 21:51:00.0000000,Male,White,18,NULL,NULL,NULL,Unknown,,0,MA,,0
,22429693790,FC21001261,2021-04-01 21:51:00.0000000,Female,White,18,NULL,NULL,NULL,Unknown,,0,MA,,0
,22429686318,FC21001262,2021-04-01 22:03:00.0000000,Male,Black,22,NULL,NULL,NULL,Not of Hispanic Origin,,0,MA,Class D,1
,22429688646,FC21001262,2021-04-01 22:03:00.0000000,Male,Black,22,Thin,NULL,NULL,Not of Hispanic Origin,,0,MA,,1
,22433231618,FC21001263,2021-04-02 02:16:00.0000000,Male,Black,23,Medium,Braided,Medium Brown,Not of Hispanic Origin,,0,MA,,1
,22440961942,FC21001264,2021-04-01 10:30:00.0000000,Male,NULL,23,NULL,NULL,NULL,Not of Hispanic Origin,,0,NULL,,NULL
,22440961942,FC21001264,2021-04-01 10:30:00.0000000,Male,NULL,23,NULL,NULL,NULL,Not of Hispanic Origin,,0,NULL,,0
,22440890536,FC21001265,2021-04-02 03:59:00.0000000,Male,Black,32,Medium,Short,Dark Brown,NULL,,0,MA,,1
,22443422041,FC21001266,2021-04-01 18:32:00.0000000,Male,Black,22,Thin,Dreadlocks,Medium Brown,NULL,,0,MA,Class D,1
,22443870142,FC21001266,2021-04-01 18:32:00.0000000,Male,Black,27,Thin,NULL,NULL,Not of Hispanic Origin,,0,MA,Class D,NULL
,22448795721,FC21001267,2021-04-02 11:56:00.0000000,Male,Black,38,Medium,NULL,NULL,Not of Hispanic Origin,,0,MA,,0
,22453660957,FC21001268,2021-04-02 12:44:00.0000000,Female,Black,33,NULL,NULL,NULL,Not of Hispanic Origin,,0,MA,Class D,NULL
,22453660979,FC21001268,2021-04-02 12:44:00.0000000,Female,Black,31,Stocky,NULL,NULL,Not of Hispanic Origin,,0,MA,,NULL
,22453676502,FC21001268,2021-04-02 12:44:00.0000000,Male,White,20,NULL,NULL,NULL,Not of Hispanic Origin,,0,NULL,,1
,22455732445,FC21001269,2021-04-02 15:50:00.0000000,Male,White,NULL,NULL,NULL,NULL,Unknown,,0,NULL,,0
,22458458665,FC21001270,2021-04-02 15:16:00.0000000,Male,Black,18,Thin,NULL,Dark Brown,Not of Hispanic Origin,,0,MA,ID Only - Never had Personal Driver License,1
,22458458872,FC21001270,2021-04-02 15:16:00.0000000,Male,Black,30,Medium,NULL,NULL,Not of Hispanic Origin,,0,MA,Class D,0
,22458461494,FC21001270,2021-04-02 15:16:00.0000000,Male,Black,24,Stocky,Short,Medium,Not of Hispanic Origin,,0,MA,Instruction Permit,0
,22458555580,FC21001271,2021-04-02 18:15:00.0000000,Male,White,27,Medium,Braided,Medium Brown,Hispanic Origin,,0,MA,Class D,1
,22458558992,FC21001271,2021-04-02 18:15:00.0000000,Male,Black,23,Thin,NULL,NULL,Not of Hispanic Origin,,0,MA,Class D,1
,22458561528,FC21001271,2021-04-02 18:15:00.0000000,Male,Black,22,Medium,NULL,NULL,Not of Hispanic Origin,,0,MA,,1
,22458597102,FC21001272,2021-04-02 17:45:00.0000000,Male,Black,29,Medium,NULL,NULL,Not of Hispanic Origin,,0,MA,Class D,0
,22458668654,FC21001273,2021-04-02 18:00:00.0000000,Male,Unknown,28,NULL,NULL,NULL,Hispanic Origin,,0,MA,Personal Driver License,0
,22459798955,FC21001275,2021-04-02 18:45:00.0000000,Male,White,15,Thin,Short,Medium,Hispanic Origin,,0,MA,,1
,22463802648,FC21001276,2021-04-02 18:12:00.0000000,Male,Other,18,NULL,NULL,NULL,Hispanic Origin,,0,NULL,,0
,22463808958,FC21001276,2021-04-02 18:12:00.0000000,Male,Other,17,NULL,NULL,NULL,Hispanic Origin,,0,MA,Class D,1
,22463809495,FC21001276,2021-04-02 18:12:00.0000000,Male,White,17,Thin,Short,Medium,NULL,,0,MA,,0
,22463812517,FC21001276,2021-04-02 18:12:00.0000000,Male,Black,18,Unknown,NULL,NULL,Not of Hispanic Origin,,0,MA,,0
,22465279237,FC21001277,2021-04-02 21:27:00.0000000,Male,Asian,25,NULL,NULL,NULL,NULL,,0,NULL,,0
,22465351740,FC21001277,2021-04-02 21:27:00.0000000,Female,Asian,26,NULL,NULL,NULL,NULL,,0,NULL,,0
,22466950125,FC21001278,2021-04-01 00:00:00.0000000,Female,White,24,Heavy,Pony Tail,Light,Not of Hispanic Origin,,0,MA,ID Only - Never had Personal Driver License,0
,22466987267,FC21001278,2021-04-01 00:00:00.0000000,Male,White,81,Heavy,NULL,NULL,Not of Hispanic Origin,,0,MA,,0
,22473897554,FC21001279,2021-04-03 01:50:00.0000000,Male,Asian,38,Medium,Unkempt,NULL,Not of Hispanic Origin,,0,MA,Class D,0
,22477669744,FC21001280,2021-04-03 01:22:00.0000000,Male,Black,36,Thin,Dreadlocks,Medium,Not of Hispanic Origin,,0,MA,Class D,1
,22502518695,FC21001281,2021-04-03 12:00:00.0000000,Male,White,41,Medium,Unkempt,Brown,Not of Hispanic Origin,,0,MA,,0
,22507364046,FC21001282,2021-04-03 12:40:00.0000000,Male,White,45,NULL,NULL,NULL,Unknown,,0,NULL,,0
,22507409209,FC21001282,2021-04-03 12:40:00.0000000,Male,White,33,Thin,NULL,NULL,Not of Hispanic Origin,,0,MA,,0
,22507643759,FC21001282,2021-04-03 12:40:00.0000000,Male,White,46,NULL,NULL,NULL,Unknown,,0,NULL,,0
,22517751052,FC21001283,2021-04-03 14:26:00.0000000,Male,Black,50,Heavy,Bald or Balding,Medium Brown,Not of Hispanic Origin,,0,MA,"ID - Had a License, now has ID",0
,22525231653,FC21001284,2021-04-03 16:06:00.0000000,Male,Black,19,Thin,Dreadlocks,Light Brown,Hispanic Origin,,0,MA,ID Only - Never had Personal Driver License,1
,22525336826,FC21001284,2021-04-03 16:06:00.0000000,Male,Black,NULL,NULL,NULL,NULL,Unknown,,0,NULL,,0
,22525476161,FC21001284,2021-04-03 16:06:00.0000000,Male,Black,17,Medium,Curly,Dark,NULL,,0,MA,,0
,22525498189,FC21001284,2021-04-03 16:06:00.0000000,Male,Black,17,Thin,NULL,NULL,Not of Hispanic Origin,,0,MA,,0
,22525374751,FC21001285,2021-04-03 15:57:00.0000000,Male,White,47,NULL,NULL,NULL,Not of Hispanic Origin,,0,MA,Class D,0
,22527021231,FC21001286,2021-04-03 19:19:00.0000000,Male,Black,21,Medium,Braided,Medium,Not of Hispanic Origin,,0,MA,No License - Record Only,1
,22527335568,FC21001287,2021-04-03 20:00:00.0000000,Male,Black,36,Medium,NULL,Light Brown,Not of Hispanic Origin,,0,MA,,0
,22529703855,FC21001288,2021-04-03 21:24:00.0000000,Male,White,20,NULL,NULL,NULL,NULL,,0,AL,,0
,22530504855,FC21001289,2021-04-03 19:06:00.0000000,Male,Black,35,Heavy,NULL,NULL,Not of Hispanic Origin,,0,MA,,0
,22530521666,FC21001289,2021-04-03 19:06:00.0000000,Female,Black,20,NULL,NULL,NULL,Not of Hispanic Origin,,0,MA,,NULL
,22530800199,FC21001290,2021-04-03 20:32:00.0000000,Male,Black,18,Medium,Braided,Medium Brown,NULL,,0,MA,,0
,22531353190,FC21001291,2021-04-04 00:10:00.0000000,Male,Black,73,Medium,NULL,Dark Brown,Not of Hispanic Origin,,0,MA,,0
,22531426270,FC21001292,2021-04-04 01:45:00.0000000,Male,Black,24,NULL,NULL,NULL,Unknown,,0,MA,Class D,0
,22531930731,FC21001293,2021-04-04 00:23:00.0000000,Male,Black,32,Thin,NULL,NULL,Not of Hispanic Origin,,0,MA,,0
,22531944925,FC21001293,2021-04-04 00:23:00.0000000,Female,Black,32,Medium,NULL,NULL,Not of Hispanic Origin,,0,MA,,0
,22542787748,FC21001294,2021-04-04 10:15:00.0000000,Male,Black,27,Heavy,Curly,Dark,Not of Hispanic Origin,,0,MA,Class D,0
,22548953660,FC21001295,2021-04-03 15:24:00.0000000,Male,White,29,Thin,Curly,Light,NULL,,0,MA,,0
,22547956795,FC21001296,2021-04-04 13:03:00.0000000,Male,Black,35,Muscular,NULL,NULL,Not of Hispanic Origin,,0,MA,,0
,22548885699,FC21001297,2021-04-04 13:45:00.0000000,Male,Black,22,Thin,NULL,NULL,Hispanic Origin,,0,MA,Class D,0
,22548164234,FC21001298,2021-04-04 15:28:00.0000000,Male,White,56,Medium,NULL,NULL,Not of Hispanic Origin,,0,MA,,0
,22548167012,FC21001298,2021-04-04 15:28:00.0000000,Male,White,25,NULL,NULL,NULL,Not of Hispanic Origin,,0,NY,,NULL
,22548167943,FC21001298,2021-04-04 15:28:00.0000000,Male,White,45,Thin,NULL,NULL,Not of Hispanic Origin,,0,MA,,NULL
,22548447546,FC21001299,2021-04-04 00:00:00.0000000,Male,Black,25,NULL,NULL,NULL,Unknown,,0,MA,Class D,0
,22548604259,FC21001300,2021-04-04 18:12:00.0000000,Male,Black,51,Heavy,NULL,NULL,Not of Hispanic Origin,,0,MA,,0
,22548605672,FC21001300,2021-04-04 18:12:00.0000000,Male,Black,18,Medium,NULL,NULL,Not of Hispanic Origin,,0,MA,,NULL
,22548606534,FC21001300,2021-04-04 18:12:00.0000000,Female,Black,20,Heavy,NULL,Medium,NULL,,0,MA,Class D,NULL
,22548667889,FC21001301,2021-04-04 17:45:00.0000000,Male,White,39,Thin,Shaved Head,Medium,Hispanic Origin,,0,MA,Personal Driver License,0
,22548671057,FC21001301,2021-04-04 17:45:00.0000000,Male,White,37,Medium,Unkempt,Light,Not of Hispanic Origin,,0,MA,,0
,22549025984,FC21001302,2021-04-04 19:00:00.0000000,Male,White,47,Thin,Short,Light,NULL,,0,MA,,0
,22549027578,FC21001303,2021-04-03 16:45:00.0000000,Male,Black,30,NULL,NULL,NULL,Unknown,,0,MA,Class D,0
,22549028436,FC21001303,2021-04-03 16:45:00.0000000,Male,Black,39,Heavy,NULL,NULL,Not of Hispanic Origin,,0,MA,ID Only - Never had Personal Driver License,0
,22549062734,FC21001304,2021-04-04 17:23:00.0000000,Male,Black,24,Thin,Dreadlocks,NULL,Hispanic Origin,,0,MA,Class D,0
,22549063587,FC21001304,2021-04-04 17:23:00.0000000,Male,Black,28,NULL,NULL,NULL,Unknown,,0,MA,Class D,0
,22549069565,FC21001304,2021-04-04 17:23:00.0000000,Male,White,25,Thin,NULL,NULL,Hispanic Origin,,0,MA,,0
,22549075415,FC21001304,2021-04-04 17:23:00.0000000,Male,Black,28,NULL,NULL,NULL,Unknown,,0,MA,Class D,0
,22549277824,FC21001305,2021-04-04 20:00:00.0000000,Male,White,42,Heavy,Short,Light,Not of Hispanic Origin,,0,MA,,0
,22549281037,FC21001305,2021-04-04 20:00:00.0000000,Male,White,39,Medium,NULL,NULL,Not of Hispanic Origin,,0,MA,,0
,22549287048,FC21001305,2021-04-04 20:00:00.0000000,Male,Black,37,Medium,NULL,NULL,Not of Hispanic Origin,,0,MA,,0
,22549289285,FC21001305,2021-04-04 20:00:00.0000000,Male,White,34,Medium,NULL,NULL,Not of Hispanic Origin,,0,MA,,0
,22549472671,FC21001306,2021-04-04 21:55:00.0000000,Male,Black,20,NULL,NULL,NULL,Unknown,,0,MA,Class D,0
,22549477034,FC21001306,2021-04-04 21:55:00.0000000,Male,Black,18,Thin,Short,Light,Not of Hispanic Origin,,0,NULL,,0
,22549481540,FC21001306,2021-04-04 21:55:00.0000000,Male,Unknown,17,NULL,NULL,NULL,Unknown,,0,NULL,,0
,22549508069,FC21001307,2021-04-04 20:54:00.0000000,Female,White,32,NULL,NULL,NULL,Not of Hispanic Origin,,0,NULL,,1
,22550373217,FC21001308,2021-04-05 01:20:00.0000000,Male,Black,36,Medium,NULL,NULL,Not of Hispanic Origin,,0,MA,,1
,22552341865,FC21001309,2021-04-05 10:45:00.0000000,Male,White,51,Medium,NULL,NULL,Not of Hispanic Origin,,0,MA,,0
,22552353251,FC21001309,2021-04-05 10:45:00.0000000,Male,White,54,Thin,NULL,Light,NULL,,0,MA,"ID - Had a License, now has ID",0
,22552533243,FC21001310,2021-04-05 09:40:00.0000000,Female,White,31,Medium,NULL,NULL,Not of Hispanic Origin,,0,MA,,0
,22552537047,FC21001310,2021-04-05 09:40:00.0000000,Male,White,31,NULL,NULL,NULL,Not of Hispanic Origin,,0,NULL,,0
,22553186663,FC21001311,2021-04-05 12:15:00.0000000,Male,White,33,NULL,NULL,NULL,Hispanic Origin,,0,NULL,,0
,22553187499,FC21001311,2021-04-05 12:15:00.0000000,Female,White,32,NULL,NULL,NULL,Hispanic Origin,,0,RI,Class D,0
,22554247681,FC21001312,2021-04-05 14:33:00.0000000,Male,White,32,Medium,NULL,NULL,Not of Hispanic Origin,,0,MA,,0
,22556959044,FC21001313,2021-04-05 00:00:00.0000000,Male,Black,35,Thin,NULL,NULL,Not of Hispanic Origin,,0,MA,"ID - Had a License, now has ID",0
,22558883764,FC21001314,2021-04-05 16:25:00.0000000,Male,Black,66,Medium,NULL,NULL,Not of Hispanic Origin,,0,MA,,0
,22558974933,FC21001315,2021-04-05 16:25:00.0000000,Female,White,42,NULL,NULL,NULL,Not of Hispanic Origin,,0,MA,,0
,22559036232,FC21001316,2021-04-05 16:25:00.0000000,Male,White,59,Medium,Bushy,Fair,Not of Hispanic Origin,,0,MA,"ID - Had a License, now has ID",0
,22559483653,FC21001317,2021-04-05 00:00:00.0000000,Female,Black,38,Medium,NULL,NULL,Hispanic Origin,,0,MA,,0
,22559518930,FC21001317,2021-04-05 00:00:00.0000000,Male,Black,28,NULL,NULL,NULL,Unknown,,0,MA,Class D,NULL
,22559609961,FC21001317,2021-04-05 00:00:00.0000000,Male,Black,19,NULL,NULL,NULL,Unknown,,0,NULL,,NULL
,22560406545,FC21001318,2021-04-05 12:30:00.0000000,Male,White,34,Medium,Crew Cut,Light Brown,Not of Hispanic Origin,,0,MA,Class D,0
,22560411124,FC21001318,2021-04-05 12:30:00.0000000,Male,White,33,NULL,NULL,NULL,Unknown,,0,MA,Class D,NULL
,22567329625,FC21001319,2021-04-05 19:16:00.0000000,Male,White,20,Thin,Wavy,NULL,NULL,,0,MA,,1
,22567331875,FC21001319,2021-04-05 19:16:00.0000000,Male,Black,25,Thin,NULL,NULL,Hispanic Origin,,0,MA,,1
,22567393337,FC21001320,2021-04-05 20:40:00.0000000,Male,Black,24,Thin,NULL,Brown,Not of Hispanic Origin,,0,MA,Class D,1
,22567403611,FC21001320,2021-04-05 20:40:00.0000000,Male,Black,25,Thin,NULL,Medium Brown,NULL,,0,MA,,1
,22567411613,FC21001320,2021-04-05 20:40:00.0000000,Male,Black,27,Medium,NULL,Medium Brown,Not of Hispanic Origin,,0,MA,,1
,22567982574,FC21001321,2021-04-05 18:00:00.0000000,Male,Unknown,41,NULL,NULL,NULL,Unknown,,0,NULL,,NULL
,22568072342,FC21001321,2021-04-05 18:00:00.0000000,Male,Unknown,12,NULL,NULL,NULL,Hispanic Origin,,0,NULL,,NULL
,22568072342,FC21001321,2021-04-05 18:00:00.0000000,Male,Unknown,12,NULL,NULL,NULL,Hispanic Origin,,0,NULL,,0
,22568514743,FC21001322,2021-04-05 00:00:00.0000000,NULL,NULL,NULL,NULL,NULL,NULL,NULL,,0,NULL,,0
,22573304574,FC21001323,2021-04-05 20:13:00.0000000,Female,White,45,Thin,NULL,NULL,Not of Hispanic Origin,,0,MA,,0
,22584188592,FC21001324,2021-04-06 03:17:00.0000000,Male,Black,29,Heavy,NULL,NULL,Not of Hispanic Origin,,0,MA,,0
,22585652158,FC21001325,2021-04-06 02:59:00.0000000,Male,White,36,Medium,Wavy,Light,Not of Hispanic Origin,,0,MA,,0
,22585673287,FC21001325,2021-04-06 02:59:00.0000000,Male,White,42,Heavy,Short,Light,Not of Hispanic Origin,,0,MA,,0
,22585774747,FC21001325,2021-04-06 02:59:00.0000000,Male,White,45,NULL,NULL,NULL,Unknown,,0,MA,Class D,0
,22588077318,FC21001326,2021-04-06 02:10:00.0000000,Male,Black,29,Medium,NULL,Dark,Not of Hispanic Origin,,0,MA,Class D,1
,22588113533,FC21001326,2021-04-06 02:10:00.0000000,Male,Black,22,Medium,NULL,NULL,Not of Hispanic Origin,,0,MA,,1
,22596045333,FC21001327,2021-04-06 09:45:00.0000000,Male,Black,41,NULL,NULL,NULL,Not of Hispanic Origin,,0,NULL,,0
,22598800816,FC21001329,2021-04-06 11:00:00.0000000,Male,Black,20,Thin,Afro,Medium Brown,NULL,,0,MA,Class D,0
,22600674247,FC21001330,2021-04-06 11:50:00.0000000,Male,White,38,NULL,NULL,NULL,Not of Hispanic Origin,,0,NULL,,0
,22602706345,FC21001332,2021-04-06 00:00:00.0000000,Male,Black,29,Thin,Curly,Dark,NULL,,0,MA,,0
,22614867995,FC21001333,2021-04-06 12:06:00.0000000,Male to Female Transgender,Black,29,NULL,NULL,NULL,Not of Hispanic Origin,,0,NULL,,NULL
,22614867995,FC21001333,2021-04-06 12:06:00.0000000,Male to Female Transgender,Black,29,NULL,NULL,NULL,Not of Hispanic Origin,,0,NULL,,0
,22614871867,FC21001333,2021-04-06 12:06:00.0000000,Male,Black,28,Medium,Short,Medium Brown,Not of Hispanic Origin,,0,MA,Class D,1
,22614872699,FC21001333,2021-04-06 12:06:00.0000000,Male,Black,38,Medium,Bald or Balding,NULL,Not of Hispanic Origin,,0,MA,,0
,22614914011,FC21001334,2021-04-06 15:13:00.0000000,Male,Black,54,Medium,NULL,NULL,Not of Hispanic Origin,,0,NULL,,0
,22614918143,FC21001334,2021-04-06 15:13:00.0000000,Male,White,55,Medium,NULL,NULL,Hispanic Origin,,0,MA,,NULL
,22615508480,FC21001335,2021-04-06 13:10:00.0000000,Male,Black,26,NULL,NULL,NULL,Not of Hispanic Origin,,0,MA,,1
,22615524829,FC21001336,2021-04-06 16:34:00.0000000,Male,Black,22,Thin,Braided,Light Brown,Not of Hispanic Origin,,0,MA,,0
,22616097397,FC21001337,2021-04-06 16:20:00.0000000,Female,White,28,NULL,NULL,NULL,Not of Hispanic Origin,,0,MA,Class D,1
,22616102310,FC21001337,2021-04-06 16:20:00.0000000,Female,White,26,NULL,NULL,NULL,Not of Hispanic Origin,,0,MA,ID Only - Never had Personal Driver License,NULL
,22616200341,FC21001338,2021-04-06 18:24:00.0000000,Male,Black,18,NULL,NULL,NULL,NULL,,0,MA,Class D,0
,22620594764,FC21001339,2021-04-06 19:31:00.0000000,Male,Black,48,NULL,NULL,NULL,NULL,,0,NULL,,NULL
,22620610971,FC21001339,2021-04-06 19:31:00.0000000,Female,Black,33,Thin,NULL,NULL,Not of Hispanic Origin,,0,MA,,0
,22622269414,FC21001340,2021-04-06 21:08:00.0000000,Male,White,31,NULL,NULL,NULL,Not of Hispanic Origin,,0,MA,,0
,22622381141,FC21001341,2021-04-06 19:35:00.0000000,Male,Black,39,NULL,NULL,NULL,Unknown,,0,MA,Class D,0
,22622520173,FC21001341,2021-04-06 19:35:00.0000000,Male,Black,28,Thin,NULL,NULL,Not of Hispanic Origin,,0,MA,None,0
,22622388374,FC21001342,2021-04-06 21:00:00.0000000,Female,Black,25,Thin,NULL,NULL,Not of Hispanic Origin,,0,MA,,NULL
,22622269569,FC21001342,2021-04-06 21:00:00.0000000,Female,Black,17,NULL,NULL,NULL,Not of Hispanic Origin,,0,NULL,,NULL
,22622195101,FC21001342,2021-04-06 21:00:00.0000000,Male,Black,31,Unknown,NULL,NULL,Not of Hispanic Origin,,0,MA,,0
,22624864547,FC21001343,2021-04-05 12:15:00.0000000,Male,Black,28,Medium,NULL,NULL,Not of Hispanic Origin,,0,MA,,1
,22856516523,FC21001343,2021-04-05 12:15:00.0000000,Male,Black,24,Heavy,NULL,NULL,Not of Hispanic Origin,,0,MA,,1
,22856527808,FC21001343,2021-04-05 12:15:00.0000000,Male,Black,29,NULL,NULL,NULL,Not of Hispanic Origin,,0,NULL,,1
,22856557914,FC21001343,2021-04-05 12:15:00.0000000,Male,Black,18,NULL,NULL,NULL,Not of Hispanic Origin,,0,MA,ID Only - Never had Personal Driver License,1
,22628252090,FC21001344,2021-04-06 19:25:00.0000000,Male,Black,18,NULL,NULL,NULL,Hispanic Origin,,0,MA,Instruction Permit,NULL
,22628252090,FC21001344,2021-04-06 19:25:00.0000000,Male,Black,18,NULL,NULL,NULL,Hispanic Origin,,0,MA,Instruction Permit,NULL
,22628252090,FC21001344,2021-04-06 19:25:00.0000000,Male,Black,18,NULL,NULL,NULL,Hispanic Origin,,0,MA,Instruction Permit,1
,22628369577,FC21001344,2021-04-06 19:25:00.0000000,Male,Black,23,Thin,Short,Medium,Hispanic Origin,,0,MA,,1
,22628400926,FC21001344,2021-04-06 19:25:00.0000000,Male,White,21,Thin,Short,Medium,NULL,,0,MA,,1
,22639542741,FC21001345,2021-04-06 23:57:00.0000000,Male,Black,NULL,NULL,NULL,NULL,Not of Hispanic Origin,,0,MA,Class D,1
,22639548396,FC21001345,2021-04-06 23:57:00.0000000,Male,Black,21,Muscular,Short,Medium,NULL,,0,MA,,1
,22639535994,FC21001346,2021-04-07 00:30:00.0000000,Male,Black,20,Thin,Afro,Medium Brown,NULL,,0,MA,Class D,1
,22639538313,FC21001346,2021-04-07 00:30:00.0000000,Male,Black,17,Thin,Short,Medium Brown,NULL,,0,MA,,1
,22639539449,FC21001346,2021-04-07 00:30:00.0000000,Male,Black,19,Medium,Short,Medium Brown,Not of Hispanic Origin,,0,MA,,1
,22639956449,FC21001347,2021-04-07 02:01:00.0000000,Male,Black,19,Thin,Dreadlocks,Medium Brown,Unknown,,0,MA,,1
,22640058148,FC21001348,2021-04-07 02:49:00.0000000,Male,Black,22,Thin,Afro,Medium Brown,Unknown,,0,MA,,0
,22640112462,FC21001348,2021-04-07 02:49:00.0000000,Male,Unknown,21,NULL,NULL,NULL,Hispanic Origin,,0,MA,,0
,22640119521,FC21001348,2021-04-07 02:49:00.0000000,Male,Unknown,20,NULL,NULL,NULL,Hispanic Origin,,0,MA,,0
,22642725052,FC21001349,2021-04-07 04:50:00.0000000,Male,Black,39,Medium,NULL,Medium Brown,Unknown,,0,MA,,1
,22643063309,FC21001349,2021-04-07 04:50:00.0000000,Male,White,33,NULL,NULL,NULL,Unknown,,0,MA,Class D,0
,22644248532,FC21001350,2021-04-06 15:13:00.0000000,Male,Black,54,Medium,NULL,NULL,Not of Hispanic Origin,,0,NULL,,0
,22644252764,FC21001350,2021-04-06 15:13:00.0000000,Male,White,55,Medium,NULL,NULL,Hispanic Origin,,0,MA,,0
,22644486648,FC21001351,2021-04-07 03:01:00.0000000,Male,Black,55,Thin,NULL,NULL,Not of Hispanic Origin,,0,MA,,0
,22655619399,FC21001352,2021-04-07 10:55:00.0000000,Male,White,51,Medium,NULL,NULL,Not of Hispanic Origin,,0,MA,,0
,22658337900,FC21001353,2021-04-07 10:15:00.0000000,Male,Black,33,Thin,Short,Medium Brown,NULL,,0,MA,,NULL
,22658337900,FC21001353,2021-04-07 10:15:00.0000000,Male,Black,33,Thin,Short,Medium Brown,NULL,,0,MA,,1
,22658340987,FC21001353,2021-04-07 10:15:00.0000000,Male,Black,30,NULL,NULL,NULL,Not of Hispanic Origin,,0,NULL,,1
,22658434009,FC21001354,2021-04-07 12:11:00.0000000,Male,White,35,Thin,Curly,Light,Hispanic Origin,,0,MA,,0
,22658439027,FC21001355,2021-04-07 12:25:00.0000000,Female,White,35,NULL,NULL,NULL,Not of Hispanic Origin,,0,MA,Class D,0
,22658555724,FC21001355,2021-04-07 12:25:00.0000000,Male,White,34,Medium,Curly,Light,Not of Hispanic Origin,,0,MA,,0
,22658443435,FC21001356,2021-04-07 12:40:00.0000000,Female,White,28,Medium,Straight,NULL,NULL,,0,MA,,0
,22658445847,FC21001356,2021-04-07 12:40:00.0000000,Male,White,32,Thin,Fade,Light,Hispanic Origin,,0,MA,,0
,22658447086,FC21001356,2021-04-07 12:40:00.0000000,Male,White,35,Medium,NULL,NULL,Not of Hispanic Origin,,0,MA,,0
,22659024000,FC21001357,2021-04-07 11:55:00.0000000,Male,Black,29,Thin,Dreadlocks,Medium,NULL,,0,MA,,1
,22663922066,FC21001358,2021-04-07 13:47:00.0000000,Female,White,26,NULL,NULL,NULL,NULL,,0,NULL,,NULL
,22664088579,FC21001358,2021-04-07 13:47:00.0000000,Male,Asian,18,NULL,NULL,NULL,Not of Hispanic Origin,,0,MA,,1
,22674900362,FC21001359,2021-04-07 16:34:00.0000000,Male,Black,57,Medium,Short,NULL,NULL,,0,MA,,0
,22677371241,FC21001360,2021-04-03 16:50:00.0000000,Male,Black,30,Medium,Short,Dark Brown,Not of Hispanic Origin,,0,MA,Class D,0
,22678813984,FC21001361,2021-04-07 18:00:00.0000000,Female,White,30,Thin,Short,NULL,Not of Hispanic Origin,,0,MA,None,0
,22678813984,FC21001361,2021-04-07 18:00:00.0000000,Female,White,30,Thin,Short,NULL,Not of Hispanic Origin,,0,MA,None,NULL
,22679623567,FC21001362,2021-04-07 17:02:00.0000000,Male,White,23,Thin,NULL,NULL,Not of Hispanic Origin,,0,MA,,0
,22679645143,FC21001362,2021-04-07 17:02:00.0000000,Male,Black,23,NULL,NULL,NULL,Not of Hispanic Origin,,0,MA,Class D,0
,22679978551,FC21001362,2021-04-07 17:02:00.0000000,Male,Black,28,Muscular,NULL,NULL,Not of Hispanic Origin,,0,MA,,NULL
,22680605236,FC21001363,2021-04-07 21:06:00.0000000,Male,Black,21,NULL,NULL,NULL,Not of Hispanic Origin,,0,MA,Class D,0
,22680607571,FC21001363,2021-04-07 21:06:00.0000000,Male,Black,31,Medium,NULL,NULL,Not of Hispanic Origin,,0,MA,,0
,22680612179,FC21001363,2021-04-07 21:06:00.0000000,Female,Black,22,NULL,NULL,NULL,Not of Hispanic Origin,,0,NULL,,0
,22680615640,FC21001364,2021-04-07 18:15:00.0000000,Male,Black,34,Medium,NULL,NULL,Not of Hispanic Origin,,0,MA,,0
,22680616770,FC21001364,2021-04-07 18:15:00.0000000,Male,Black,36,Thin,NULL,NULL,Not of Hispanic Origin,,0,MA,,0
,22680617611,FC21001364,2021-04-07 18:15:00.0000000,Female,White,43,Stocky,Straight,Medium Brown,NULL,,0,MA,,1
,22680619232,FC21001364,2021-04-07 18:15:00.0000000,Female,White,48,NULL,NULL,NULL,Hispanic Origin,,0,NULL,,0
,22680693277,FC21001365,2021-04-07 18:39:00.0000000,Male,Black,27,Thin,Dreadlocks,Medium Brown,Not of Hispanic Origin,,0,MA,,1
,22680702321,FC21001366,2021-04-07 22:25:00.0000000,Male,Black,57,Medium,NULL,NULL,Not of Hispanic Origin,,0,MA,,1
,22680704805,FC21001366,2021-04-07 22:25:00.0000000,Male,Black,58,Medium,NULL,NULL,Not of Hispanic Origin,,0,MA,,0
,22680723840,FC21001367,2021-04-07 17:41:00.0000000,Male,White,44,Medium,Receding or Slightly Receding,NULL,Not of Hispanic Origin,,0,MA,"ID - Had a License, now has ID",0
,22680740470,FC21001368,2021-04-07 17:55:00.0000000,Female,White,39,NULL,NULL,NULL,Hispanic Origin,,0,NULL,,0
,22680743601,FC21001368,2021-04-07 17:55:00.0000000,Male,White,37,Heavy,NULL,NULL,Not of Hispanic Origin,,0,MA,,0
,22681235137,FC21001369,2021-04-08 01:50:00.0000000,Male,Black,29,Thin,Pony Tail,Light Brown,Hispanic Origin,,0,MA,Class D,0
,22681381651,FC21001370,2021-04-08 01:55:00.0000000,Male,Black,25,NULL,NULL,NULL,NULL,,0,MA,Class D,1
,22681384426,FC21001370,2021-04-08 01:55:00.0000000,Male,Black,30,Thin,NULL,NULL,Not of Hispanic Origin,,0,MA,,0
,22681393765,FC21001371,2021-04-08 03:27:00.0000000,Unknown,Unknown,NULL,NULL,NULL,NULL,Unknown,,0,NULL,,0
,22682657621,FC21001372,2021-04-08 08:38:00.0000000,Male,White,38,Stocky,NULL,NULL,Not of Hispanic Origin,,0,MA,,0
,22683145011,FC21001373,2021-04-08 09:45:00.0000000,Male,Black,22,NULL,NULL,NULL,Unknown,,0,NULL,,0
,22683371529,FC21001374,2021-04-08 09:52:00.0000000,Male,White,37,Unknown,NULL,NULL,Not of Hispanic Origin,,0,MA,,0
,22683733706,FC21001375,2021-04-08 10:28:00.0000000,Male,White,63,Medium,Straight,Light Brown,Hispanic Origin,,0,MA,Class D,0
,22685482184,FC21001376,2021-04-07 02:32:00.0000000,Male,Black,31,Stocky,NULL,NULL,Not of Hispanic Origin,,0,MA,,0
,22686579632,FC21001377,2021-04-07 00:00:00.0000000,Male,Black,37,NULL,NULL,NULL,Unknown,,0,NULL,,0
,22688784453,FC21001378,2021-04-07 15:30:00.0000000,Male,Black,55,Medium,Receding or Slightly Receding,Medium,Not of Hispanic Origin,,0,MA,,0
,22689946092,FC21001379,2021-04-08 13:09:00.0000000,Male,Black,22,Thin,Dreadlocks,Dark,Not of Hispanic Origin,,0,MA,,0
,22690697432,FC21001380,2021-04-08 13:00:00.0000000,Male,White,32,Muscular,Short,Light Brown,Hispanic Origin,,0,MA,Class D,0
,22690724954,FC21001380,2021-04-08 13:00:00.0000000,Male,Black,20,Thin,NULL,Light Brown,Hispanic Origin,,0,MA,,0
,22690854188,FC21001380,2021-04-08 13:00:00.0000000,Male,Black,26,NULL,NULL,NULL,Not of Hispanic Origin,,0,NULL,,0
,22692155623,FC21001381,2021-04-08 04:45:00.0000000,Male,White,37,Heavy,NULL,NULL,Not of Hispanic Origin,,0,MA,,0
,22692522038,FC21001382,2021-04-08 10:20:00.0000000,Female,White,32,NULL,NULL,NULL,Unknown,,0,MA,Class D,NULL
,22692556253,FC21001382,2021-04-08 10:20:00.0000000,Male,Black,31,Thin,NULL,NULL,Not of Hispanic Origin,,0,MA,,0
,22694994441,FC21001383,2021-04-08 17:50:00.0000000,Male,Black,47,Muscular,NULL,NULL,Not of Hispanic Origin,,0,MA,,0
,22695009707,FC21001383,2021-04-08 17:50:00.0000000,Male,White,40,Thin,Short,NULL,Not of Hispanic Origin,,0,MA,,0
,22695788447,FC21001384,2021-04-02 18:38:00.0000000,Male,Black,39,Medium,Unkempt,Medium Brown,Not of Hispanic Origin,,0,MA,ID Only - Never had Personal Driver License,1
,22695660310,FC21001385,2021-04-08 16:50:00.0000000,Male,White,38,Medium,Unkempt,Fair,Not of Hispanic Origin,,0,MA,ID Only - Never had Personal Driver License,0
,22695855618,FC21001386,2021-04-08 18:03:00.0000000,Male,Black,15,Stocky,Bushy,Light,Unknown,,0,NULL,,1
,22696056886,FC21001387,2021-04-08 18:10:00.0000000,Male,White,41,Thin,Bald or Balding,NULL,Not of Hispanic Origin,,0,MA,None,0
,22696436967,FC21001388,2021-04-08 18:30:00.0000000,Male,Black,22,Heavy,NULL,NULL,Hispanic Origin,,0,MA,Class D,1
,22696444574,FC21001388,2021-04-08 18:30:00.0000000,Male,Black,26,Medium,NULL,NULL,Not of Hispanic Origin,,0,MA,,1
,22696480517,FC21001388,2021-04-08 18:30:00.0000000,Male,Black,25,Thin,NULL,NULL,Not of Hispanic Origin,,0,MA,,1
,22696504880,FC21001388,2021-04-08 18:30:00.0000000,Male,Black,26,NULL,NULL,NULL,Not of Hispanic Origin,,0,MA,Class D,1
,22698924475,FC21001389,2021-04-08 19:46:00.0000000,Male,Black,27,Medium,NULL,NULL,Hispanic Origin,,0,MA,,0
,22701452350,FC21001390,2021-04-08 19:55:00.0000000,Male,White,44,NULL,NULL,NULL,NULL,,0,MA,Class D,NULL
,22701452350,FC21001390,2021-04-08 19:55:00.0000000,Male,White,44,NULL,NULL,NULL,NULL,,0,MA,Class D,0
,22701801554,FC21001391,2021-04-08 19:45:00.0000000,Male,Black,21,Medium,Short,Light Brown,NULL,,0,MA,,1
,22706844337,FC21001392,2021-04-09 00:59:00.0000000,Male,Black,28,Thin,NULL,Dark Brown,NULL,,0,MA,Class D,0
,22720889729,FC21001393,2021-04-08 12:13:00.0000000,Male,Black,24,Thin,NULL,NULL,Not of Hispanic Origin,,0,MA,,0
,22727129108,FC21001395,2021-04-09 12:10:00.0000000,Male,White,20,Thin,Unkempt,Light,Not of Hispanic Origin,,0,MA,Class D,1
,22727599165,FC21001396,2021-04-09 13:05:00.0000000,Male,White,37,Medium,NULL,Medium,Not of Hispanic Origin,,0,MA,Class D,0
,22729407393,FC21001397,2021-04-09 13:50:00.0000000,Male,Black,27,Medium,NULL,NULL,Not of Hispanic Origin,,0,MA,,0
,22728749081,FC21001398,2021-04-09 14:05:00.0000000,Male,Black,26,Thin,NULL,NULL,Not of Hispanic Origin,,0,MA,,0
,22728761228,FC21001398,2021-04-09 14:05:00.0000000,Male,Black,25,Medium,NULL,NULL,Not of Hispanic Origin,,0,MA,,0
,22728786550,FC21001398,2021-04-09 14:05:00.0000000,Male,Black,24,Medium,NULL,NULL,Not of Hispanic Origin,,0,MA,,0
,22734229369,FC21001399,2021-04-09 14:24:00.0000000,Male,White,28,Medium,Wavy,Light Brown,Hispanic Origin,,0,MA,No License - Record Only,1
,22734858596,FC21001400,2021-04-09 15:34:00.0000000,Male,Black,31,Medium,NULL,NULL,Not of Hispanic Origin,,0,MA,,1
,22739197163,FC21001401,2021-04-09 17:23:00.0000000,Male,White,35,Thin,NULL,NULL,Not of Hispanic Origin,,0,MA,,1
,22737803446,FC21001402,2021-04-09 16:00:00.0000000,Male,Black,48,Medium,Short,Light Brown,Not of Hispanic Origin,,0,MA,ID Only - Never had Personal Driver License,0
,22738235765,FC21001403,2021-04-09 19:10:00.0000000,Male,Black,26,Muscular,Braided,Dark,Not of Hispanic Origin,,0,MA,Class D,0
,22738503164,FC21001403,2021-04-09 19:10:00.0000000,Male,Black,33,Medium,NULL,NULL,Hispanic Origin,,0,MA,,0
,22738519978,FC21001404,2021-04-09 18:45:00.0000000,Female,Black,31,Medium,NULL,NULL,Not of Hispanic Origin,,0,MA,,NULL
,22738617044,FC21001404,2021-04-09 18:45:00.0000000,Male,Black,29,Medium,NULL,NULL,Not of Hispanic Origin,,0,MA,,NULL
,22738482195,FC21001404,2021-04-09 18:45:00.0000000,Male,Black,40,Medium,NULL,NULL,Not of Hispanic Origin,,0,MA,,0
,22742430984,FC21001405,2021-04-09 20:15:00.0000000,Female,Black,16,NULL,NULL,NULL,Not of Hispanic Origin,,0,NULL,,1
,22750081199,FC21001406,2021-04-09 22:03:00.0000000,Male,Black,60,Medium,NULL,NULL,Not of Hispanic Origin,,0,MA,Class D,0
,22750913024,FC21001407,2021-04-09 22:11:00.0000000,Male,Black,23,Thin,NULL,NULL,Not of Hispanic Origin,,0,MA,Class D,1
,22751399582,FC21001408,2021-04-09 00:00:00.0000000,Female,White,39,NULL,NULL,NULL,Hispanic Origin,,0,NULL,,0
,22751449371,FC21001409,2021-04-09 23:00:00.0000000,Male,Black,24,Thin,NULL,NULL,Not of Hispanic Origin,,0,MA,Class D,0
,22754457750,FC21001410,2021-04-10 00:30:00.0000000,Male,Black,27,Thin,NULL,NULL,Not of Hispanic Origin,,0,MA,,1
,22756675495,FC21001411,2021-04-10 01:36:00.0000000,Male,Black,26,Medium,NULL,NULL,Not of Hispanic Origin,,0,MA,,0
,22757650165,FC21001412,2021-04-09 10:30:00.0000000,Male,White,NULL,NULL,NULL,NULL,NULL,,0,NULL,,0
,22770428982,FC21001413,2021-04-10 09:39:00.0000000,Female,NULL,NULL,NULL,NULL,NULL,NULL,,0,NULL,,NULL
,22771384194,FC21001413,2021-04-10 09:39:00.0000000,Male,Black,60,Heavy,NULL,NULL,Not of Hispanic Origin,,0,MA,,0
,22771397518,FC21001413,2021-04-10 09:39:00.0000000,Female,White,60,NULL,NULL,NULL,Unknown,,0,NULL,,0
,22775654548,FC21001414,2021-04-09 14:14:00.0000000,Male,Black,25,Medium,Short,Light Brown,Unknown,,0,MA,,0
,22779704294,FC21001415,2021-04-10 12:15:00.0000000,Male,White,29,Thin,NULL,NULL,Hispanic Origin,,0,MA,"ID - Had a License, now has ID",0
,22783884069,FC21001416,2021-04-10 13:04:00.0000000,Male,White,38,Stocky,NULL,NULL,Not of Hispanic Origin,,0,MA,,0
,22788428360,FC21001417,2021-04-10 11:20:00.0000000,Male,Black,28,Medium,NULL,NULL,Not of Hispanic Origin,,0,MA,,0
,22789182924,FC21001418,2021-04-09 11:00:00.0000000,Male,White,23,Medium,NULL,NULL,Hispanic Origin,,0,MA,Class D,1
,22789248379,FC21001418,2021-04-09 11:00:00.0000000,Male,White,27,Medium,NULL,Medium,Hispanic Origin,,0,MA,Class D,1
,22794229101,FC21001419,2021-04-10 17:00:00.0000000,Male,Black,40,Medium,NULL,NULL,Not of Hispanic Origin,,0,MA,,1
,22794255861,FC21001419,2021-04-10 17:00:00.0000000,Male,Black,19,Medium,NULL,NULL,Not of Hispanic Origin,,0,MA,,NULL
,22805893739,FC21001420,2021-04-10 17:27:00.0000000,Male,White,32,Muscular,Short,Light Brown,Hispanic Origin,,0,MA,Class D,0
,22798895861,FC21001421,2021-04-10 15:03:00.0000000,Male,Black,19,NULL,NULL,NULL,Not of Hispanic Origin,,0,MA,Class D,0
,22798917960,FC21001421,2021-04-10 15:03:00.0000000,Male,Black,18,NULL,NULL,NULL,NULL,,0,NULL,,0
,22802277122,FC21001422,2021-04-10 19:42:00.0000000,Male,White,20,Medium,NULL,NULL,Hispanic Origin,,0,MA,ID Only - Never had Personal Driver License,1
,22811880229,FC21001423,2021-04-11 01:21:00.0000000,Male,Black,23,Medium,NULL,NULL,Not of Hispanic Origin,,0,MA,,1
,22813602192,FC21001424,2021-04-10 21:19:00.0000000,Male,Black,37,Heavy,NULL,NULL,Not of Hispanic Origin,,0,MA,Class D,1
,22817406835,FC21001425,2021-04-11 00:28:00.0000000,Male,White,21,NULL,NULL,NULL,Hispanic Origin,,0,NULL,,1
,22818080316,FC21001426,2021-04-11 02:51:00.0000000,Male,Black,17,Thin,NULL,NULL,Not of Hispanic Origin,,0,MA,ID Only - Never had Personal Driver License,1
,22818080446,FC21001426,2021-04-11 02:51:00.0000000,Male,Black,18,NULL,NULL,NULL,Not of Hispanic Origin,,0,MA,Class D,1
,22821555018,FC21001427,2021-04-11 06:27:00.0000000,Female,White,39,Medium,NULL,NULL,Not of Hispanic Origin,,0,MA,Class D,0
,22821557926,FC21001427,2021-04-11 06:27:00.0000000,Male,White,40,Thin,NULL,NULL,Not of Hispanic Origin,,0,MA,Class D,0
,22830317679,FC21001428,2021-04-08 13:00:00.0000000,Male,Black,14,Heavy,Curly,Dark Brown,Not of Hispanic Origin,,0,MA,,1
,22833732498,FC21001429,2021-04-11 11:15:00.0000000,Male,Black,28,Thin,Wavy,NULL,Not of Hispanic Origin,,0,MA,,0
,22834878228,FC21001430,2021-04-11 12:03:00.0000000,Female,White,33,Small,Straight,Fair,Not of Hispanic Origin,,0,MA,ID Only - Never had Personal Driver License,0
,22855770384,FC21001431,2021-04-11 19:41:00.0000000,Female,White,23,NULL,NULL,NULL,Not of Hispanic Origin,,0,MD,Class D,0
,22856101330,FC21001432,2021-04-10 17:00:00.0000000,Male,Black,22,Thin,NULL,NULL,Not of Hispanic Origin,,0,MA,,0
,22856115756,FC21001432,2021-04-10 17:00:00.0000000,Male,Black,26,Heavy,Short,Dark Brown,Not of Hispanic Origin,,0,MA,ID Only - Never had Personal Driver License,0
,22857904003,FC21001433,2021-04-11 20:18:00.0000000,Male,Black,28,Medium,NULL,NULL,Not of Hispanic Origin,,0,MA,None,0
,22857934120,FC21001433,2021-04-11 20:18:00.0000000,Female,Black,29,Medium,NULL,NULL,Hispanic Origin,,0,MA,,NULL
,22858288020,FC21001434,2021-04-11 19:24:00.0000000,Male,Black,17,Medium,Curly,Dark,NULL,,0,MA,,1
,22858294765,FC21001434,2021-04-11 19:24:00.0000000,Male,Black,20,NULL,NULL,NULL,Unknown,,0,NULL,,1
,22859611476,FC21001435,2021-04-08 17:30:00.0000000,Male,Black,28,Medium,Braided,NULL,Not of Hispanic Origin,,0,MA,Class D,1
,22859816366,FC21001435,2021-04-08 17:30:00.0000000,Male,Black,38,Medium,NULL,NULL,Not of Hispanic Origin,,0,MA,,1
,22859832289,FC21001435,2021-04-08 17:30:00.0000000,Male,Black,35,Medium,NULL,NULL,Not of Hispanic Origin,,0,MA,,1
,22859857451,FC21001435,2021-04-08 17:30:00.0000000,Male,Black,31,NULL,NULL,NULL,Not of Hispanic Origin,,0,MA,ID Only - Never had Personal Driver License,1
,22859897454,FC21001435,2021-04-08 17:30:00.0000000,Male,Black,32,Medium,NULL,NULL,Not of Hispanic Origin,,0,MA,,1
,22859918345,FC21001435,2021-04-08 17:30:00.0000000,Male,Black,43,Thin,NULL,NULL,Not of Hispanic Origin,,0,MA,,1
,22860102573,FC21001435,2021-04-08 17:30:00.0000000,Male,Black,25,Medium,NULL,NULL,Not of Hispanic Origin,,0,MA,,1
,22860277807,FC21001435,2021-04-08 17:30:00.0000000,Female,Black,54,NULL,NULL,NULL,Not of Hispanic Origin,,0,NULL,,1
,22860536811,FC21001435,2021-04-08 17:30:00.0000000,Female,Black,43,NULL,NULL,NULL,Not of Hispanic Origin,,0,NULL,,1
,22860109901,FC21001436,2021-04-11 19:13:00.0000000,Male,Black,34,Thin,NULL,NULL,Not of Hispanic Origin,,0,MA,,1
,22860123704,FC21001436,2021-04-11 19:13:00.0000000,Female,Black,24,Heavy,NULL,NULL,Not of Hispanic Origin,,0,MA,ID Only - Never had Personal Driver License,0
,22862842740,FC21001437,2021-04-11 22:00:00.0000000,Male,Black,21,NULL,NULL,NULL,NULL,,0,MA,Class D,0
,22863015726,FC21001437,2021-04-11 22:00:00.0000000,Male,Black,21,Heavy,NULL,NULL,Not of Hispanic Origin,,0,MA,ID Only - Never had Personal Driver License,0
,22863075031,FC21001437,2021-04-11 22:00:00.0000000,Male,Black,20,NULL,NULL,NULL,Not of Hispanic Origin,,0,MA,Class D,0
,22863120574,FC21001437,2021-04-11 22:00:00.0000000,Male,Black,20,NULL,NULL,NULL,NULL,,0,MA,,0
,22867944894,FC21001438,2021-04-12 01:39:00.0000000,Female,Unknown,36,NULL,NULL,NULL,NULL,,0,NULL,,0
,22867956988,FC21001438,2021-04-12 01:39:00.0000000,Male,Black,39,Medium,NULL,NULL,Hispanic Origin,,0,MA,,0
,22869121684,FC21001439,2021-04-12 01:36:00.0000000,Male,Black,27,Thin,NULL,NULL,Not of Hispanic Origin,,0,MA,Class D,0
,22873488566,FC21001440,2021-04-12 01:00:00.0000000,Male,Black,18,NULL,NULL,NULL,Not of Hispanic Origin,,0,MA,Class D,0
,22885137163,FC21001441,2021-04-12 12:00:00.0000000,Male,Black,58,Stocky,Short,Dark Brown,Not of Hispanic Origin,,0,MA,"ID - Had a License, now has ID",0
,22886305084,FC21001442,2021-04-12 11:08:00.0000000,Male,White,32,NULL,NULL,NULL,NULL,,0,NULL,,0
,22888206267,FC21001443,2021-04-12 13:01:00.0000000,Male,White,41,Medium,NULL,NULL,Hispanic Origin,,0,MA,,0
,22889803265,FC21001444,2021-04-12 13:00:00.0000000,Male,White,27,Thin,Braided,Light,Hispanic Origin,,0,MA,Class D,0
,22890945278,FC21001445,2021-04-12 14:25:00.0000000,Male,White,25,Thin,Short,Light,Not of Hispanic Origin,,0,MA,Class D,0
,22890973674,FC21001445,2021-04-12 14:25:00.0000000,Female,White,29,Medium,Wavy,Light,Not of Hispanic Origin,,0,MA,Class D,0
,22891513615,FC21001446,2021-04-12 00:00:00.0000000,Male,Black,42,NULL,NULL,NULL,Not of Hispanic Origin,,0,MA,,0
,22891540293,FC21001446,2021-04-12 00:00:00.0000000,Male,Black,19,Medium,NULL,NULL,Not of Hispanic Origin,,0,MA,,0
,22891919322,FC21001447,2021-04-12 15:12:00.0000000,Male,Black,25,Medium,Short,Dark,NULL,,0,MA,,0
,22893146713,FC21001448,2021-04-12 16:05:00.0000000,Male,Black,55,Thin,NULL,NULL,Hispanic Origin,,0,MA,"ID - Had a License, now has ID",0
,22893299783,FC21001449,2021-04-12 18:40:00.0000000,Female,White,26,Thin,NULL,NULL,Not of Hispanic Origin,,0,MA,,0
,22893301032,FC21001449,2021-04-12 18:40:00.0000000,Male,White,50,Thin,NULL,NULL,Not of Hispanic Origin,,0,MA,,0
,22893311911,FC21001450,2021-04-12 18:48:00.0000000,Male,White,29,Thin,NULL,NULL,Hispanic Origin,,0,MA,,0
,22893577023,FC21001451,2021-04-12 19:10:00.0000000,Male,Black,23,Medium,NULL,NULL,Not of Hispanic Origin,,0,MA,,1
,22893593211,FC21001451,2021-04-12 19:10:00.0000000,Male,Black,23,NULL,NULL,NULL,Not of Hispanic Origin,,0,MA,Class D,1
,22893614113,FC21001451,2021-04-12 19:10:00.0000000,Female,Black,24,NULL,NULL,NULL,Hispanic Origin,,0,MA,Class D,NULL
,22893620210,FC21001451,2021-04-12 19:10:00.0000000,Female,Black,22,NULL,NULL,NULL,Not of Hispanic Origin,,0,MA,,NULL
,22893606489,FC21001452,2021-04-12 16:59:00.0000000,Male,White,41,Thin,Short,Light,NULL,,0,MA,,1
,22894217836,FC21001453,2021-04-12 21:03:00.0000000,Male,White,36,Thin,Short,Light,Unknown,,0,MA,ID Only - Never had Personal Driver License,1
,22894220831,FC21001453,2021-04-12 21:03:00.0000000,Female,White,24,NULL,NULL,NULL,Not of Hispanic Origin,,0,NULL,,0
,22894222509,FC21001453,2021-04-12 21:03:00.0000000,Male,White,28,Thin,Shaved Head,Light,Not of Hispanic Origin,,0,MA,,0
,22893949198,FC21001454,2021-04-12 21:30:00.0000000,Male,Black,20,Thin,Afro,Medium Brown,NULL,,0,MA,Class D,0
,22893963319,FC21001454,2021-04-12 21:30:00.0000000,Male,Black,22,Stocky,Short,Dark Brown,Not of Hispanic Origin,,0,MA,ID Only - Never had Personal Driver License,0
,22893967696,FC21001454,2021-04-12 21:30:00.0000000,Male,Black,20,Thin,Afro,Brown,Not of Hispanic Origin,,0,MA,ID Only - Never had Personal Driver License,0
,22894343919,FC21001455,2021-04-12 23:25:00.0000000,Male,White,22,Medium,Short,Light Brown,Hispanic Origin,,0,MA,Class D,0
,22894622443,FC21001456,2021-04-09 01:00:00.0000000,Female,Black,28,NULL,NULL,NULL,Unknown,,0,MA,Class D,0
,22894975102,FC21001457,2021-04-13 00:23:00.0000000,Male,Black,38,Medium,NULL,NULL,Not of Hispanic Origin,,0,MA,,0
,22894986032,FC21001458,2021-04-13 04:20:00.0000000,Male,Black,39,NULL,NULL,NULL,Not of Hispanic Origin,,0,NULL,,0
,22894998721,FC21001459,2021-04-13 02:17:00.0000000,Male,Black,36,NULL,NULL,NULL,Not of Hispanic Origin,,0,MA,,0
,22897708973,FC21001460,2021-04-13 08:15:00.0000000,Male,Black,44,Thin,NULL,NULL,Not of Hispanic Origin,,0,MA,Other: Suspended,0
,22898069567,FC21001461,2021-04-13 10:23:00.0000000,Male,Black,34,Medium,NULL,NULL,Not of Hispanic Origin,,0,MA,Class D,0
,22898099321,FC21001462,2021-04-13 13:25:00.0000000,Male,Black,34,NULL,NULL,NULL,Not of Hispanic Origin,,0,NULL,,1
,22898928400,FC21001463,2021-04-13 11:00:00.0000000,Female,Black,40,Heavy,Short,Medium Brown,NULL,,0,MA,,1
,22899320039,FC21001464,2021-04-13 17:50:00.0000000,Male,Black,43,NULL,NULL,NULL,Unknown,,0,NULL,,0
,22900157952,FC21001465,2021-04-13 19:55:00.0000000,Male,Black,46,Medium,NULL,NULL,Hispanic Origin,,0,MA,,0
,22900129918,FC21001466,2021-04-13 19:05:00.0000000,Male,Black,48,Stocky,Curly,Dark Brown,Not of Hispanic Origin,,0,MA,Class D,0
,22900135932,FC21001466,2021-04-13 19:05:00.0000000,Male,Black,49,NULL,NULL,NULL,Not of Hispanic Origin,,0,MA,CDL Class B,0
,22900349803,FC21001467,2021-04-13 21:03:00.0000000,Male,White,37,Medium,NULL,Medium,Not of Hispanic Origin,,0,MA,Class D,1
,22900384960,FC21001468,2021-04-13 19:16:00.0000000,Male,Black,30,Medium,Short,Light,Hispanic Origin,,0,MA,Other: suspended,0
,22900389122,FC21001468,2021-04-13 19:16:00.0000000,Male,Black,23,Thin,Braided,NULL,NULL,,0,MA,Class D,0
,22900409577,FC21001469,2021-04-13 19:04:00.0000000,Male,Black,31,Medium,NULL,NULL,Not of Hispanic Origin,,0,MA,,0
,22900998161,FC21001471,2021-04-10 01:23:00.0000000,Male,Black,14,NULL,NULL,NULL,Not of Hispanic Origin,,0,NULL,,1
,22902018586,FC21001472,2021-04-14 10:00:00.0000000,Male,Black,42,Medium,NULL,NULL,Not of Hispanic Origin,,0,MA,Class D,0
,22902024894,FC21001472,2021-04-14 10:00:00.0000000,Female,White,38,Thin,Short,Light,Not of Hispanic Origin,,0,MA,Class D,0
,22902102864,FC21001473,2021-04-08 13:51:00.0000000,Male,Black,22,Thin,Short,NULL,NULL,,0,MA,,0
,22902103652,FC21001473,2021-04-08 13:51:00.0000000,Male,Black,21,Thin,Curly,Medium Brown,Not of Hispanic Origin,,0,MA,,0
,22902104086,FC21001473,2021-04-08 13:51:00.0000000,Male,Black,22,Thin,Braided,Medium Brown,Not of Hispanic Origin,,0,MA,Class D,0
,22902142828,FC21001474,2021-04-08 15:22:00.0000000,Male,Black,18,Medium,Fade,NULL,Not of Hispanic Origin,,0,MA,,0
,22902143797,FC21001474,2021-04-08 15:22:00.0000000,Male,Black,20,Heavy,NULL,NULL,Not of Hispanic Origin,,0,MA,,0
,22902320884,FC21001475,2021-04-14 00:00:00.0000000,Male,Black,26,Thin,Braided,Medium Brown,Not of Hispanic Origin,,0,MA,Class D,0
,22902602583,FC21001476,2021-04-14 11:15:00.0000000,Male,Black,25,Medium,Afro,Light,Not of Hispanic Origin,,0,MA,,0
,22902897898,FC21001477,2021-04-14 13:36:00.0000000,Male,White,38,Thin,Short,Light,Not of Hispanic Origin,,0,MA,,1
,22902904556,FC21001477,2021-04-14 13:36:00.0000000,Female,White,33,Thin,Straight,Light,Not of Hispanic Origin,,0,MA,,1
,22903026101,FC21001478,2021-04-14 14:05:00.0000000,Female,White,26,Medium,NULL,NULL,Not of Hispanic Origin,,0,MA,Class D,0
,22903034440,FC21001478,2021-04-14 14:05:00.0000000,Male,White,35,NULL,NULL,NULL,Not of Hispanic Origin,,0,MA,,0
,22903192884,FC21001479,2021-04-14 13:55:00.0000000,Male,Black,39,Heavy,Curly,Dark Brown,Not of Hispanic Origin,,0,MA,,1
,22903308612,FC21001480,2021-04-12 17:10:00.0000000,Male,Black,48,NULL,NULL,NULL,Unknown,,0,MA,Class D,0
,22903806313,FC21001481,2021-04-14 17:30:00.0000000,Male,Black,19,NULL,NULL,NULL,NULL,,0,NULL,,1
,22903808678,FC21001481,2021-04-14 17:30:00.0000000,Male,Black,20,NULL,NULL,NULL,Not of Hispanic Origin,,0,NULL,,1
,22903823784,FC21001481,2021-04-14 17:30:00.0000000,Male,NULL,16,NULL,NULL,NULL,NULL,,0,NULL,,1
,22903827092,FC21001481,2021-04-14 17:30:00.0000000,Female,Black,17,NULL,NULL,NULL,Not of Hispanic Origin,,0,NULL,,1
,22904023510,FC21001482,2021-04-14 18:30:00.0000000,Male,Black,30,Thin,NULL,NULL,Not of Hispanic Origin,,0,MA,,0
,22904331392,FC21001483,2021-04-13 18:01:00.0000000,Male,White,45,Thin,NULL,Pale,Not of Hispanic Origin,,0,MA,,0
,22904628081,FC21001484,2021-04-14 20:13:00.0000000,Female,Unknown,NULL,NULL,NULL,NULL,Unknown,,0,NULL,,NULL
,22904637486,FC21001484,2021-04-14 20:13:00.0000000,Male,White,NULL,NULL,NULL,NULL,Unknown,,0,NULL,,0
,22904688228,FC21001485,2021-04-14 19:43:00.0000000,Female,White,31,NULL,NULL,NULL,Unknown,,0,MA,Class D,0
,22904689632,FC21001485,2021-04-14 19:43:00.0000000,Male,Black,32,Thin,Short,Medium,Not of Hispanic Origin,,0,MA,Class D,0
,22904690590,FC21001485,2021-04-14 19:43:00.0000000,Female,White,52,Thin,Straight,Light,Not of Hispanic Origin,,0,MA,"ID - Had a License, now has ID",0
,22904692375,FC21001485,2021-04-14 19:43:00.0000000,Male,White,57,NULL,NULL,NULL,Unknown,,0,MA,Class D,0
,22905073061,FC21001486,2021-04-14 20:59:00.0000000,Male,Black,NULL,NULL,NULL,NULL,NULL,,0,NULL,,1
,22905828570,FC21001487,2021-04-15 01:30:00.0000000,Male,Black,35,Medium,Curly,Medium Brown,Not of Hispanic Origin,,0,MA,Class D,1
,22905831561,FC21001487,2021-04-15 01:30:00.0000000,Male,Black,33,Heavy,Dreadlocks,Medium Brown,NULL,,0,MA,,1
,22905999526,FC21001488,2021-04-15 00:53:00.0000000,Male,Black,29,Medium,NULL,NULL,Not of Hispanic Origin,,0,MA,,1
,22906000692,FC21001488,2021-04-15 00:53:00.0000000,Female,Black,22,NULL,NULL,NULL,Not of Hispanic Origin,,0,NULL,,NULL
,22906061019,FC21001489,2021-04-15 01:25:00.0000000,Male,Black,21,Thin,Short,Medium,Not of Hispanic Origin,,0,MA,,1
,22906065954,FC21001489,2021-04-15 01:25:00.0000000,Male,Black,22,Thin,NULL,Medium Brown,Not of Hispanic Origin,,0,MA,,NULL
,22906068070,FC21001489,2021-04-15 01:25:00.0000000,Male,Black,25,Medium,NULL,NULL,Not of Hispanic Origin,,0,MA,,NULL
,22906072402,FC21001489,2021-04-15 01:25:00.0000000,Female,Black,24,Medium,NULL,NULL,Not of Hispanic Origin,,0,MA,,NULL
,22906560789,FC21001490,2021-04-15 09:39:00.0000000,Male,Black,23,NULL,NULL,NULL,NULL,,0,NULL,,0
,22907012975,FC21001491,2021-04-15 11:29:00.0000000,Female,Black,47,NULL,NULL,NULL,Unknown,,0,NULL,,0
,22907964667,FC21001492,2021-04-15 11:30:00.0000000,Male,Black,29,Medium,NULL,NULL,Hispanic Origin,,0,MA,,0
,22908700947,FC21001493,2021-04-15 14:45:00.0000000,Female,Black,56,NULL,NULL,NULL,Not of Hispanic Origin,,0,MA,Class D,0
,22912854288,FC21001494,2021-04-15 17:32:00.0000000,Male,White,40,Medium,Bald or Balding,Light,NULL,,0,MA,,1
,22913139907,FC21001495,2021-04-13 21:53:00.0000000,Female,White,30,Medium,NULL,NULL,Not of Hispanic Origin,,0,MA,,0
,22913139907,FC21001495,2021-04-13 21:53:00.0000000,Female,White,30,Medium,NULL,NULL,Not of Hispanic Origin,,0,MA,,NULL
,22913140337,FC21001495,2021-04-13 21:53:00.0000000,Male,Black,37,NULL,NULL,NULL,Not of Hispanic Origin,,0,MA,,NULL
,22913140337,FC21001495,2021-04-13 21:53:00.0000000,Male,Black,37,NULL,NULL,NULL,Not of Hispanic Origin,,0,MA,,0
,22913566633,FC21001496,2021-04-15 13:50:00.0000000,Male,Black,25,NULL,NULL,NULL,Not of Hispanic Origin,,0,MA,Class D,NULL
,22913566633,FC21001496,2021-04-15 13:50:00.0000000,Male,Black,25,NULL,NULL,NULL,Not of Hispanic Origin,,0,MA,Class D,1
,22913915005,FC21001497,2021-04-14 00:00:00.0000000,Male,Black,42,Heavy,NULL,NULL,Not of Hispanic Origin,,0,MA,,NULL
,22913915005,FC21001497,2021-04-14 00:00:00.0000000,Male,Black,42,Heavy,NULL,NULL,Not of Hispanic Origin,,0,MA,,0
,22913915557,FC21001498,2021-04-15 22:05:00.0000000,Male,Black,29,Thin,NULL,NULL,Not of Hispanic Origin,,0,MA,,0
,22913949708,FC21001499,2021-04-15 20:32:00.0000000,Female,White,28,NULL,NULL,NULL,Not of Hispanic Origin,,0,NULL,,0
,22913975648,FC21001500,2021-04-15 22:40:00.0000000,Male,Black,32,NULL,NULL,NULL,Unknown,,0,MA,Class D,0
,22913975648,FC21001500,2021-04-15 22:40:00.0000000,Male,Black,32,NULL,NULL,NULL,Unknown,,0,MA,Class D,NULL
,22915566628,FC21001501,2021-04-15 13:31:00.0000000,Male,Black,25,NULL,NULL,NULL,Unknown,,0,MA,Class D,0
,22915807751,FC21001502,2021-04-16 10:13:00.0000000,Male,Black,32,Thin,NULL,NULL,Not of Hispanic Origin,,0,MA,,NULL
,22915807751,FC21001502,2021-04-16 10:13:00.0000000,Male,Black,32,Thin,NULL,NULL,Not of Hispanic Origin,,0,MA,,0
,22916123285,FC21001503,2021-04-16 09:00:00.0000000,Female,White,36,Medium,Wavy,Light,Not of Hispanic Origin,,0,MA,Class D,0
,22916127803,FC21001503,2021-04-16 09:00:00.0000000,Male,White,36,Medium,NULL,NULL,Not of Hispanic Origin,,0,MA,,0
,22916745868,FC21001504,2021-04-16 14:12:00.0000000,Male,Black,26,NULL,NULL,NULL,Hispanic Origin,,0,MA,,0
,22916777269,FC21001505,2021-04-16 12:18:00.0000000,Male,Black,19,Medium,Dreadlocks,Medium Brown,Unknown,,0,MA,,1
,22916778092,FC21001505,2021-04-16 12:18:00.0000000,Male,Black,21,Medium,Curly,Dark,NULL,,0,MA,,1
,22916778383,FC21001505,2021-04-16 12:18:00.0000000,Male,Black,22,Medium,NULL,NULL,Not of Hispanic Origin,,0,MA,Class D,0
,22916782974,FC21001505,2021-04-16 12:18:00.0000000,Male,Black,23,NULL,NULL,NULL,Unknown,,0,MA,Class D,0
,22916822342,FC21001506,2021-04-16 15:10:00.0000000,Male,White,44,Thin,Short,Light,Not of Hispanic Origin,,0,MA,,0
,22916828865,FC21001506,2021-04-16 15:10:00.0000000,Male,White,40,Medium,NULL,NULL,Not of Hispanic Origin,,0,MA,,0
,22916836356,FC21001507,2021-04-16 15:22:00.0000000,Male,White,39,Thin,Short,Light,Hispanic Origin,,0,MA,,0
,22916840293,FC21001507,2021-04-16 15:22:00.0000000,Female,White,39,NULL,NULL,NULL,Not of Hispanic Origin,,0,NULL,,0
,22916843509,FC21001507,2021-04-16 15:22:00.0000000,Male,White,46,Thin,NULL,NULL,Hispanic Origin,,0,MA,,0
,22916890057,FC21001508,2021-04-15 15:50:00.0000000,Male,White,56,Medium,NULL,NULL,Hispanic Origin,,0,MA,,0
,22917483226,FC21001509,2021-04-16 17:15:00.0000000,Male,NULL,22,Medium,Short,NULL,NULL,,0,MA,,1
,22917485634,FC21001509,2021-04-16 17:15:00.0000000,Male,Black,17,NULL,NULL,NULL,Not of Hispanic Origin,,0,NULL,,NULL
,22917487798,FC21001509,2021-04-16 17:15:00.0000000,Male,Black,17,Thin,Short,Medium Brown,Not of Hispanic Origin,,0,MA,,NULL
,22917550236,FC21001509,2021-04-16 17:15:00.0000000,Male,Black,20,Thin,Afro,Brown,Not of Hispanic Origin,,0,MA,ID Only - Never had Personal Driver License,NULL
,22917972880,FC21001510,2021-04-16 19:09:00.0000000,Male,Black,64,Medium,Curly,Medium Brown,Not of Hispanic Origin,,0,MA,,0
,22918081238,FC21001511,2021-04-16 19:00:00.0000000,Male,Black,23,Medium,NULL,NULL,Not of Hispanic Origin,,0,MA,Class D,1
,22918253206,FC21001512,2021-04-16 21:29:00.0000000,Female,White,29,NULL,NULL,NULL,Not of Hispanic Origin,,0,MA,Class D,1
,22918253408,FC21001512,2021-04-16 21:29:00.0000000,Male,White,31,NULL,NULL,NULL,Not of Hispanic Origin,,0,MA,Class D,1
,22918639607,FC21001513,2021-04-17 01:57:00.0000000,Male,White,49,Medium,Bald or Balding,Light,Not of Hispanic Origin,,0,MA,,1
,22918640149,FC21001513,2021-04-17 01:57:00.0000000,Male,Black,50,Heavy,Bald or Balding,Medium Brown,Not of Hispanic Origin,,0,MA,"ID - Had a License, now has ID",1
,22918640789,FC21001513,2021-04-17 01:57:00.0000000,Female,White,42,Unknown,NULL,NULL,Not of Hispanic Origin,,0,MA,,1
,22918705516,FC21001514,2021-04-17 01:30:00.0000000,Male,Black,18,NULL,NULL,NULL,NULL,,0,NULL,,1
,22919771610,FC21001515,2021-04-17 10:58:00.0000000,Male,White,37,Medium,NULL,NULL,Not of Hispanic Origin,,0,MA,,0
,22919619309,FC21001516,2021-04-17 11:55:00.0000000,Male,White,35,Medium,Bald or Balding,Light,NULL,,0,MA,,1
,22919977109,FC21001517,2021-04-17 13:46:00.0000000,Male,White,42,Thin,NULL,NULL,Hispanic Origin,,0,MA,,1
,22920145442,FC21001518,2021-04-17 12:00:00.0000000,Male to Female Transgender,Black,38,Medium,Afro,NULL,Not of Hispanic Origin,,0,MA,Class D,0
,22920343142,FC21001519,2021-04-12 17:00:00.0000000,Male,White,41,Thin,Short,Light,NULL,,0,MA,,1
,22920723929,FC21001520,2021-04-17 00:00:00.0000000,Male,Black,54,Medium,NULL,NULL,Not of Hispanic Origin,,0,MA,,0
,22922195600,FC21001521,2021-04-18 07:31:00.0000000,Male,White,33,Medium,Short,Pale,Not of Hispanic Origin,,0,NULL,,1
,22922195600,FC21001521,2021-04-18 07:31:00.0000000,Male,White,33,Medium,Short,Pale,Not of Hispanic Origin,,0,NULL,,NULL
,22922241318,FC21001522,2021-04-18 07:50:00.0000000,Male,White,41,NULL,NULL,NULL,Hispanic Origin,,0,MA,,0
,22922242618,FC21001522,2021-04-18 07:50:00.0000000,Female,White,36,NULL,NULL,NULL,Hispanic Origin,,0,MA,,0
,22922555556,FC21001523,2021-04-18 11:54:00.0000000,Male,Black,32,Heavy,NULL,NULL,Hispanic Origin,,0,MA,,0
,22922772640,FC21001524,2021-04-18 12:46:00.0000000,Male,White,40,NULL,NULL,NULL,Not of Hispanic Origin,,0,MA,Other: M,0
,22922853412,FC21001525,2021-04-18 14:30:00.0000000,Male,Black,18,Medium,NULL,NULL,Not of Hispanic Origin,,0,MA,,1
,22922882545,FC21001526,2021-04-18 13:39:00.0000000,Male,Black,43,Medium,Curly,Dark Brown,NULL,,0,MA,,1
,22923147088,FC21001527,2021-04-18 14:21:00.0000000,Male,White,22,Heavy,Short,Light,NULL,,0,MA,,1
,22923450963,FC21001528,2021-04-18 17:28:00.0000000,Male,White,17,Thin,Wavy,Light Brown,NULL,,0,MA,,1
,22923457378,FC21001528,2021-04-18 17:28:00.0000000,Male,White,16,NULL,NULL,NULL,Hispanic Origin,,0,NULL,,1
,22923458509,FC21001528,2021-04-18 17:28:00.0000000,Male,White,18,Thin,Short,Light,NULL,,0,MA,,0
,22923470513,FC21001528,2021-04-18 17:28:00.0000000,Male,White,17,NULL,NULL,NULL,Hispanic Origin,,0,NULL,,0
,22923487394,FC21001529,2021-04-18 18:50:00.0000000,Female,White,39,Medium,Unkempt,NULL,Not of Hispanic Origin,,0,MA,,0
,22923491461,FC21001529,2021-04-18 18:50:00.0000000,Male,Black,44,Medium,Unkempt,Medium Brown,Hispanic Origin,,0,MA,,0
,22923594903,FC21001530,2021-04-14 19:12:00.0000000,Male,Black,23,NULL,NULL,NULL,Unknown,,0,NULL,,0
,22923775937,FC21001531,2021-04-18 18:41:00.0000000,Male,Black,50,Medium,Short,Medium Brown,Unknown,,0,MA,,1
,22923776230,FC21001531,2021-04-18 18:41:00.0000000,Female,White,31,Medium,Straight,Medium,Not of Hispanic Origin,,0,MA,,1
,22923776968,FC21001531,2021-04-18 18:41:00.0000000,Male,Black,31,Medium,Short,Light Brown,Hispanic Origin,,0,MA,,NULL
,22923831437,FC21001532,2021-04-18 20:49:00.0000000,Male,Black,33,NULL,NULL,NULL,Not of Hispanic Origin,,0,MA,Class D,0
,22923835453,FC21001532,2021-04-18 20:49:00.0000000,Female,Black,35,NULL,NULL,NULL,Not of Hispanic Origin,,0,NULL,,0
,22923866962,FC21001533,2021-04-18 01:20:00.0000000,Male,White,41,NULL,NULL,NULL,Not of Hispanic Origin,,0,NULL,,0
,22923876983,FC21001535,2021-04-18 18:51:00.0000000,Male,Black,17,NULL,NULL,NULL,Not of Hispanic Origin,,0,AL,,1
,22924486528,FC21001536,2021-04-19 02:55:00.0000000,Male,Black,35,Thin,NULL,NULL,Hispanic Origin,,0,MA,,1
,22924488213,FC21001536,2021-04-19 02:55:00.0000000,Male,Black,34,Thin,NULL,NULL,Not of Hispanic Origin,,0,MA,"ID - Had a License, now has ID",0
,22924489669,FC21001536,2021-04-19 02:55:00.0000000,Female,White,40,NULL,NULL,NULL,Not of Hispanic Origin,,0,MA,"ID - Had a License, now has ID",0
,22929739749,FC21001536,2021-04-19 02:55:00.0000000,Male,Black,45,Medium,Curly,Medium Brown,Unknown,,0,MA,Class D,0
,22924531487,FC21001537,2021-04-19 01:57:00.0000000,Male,Black,30,Medium,Short,Dark Brown,Not of Hispanic Origin,,0,MA,Class D,1
,22924533640,FC21001537,2021-04-19 01:57:00.0000000,Male,Black,31,Stocky,NULL,NULL,Not of Hispanic Origin,,0,MA,Class D,1
,22925187643,FC21001538,2021-04-18 15:20:00.0000000,Male,Black,19,Thin,Braided,Brown,Hispanic Origin,,0,MA,Class D,0
,22928443136,FC21001539,2021-04-19 17:13:00.0000000,Male,Black,32,Medium,Bald or Balding,Dark Brown,Not of Hispanic Origin,,0,MA,Class D,0
,22928454573,FC21001540,2021-04-19 17:22:00.0000000,Male,Black,28,Medium,NULL,NULL,Hispanic Origin,,0,MA,,0
,22928629484,FC21001541,2021-04-19 18:05:00.0000000,Male,Black,41,Medium,NULL,Light Brown,Not of Hispanic Origin,,0,MA,"ID - Had a License, now has ID",0
,22929735500,FC21001542,2021-04-19 14:45:00.0000000,Male,Black,24,Medium,Braided,Dark Brown,Not of Hispanic Origin,,0,MA,ID Only - Never had Personal Driver License,0
,22929763377,FC21001543,2021-04-19 15:45:00.0000000,Male,Black,41,Medium,Unkempt,Dark,Not of Hispanic Origin,,0,MA,ID Only - Never had Personal Driver License,0
,22929957441,FC21001544,2021-04-19 19:00:00.0000000,Male,Black,32,Average,Braided,Fair,Not of Hispanic Origin,,0,MA,Class D,0
,22929961620,FC21001544,2021-04-19 19:00:00.0000000,Male,Black,35,Medium,NULL,NULL,Not of Hispanic Origin,,0,MA,,0
,22929963967,FC21001544,2021-04-19 19:00:00.0000000,Male,White,40,Thin,NULL,NULL,Hispanic Origin,,0,MA,,0
,22929994907,FC21001545,2021-04-19 21:04:00.0000000,Male,Black,30,Thin,NULL,NULL,Not of Hispanic Origin,,0,MA,,1
,22930182288,FC21001547,2021-04-19 21:54:00.0000000,Male,Black,48,Medium,Short,Dark,NULL,,0,MA,Class D,0
,22930184938,FC21001547,2021-04-19 21:54:00.0000000,Male to Female Transgender,Black,40,Thin,NULL,NULL,Hispanic Origin,,0,MA,,0
,22930223836,FC21001547,2021-04-19 21:54:00.0000000,Female,White,31,Medium,Straight,Medium,Not of Hispanic Origin,,0,MA,,0
,22930329065,FC21001548,2021-04-19 22:10:00.0000000,Male,White,51,Medium,Short,Light,NULL,,0,MA,,0
,22930330973,FC21001548,2021-04-19 22:10:00.0000000,Female,White,40,Medium,Short,Medium,NULL,,0,MA,"ID - Had a License, now has ID",0
,22931739437,FC21001549,2021-04-20 00:58:00.0000000,Male,Black,22,Medium,NULL,NULL,Not of Hispanic Origin,,0,MA,,1
,22931156339,FC21001550,2021-04-20 00:00:00.0000000,Male,Black,28,Stocky,NULL,NULL,Not of Hispanic Origin,,0,MA,,0
,22931157793,FC21001550,2021-04-20 00:00:00.0000000,Male,Black,27,Thin,NULL,NULL,Not of Hispanic Origin,,0,MA,,1
,22931985564,FC21001551,2021-04-19 09:00:00.0000000,Male,Black,55,Medium,Receding or Slightly Receding,Medium,Hispanic Origin,,0,MA,,0
,22932003551,FC21001551,2021-04-19 09:00:00.0000000,Female,Other,22,NULL,NULL,NULL,Not of Hispanic Origin,,0,NULL,,0
,22932028732,FC21001552,2021-04-19 09:15:00.0000000,Female,Other,38,NULL,NULL,NULL,Not of Hispanic Origin,,0,NULL,,0
,22932039392,FC21001552,2021-04-19 09:15:00.0000000,Male,Black,42,NULL,NULL,NULL,Not of Hispanic Origin,,0,NULL,,0
,22932154776,FC21001553,2021-04-19 17:30:00.0000000,Male,Black,23,Medium,NULL,Light Brown,NULL,,0,MA,,0
,22932393967,FC21001555,2021-04-20 08:19:00.0000000,Male,White,57,NULL,NULL,NULL,Not of Hispanic Origin,,0,NULL,,NULL
,22932395377,FC21001555,2021-04-20 08:19:00.0000000,Male,Black,47,Medium,Dreadlocks,NULL,Not of Hispanic Origin,,0,MA,,0
,22937263337,FC21001556,2021-04-20 00:00:00.0000000,Male,White,43,NULL,NULL,NULL,NULL,,0,MA,,0
,22939164568,FC21001557,2021-04-20 17:47:00.0000000,Female,Black,43,NULL,NULL,NULL,NULL,,0,NULL,,NULL
,22939215698,FC21001557,2021-04-20 17:47:00.0000000,NULL,NULL,NULL,NULL,NULL,NULL,NULL,,0,NULL,,0
,22967010118,FC21001558,2021-04-21 00:15:00.0000000,Male,Black,29,Medium,Braided,Medium Brown,Hispanic Origin,,0,MA,Class D,0
,22978986341,FC21001559,2021-04-21 01:33:00.0000000,Male,Black,19,Thin,Shaved Head,Dark Brown,Unknown,,0,MA,Class D,0
,22990573415,FC21001560,2021-04-20 18:30:00.0000000,Male,Black,31,Medium,NULL,NULL,Not of Hispanic Origin,,0,MA,,0
,23012257320,FC21001561,2021-04-20 14:57:00.0000000,Male,White,24,NULL,NULL,NULL,Hispanic Origin,,0,MA,Class D,NULL
,23012546200,FC21001561,2021-04-20 14:57:00.0000000,Female,Black,41,NULL,NULL,NULL,Unknown,,0,MA,Class D,0
,23013971202,FC21001562,2021-04-21 10:00:00.0000000,Male,Black,23,Medium,Braided,NULL,Not of Hispanic Origin,,0,MA,,0
,23017016586,FC21001563,2021-04-21 10:30:00.0000000,Male,White,43,NULL,NULL,NULL,Not of Hispanic Origin,,0,NULL,,0
,23017392702,FC21001563,2021-04-21 10:30:00.0000000,Male,White,44,Medium,Short,NULL,NULL,,0,MA,,0
,23041017358,FC21001564,2021-04-21 13:00:00.0000000,Female,White,43,NULL,NULL,NULL,NULL,,0,MA,,0
,23043574375,FC21001565,2021-04-21 16:30:00.0000000,Male,White,36,Thin,Short,Light,Not of Hispanic Origin,,0,MA,Class D,1
,23093641013,FC21001567,2021-04-22 01:13:00.0000000,Male,Black,24,Medium,Braided,Dark,Unknown,,0,MA,Class D,1
,23093727868,FC21001567,2021-04-22 01:13:00.0000000,Female,Black,25,Stocky,NULL,NULL,Not of Hispanic Origin,,0,MA,Class D,0
,23149059995,FC21001568,2021-04-22 09:26:00.0000000,Male,Black,38,Thin,NULL,Medium Brown,Not of Hispanic Origin,,0,MA,Class D,0
,23157449022,FC21001569,2021-04-22 00:00:00.0000000,Male,White,35,NULL,NULL,NULL,NULL,,0,NULL,,1
,23157867409,FC21001569,2021-04-22 00:00:00.0000000,Male,White,31,NULL,NULL,NULL,NULL,,0,NULL,,1
,23158143283,FC21001569,2021-04-22 00:00:00.0000000,Male,White,37,NULL,NULL,NULL,NULL,,0,NULL,,1
,23157598191,FC21001570,2021-04-22 00:00:00.0000000,Male,White,35,Medium,NULL,NULL,Not of Hispanic Origin,,0,MA,"ID - Had a License, now has ID",NULL
,23157598191,FC21001570,2021-04-22 00:00:00.0000000,Male,White,35,Medium,NULL,NULL,Not of Hispanic Origin,,0,MA,"ID - Had a License, now has ID",1
,23227699174,FC21001571,2021-04-22 13:00:00.0000000,Male,White,24,Thin,NULL,Medium Brown,Hispanic Origin,,0,MA,,1
,23177885784,FC21001572,2021-04-22 00:00:00.0000000,Male,White,44,Heavy,Short,Medium,Not of Hispanic Origin,,0,NULL,,1
,23178409524,FC21001572,2021-04-22 00:00:00.0000000,Female,White,37,Medium,NULL,NULL,Not of Hispanic Origin,,0,MA,,NULL
,23188288384,FC21001573,2021-04-19 18:30:00.0000000,Female,Black,40,Heavy,Short,Medium Brown,NULL,,0,MA,,0
,23189262173,FC21001574,2021-04-19 22:55:00.0000000,Female,Black,40,Heavy,Short,Medium Brown,NULL,,0,MA,,0
,23294129746,FC21001575,2021-04-23 05:56:00.0000000,Male,White,27,NULL,NULL,NULL,Not of Hispanic Origin,,0,MA,Class D,1
,23328125459,FC21001576,2021-04-23 10:26:00.0000000,Male,Black,24,Thin,NULL,NULL,Not of Hispanic Origin,,0,MA,,0
,23336159010,FC21001577,2021-04-23 11:32:00.0000000,Male,Black,45,Medium,Curly,Medium Brown,Unknown,,0,MA,Class D,0
,23352814448,FC21001578,2021-04-23 14:43:00.0000000,Male,Unknown,28,NULL,NULL,NULL,NULL,,0,NULL,,NULL
,23352819567,FC21001578,2021-04-23 14:43:00.0000000,Male,White,27,NULL,NULL,NULL,NULL,,0,NULL,,0
,23353314975,FC21001579,2021-04-23 15:45:00.0000000,Male,Black,50,NULL,NULL,NULL,Unknown,,0,MA,CDL Class B,1
,23353521658,FC21001580,2021-04-23 18:20:00.0000000,Male,White,36,NULL,NULL,NULL,Hispanic Origin,,0,MA,Class D,0
,23353527499,FC21001580,2021-04-23 18:20:00.0000000,Male,White,29,Medium,NULL,NULL,Hispanic Origin,,0,MA,,0
,23353677604,FC21001581,2021-04-23 18:01:00.0000000,Male,White,36,Thin,Short,Medium,Hispanic Origin,,0,MA,,0
,23353855397,FC21001582,2021-04-23 19:55:00.0000000,Male,Black,27,NULL,NULL,NULL,Hispanic Origin,,0,MA,,0
,23353993459,FC21001583,2021-04-23 19:35:00.0000000,Male,Black,36,Medium,NULL,Light Brown,Not of Hispanic Origin,,0,MA,,1
,23353994954,FC21001583,2021-04-23 19:35:00.0000000,Male,Black,41,Medium,Unkempt,Dark,Not of Hispanic Origin,,0,MA,ID Only - Never had Personal Driver License,1
,23354158954,FC21001584,2021-04-23 20:29:00.0000000,Female,White,34,NULL,NULL,NULL,Not of Hispanic Origin,,0,MA,"ID - Had a License, now has ID",1
,23355367093,FC21001586,2021-04-23 18:50:00.0000000,Male,White,38,Thin,NULL,NULL,Not of Hispanic Origin,,0,MA,,1
,23355418113,FC21001587,2021-04-24 09:07:00.0000000,Male,White,24,Medium,Short,Medium,Not of Hispanic Origin,,0,MA,,0
,23355423111,FC21001587,2021-04-24 09:07:00.0000000,Female,White,56,NULL,NULL,NULL,Not of Hispanic Origin,,0,MA,Class D,NULL
,23355660601,FC21001588,2021-04-24 00:00:00.0000000,Male,White,19,NULL,NULL,NULL,Hispanic Origin,,0,NULL,,1
,23355678284,FC21001589,2021-04-24 00:00:00.0000000,Male,White,56,NULL,NULL,NULL,Hispanic Origin,,0,MA,Class D,0
,23355678771,FC21001589,2021-04-24 00:00:00.0000000,Male,Other,61,NULL,NULL,NULL,Hispanic Origin,,0,NULL,,0
,23355756672,FC21001590,2021-04-23 21:00:00.0000000,Male,Asian,33,Medium,Short,Light,Not of Hispanic Origin,,0,MA,ID Only - Never had Personal Driver License,0
,23356017665,FC21001592,2021-04-24 14:55:00.0000000,Male,Black,39,Medium,NULL,NULL,Not of Hispanic Origin,,0,MA,"ID - Had a License, now has ID",1
,23356327387,FC21001593,2021-04-24 17:02:00.0000000,Male,White,32,NULL,NULL,NULL,Not of Hispanic Origin,,0,MA,Class D,0
,23356676966,FC21001594,2021-04-24 18:03:00.0000000,Male,White,27,NULL,NULL,NULL,Unknown,,0,MA,Class D,0
,23356650743,FC21001595,2021-04-24 00:00:00.0000000,Male,Black,21,NULL,NULL,NULL,Hispanic Origin,,0,MA,Class D,1
,23356654123,FC21001595,2021-04-24 00:00:00.0000000,Male,Unknown,25,NULL,NULL,NULL,NULL,,0,MA,Class D,1
,23356717369,FC21001596,2021-04-24 17:13:00.0000000,Male,Black,46,Thin,NULL,NULL,Not of Hispanic Origin,,0,MA,,1
,23357105064,FC21001597,2021-04-24 22:31:00.0000000,Male,White,37,Medium,NULL,NULL,Not of Hispanic Origin,,0,MA,,NULL
,23357105064,FC21001597,2021-04-24 22:31:00.0000000,Male,White,37,Medium,NULL,NULL,Not of Hispanic Origin,,0,MA,,1
,23357773354,FC21001598,2021-04-24 22:41:00.0000000,Male,Black,34,Medium,Braided,NULL,Not of Hispanic Origin,,0,MA,,1
,23357776507,FC21001598,2021-04-24 22:41:00.0000000,Male,Black,30,Heavy,Dreadlocks,Medium,Not of Hispanic Origin,,0,MA,,1
,23357917944,FC21001599,2021-04-24 23:55:00.0000000,Female,White,29,NULL,NULL,NULL,Not of Hispanic Origin,,0,MA,,NULL
,23360116505,FC21001599,2021-04-24 23:55:00.0000000,Male,White,52,NULL,NULL,NULL,Not of Hispanic Origin,,0,MA,Class D,1
,23358056775,FC21001600,2021-04-25 01:00:00.0000000,Male,White,27,Thin,Short,NULL,Not of Hispanic Origin,,0,MA,Class D,1
,23358057389,FC21001600,2021-04-25 01:00:00.0000000,Male,Black,21,Thin,NULL,NULL,Not of Hispanic Origin,,0,MA,,1
,23358277895,FC21001601,2021-04-25 08:45:00.0000000,Male,White,37,Medium,Unkempt,Light,Not of Hispanic Origin,,0,MA,,0
,23358278576,FC21001601,2021-04-25 08:45:00.0000000,Male,White,32,Thin,Receding or Slightly Receding,Fair,Not of Hispanic Origin,,0,MA,Class D,0
,23358279416,FC21001601,2021-04-25 08:45:00.0000000,Female,White,27,NULL,NULL,NULL,Not of Hispanic Origin,,0,MA,Class D,0
,23358280988,FC21001601,2021-04-25 08:45:00.0000000,Male,White,50,Thin,NULL,NULL,Not of Hispanic Origin,,0,MA,,0
,23358283678,FC21001601,2021-04-25 08:45:00.0000000,Male,White,34,Thin,NULL,NULL,NULL,,0,MA,,0
,23358284503,FC21001601,2021-04-25 08:45:00.0000000,Male,White,49,Thin,Wavy,Light,Not of Hispanic Origin,,0,MA,,0
,23358304224,FC21001601,2021-04-25 08:45:00.0000000,Male,White,40,Thin,Bald or Balding,Light,Hispanic Origin,,0,MA,ID Only - Never had Personal Driver License,0
,23358305606,FC21001601,2021-04-25 08:45:00.0000000,Male,White,39,Stocky,Short,Medium,Not of Hispanic Origin,,0,MA,,0
,23359019372,FC21001602,2021-04-25 12:30:00.0000000,Male,Black,34,Medium,NULL,NULL,Not of Hispanic Origin,,0,MA,,0
,23360058852,FC21001603,2021-04-25 22:53:00.0000000,Male,White,28,NULL,NULL,NULL,Not of Hispanic Origin,,0,NULL,,1
,23360168330,FC21001604,2021-04-24 15:45:00.0000000,Male,Black,26,Medium,Short,Light,Unknown,,0,MA,Class D,0
,23361241916,FC21001605,2021-04-26 10:13:00.0000000,Male,White,31,NULL,Short,Light,Not of Hispanic Origin,,0,MA,,1
,23361424866,FC21001606,2021-04-26 09:36:00.0000000,Male,White,26,NULL,NULL,NULL,Hispanic Origin,,0,NULL,,1
,23361710017,FC21001607,2021-04-26 11:01:00.0000000,Male,Black,35,Medium,NULL,NULL,Hispanic Origin,,0,MA,,NULL
,23361710017,FC21001607,2021-04-26 11:01:00.0000000,Male,Black,35,Medium,NULL,NULL,Hispanic Origin,,0,MA,,0
,23361771657,FC21001608,2021-04-26 11:20:00.0000000,Male,Black,22,Medium,Braided,NULL,Not of Hispanic Origin,,0,MA,Class D,1
,23361773344,FC21001608,2021-04-26 11:20:00.0000000,Male,Black,22,Thin,Short,Medium Brown,NULL,,0,MA,,0
,23361774363,FC21001608,2021-04-26 11:20:00.0000000,Male,Black,36,Heavy,NULL,NULL,Not of Hispanic Origin,,0,MA,,0
,23361788292,FC21001608,2021-04-26 11:20:00.0000000,Male,Black,21,Thin,Short,Dark,Not of Hispanic Origin,,0,MA,,0
,23363283407,FC21001609,2021-04-23 21:00:00.0000000,Male,Black,41,NULL,NULL,NULL,Unknown,,0,NULL,,0
,23363283544,FC21001609,2021-04-23 21:00:00.0000000,Female,White,27,Heavy,Straight,Light,Not of Hispanic Origin,,0,MA,Class D,0
,23363302763,FC21001610,2021-04-26 17:40:00.0000000,Male,Black,18,NULL,NULL,NULL,NULL,,0,NULL,,0
,23363308992,FC21001610,2021-04-26 17:40:00.0000000,Male,Black,18,Medium,NULL,NULL,Not of Hispanic Origin,,0,MA,,0
,23363797716,FC21001611,2021-04-26 17:17:00.0000000,Male,Black,46,Thin,Short,Medium,Not of Hispanic Origin,,0,MA,Personal Driver License,0
,23363873161,FC21001611,2021-04-26 17:17:00.0000000,Female,Black,33,Thin,Unkempt,Medium,Not of Hispanic Origin,,0,MA,,0
,23365459969,FC21001613,2021-04-26 09:20:00.0000000,Male,Black,36,Heavy,NULL,NULL,Not of Hispanic Origin,,0,MA,,0
,23365894090,FC21001614,2021-04-26 18:00:00.0000000,Male,Black,38,NULL,NULL,NULL,Not of Hispanic Origin,,0,NULL,,0
,23366139537,FC21001615,2021-04-26 18:00:00.0000000,Male,Black,21,Obese,NULL,Dark Brown,Not of Hispanic Origin,,0,MA,ID Only - Never had Personal Driver License,0
,23366139537,FC21001615,2021-04-26 18:00:00.0000000,Male,Black,21,Obese,NULL,Dark Brown,Not of Hispanic Origin,,0,MA,ID Only - Never had Personal Driver License,NULL
,23367008496,FC21001616,2021-04-26 20:00:00.0000000,Female,Black,26,NULL,NULL,NULL,Unknown,,0,NULL,,1
,23385155414,FC21001617,2021-04-27 02:05:00.0000000,Male,White,46,Medium,NULL,NULL,Not of Hispanic Origin,,0,MA,,0
,23388655331,FC21001618,2021-04-27 00:39:00.0000000,Male,White,48,NULL,NULL,NULL,Not of Hispanic Origin,,0,MA,ID Only - Never had Personal Driver License,0
,23401278001,FC21001619,2021-04-27 08:30:00.0000000,Male,Black,24,Medium,Curly,Medium Brown,Not of Hispanic Origin,,0,MA,ID Only - Never had Personal Driver License,0
,23401278228,FC21001619,2021-04-27 08:30:00.0000000,Male,Black,25,Obese,Curly,Medium Brown,Not of Hispanic Origin,,0,MA,,1
,23401292029,FC21001619,2021-04-27 08:30:00.0000000,Male,Black,23,NULL,NULL,NULL,Not of Hispanic Origin,,0,MA,,0
,23407978291,FC21001620,2021-04-27 12:05:00.0000000,Male,White,40,NULL,NULL,NULL,Hispanic Origin,,0,MA,Class D,0
,23408076140,FC21001620,2021-04-27 12:05:00.0000000,Male,Black,53,Medium,NULL,NULL,Not of Hispanic Origin,,0,MA,Class D,0
,23412221051,FC21001621,2021-04-27 11:19:00.0000000,Male,White,38,NULL,NULL,NULL,Not of Hispanic Origin,,0,MA,Class D,0
,23415694633,FC21001622,2021-04-27 15:05:00.0000000,Male,Black,32,NULL,NULL,NULL,Not of Hispanic Origin,,0,MA,Class D,0
,23419596855,FC21001623,2021-04-27 16:45:00.0000000,Male,White,27,Medium,NULL,NULL,Hispanic Origin,,0,MA,Class D,0
,23425068738,FC21001624,2021-04-27 18:22:00.0000000,Male,Black,37,Thin,Short,Dark Brown,Not of Hispanic Origin,,0,MA,,0
,23425133064,FC21001624,2021-04-27 18:22:00.0000000,Female,Black,34,NULL,NULL,NULL,Not of Hispanic Origin,,0,MA,,0
,23425598936,FC21001625,2021-04-27 10:50:00.0000000,Female,White,46,NULL,NULL,NULL,Not of Hispanic Origin,,0,MA,Class D,0
,23428191032,FC21001626,2021-04-27 17:58:00.0000000,Male,White,39,Medium,NULL,NULL,Not of Hispanic Origin,,0,MA,,1
,23428298322,FC21001626,2021-04-27 17:58:00.0000000,Male,Black,37,Medium,NULL,NULL,Not of Hispanic Origin,,0,MA,,0
,23433510423,FC21001627,2021-04-27 00:00:00.0000000,Male,White,41,NULL,NULL,NULL,Not of Hispanic Origin,,0,NULL,,0
,23436657019,FC21001628,2021-04-27 22:15:00.0000000,Male,Black,20,Thin,Short,Medium,Not of Hispanic Origin,,0,MA,ID Only - Never had Personal Driver License,1
,23436923632,FC21001628,2021-04-27 22:15:00.0000000,Male,Black,19,NULL,NULL,NULL,Hispanic Origin,,0,MA,None,1
,23438153178,FC21001629,2021-04-27 21:50:00.0000000,Male,Black,20,NULL,NULL,NULL,NULL,,0,MA,Instruction Permit,1
,23440521822,FC21001630,2021-04-27 21:40:00.0000000,Male,Black,28,Medium,NULL,NULL,Not of Hispanic Origin,,0,MA,,0
,23454221272,FC21001631,2021-04-28 04:40:00.0000000,Male,White,48,Thin,Receding or Slightly Receding,NULL,Not of Hispanic Origin,,0,MA,,0
,23456144720,FC21001632,2021-04-27 18:15:00.0000000,Male,Black,39,Medium,Braided,Light,Hispanic Origin,,0,MA,Class D,0
,23456170303,FC21001632,2021-04-27 18:15:00.0000000,Male,Black,42,Stocky,Short,Light Brown,NULL,,0,MA,,1
,23457176488,FC21001633,2021-04-28 00:00:00.0000000,Male,Black,22,Thin,Short,Medium Brown,NULL,,0,MA,,0
,23457180286,FC21001633,2021-04-28 00:00:00.0000000,Male,Black,22,Thin,Braided,Medium Brown,Not of Hispanic Origin,,0,MA,Class D,0
,23457218678,FC21001633,2021-04-28 00:00:00.0000000,Male,White,23,Heavy,Dreadlocks,Medium Brown,Unknown,,0,MA,Class D,0
,23457290758,FC21001633,2021-04-28 00:00:00.0000000,Female,Black,21,Thin,NULL,NULL,Not of Hispanic Origin,,0,MA,,0
,23457501903,FC21001634,2021-04-28 12:24:00.0000000,Male,Black,48,Medium,NULL,NULL,Hispanic Origin,,0,MA,,0
,23457614122,FC21001635,2021-04-28 08:30:00.0000000,Male,White,22,Heavy,Braided,Light Brown,Hispanic Origin,,0,MA,ID Only - Never had Personal Driver License,0
,23457674575,FC21001636,2021-04-28 09:30:00.0000000,Male,Black,40,Medium,Braided,Medium Brown,NULL,,0,MA,,0
,23457743024,FC21001637,2021-04-28 13:20:00.0000000,Female,White,40,NULL,NULL,NULL,NULL,,0,MA,Class D,0
,23458448305,FC21001638,2021-04-27 00:00:00.0000000,Male,Black,58,Heavy,NULL,NULL,Not of Hispanic Origin,,0,MA,,0
,23458452755,FC21001638,2021-04-27 00:00:00.0000000,Male,White,NULL,NULL,NULL,NULL,NULL,,0,NULL,,0
,23458472175,FC21001638,2021-04-27 00:00:00.0000000,Male,White,NULL,NULL,NULL,NULL,NULL,,0,NULL,,0
,23458937941,FC21001639,2021-04-28 17:30:00.0000000,Male,Black,25,Medium,Dreadlocks,Medium Brown,NULL,,0,MA,,1
,23460257382,FC21001640,2021-04-28 20:14:00.0000000,Male,Black,32,Medium,NULL,NULL,Not of Hispanic Origin,,0,MA,,1
,23460413146,FC21001640,2021-04-28 20:14:00.0000000,Male,Black,33,Medium,NULL,NULL,Hispanic Origin,,0,MA,,1
,23461196191,FC21001641,2021-04-28 15:58:00.0000000,Female,Black,37,NULL,NULL,NULL,Not of Hispanic Origin,,0,MA,Class D,NULL
,23461196191,FC21001641,2021-04-28 15:58:00.0000000,Female,Black,37,NULL,NULL,NULL,Not of Hispanic Origin,,0,MA,Class D,0
,23462044888,FC21001642,2021-04-28 20:33:00.0000000,Male,Black,46,Medium,Bald or Balding,Dark Brown,NULL,,0,MA,,1
,23462085672,FC21001642,2021-04-28 20:33:00.0000000,Male,White,37,Unknown,NULL,NULL,Not of Hispanic Origin,,0,MA,,1
,23462138899,FC21001642,2021-04-28 20:33:00.0000000,Female,Black,29,Medium,NULL,NULL,Not of Hispanic Origin,,0,MA,,1
,23466844491,FC21001644,2021-04-29 09:02:00.0000000,Male,Black,51,Thin,NULL,NULL,Not of Hispanic Origin,,0,MA,,0
,23466849202,FC21001644,2021-04-29 09:02:00.0000000,Female,Black,42,Thin,NULL,NULL,Not of Hispanic Origin,,0,MA,,0
,23469847272,FC21001645,2021-04-29 13:05:00.0000000,Male,Black,21,Thin,Short,Medium,NULL,,0,MA,,0
,23469894950,FC21001645,2021-04-29 13:05:00.0000000,Male,White,19,NULL,NULL,NULL,Hispanic Origin,,0,NULL,,0
,23473340273,FC21001646,2021-04-29 16:28:00.0000000,Male,White,26,Medium,Short,Light Brown,Hispanic Origin,,0,MA,ID Only - Never had Personal Driver License,0
,23474741669,FC21001647,2021-04-29 17:07:00.0000000,Male,White,36,Medium,NULL,NULL,Not of Hispanic Origin,,0,MA,"ID - Had a License, now has ID",0
,23474803491,FC21001647,2021-04-29 17:07:00.0000000,Female,White,29,NULL,NULL,NULL,NULL,,0,NULL,,0
,23474986466,FC21001648,2021-04-29 17:00:00.0000000,Male,White,24,NULL,NULL,NULL,Unknown,,0,NULL,,1
,23479454415,FC21001649,2021-04-29 06:14:00.0000000,Male,Black,51,Thin,NULL,Dark,Not of Hispanic Origin,,0,MA,,0
,23480459361,FC21001650,2021-04-28 21:00:00.0000000,Male,Black,31,Medium,NULL,NULL,Not of Hispanic Origin,,0,MA,Class D,1
,23480462277,FC21001650,2021-04-28 21:00:00.0000000,Male,Black,22,NULL,NULL,NULL,Unknown,,0,MA,None,1
,23488295060,FC21001652,2021-04-30 10:00:00.0000000,Male,White,29,Thin,NULL,NULL,Not of Hispanic Origin,,0,MA,,0
,23491597319,FC21001653,2021-04-30 15:00:00.0000000,Male,White,32,Heavy,Braided,Light Brown,Hispanic Origin,,0,MA,,0
,23491943745,FC21001654,2021-04-30 00:00:00.0000000,Male,White,42,Thin,NULL,NULL,Hispanic Origin,,0,MA,Class D,1
,23492021924,FC21001655,2021-04-30 16:30:00.0000000,Male,White,40,Thin,Short,NULL,Not of Hispanic Origin,,0,MA,,0
,23492129838,FC21001656,2021-04-30 16:31:00.0000000,Male,Black,28,Thin,Braided,Medium,NULL,,0,MA,,1
,23492130042,FC21001656,2021-04-30 16:31:00.0000000,Male,White,24,Medium,NULL,NULL,Hispanic Origin,,0,MA,,1
,23492684977,FC21001657,2021-04-30 00:00:00.0000000,Male,Black,24,NULL,NULL,NULL,NULL,,0,MA,,0
,23492687232,FC21001657,2021-04-30 00:00:00.0000000,Male,Black,43,NULL,NULL,NULL,Not of Hispanic Origin,,0,MA,Class D,0
,23492692535,FC21001657,2021-04-30 00:00:00.0000000,Male,Black,27,Medium,NULL,Medium Brown,Hispanic Origin,,0,MA,,0
,23492696473,FC21001658,2021-04-30 18:40:00.0000000,Male,Black,28,Medium,NULL,NULL,Not of Hispanic Origin,,0,MA,,0
,23494185467,FC21001659,2021-04-30 19:01:00.0000000,Female,Black,48,Medium,Curly,Medium Brown,NULL,,0,MA,,0
,23494190166,FC21001659,2021-04-30 19:01:00.0000000,Female,Black,23,Medium,NULL,NULL,Not of Hispanic Origin,,0,MA,,NULL
,23494249117,FC21001660,2021-04-30 20:26:00.0000000,Female,White,31,Medium,Straight,Medium,Not of Hispanic Origin,,0,MA,,0
,23494250881,FC21001660,2021-04-30 20:26:00.0000000,Male,White,45,NULL,NULL,NULL,Hispanic Origin,,0,NULL,,0
,23494615267,FC21001661,2021-04-27 18:39:00.0000000,Male,Black,14,Medium,Short,Light Brown,Not of Hispanic Origin,,0,NULL,,1
,23494662278,FC21001662,2021-04-30 19:20:00.0000000,Female,White,38,NULL,NULL,NULL,Not of Hispanic Origin,,0,NULL,,0
,23495311401,FC21001663,2021-05-01 00:41:00.0000000,Male,Black,43,NULL,NULL,NULL,Not of Hispanic Origin,,0,MA,Class D,1
,23495319137,FC21001664,2021-04-27 05:00:00.0000000,Male,Black,51,Thin,NULL,Dark,Not of Hispanic Origin,,0,MA,,0
,23495325729,FC21001665,2021-05-01 02:10:00.0000000,Female,White,34,Heavy,Straight,NULL,Hispanic Origin,,0,MA,Class D,NULL
,23495325729,FC21001665,2021-05-01 02:10:00.0000000,Female,White,34,Heavy,Straight,NULL,Hispanic Origin,,0,MA,Class D,0
,23495326250,FC21001665,2021-05-01 02:10:00.0000000,Male,Black,33,Heavy,Short,Medium Brown,Hispanic Origin,,0,MA,"ID - Had a License, now has ID",0
,23495979127,FC21001666,2021-05-01 06:30:00.0000000,Male,Black,33,Medium,Bald or Balding,Dark,NULL,,0,MA,,0
,23501321243,FC21001668,2021-05-01 14:48:00.0000000,Female,NULL,40,NULL,NULL,NULL,NULL,,0,NULL,,NULL
,23501322212,FC21001668,2021-05-01 14:48:00.0000000,Male,White,47,Thin,Short,Light,Not of Hispanic Origin,,0,MA,,0
,23501328861,FC21001668,2021-05-01 14:48:00.0000000,Female,White,26,NULL,NULL,NULL,Not of Hispanic Origin,,0,MA,Class D,0
,23508615582,FC21001669,2021-05-01 16:40:00.0000000,Male,White,22,Heavy,Braided,Light Brown,Hispanic Origin,,0,MA,ID Only - Never had Personal Driver License,0
,23509612309,FC21001670,2021-05-01 17:10:00.0000000,Male,Black,24,Medium,Short,Medium,Not of Hispanic Origin,,0,MA,Class D,0
,23510842615,FC21001671,2021-05-01 18:30:00.0000000,Male,Unknown,30,NULL,NULL,NULL,NULL,,0,MA,Class D,0
,23511936137,FC21001672,2021-05-01 19:00:00.0000000,Male,Black,25,Medium,Afro,Light,Not of Hispanic Origin,,0,MA,,0
,23512027754,FC21001672,2021-05-01 19:00:00.0000000,Male,Black,22,Thin,Dreadlocks,Dark,Not of Hispanic Origin,,0,MA,,0
,23518671231,FC21001673,2021-05-01 18:09:00.0000000,Male,Black,27,Thin,Bald or Balding,Medium,NULL,,0,MA,,0
,23524675487,FC21001674,2021-05-02 01:10:00.0000000,Male,Black,26,Medium,Dreadlocks,Dark Brown,Not of Hispanic Origin,,0,MA,Class D,0
,23525431606,FC21001675,2021-05-02 08:03:00.0000000,Male,White,26,NULL,NULL,NULL,Not of Hispanic Origin,,0,MA,,0
,23541111563,FC21001676,2021-05-01 17:37:00.0000000,Male,Black,18,NULL,NULL,NULL,NULL,,0,NULL,,0
,23541313039,FC21001676,2021-05-01 17:37:00.0000000,Female,Black,35,NULL,NULL,NULL,Not of Hispanic Origin,,0,MA,Class D,NULL
,23556788213,FC21001677,2021-05-02 17:28:00.0000000,Female,White,35,Thin,Straight,Fair,Not of Hispanic Origin,,0,MA,Class D,0
,23557393463,FC21001678,2021-05-02 15:20:00.0000000,Male,Black,24,NULL,NULL,NULL,Unknown,,0,MA,Class D,0
,23562524346,FC21001679,2021-05-02 21:23:00.0000000,Male,Black,19,NULL,NULL,NULL,NULL,,0,NULL,,1
,23568715098,FC21001680,2021-05-03 01:33:00.0000000,Male,Black,32,Heavy,NULL,NULL,Hispanic Origin,,0,MA,,1
,23569642315,FC21001681,2021-05-03 03:04:00.0000000,Male,Black,31,Medium,NULL,NULL,Not of Hispanic Origin,,0,MA,None,1
,23569633937,FC21001682,2021-05-03 03:30:00.0000000,Male,White,23,Medium,NULL,NULL,Hispanic Origin,,0,MA,,0
,23576440614,FC21001684,2021-05-03 09:19:00.0000000,Male,Black,45,Heavy,NULL,NULL,Not of Hispanic Origin,,0,MA,,1
,23578663656,FC21001685,2021-05-03 11:20:00.0000000,Male,White,54,Thin,Straight,Light,Not of Hispanic Origin,,0,MA,Class D,0
,23578675252,FC21001685,2021-05-03 11:20:00.0000000,Female,White,27,NULL,NULL,NULL,Not of Hispanic Origin,,0,MA,Class D,0
,23578706882,FC21001685,2021-05-03 11:20:00.0000000,Male,White,47,Thin,NULL,NULL,Not of Hispanic Origin,,0,MA,,0
,23580675997,FC21001686,2021-05-03 12:32:00.0000000,Male,Black,42,Stocky,Short,Light Brown,NULL,,0,MA,,1
,23580778404,FC21001687,2021-05-03 10:55:00.0000000,Female,White,50,Thin,Short,Light,Hispanic Origin,,0,MA,,1
,23580869875,FC21001687,2021-05-03 10:55:00.0000000,Female,White,40,Medium,Wavy,Medium,Not of Hispanic Origin,,0,MA,Class D,0
,23581690531,FC21001688,2021-05-03 12:32:00.0000000,Male,White,32,Heavy,Braided,Light Brown,Hispanic Origin,,0,MA,,1
,23581841632,FC21001688,2021-05-03 12:32:00.0000000,Male,Black,22,Thin,Short,Medium,NULL,,0,MA,Class D,1
,23582979281,FC21001690,2021-05-03 13:40:00.0000000,Male,White,37,Unknown,NULL,NULL,Not of Hispanic Origin,,0,MA,,0
,23582993866,FC21001690,2021-05-03 13:40:00.0000000,Female,Black,29,Medium,NULL,NULL,Not of Hispanic Origin,,0,MA,,NULL
,23584462162,FC21001691,2021-05-03 13:29:00.0000000,Male,White,36,NULL,NULL,NULL,Not of Hispanic Origin,,0,MA,Class D,1
,23584476988,FC21001691,2021-05-03 13:29:00.0000000,Female,White,39,Thin,NULL,NULL,Not of Hispanic Origin,,0,MA,,1
,23588775141,FC21001693,2021-05-03 17:00:00.0000000,Male,Black,30,Stocky,Short,Medium Brown,Hispanic Origin,,0,MA,Class D,0
,23589269310,FC21001695,2021-05-03 17:05:00.0000000,Male,White,19,Thin,NULL,NULL,Hispanic Origin,,0,MA,,0
,23589904653,FC21001696,2021-05-03 18:53:00.0000000,Male,Black,30,Stocky,Short,Medium Brown,Hispanic Origin,,0,MA,Class D,NULL
,23589904653,FC21001696,2021-05-03 18:53:00.0000000,Male,Black,30,Stocky,Short,Medium Brown,Hispanic Origin,,0,MA,Class D,0
,23589952747,FC21001697,2021-05-03 18:55:00.0000000,Male,White,30,Medium,NULL,NULL,Not of Hispanic Origin,,0,MA,,0
,23589955178,FC21001697,2021-05-03 18:55:00.0000000,Female,White,35,NULL,NULL,NULL,Not of Hispanic Origin,,0,NULL,,0
,23589957894,FC21001697,2021-05-03 18:55:00.0000000,Female,White,23,NULL,NULL,NULL,Not of Hispanic Origin,,0,NULL,,0
,23589959770,FC21001697,2021-05-03 18:55:00.0000000,Male,White,36,Thin,Straight,Light,Not of Hispanic Origin,,0,MA,Class D,0
,23590125269,FC21001698,2021-05-03 18:45:00.0000000,Male,Black,41,Thin,Short,Medium Brown,Not of Hispanic Origin,,0,MA,Personal Driver License,1
,23590235965,FC21001699,2021-05-03 17:00:00.0000000,Male,White,38,Medium,Short,Medium,Hispanic Origin,,0,MA,Class D,0
,23590240074,FC21001699,2021-05-03 17:00:00.0000000,Male,White,34,Thin,Short,NULL,Hispanic Origin,,0,MA,Class D,0
,23590254985,FC21001700,2021-05-03 00:00:00.0000000,Male,White,36,NULL,NULL,NULL,Hispanic Origin,,0,MA,Class D,NULL
,23590254985,FC21001700,2021-05-03 00:00:00.0000000,Male,White,36,NULL,NULL,NULL,Hispanic Origin,,0,MA,Class D,0
,23590269165,FC21001703,2021-05-03 00:00:00.0000000,Male,White,52,Heavy,Short,Light,NULL,,0,MA,,NULL
,23590269165,FC21001703,2021-05-03 00:00:00.0000000,Male,White,52,Heavy,Short,Light,NULL,,0,MA,,0
,23590270780,FC21001704,2021-05-03 19:30:00.0000000,Male,Black,24,NULL,NULL,NULL,Not of Hispanic Origin,,0,MA,Class D,0
,23590297516,FC21001705,2021-05-03 17:11:00.0000000,Male,Other,43,NULL,NULL,NULL,Hispanic Origin,,0,NULL,,0
,23590405182,FC21001706,2021-05-03 21:40:00.0000000,Male,Black,20,Medium,NULL,NULL,Not of Hispanic Origin,,0,MA,,1
,23590414596,FC21001707,2021-05-03 17:47:00.0000000,Male,Black,22,Medium,NULL,NULL,Hispanic Origin,,0,MA,,1
,23590421188,FC21001707,2021-05-03 17:47:00.0000000,Female,Other,24,NULL,NULL,NULL,NULL,,0,MA,,0
,23590454713,FC21001708,2021-05-03 20:39:00.0000000,Male,Black,36,Medium,NULL,Light Brown,Not of Hispanic Origin,,0,MA,,1
,23590455312,FC21001708,2021-05-03 20:39:00.0000000,Male,Black,41,Medium,Unkempt,Dark,Not of Hispanic Origin,,0,MA,ID Only - Never had Personal Driver License,1
,23591126252,FC21001709,2021-05-03 23:05:00.0000000,Male,White,33,Heavy,NULL,NULL,Hispanic Origin,,0,MA,,0
,23597473603,FC21001710,2021-05-04 00:40:00.0000000,Male,White,45,Thin,NULL,Pale,Not of Hispanic Origin,,0,MA,,1
,23597486244,FC21001710,2021-05-04 00:40:00.0000000,Male,Black,54,Thin,NULL,NULL,Not of Hispanic Origin,,0,MA,,1
,23597499023,FC21001710,2021-05-04 00:40:00.0000000,Male,White,22,Thin,NULL,NULL,Hispanic Origin,,0,MA,,1
,23597588954,FC21001710,2021-05-04 00:40:00.0000000,Male,Black,54,Muscular,Bald or Balding,Dark,Not of Hispanic Origin,,0,MA,"ID - Had a License, now has ID",1
,23597601572,FC21001710,2021-05-04 00:40:00.0000000,Female,Black,53,Medium,Short,Dark,Not of Hispanic Origin,,0,MA,,0
,23597632801,FC21001710,2021-05-04 00:40:00.0000000,Male,Black,50,Stocky,Short,Light,Unknown,,0,MA,,1
,23614885215,FC21001711,2021-05-04 14:24:00.0000000,Male,Black,49,Thin,Short,Light Brown,Hispanic Origin,,0,MA,ID Only - Never had Personal Driver License,0
,23619018880,FC21001712,2021-05-04 00:00:00.0000000,Male,Black,35,Medium,Braided,Dark Brown,Not of Hispanic Origin,,0,MA,,1
,23621682060,FC21001713,2021-05-04 15:18:00.0000000,Male,White,41,Thin,Bald or Balding,NULL,Not of Hispanic Origin,,0,MA,None,0
,23621684437,FC21001713,2021-05-04 15:18:00.0000000,Female,White,49,Heavy,Unkempt,Light,Not of Hispanic Origin,,0,MA,Class D,NULL
,23625037648,FC21001715,2021-05-04 18:12:00.0000000,Male,White,24,Muscular,NULL,NULL,Hispanic Origin,,0,MA,,NULL
,23625054234,FC21001715,2021-05-04 18:12:00.0000000,Male,White,21,Thin,NULL,NULL,Hispanic Origin,,0,MA,,NULL
,23625054234,FC21001715,2021-05-04 18:12:00.0000000,Male,White,21,Thin,NULL,NULL,Hispanic Origin,,0,MA,,0
,23625734690,FC21001716,2021-05-04 17:45:00.0000000,Male,Black,28,Thin,Braided,Medium,NULL,,0,MA,,0
,23626963375,FC21001717,2021-05-04 09:00:00.0000000,Male,Black,61,NULL,NULL,NULL,Not of Hispanic Origin,,0,NULL,,0
,23627000137,FC21001718,2021-05-04 16:41:00.0000000,Female,White,32,NULL,NULL,NULL,NULL,,0,MA,Class D,0
,23627009659,FC21001718,2021-05-04 16:41:00.0000000,Male,White,44,Thin,NULL,NULL,NULL,,0,MA,"ID - Had a License, now has ID",0
,23627032812,FC21001719,2021-05-04 19:43:00.0000000,Male,White,NULL,NULL,NULL,NULL,NULL,,0,NULL,,NULL
,23627032812,FC21001719,2021-05-04 19:43:00.0000000,Male,White,NULL,NULL,NULL,NULL,NULL,,0,NULL,,0
,23627036248,FC21001719,2021-05-04 19:43:00.0000000,Male,White,NULL,NULL,NULL,NULL,NULL,,0,NULL,,0
,23627036248,FC21001719,2021-05-04 19:43:00.0000000,Male,White,NULL,NULL,NULL,NULL,NULL,,0,NULL,,NULL
,23627083979,FC21001720,2021-05-04 20:40:00.0000000,Male,Black,31,NULL,NULL,NULL,Not of Hispanic Origin,,0,MA,Class D,0
,23627178981,FC21001721,2021-05-04 21:00:00.0000000,Male,Black,54,Thin,NULL,Medium Brown,Hispanic Origin,,0,MA,ID Only - Never had Personal Driver License,0
,23627181073,FC21001721,2021-05-04 21:00:00.0000000,Male,Black,62,Unknown,NULL,NULL,Not of Hispanic Origin,,0,MA,,0
,23627181987,FC21001721,2021-05-04 21:00:00.0000000,Female,White,27,NULL,NULL,NULL,Not of Hispanic Origin,,0,MA,"ID - Had a License, now has ID",0
,23627184670,FC21001721,2021-05-04 21:00:00.0000000,Male,White,37,NULL,NULL,NULL,Unknown,,0,NULL,,0
,23627187556,FC21001721,2021-05-04 21:00:00.0000000,Male,Black,61,NULL,NULL,NULL,Unknown,,0,NULL,,0
,23627330776,FC21001722,2021-05-04 22:07:00.0000000,Male,Black,27,Thin,Bald or Balding,Medium,NULL,,0,MA,,1
,23627332769,FC21001722,2021-05-04 22:07:00.0000000,Female,Black,25,Medium,NULL,NULL,Not of Hispanic Origin,,0,MA,,1
,23627638965,FC21001723,2021-05-05 00:40:00.0000000,Male,White,34,Medium,Wavy,Light,Unknown,,0,MA,Class D,1
,23627640002,FC21001723,2021-05-05 00:40:00.0000000,Male,Black,54,Medium,NULL,Dark,Not of Hispanic Origin,,0,MA,None,1
,23627642563,FC21001723,2021-05-05 00:40:00.0000000,Male,Black,57,Thin,NULL,NULL,Not of Hispanic Origin,,0,MA,,1
,23627644320,FC21001723,2021-05-05 00:40:00.0000000,Male,Black,51,NULL,NULL,NULL,Unknown,,0,NULL,,0
,23627689294,FC21001724,2021-05-05 01:19:00.0000000,Male,Black,20,NULL,NULL,NULL,Not of Hispanic Origin,,0,MA,Class D,0
,23628951530,FC21001725,2021-05-05 09:00:00.0000000,Male,Black,64,Medium,Bald or Balding,Dark Brown,Not of Hispanic Origin,,0,MA,Class D,0
,23631307814,FC21001726,2021-05-05 11:40:00.0000000,Male,Black,25,Thin,NULL,NULL,Not of Hispanic Origin,,0,MA,,0
,23631448505,FC21001726,2021-05-05 11:40:00.0000000,Male,Black,30,Medium,Short,Dark Brown,Not of Hispanic Origin,,0,MA,Class D,0
,23631536806,FC21001726,2021-05-05 11:40:00.0000000,Female,Black,19,Thin,Curly,Medium Brown,Not of Hispanic Origin,,0,MA,,NULL
,23632095829,FC21001727,2021-05-05 13:38:00.0000000,Male,White,47,Medium,Short,Light,Not of Hispanic Origin,,0,MA,,1
,23632192841,FC21001728,2021-05-05 13:37:00.0000000,Male,White,51,Medium,NULL,NULL,Hispanic Origin,,0,MA,,0
,23632310857,FC21001729,2021-05-05 13:25:00.0000000,Male,White,50,Stocky,NULL,NULL,Hispanic Origin,,0,MA,,0
,23632755977,FC21001730,2021-05-05 15:03:00.0000000,Male,Black,32,NULL,NULL,NULL,Not of Hispanic Origin,,0,NULL,,0
,23632770595,FC21001731,2021-05-05 12:45:00.0000000,Female,Black,30,NULL,NULL,NULL,Not of Hispanic Origin,,0,MA,None,0
,23632808426,FC21001731,2021-05-05 12:45:00.0000000,Male,Black,36,NULL,NULL,NULL,Not of Hispanic Origin,,0,NC,None,1
,23633557547,FC21001732,2021-05-05 17:30:00.0000000,Male,Black,26,Medium,NULL,Light,NULL,,0,MA,,1
,23634011450,FC21001733,2021-05-05 19:35:00.0000000,Male,Black,22,Medium,NULL,NULL,Not of Hispanic Origin,,0,MA,,0
,23634039060,FC21001734,2021-05-05 15:30:00.0000000,Male,Black,35,Medium,NULL,NULL,Not of Hispanic Origin,,0,MA,,1
,23634420204,FC21001735,2021-05-05 19:37:00.0000000,Female,Black,19,NULL,NULL,NULL,Not of Hispanic Origin,,0,NULL,,NULL
,23634433495,FC21001735,2021-05-05 19:37:00.0000000,Male,Black,28,Medium,Short,Medium,NULL,,0,MA,,1
,23634438991,FC21001735,2021-05-05 19:37:00.0000000,Male,Black,21,Thin,Short,Dark,Not of Hispanic Origin,,0,MA,,1
,23634443569,FC21001735,2021-05-05 19:37:00.0000000,Female,Black,16,NULL,NULL,NULL,Not of Hispanic Origin,,0,NULL,,1
,23634446346,FC21001735,2021-05-05 19:37:00.0000000,Male,Black,19,NULL,NULL,NULL,Unknown,,0,NULL,,1
,23634428915,FC21001736,2021-05-04 23:15:00.0000000,Male,White,27,NULL,NULL,NULL,NULL,,0,MA,CDL Class A,1
,23635114902,FC21001737,2021-05-06 02:51:00.0000000,Male,White,22,Thin,NULL,NULL,Hispanic Origin,,0,MA,,1
,23635136096,FC21001737,2021-05-06 02:51:00.0000000,Female,White,22,NULL,NULL,NULL,Hispanic Origin,,0,NULL,,1
,23635138610,FC21001737,2021-05-06 02:51:00.0000000,Male,White,19,NULL,NULL,NULL,Hispanic Origin,,0,NULL,,1
,23635745320,FC21001738,2021-05-06 08:24:00.0000000,Male,Black,65,Thin,NULL,NULL,Not of Hispanic Origin,,0,MA,,0
,23635861092,FC21001739,2021-05-06 09:06:00.0000000,Female,Black,65,NULL,NULL,NULL,Not of Hispanic Origin,,0,NULL,,NULL
,23635867440,FC21001739,2021-05-06 09:06:00.0000000,Female,Black,51,NULL,NULL,NULL,Not of Hispanic Origin,,0,NULL,,0
,23636076062,FC21001740,2021-05-06 10:29:00.0000000,Male,White,40,Thin,Unkempt,Light,Not of Hispanic Origin,,0,MA,,0
,23637188627,FC21001741,2021-05-06 14:44:00.0000000,Male,Black,15,NULL,NULL,NULL,Not of Hispanic Origin,,0,NULL,,1
,23637227981,FC21001741,2021-05-06 14:44:00.0000000,Male,Black,17,NULL,NULL,NULL,Not of Hispanic Origin,,0,NULL,,0
,23637177938,FC21001742,2021-05-06 12:23:00.0000000,Female,Black,33,Thin,NULL,NULL,Not of Hispanic Origin,,0,MA,,0
,23637180176,FC21001742,2021-05-06 12:23:00.0000000,Male,White,38,Medium,Short,Medium,Hispanic Origin,,0,MA,Class D,0
,23637181536,FC21001742,2021-05-06 12:23:00.0000000,Female,White,39,Medium,NULL,NULL,Not of Hispanic Origin,,0,MA,,0
,23637521642,FC21001743,2021-05-06 14:52:00.0000000,Male,Black,37,Thin,NULL,NULL,Not of Hispanic Origin,,0,MA,,1
,23637581374,FC21001744,2021-05-06 17:00:00.0000000,Female,White,51,Heavy,NULL,NULL,Not of Hispanic Origin,,0,MA,,1
,23637842277,FC21001745,2021-05-05 23:13:00.0000000,Male,White,29,Stocky,NULL,NULL,Not of Hispanic Origin,,0,MA,Class D,0
,23637942216,FC21001746,2021-05-06 17:45:00.0000000,Male,Black,26,Heavy,Short,Dark,NULL,,0,MA,,1
,23638075252,FC21001747,2021-05-06 18:00:00.0000000,Male,White,32,NULL,NULL,NULL,Not of Hispanic Origin,,0,MA,Class D,0
,23638314063,FC21001748,2021-05-03 20:01:00.0000000,Female,Black,40,Heavy,Short,Medium Brown,NULL,,0,MA,,0
,23638433396,FC21001749,2021-05-06 19:07:00.0000000,Female,White,41,NULL,NULL,NULL,Not of Hispanic Origin,,0,MA,,1
,23638568724,FC21001750,2021-05-06 19:35:00.0000000,Male,White,49,Thin,Short,Medium,NULL,,0,MA,,0
,23638610353,FC21001750,2021-05-06 19:35:00.0000000,Male,White,34,NULL,NULL,NULL,Unknown,,0,MA,"ID - Had a License, now has ID",0
,23638631520,FC21001750,2021-05-06 19:35:00.0000000,Male,White,35,Heavy,NULL,NULL,Not of Hispanic Origin,,0,MA,,0
,23648043532,FC21001751,2021-05-07 00:45:00.0000000,Male,Black,29,NULL,NULL,NULL,Unknown,,0,MA,,0
,23648272925,FC21001753,2021-05-05 15:37:00.0000000,Male,White,34,Thin,NULL,NULL,Not of Hispanic Origin,,0,MA,,1
,23648573398,FC21001754,2021-05-07 03:40:00.0000000,Male,White,24,Thin,Combed Back,Light,Hispanic Origin,,0,MA,Class D,1
,23649155719,FC21001755,2021-05-07 07:30:00.0000000,Male,Black,35,Medium,NULL,NULL,Not of Hispanic Origin,,0,MA,,1
,23649239475,FC21001755,2021-05-07 07:30:00.0000000,Male,Black,19,Thin,Short,Dark,NULL,,0,MA,,1
,23649239475,FC21001755,2021-05-07 07:30:00.0000000,Male,Black,19,Thin,Short,Dark,NULL,,0,MA,,NULL
,23650603024,FC21001757,2021-05-07 09:30:00.0000000,Male,Black,25,Medium,NULL,NULL,Not of Hispanic Origin,,0,MA,Class D,1
,23651315477,FC21001758,2021-05-07 11:29:00.0000000,Female,White,51,Heavy,NULL,NULL,Not of Hispanic Origin,,0,MA,,0
,23651912704,FC21001759,2021-05-07 11:08:00.0000000,Male,Black,37,Thin,NULL,NULL,Not of Hispanic Origin,,0,MA,,0
,23652682471,FC21001760,2021-05-07 14:55:00.0000000,Male,Black,31,Thin,NULL,NULL,Hispanic Origin,,0,MA,Class D,0
,23653262234,FC21001761,2021-05-07 18:05:00.0000000,Male,Black,18,Medium,NULL,NULL,Not of Hispanic Origin,,0,MA,,0
,23653442326,FC21001761,2021-05-07 18:05:00.0000000,Female,NULL,18,NULL,NULL,NULL,NULL,,0,MA,,0
,23653854870,FC21001762,2021-05-03 23:00:00.0000000,Male,Black,24,Stocky,Bald or Balding,Light Brown,Not of Hispanic Origin,,0,MA,,NULL
,23653854870,FC21001762,2021-05-03 23:00:00.0000000,Male,Black,24,Stocky,Bald or Balding,Light Brown,Not of Hispanic Origin,,0,MA,,0
,23658267742,FC21001763,2021-05-07 00:00:00.0000000,Male,Black,29,Medium,NULL,NULL,Not of Hispanic Origin,,0,MA,Class D,0
,23658357296,FC21001764,2021-05-07 19:35:00.0000000,Female,Black,21,Heavy,Braided,Dark Brown,Not of Hispanic Origin,,0,MA,,0
,23658626361,FC21001765,2021-05-07 22:34:00.0000000,Male,Unknown,24,NULL,NULL,NULL,Unknown,,0,MA,Class D,0
,23658641646,FC21001765,2021-05-07 22:34:00.0000000,Male,Black,21,NULL,NULL,NULL,Hispanic Origin,,0,MA,Class D,0
,23658643725,FC21001765,2021-05-07 22:34:00.0000000,Male,White,23,Thin,Wavy,Light,Hispanic Origin,,0,MA,Class D,1
,23658664663,FC21001766,2021-05-07 00:00:00.0000000,Male,Black,24,Thin,Braided,Medium,Unknown,,0,MA,Class D,1
,23658666889,FC21001766,2021-05-07 00:00:00.0000000,Male,Black,27,Heavy,Short,Medium Brown,Unknown,,0,MA,,0
,23659715047,FC21001767,2021-05-08 01:50:00.0000000,Male,White,45,Thin,NULL,NULL,Not of Hispanic Origin,,0,MA,,0
,23660620074,FC21001768,2021-05-08 04:30:00.0000000,Male,White,24,NULL,NULL,NULL,Not of Hispanic Origin,,0,MA,Class D,0
,23661998419,FC21001769,2021-05-08 09:52:00.0000000,Male,White,42,NULL,NULL,NULL,Unknown,,0,NULL,,0
,23662022591,FC21001770,2021-05-08 00:30:00.0000000,Male,White,35,Thin,Short,Light,NULL,,0,MA,,0
,23665207360,FC21001771,2021-05-08 00:00:00.0000000,Male,Black,29,Medium,Braided,Medium Brown,Hispanic Origin,,0,MA,Class D,0
,23665440799,FC21001772,2021-05-08 18:00:00.0000000,Male,Black,26,Heavy,Short,Dark,NULL,,0,MA,,0
,23669467348,FC21001773,2021-05-07 00:00:00.0000000,Female,White,29,Thin,Straight,Light,Hispanic Origin,,0,MA,Class D,0
,23671131816,FC21001774,2021-05-09 00:07:00.0000000,Male,White,34,Thin,NULL,NULL,Not of Hispanic Origin,,0,MA,"ID - Had a License, now has ID",1
,23672208374,FC21001775,2021-05-08 19:03:00.0000000,Male,Black,13,NULL,NULL,NULL,Unknown,,0,NULL,,1
,23672210984,FC21001775,2021-05-08 19:03:00.0000000,Male,Black,15,NULL,NULL,NULL,Unknown,,0,NULL,,1
,23672218352,FC21001775,2021-05-08 19:03:00.0000000,Male,Black,18,NULL,NULL,NULL,Unknown,,0,NULL,,1
,23672267333,FC21001775,2021-05-08 19:03:00.0000000,Male,Black,14,Medium,NULL,Dark Brown,NULL,,0,MA,,1
,23672939938,FC21001776,2021-05-09 01:00:00.0000000,Male,Black,24,Medium,Short,Medium Brown,Unknown,,0,MA,Class D,0
,23675314370,FC21001777,2021-05-09 04:32:00.0000000,Male,Other,23,NULL,NULL,NULL,NULL,,0,MA,Class D,1
,23675329595,FC21001777,2021-05-09 04:32:00.0000000,Male,Asian,26,Thin,NULL,NULL,Not of Hispanic Origin,,0,MA,,1
,23675360504,FC21001777,2021-05-09 04:32:00.0000000,Male,Other,22,NULL,NULL,NULL,Hispanic Origin,,0,MA,,1
,23675372116,FC21001777,2021-05-09 04:32:00.0000000,Male,Other,22,NULL,NULL,NULL,Hispanic Origin,,0,NULL,,1
,23683742928,FC21001778,2021-05-09 14:40:00.0000000,Male,Black,24,Thin,NULL,NULL,Not of Hispanic Origin,,0,MA,Class D,0
,23689365209,FC21001779,2021-05-09 18:00:00.0000000,Male,White,38,Heavy,NULL,NULL,Hispanic Origin,,0,MA,,1
,23689513608,FC21001780,2021-05-09 17:50:00.0000000,Male,NULL,33,NULL,NULL,NULL,NULL,,0,NULL,,0
,23689527854,FC21001781,2021-05-09 19:00:00.0000000,Male,Black,26,Thin,NULL,NULL,Not of Hispanic Origin,,0,MA,Class D,0
,23689724327,FC21001782,2021-05-09 20:20:00.0000000,Male,White,38,NULL,NULL,NULL,Unknown,,0,NULL,,0
,23690130029,FC21001783,2021-05-09 19:57:00.0000000,Male,Black,43,Thin,NULL,NULL,Not of Hispanic Origin,,0,MA,Class D,0
,23691791276,FC21001784,2021-05-09 23:00:00.0000000,Male,Black,26,Medium,NULL,NULL,Not of Hispanic Origin,,0,MA,ID Only - Never had Personal Driver License,0
,23691792149,FC21001784,2021-05-09 23:00:00.0000000,Male,Black,23,NULL,NULL,NULL,Not of Hispanic Origin,,0,MA,Class D,0
,23691814275,FC21001784,2021-05-09 23:00:00.0000000,Male,Black,NULL,NULL,NULL,NULL,Unknown,,0,NULL,,0
,23691835050,FC21001785,2021-05-09 21:31:00.0000000,Male,Black,28,Medium,NULL,NULL,Not of Hispanic Origin,,0,MA,,1
,23695524894,FC21001786,2021-05-09 23:57:00.0000000,Male,White,30,NULL,NULL,NULL,NULL,,0,MA,Class D,0
,23696129708,FC21001787,2021-05-10 02:35:00.0000000,Male,Black,34,NULL,NULL,NULL,Unknown,,0,MA,Class D,0
,23699970819,FC21001788,2021-05-10 09:45:00.0000000,Male,White,32,Muscular,NULL,NULL,Not of Hispanic Origin,,0,MA,Class D,0
,23699993017,FC21001788,2021-05-10 09:45:00.0000000,Male,White,35,Thin,Short,Light,NULL,,0,MA,,NULL
,23704292928,FC21001789,2021-05-10 00:00:00.0000000,Male,White,59,Medium,Bushy,Fair,Not of Hispanic Origin,,0,MA,"ID - Had a License, now has ID",0
,23704644379,FC21001790,2021-05-10 14:10:00.0000000,Male,White,34,Medium,NULL,NULL,Not of Hispanic Origin,,0,MA,,0
,23705678010,FC21001791,2021-05-10 12:39:00.0000000,Male,Black,30,Medium,Bald or Balding,Light Brown,Not of Hispanic Origin,,0,MA,"ID - Had a License, now has ID",0
,23705752880,FC21001791,2021-05-10 12:39:00.0000000,Male,Black,16,Stocky,NULL,Medium Brown,Not of Hispanic Origin,,0,MA,,1
,23706329514,FC21001792,2021-05-10 14:56:00.0000000,Female,Black,34,Medium,NULL,NULL,Not of Hispanic Origin,,0,MA,,0
,23710167052,FC21001793,2021-05-10 15:37:00.0000000,Male,Black,26,Thin,Short,Dark,Unknown,,0,MA,Class D,1
,23715364438,FC21001794,2021-05-10 18:45:00.0000000,Male,Black,30,Medium,Curly,Light Brown,Hispanic Origin,,0,MA,,1
,23718618261,FC21001795,2021-05-10 22:15:00.0000000,Male,Unknown,26,NULL,NULL,NULL,Unknown,,0,MA,Class D,1
,23721277891,FC21001796,2021-05-10 17:31:00.0000000,Female,White,53,NULL,NULL,NULL,Hispanic Origin,,0,MA,,0
,23721324052,FC21001796,2021-05-10 17:31:00.0000000,Male,White,61,Thin,Short,Medium Brown,Hispanic Origin,,0,MA,Class D,0
,23721390106,FC21001796,2021-05-10 17:31:00.0000000,Male,White,47,NULL,NULL,NULL,Hispanic Origin,,0,NULL,,0
,23721500513,FC21001796,2021-05-10 17:31:00.0000000,Male,White,65,NULL,NULL,NULL,Hispanic Origin,,0,NULL,,0
,23721562302,FC21001796,2021-05-10 17:31:00.0000000,Male,Other,41,Medium,NULL,NULL,Hispanic Origin,,0,MA,,0
,23721587451,FC21001796,2021-05-10 17:31:00.0000000,Male,Black,55,Thin,NULL,NULL,Hispanic Origin,,0,MA,"ID - Had a License, now has ID",0
,23721625004,FC21001796,2021-05-10 17:31:00.0000000,Male,Black,34,Thin,Unkempt,Medium,Hispanic Origin,,0,MA,ID Only - Never had Personal Driver License,0
,23721700816,FC21001796,2021-05-10 17:31:00.0000000,Male,Black,NULL,NULL,NULL,NULL,Not of Hispanic Origin,,0,NULL,,0
,23721738618,FC21001796,2021-05-10 17:31:00.0000000,Male,White,NULL,NULL,NULL,NULL,Not of Hispanic Origin,,0,NULL,,0
,23720849552,FC21001797,2021-05-10 11:15:00.0000000,Male,White,27,NULL,NULL,NULL,Unknown,,0,MA,,0
,23724356799,FC21001798,2021-05-05 00:02:00.0000000,Male,White,38,NULL,NULL,NULL,Not of Hispanic Origin,,0,NULL,,NULL
,23724431792,FC21001798,2021-05-05 00:02:00.0000000,Male,Black,29,NULL,NULL,NULL,Unknown,,0,MA,,0
,23728836351,FC21001799,2021-05-10 19:33:00.0000000,Male,White,38,Medium,Unkempt,Light,NULL,,0,MA,,1
,23728836738,FC21001799,2021-05-10 19:33:00.0000000,Female,White,27,NULL,NULL,NULL,Not of Hispanic Origin,,0,NJ,Other: N/A,NULL
,23728818784,FC21001800,2021-05-11 01:13:00.0000000,Male,White,35,Heavy,NULL,NULL,Not of Hispanic Origin,,0,MA,,0
,23741508959,FC21001801,2021-05-11 09:20:00.0000000,Male,White,31,NULL,NULL,NULL,Unknown,,0,NULL,,0
,23741575299,FC21001801,2021-05-11 09:20:00.0000000,Male,Black,27,Thin,NULL,NULL,Not of Hispanic Origin,,0,MA,,0
,23747484680,FC21001802,2021-05-11 09:50:00.0000000,Male,Unknown,43,Medium,Dreadlocks,Light Brown,Hispanic Origin,,0,MA,,1
,23753082087,FC21001803,2021-05-11 11:00:00.0000000,Male,Black,29,Stocky,NULL,NULL,Not of Hispanic Origin,,0,MA,,0
,23753127402,FC21001803,2021-05-11 11:00:00.0000000,Male,Black,22,Thin,Short,Medium Brown,NULL,,0,MA,,0
,23753222216,FC21001803,2021-05-11 11:00:00.0000000,Female,Black,21,Thin,NULL,NULL,Not of Hispanic Origin,,0,MA,,0
,23754271924,FC21001803,2021-05-11 11:00:00.0000000,Male,Black,23,Thin,Dreadlocks,Light,Hispanic Origin,,0,MA,Other: suspended,0
,23762329365,FC21001803,2021-05-11 11:00:00.0000000,Male,Black,35,Medium,NULL,Brown,Not of Hispanic Origin,,0,MA,"ID - Had a License, now has ID",0
,23822225042,FC21001803,2021-05-11 11:00:00.0000000,Male,Black,37,Muscular,Short,Brown,Not of Hispanic Origin,,0,MA,Class D,0
,23758915856,FC21001804,2021-05-11 13:02:00.0000000,Male,White,NULL,NULL,NULL,NULL,NULL,,0,NULL,,NULL
,23759675714,FC21001804,2021-05-11 13:02:00.0000000,Male,Black,38,Medium,Short,Medium Brown,Not of Hispanic Origin,,0,MA,,0
,23761770529,FC21001805,2021-05-11 14:50:00.0000000,Male,White,39,NULL,NULL,NULL,Not of Hispanic Origin,,0,MA,,NULL
,23761770529,FC21001805,2021-05-11 14:50:00.0000000,Male,White,39,NULL,NULL,NULL,Not of Hispanic Origin,,0,MA,,1
,23762013659,FC21001806,2021-05-11 15:30:00.0000000,Male,Black,20,Unknown,NULL,NULL,Not of Hispanic Origin,,0,MA,,0
,23762121109,FC21001806,2021-05-11 15:30:00.0000000,Male,Black,19,Thin,NULL,NULL,Not of Hispanic Origin,,0,MA,,0
,23762156894,FC21001806,2021-05-11 15:30:00.0000000,Male,Black,20,NULL,NULL,NULL,Not of Hispanic Origin,,0,NULL,,0
,23762210631,FC21001806,2021-05-11 15:30:00.0000000,Male,Black,21,Medium,NULL,NULL,Not of Hispanic Origin,,0,MA,,0
,23770454245,FC21001807,2021-05-11 17:00:00.0000000,Male,Black,28,Thin,Braided,Dark,Not of Hispanic Origin,,0,MA,,0
,23770491357,FC21001807,2021-05-11 17:00:00.0000000,Male,Black,27,Medium,Short,Dark Brown,NULL,,0,MA,,0
,23770560107,FC21001807,2021-05-11 17:00:00.0000000,Male,Black,29,Thin,NULL,NULL,Not of Hispanic Origin,,0,MA,Instruction Permit,0
,23770613935,FC21001807,2021-05-11 17:00:00.0000000,Male,Black,28,Medium,NULL,Dark Brown,Not of Hispanic Origin,,0,MA,,0
,23773983794,FC21001808,2021-05-11 00:00:00.0000000,Male,Black,58,Thin,NULL,NULL,Not of Hispanic Origin,,0,MA,,0
,23774068917,FC21001809,2021-05-11 18:55:00.0000000,Male,Black,29,Medium,NULL,NULL,Hispanic Origin,,0,MA,,0
,23774071204,FC21001809,2021-05-11 18:55:00.0000000,Male,Black,29,Thin,NULL,NULL,Hispanic Origin,,0,MA,,NULL
,23774303986,FC21001810,2021-05-10 19:33:00.0000000,Male,White,28,Stocky,Short,Light,Not of Hispanic Origin,,0,MA,Class D,1
,23774536267,FC21001810,2021-05-10 19:33:00.0000000,Female,White,27,Heavy,Pony Tail,Light,Not of Hispanic Origin,,0,MA,Class D,0
,23775807324,FC21001811,2021-05-11 20:00:00.0000000,Male,Black,24,Thin,Short,NULL,Hispanic Origin,,0,MA,Class D,0
,23775808641,FC21001811,2021-05-11 20:00:00.0000000,Male,White,24,Thin,Braided,Light,Hispanic Origin,,0,MA,,0
,23775809786,FC21001811,2021-05-11 20:00:00.0000000,Male,White,17,NULL,NULL,NULL,Hispanic Origin,,0,NULL,,0
,23779407308,FC21001812,2021-05-11 20:11:00.0000000,Male,Black,21,Medium,NULL,NULL,Not of Hispanic Origin,,0,MA,ID Only - Never had Personal Driver License,NULL
,23779407308,FC21001812,2021-05-11 20:11:00.0000000,Male,Black,21,Medium,NULL,NULL,Not of Hispanic Origin,,0,MA,ID Only - Never had Personal Driver License,0
,23780310613,FC21001813,2021-05-11 22:30:00.0000000,Male,Black,24,Thin,Short,NULL,Hispanic Origin,,0,MA,Class D,0
,23780356781,FC21001813,2021-05-11 22:30:00.0000000,Male,Other,43,NULL,NULL,NULL,Hispanic Origin,,0,NULL,,0
,23780607420,FC21001813,2021-05-11 22:30:00.0000000,Male,White,36,NULL,NULL,NULL,Hispanic Origin,,0,MA,Class D,0
,23780714316,FC21001813,2021-05-11 22:30:00.0000000,Male,Black,34,Stocky,Short,Medium Brown,Not of Hispanic Origin,,0,MA,ID Only - Never had Personal Driver License,0
,23780865153,FC21001813,2021-05-11 22:30:00.0000000,Male,White,24,Thin,Braided,Light,Hispanic Origin,,0,MA,,0
,23781158146,FC21001813,2021-05-11 22:30:00.0000000,Male,White,17,NULL,NULL,NULL,Hispanic Origin,,0,NULL,,0
,23785638702,FC21001814,2021-05-11 22:45:00.0000000,Male,White,55,Thin,NULL,NULL,Not of Hispanic Origin,,0,MA,,0
,23785943701,FC21001815,2021-05-11 22:46:00.0000000,Male,Black,24,Heavy,NULL,NULL,Hispanic Origin,,0,MA,,0
,23785961107,FC21001815,2021-05-11 22:46:00.0000000,Male,Black,18,Medium,Curly,Light Brown,Hispanic Origin,,0,MA,,0
,23786069327,FC21001815,2021-05-11 22:46:00.0000000,Female,NULL,23,NULL,NULL,NULL,NULL,,0,NULL,,0
,23786082561,FC21001815,2021-05-11 22:46:00.0000000,Male,White,24,Thin,NULL,NULL,Hispanic Origin,,0,MA,,0
,23798180280,FC21001816,2021-05-12 02:30:00.0000000,Male,White,30,Medium,Straight,NULL,Not of Hispanic Origin,,0,MA,,0
,23798180280,FC21001816,2021-05-12 02:30:00.0000000,Male,White,30,Medium,Straight,NULL,Not of Hispanic Origin,,0,MA,,NULL
,23798207659,FC21001816,2021-05-12 02:30:00.0000000,Male,White,45,NULL,NULL,NULL,Not of Hispanic Origin,,0,MA,Class D,0
,23804317996,FC21001817,2021-05-11 21:34:00.0000000,Male,Black,20,Thin,Short,Medium,Not of Hispanic Origin,,0,MA,ID Only - Never had Personal Driver License,NULL
,23804317996,FC21001817,2021-05-11 21:34:00.0000000,Male,Black,20,Thin,Short,Medium,Not of Hispanic Origin,,0,MA,ID Only - Never had Personal Driver License,1
,23804381975,FC21001817,2021-05-11 21:34:00.0000000,Male,Black,22,Heavy,Short,Medium,Not of Hispanic Origin,,0,MA,ID Only - Never had Personal Driver License,1
,23813548862,FC21001818,2021-05-12 03:15:00.0000000,Male,Black,28,NULL,NULL,NULL,Unknown,,0,MA,Class D,0
,23815176810,FC21001819,2021-05-12 01:34:00.0000000,Male,Black,25,Thin,Short,NULL,Not of Hispanic Origin,,0,MA,Class D,0
,23822157609,FC21001820,2021-05-12 08:15:00.0000000,Male,Black,47,Medium,NULL,NULL,Hispanic Origin,,0,MA,,1
,23822158845,FC21001820,2021-05-12 08:15:00.0000000,Female,Black,30,Medium,NULL,NULL,Not of Hispanic Origin,,0,MA,,1
,23822159561,FC21001820,2021-05-12 08:15:00.0000000,Male,Black,42,Medium,NULL,NULL,Not of Hispanic Origin,,0,MA,Class D,0
,23822161952,FC21001820,2021-05-12 08:15:00.0000000,Female,White,38,Thin,Short,Light,Not of Hispanic Origin,,0,MA,Class D,0
,23824720461,FC21001821,2021-05-12 10:10:00.0000000,Male,White,34,Thin,NULL,NULL,NULL,,0,MA,,1
,23829814701,FC21001822,2021-05-12 11:03:00.0000000,Male,White,32,Muscular,NULL,Light,Hispanic Origin,,0,MA,Class D,0
,23829821480,FC21001822,2021-05-12 11:03:00.0000000,Female,White,30,Medium,NULL,NULL,Hispanic Origin,,0,MA,Class D,NULL
,23837008555,FC21001823,2021-05-12 13:14:00.0000000,Male,Black,33,Medium,Braided,Dark Brown,Not of Hispanic Origin,,0,MA,Class D,0
,23838808723,FC21001824,2021-05-12 13:12:00.0000000,Male,Black,33,Medium,NULL,NULL,Not of Hispanic Origin,,0,MA,,1
,23838876707,FC21001824,2021-05-12 13:12:00.0000000,Male,Other,29,NULL,NULL,NULL,Hispanic Origin,,0,MA,Class D,1
,23840459269,FC21001825,2021-05-12 14:12:00.0000000,Male,Black,22,Thin,Dreadlocks,Medium Brown,NULL,,0,MA,Class D,1
,23840704725,FC21001825,2021-05-12 14:12:00.0000000,Male,Black,28,Thin,NULL,NULL,Not of Hispanic Origin,,0,MA,Class D,0
,23842492585,FC21001826,2021-05-12 00:00:00.0000000,Male,White,45,Thin,Fade,NULL,Not of Hispanic Origin,,0,MA,,0
,23842550843,FC21001826,2021-05-12 00:00:00.0000000,Female,White,25,NULL,NULL,NULL,Not of Hispanic Origin,,0,MA,ID Only - Never had Personal Driver License,0
,23842803191,FC21001826,2021-05-12 00:00:00.0000000,Male,White,37,Medium,Unkempt,Light,Not of Hispanic Origin,,0,MA,,1
,23842956190,FC21001827,2021-05-12 14:09:00.0000000,Female,Black,38,NULL,NULL,NULL,Hispanic Origin,,0,MA,Class D,NULL
,23843068645,FC21001827,2021-05-12 14:09:00.0000000,Female,Black,43,Medium,Straight,Dark,Not of Hispanic Origin,,0,MA,Class D,0
,23844903422,FC21001828,2021-05-12 15:01:00.0000000,Male,White,70,NULL,NULL,NULL,Not of Hispanic Origin,,0,NULL,,0
,23845592672,FC21001829,2021-05-12 10:45:00.0000000,Male,White,36,Thin,NULL,Light Brown,Not of Hispanic Origin,,0,MA,,0
,23850076492,FC21001830,2021-05-12 14:00:00.0000000,Male,White,25,NULL,NULL,NULL,Unknown,,0,NH,,1
,23853964366,FC21001831,2021-05-11 21:34:00.0000000,Male,Black,20,Thin,Short,Medium,Not of Hispanic Origin,,0,MA,ID Only - Never had Personal Driver License,NULL
,23853964366,FC21001831,2021-05-11 21:34:00.0000000,Male,Black,20,Thin,Short,Medium,Not of Hispanic Origin,,0,MA,ID Only - Never had Personal Driver License,NULL
,23853964366,FC21001831,2021-05-11 21:34:00.0000000,Male,Black,20,Thin,Short,Medium,Not of Hispanic Origin,,0,MA,ID Only - Never had Personal Driver License,1
,23854036492,FC21001831,2021-05-11 21:34:00.0000000,Male,Black,20,Thin,Afro,Light Brown,Not of Hispanic Origin,,0,MA,,NULL
,23854075289,FC21001831,2021-05-11 21:34:00.0000000,Male,White,19,NULL,NULL,NULL,Hispanic Origin,,0,NULL,,NULL
,23854105817,FC21001831,2021-05-11 21:34:00.0000000,Male,Black,23,Medium,Braided,NULL,Not of Hispanic Origin,,0,MA,,NULL
,23854156734,FC21001831,2021-05-11 21:34:00.0000000,Male,Black,27,Thin,Short,Medium Brown,Not of Hispanic Origin,,0,MA,,NULL
,23854198855,FC21001831,2021-05-11 21:34:00.0000000,Male,Black,18,NULL,NULL,NULL,Not of Hispanic Origin,,0,NULL,,NULL
,23854448616,FC21001831,2021-05-11 21:34:00.0000000,Male,Black,19,NULL,NULL,NULL,Unknown,,0,MA,Class D,NULL
,23854498210,FC21001831,2021-05-11 21:34:00.0000000,Female,Black,23,NULL,NULL,NULL,NULL,,0,MA,Class D,NULL
,23854640895,FC21001831,2021-05-11 21:34:00.0000000,Male,Black,19,NULL,NULL,NULL,Unknown,,0,MA,Class D,NULL
,23854980859,FC21001831,2021-05-11 21:34:00.0000000,Female,NULL,NULL,NULL,NULL,NULL,NULL,,0,NULL,,NULL
,23854982795,FC21001831,2021-05-11 21:34:00.0000000,Female,NULL,NULL,NULL,NULL,NULL,NULL,,0,NULL,,NULL
,23854985219,FC21001831,2021-05-11 21:34:00.0000000,Female,NULL,NULL,NULL,NULL,NULL,NULL,,0,NULL,,NULL
,23854989671,FC21001831,2021-05-11 21:34:00.0000000,Female,NULL,NULL,NULL,NULL,NULL,NULL,,0,NULL,,NULL
,23854991496,FC21001831,2021-05-11 21:34:00.0000000,Female,NULL,NULL,NULL,NULL,NULL,NULL,,0,NULL,,NULL
,23854993158,FC21001831,2021-05-11 21:34:00.0000000,Female,NULL,NULL,NULL,NULL,NULL,NULL,,0,NULL,,NULL
,23855001121,FC21001831,2021-05-11 21:34:00.0000000,Male,Black,21,NULL,NULL,NULL,Unknown,,0,MA,Class D,NULL
,23855003379,FC21001831,2021-05-11 21:34:00.0000000,Male,Black,22,Heavy,Short,Medium,Not of Hispanic Origin,,0,MA,ID Only - Never had Personal Driver License,1
,23855003379,FC21001831,2021-05-11 21:34:00.0000000,Male,Black,22,Heavy,Short,Medium,Not of Hispanic Origin,,0,MA,ID Only - Never had Personal Driver License,NULL
,23855133962,FC21001832,2021-05-12 16:50:00.0000000,Male,White,33,Heavy,Afro,NULL,Hispanic Origin,,0,MA,Class D,NULL
,23855133962,FC21001832,2021-05-12 16:50:00.0000000,Male,White,33,Heavy,Afro,NULL,Hispanic Origin,,0,MA,Class D,1
,23855567059,FC21001833,2021-05-12 19:07:00.0000000,Male,Black,28,Thin,Braided,Medium,Hispanic Origin,,0,MA,,0
,23859660505,FC21001834,2021-05-12 19:48:00.0000000,Female,White,60,NULL,NULL,NULL,Not of Hispanic Origin,,0,NULL,,NULL
,23860127978,FC21001834,2021-05-12 19:48:00.0000000,Male,Black,24,NULL,NULL,NULL,NULL,,0,NULL,,0
,23863095049,FC21001835,2021-05-12 21:00:00.0000000,Female,Asian,43,NULL,NULL,NULL,Not of Hispanic Origin,,0,MA,Class D,NULL
,23863152726,FC21001835,2021-05-12 21:00:00.0000000,Male,White,30,NULL,NULL,NULL,NULL,,0,NULL,,0
,23863203220,FC21001835,2021-05-12 21:00:00.0000000,Female,White,35,NULL,NULL,NULL,NULL,,0,NULL,,0
,23863453623,FC21001836,2021-05-12 18:12:00.0000000,Male,White,21,NULL,NULL,NULL,NULL,,0,MA,Class D,0
,23863787500,FC21001837,2021-05-12 20:20:00.0000000,Male,Other,36,NULL,NULL,NULL,Hispanic Origin,,0,MA,Class D,0
,23867865807,FC21001838,2021-05-11 21:21:00.0000000,Male,Black,18,NULL,NULL,NULL,Hispanic Origin,,0,MA,None,0
,23869789876,FC21001838,2021-05-11 21:21:00.0000000,Female,Black,18,NULL,NULL,NULL,Hispanic Origin,,0,MA,Class D,0
,23876259869,FC21001839,2021-05-13 00:50:00.0000000,Male,White,35,Medium,Receding or Slightly Receding,NULL,NULL,,0,MA,,1
,23902221804,FC21001840,2021-05-13 00:00:00.0000000,Male,Black,23,Thin,Short,NULL,Not of Hispanic Origin,,0,MA,ID Only - Never had Personal Driver License,0
,23906661480,FC21001841,2021-05-13 00:00:00.0000000,Male,White,37,Stocky,NULL,NULL,Not of Hispanic Origin,,0,MA,,0
,23906666666,FC21001841,2021-05-13 00:00:00.0000000,Female,White,28,Medium,NULL,NULL,Not of Hispanic Origin,,0,MA,,0
,23911693553,FC21001842,2021-05-10 14:00:00.0000000,Female,White,32,Unknown,NULL,NULL,Not of Hispanic Origin,,0,MA,,0
,23911718296,FC21001842,2021-05-10 14:00:00.0000000,Male,Black,32,NULL,NULL,NULL,Hispanic Origin,,0,NULL,,0
,23911801226,FC21001842,2021-05-10 14:00:00.0000000,Male,White,39,Thin,Curly,Light Brown,Hispanic Origin,,0,MA,,0
,23912164724,FC21001842,2021-05-10 14:00:00.0000000,Male,White,44,Medium,Receding or Slightly Receding,NULL,Not of Hispanic Origin,,0,MA,"ID - Had a License, now has ID",0
,23912946032,FC21001843,2021-05-10 14:30:00.0000000,Female,White,40,Medium,Straight,Light,Not of Hispanic Origin,,0,MA,,0
,23912967570,FC21001843,2021-05-10 14:30:00.0000000,Male,White,35,Thin,NULL,NULL,Not of Hispanic Origin,,0,MA,,0
,23912994352,FC21001843,2021-05-10 14:30:00.0000000,Female,White,41,Medium,NULL,NULL,Not of Hispanic Origin,,0,MA,,0
,23913215358,FC21001844,2021-05-13 13:30:00.0000000,Male,White,36,Thin,Curly,Light,Hispanic Origin,,0,MA,ID Only - Never had Personal Driver License,0
,23913430119,FC21001845,2021-05-13 15:01:00.0000000,Male,White,29,Thin,NULL,NULL,Not of Hispanic Origin,,0,MA,,0
,23914310564,FC21001846,2021-05-13 14:39:00.0000000,Male,White,18,Thin,Curly,Light Brown,Hispanic Origin,,0,MA,ID Only - Never had Personal Driver License,1
,23917708852,FC21001847,2021-05-10 22:12:00.0000000,Female,White,30,NULL,NULL,NULL,Not of Hispanic Origin,,0,MA,Class D,0
,23920889955,FC21001848,2021-05-12 23:15:00.0000000,Male,Black,34,Thin,Short,Dark,NULL,,0,MA,None,0
,23922953027,FC21001849,2021-05-12 22:46:00.0000000,Male,White,38,Medium,NULL,NULL,Not of Hispanic Origin,,0,MA,,1
,23929258965,FC21001850,2021-05-13 19:48:00.0000000,Female,Black,31,Thin,NULL,NULL,Not of Hispanic Origin,,0,MA,,NULL
,23929290127,FC21001850,2021-05-13 19:48:00.0000000,Male,Black,29,Medium,NULL,NULL,Not of Hispanic Origin,,0,MA,,0
,23937400039,FC21001851,2021-05-13 18:57:00.0000000,Female,Black,54,Unknown,NULL,NULL,Not of Hispanic Origin,,0,MA,,0
,23945488841,FC21001852,2021-05-13 22:01:00.0000000,Female,White,31,NULL,NULL,NULL,Unknown,,0,MA,,NULL
,23945836565,FC21001852,2021-05-13 22:01:00.0000000,Male,Black,43,NULL,NULL,NULL,Not of Hispanic Origin,,0,MA,"ID - Had a License, now has ID",0
,23953617320,FC21001853,2021-05-14 02:28:00.0000000,Male,Black,45,NULL,NULL,NULL,Not of Hispanic Origin,,0,NULL,,0
,23962909443,FC21001854,2021-05-14 08:30:00.0000000,NULL,NULL,NULL,NULL,NULL,NULL,NULL,,0,NULL,,0
,23964976195,FC21001855,2021-05-12 13:46:00.0000000,Male,White,38,Medium,NULL,NULL,Not of Hispanic Origin,,0,MA,,1
,23985248840,FC21001856,2021-05-14 13:26:00.0000000,Male,White,38,Medium,Short,Medium,Not of Hispanic Origin,,0,MA,,1
,23985409421,FC21001856,2021-05-14 13:26:00.0000000,Female,White,40,NULL,NULL,NULL,Not of Hispanic Origin,,0,MA,ID Only - Never had Personal Driver License,1
,24008862288,FC21001857,2021-05-14 19:24:00.0000000,Male,Other,20,NULL,NULL,NULL,Hispanic Origin,,0,NULL,,1
,24010110950,FC21001858,2021-05-14 17:38:00.0000000,Male,Black,29,Thin,NULL,NULL,Not of Hispanic Origin,,0,MA,,1
,24014082171,FC21001859,2021-05-14 17:38:00.0000000,Male,Black,24,Stocky,Bald or Balding,Light Brown,Not of Hispanic Origin,,0,MA,,1
,24014132463,FC21001859,2021-05-14 17:38:00.0000000,Male,Black,23,Thin,NULL,NULL,Not of Hispanic Origin,,0,MA,Class D,1
,24033868064,FC21001860,2021-05-13 17:46:00.0000000,Male,Black,29,Unknown,NULL,NULL,Not of Hispanic Origin,,0,MA,Class D,0
,24034028509,FC21001860,2021-05-13 17:46:00.0000000,Female,Black,24,NULL,NULL,NULL,NULL,,0,MA,Class D,0
,24036134475,FC21001861,2021-05-15 01:02:00.0000000,Male,Other,28,NULL,NULL,NULL,Hispanic Origin,,0,MA,"ID - Had a License, now has ID",0
,24041294397,FC21001862,2021-05-15 01:20:00.0000000,Male,Black,28,Thin,Braided,Medium,Hispanic Origin,,0,MA,,0
,24054334529,FC21001863,2021-05-15 06:54:00.0000000,Male,Black,51,Muscular,NULL,NULL,Not of Hispanic Origin,,0,MA,,0
,24054360684,FC21001863,2021-05-15 06:54:00.0000000,Female,Black,37,Thin,NULL,NULL,Not of Hispanic Origin,,0,MA,,0
,24057366587,FC21001864,2021-05-15 17:17:00.0000000,Male,Black,35,Medium,NULL,NULL,Not of Hispanic Origin,,0,MA,,0
,24057474247,FC21001865,2021-05-15 18:10:00.0000000,Male,White,51,NULL,NULL,NULL,NULL,,0,NULL,,0
,24057486936,FC21001866,2021-05-14 20:38:00.0000000,Male,Black,30,Medium,Short,Black,Not of Hispanic Origin,,0,MA,,1
,24057490228,FC21001866,2021-05-14 20:38:00.0000000,Male,Black,25,Thin,NULL,NULL,Not of Hispanic Origin,,0,MA,,1
,24058037502,FC21001867,2021-05-15 19:31:00.0000000,Female,Unknown,21,NULL,NULL,NULL,Unknown,,0,NULL,,NULL
,24058038226,FC21001867,2021-05-15 19:31:00.0000000,Male,White,30,NULL,NULL,NULL,NULL,,0,NULL,,0
,24058196291,FC21001868,2021-05-15 21:20:00.0000000,Male,White,47,NULL,NULL,NULL,NULL,,0,MA,,0
,24058198296,FC21001868,2021-05-15 21:20:00.0000000,Male,White,53,NULL,NULL,NULL,Not of Hispanic Origin,,0,MA,Class D,0
,24058353811,FC21001869,2021-05-15 19:03:00.0000000,Male,Black,31,Medium,NULL,NULL,Not of Hispanic Origin,,0,MA,,0
,24058937122,FC21001870,2021-05-14 00:01:00.0000000,Male,Black,39,NULL,NULL,NULL,Unknown,,0,NULL,,NULL
,24058937122,FC21001870,2021-05-14 00:01:00.0000000,Male,Black,39,NULL,NULL,NULL,Unknown,,0,NULL,,0
,24059558699,FC21001871,2021-05-16 01:19:00.0000000,Male,Other,26,NULL,NULL,NULL,Hispanic Origin,,0,MA,Class D,0
,24059566886,FC21001871,2021-05-16 01:19:00.0000000,Male,NULL,23,NULL,NULL,NULL,Hispanic Origin,,0,MA,ID Only - Never had Personal Driver License,0
,24059809195,FC21001872,2021-05-16 01:30:00.0000000,Male,White,27,Thin,NULL,NULL,Hispanic Origin,,0,MA,,1
,24059814047,FC21001872,2021-05-16 01:30:00.0000000,Female,Other,18,NULL,NULL,NULL,Hispanic Origin,,0,NULL,,0
,24060400953,FC21001873,2021-05-14 17:00:00.0000000,Male,Black,41,Medium,NULL,NULL,NULL,,0,MA,,1
,24060401186,FC21001873,2021-05-14 17:00:00.0000000,Male,Black,28,Medium,NULL,NULL,NULL,,0,MA,,1
,24060401340,FC21001873,2021-05-14 17:00:00.0000000,Male,Black,58,NULL,NULL,NULL,Unknown,,0,MA,"ID - Had a License, now has ID",1
,24060401472,FC21001873,2021-05-14 17:00:00.0000000,Male,White,29,Medium,Dreadlocks,Light,Not of Hispanic Origin,,0,MA,,1
,24060691324,FC21001874,2021-05-16 10:13:00.0000000,Male,White,40,Medium,Straight,OTHER,Not of Hispanic Origin,,0,MA,Class D,0
,24060700370,FC21001874,2021-05-16 10:13:00.0000000,Female,White,27,NULL,NULL,NULL,Not of Hispanic Origin,,0,NULL,,0
,24060882247,FC21001875,2021-05-16 11:00:00.0000000,Male,White,40,Medium,Crew Cut,Medium Brown,NULL,,0,MA,,0
,24062386829,FC21001876,2021-05-16 17:00:00.0000000,Male,White,35,Thin,NULL,NULL,Not of Hispanic Origin,,0,MA,,1
,24063009852,FC21001877,2021-05-16 19:15:00.0000000,Male,White,14,Thin,Braided,Light Brown,Not of Hispanic Origin,,0,MA,,0
,24063168660,FC21001878,2021-05-16 18:33:00.0000000,Male,Black,16,Thin,Dreadlocks,Light Brown,NULL,,0,MA,,1
,24063172236,FC21001878,2021-05-16 18:33:00.0000000,Male,Black,15,Thin,Short,Dark Brown,NULL,,0,MA,,NULL
,24063194751,FC21001878,2021-05-16 18:33:00.0000000,Male,Black,18,NULL,NULL,NULL,Not of Hispanic Origin,,0,NULL,,NULL
,24063204925,FC21001878,2021-05-16 18:33:00.0000000,Male,Black,19,Thin,NULL,NULL,Not of Hispanic Origin,,0,MA,,NULL
,24063224945,FC21001878,2021-05-16 18:33:00.0000000,Male,Black,26,Thin,NULL,NULL,Not of Hispanic Origin,,0,MA,ID Only - Never had Personal Driver License,NULL
,24063241964,FC21001878,2021-05-16 18:33:00.0000000,Male,Black,16,NULL,NULL,NULL,Unknown,,0,NULL,,NULL
,24063256213,FC21001878,2021-05-16 18:33:00.0000000,Male,Black,26,Muscular,NULL,NULL,Not of Hispanic Origin,,0,MA,Class D,NULL
,24063378135,FC21001878,2021-05-16 18:33:00.0000000,Male,Unknown,17,NULL,NULL,NULL,NULL,,0,NULL,,NULL
,24063300579,FC21001879,2021-05-16 19:29:00.0000000,Male,Other,23,NULL,NULL,NULL,Hispanic Origin,,0,NULL,,1
,24063300579,FC21001879,2021-05-16 19:29:00.0000000,Male,Other,23,NULL,NULL,NULL,Hispanic Origin,,0,NULL,,NULL
,24063361024,FC21001879,2021-05-16 19:29:00.0000000,Male,Black,24,Thin,NULL,NULL,Not of Hispanic Origin,,0,MA,,0
,24063361024,FC21001879,2021-05-16 19:29:00.0000000,Male,Black,24,Thin,NULL,NULL,Not of Hispanic Origin,,0,MA,,NULL
,24063368434,FC21001879,2021-05-16 19:29:00.0000000,Female,Other,20,NULL,NULL,NULL,Hispanic Origin,,0,NULL,,0
,24067837985,FC21001880,2021-05-17 13:00:00.0000000,Male,White,31,Thin,Unkempt,Light,NULL,,0,MA,,1
,24067999176,FC21001881,2021-05-17 12:05:00.0000000,Male,Black,32,NULL,NULL,NULL,Unknown,,0,MA,,0
,24068519978,FC21001882,2021-05-17 16:20:00.0000000,Male,White,26,NULL,NULL,NULL,Not of Hispanic Origin,,0,NULL,,1
,24068571606,FC21001883,2021-05-17 16:40:00.0000000,Male,White,31,Medium,NULL,Light Brown,Not of Hispanic Origin,,0,MA,"ID - Had a License, now has ID",0
,24068644015,FC21001884,2021-05-14 19:40:00.0000000,Male,Black,41,Medium,Short,NULL,Not of Hispanic Origin,,0,NULL,,0
,24069696861,FC21001885,2021-05-17 17:27:00.0000000,Male,Black,31,Medium,NULL,NULL,Not of Hispanic Origin,,0,MA,,0
,24070021132,FC21001887,2021-05-17 20:03:00.0000000,Male,White,14,Thin,Braided,Light Brown,Not of Hispanic Origin,,0,MA,,0
,24070070780,FC21001888,2021-05-17 21:59:00.0000000,Male,Black,21,NULL,NULL,NULL,Not of Hispanic Origin,,0,MA,Class D,0
,24070657452,FC21001889,2021-05-18 00:30:00.0000000,Male,NULL,21,NULL,NULL,NULL,NULL,,0,MA,Class D,1
,24070665000,FC21001889,2021-05-18 00:30:00.0000000,Male,Black,17,NULL,NULL,NULL,Not of Hispanic Origin,,0,NULL,,1
,24070680275,FC21001889,2021-05-18 00:30:00.0000000,Male,Black,16,NULL,NULL,NULL,NULL,,0,NULL,,1
,24070693572,FC21001889,2021-05-18 00:30:00.0000000,Female,NULL,14,NULL,NULL,NULL,NULL,,0,NULL,,1
,24070703237,FC21001889,2021-05-18 00:30:00.0000000,Female,Black,14,NULL,NULL,NULL,NULL,,0,NULL,,1
,24071845793,FC21001892,2021-05-18 08:50:00.0000000,Male,White,23,Medium,Curly,NULL,Hispanic Origin,,0,MA,,1
,24072344193,FC21001893,2021-05-17 13:47:00.0000000,Male,Black,55,Medium,Short,Dark Brown,Unknown,,0,MA,,1
,24072346029,FC21001893,2021-05-17 13:47:00.0000000,Female,White,43,Medium,NULL,NULL,Not of Hispanic Origin,,0,MA,,NULL
,24073436114,FC21001895,2021-05-18 13:45:00.0000000,Male,Black,42,NULL,NULL,NULL,Unknown,,0,NULL,,0
,24073843773,FC21001896,2021-05-17 20:00:00.0000000,Male,White,23,Medium,Short,Medium,Hispanic Origin,,0,MA,Class D,0
,24073877127,FC21001897,2021-05-18 14:20:00.0000000,Male,White,17,Thin,Wavy,Light Brown,NULL,,0,MA,,0
,24073893502,FC21001898,2021-05-18 14:56:00.0000000,Male,Black,30,Medium,NULL,NULL,Hispanic Origin,,0,MA,Class D,0
,24073949889,FC21001899,2021-05-18 15:22:00.0000000,Male,Black,28,Thin,NULL,NULL,Not of Hispanic Origin,,0,MA,None,1
,24073973192,FC21001900,2021-05-18 13:22:00.0000000,Male,White,34,Thin,Straight,Light,Not of Hispanic Origin,,0,MA,,0
,24074323572,FC21001901,2021-05-17 22:38:00.0000000,Female,Black,29,NULL,NULL,NULL,Unknown,,0,MA,Class D,0
,24074332224,FC21001901,2021-05-17 22:38:00.0000000,Female,Black,39,Medium,NULL,NULL,Not of Hispanic Origin,,0,MA,,0
,24074469071,FC21001902,2021-05-18 00:00:00.0000000,Male,White,49,Medium,Straight,Light,Not of Hispanic Origin,,0,MA,,1
,24074593181,FC21001903,2021-05-17 21:00:00.0000000,Female,White,25,NULL,NULL,NULL,NULL,,0,NULL,,0
,24074593311,FC21001903,2021-05-17 21:00:00.0000000,Male,White,39,NULL,NULL,NULL,Hispanic Origin,,0,NULL,,1
,24074896941,FC21001904,2021-05-18 16:45:00.0000000,Male,Black,39,Thin,Short,Dark Brown,Not of Hispanic Origin,,0,MA,CDL Class B,0
,24074898810,FC21001904,2021-05-18 16:45:00.0000000,Male,Black,26,Heavy,Short,Dark Brown,Not of Hispanic Origin,,0,MA,ID Only - Never had Personal Driver License,0
,24074902866,FC21001904,2021-05-18 16:45:00.0000000,Male,Black,28,Muscular,Wavy,Medium,NULL,,0,MA,Class D,0
,24074974367,FC21001905,2021-05-17 11:30:00.0000000,Male,White,19,Thin,Curly,Light Brown,Hispanic Origin,,0,MA,ID Only - Never had Personal Driver License,0
,24074998903,FC21001905,2021-05-17 11:30:00.0000000,Male,White,23,Muscular,Straight,Light,Hispanic Origin,,0,MA,Class D,0
,24075028914,FC21001905,2021-05-17 11:30:00.0000000,Male,White,21,NULL,NULL,NULL,Hispanic Origin,,0,MA,Class D,0
,24075212006,FC21001906,2021-05-18 18:45:00.0000000,Male,Black,34,Medium,NULL,Light Brown,Hispanic Origin,,0,MA,,1
,24075213032,FC21001906,2021-05-18 18:45:00.0000000,Female,White,32,Medium,NULL,Light,Not of Hispanic Origin,,0,MA,"ID - Had a License, now has ID",1
,24075221245,FC21001906,2021-05-18 18:45:00.0000000,Male,Other,49,NULL,NULL,NULL,Not of Hispanic Origin,,0,NULL,,1
,24075224151,FC21001906,2021-05-18 18:45:00.0000000,Male,Black,50,Medium,NULL,NULL,Not of Hispanic Origin,,0,MA,,NULL
,24075304048,FC21001907,2021-05-18 09:49:00.0000000,Female,White,28,Medium,Wavy,Light,Not of Hispanic Origin,,0,MA,,1
,24075304966,FC21001907,2021-05-18 09:49:00.0000000,Male,White,37,Heavy,Short,Light,Not of Hispanic Origin,,0,MA,,1
,24075305340,FC21001907,2021-05-18 09:49:00.0000000,Male,White,44,Medium,Short,Light,Not of Hispanic Origin,,0,MA,,1
,24075533967,FC21001908,2021-05-17 22:38:00.0000000,Male,Black,29,Medium,NULL,NULL,Not of Hispanic Origin,,0,MA,,0
,24076453929,FC21001909,2021-05-18 06:00:00.0000000,Male,White,45,Medium,NULL,NULL,Not of Hispanic Origin,,0,MA,,0
,24076617722,FC21001910,2021-05-15 02:48:00.0000000,Male,Black,40,Heavy,Bald or Balding,Medium,Not of Hispanic Origin,,0,MA,Class D,1
,24076773543,FC21001911,2021-05-19 01:28:00.0000000,Male,Black,32,Medium,NULL,NULL,Not of Hispanic Origin,,0,MA,Class D,0
,24076876321,FC21001912,2021-05-19 02:07:00.0000000,Female,White,21,NULL,NULL,NULL,Not of Hispanic Origin,,0,MA,Class D,0
,24078044740,FC21001913,2021-05-18 08:50:00.0000000,Male,White,44,Thin,Short,Light,Not of Hispanic Origin,,0,MA,"ID - Had a License, now has ID",1
,24078056162,FC21001913,2021-05-18 08:50:00.0000000,Female,White,31,NULL,NULL,NULL,NULL,,0,MA,,0
,24117407316,FC21001914,2021-05-19 12:18:00.0000000,Male,Black,56,Thin,Straight,Medium,Hispanic Origin,,0,MA,,1
,24079544151,FC21001915,2021-05-19 12:30:00.0000000,Male,Black,32,Heavy,NULL,NULL,Hispanic Origin,,0,MA,"ID - Had a License, now has ID",1
,24079545290,FC21001915,2021-05-19 12:30:00.0000000,Male,White,33,Medium,Straight,Light,Hispanic Origin,,0,MA,,0
,24079764545,FC21001917,2021-05-19 11:55:00.0000000,Male,White,53,Medium,Short,Light,Not of Hispanic Origin,,0,MA,Class D,NULL
,24079775373,FC21001917,2021-05-19 11:55:00.0000000,Male,White,32,Thin,Unkempt,Light,Not of Hispanic Origin,,0,MA,"ID - Had a License, now has ID",1
,24080544738,FC21001918,2021-05-19 13:39:00.0000000,Male,White,44,Medium,Short,Light,Not of Hispanic Origin,,0,MA,,1
,24082094193,FC21001919,2021-05-19 08:30:00.0000000,Female,White,33,NULL,NULL,NULL,NULL,,0,MA,,1
,24082101958,FC21001919,2021-05-19 08:30:00.0000000,Male,White,30,Thin,Short,Light,NULL,,0,MA,,1
,24094689090,FC21001920,2021-05-19 11:27:00.0000000,Male,Black,20,Thin,Dreadlocks,Dark Brown,Not of Hispanic Origin,,0,MA,Class D,0
,24094771776,FC21001920,2021-05-19 11:27:00.0000000,Female,Black,26,Thin,Pony Tail,Medium Brown,Not of Hispanic Origin,,0,MA,Class D,0
,24102193025,FC21001922,2021-05-19 07:07:00.0000000,Male,Black,27,Medium,NULL,Medium Brown,Not of Hispanic Origin,,0,MA,,0
,24112047902,FC21001923,2021-05-19 18:05:00.0000000,Female,Unknown,28,NULL,NULL,NULL,Hispanic Origin,,0,MA,Class D,0
,24112332350,FC21001923,2021-05-19 18:05:00.0000000,Male,Black,29,Medium,Braided,Medium Brown,Hispanic Origin,,0,MA,Class D,0
,24113101947,FC21001923,2021-05-19 18:05:00.0000000,Male,White,33,NULL,NULL,NULL,Hispanic Origin,,0,MA,,0
,24113132415,FC21001923,2021-05-19 18:05:00.0000000,Male,White,32,Muscular,Short,Light Brown,Hispanic Origin,,0,MA,Class D,0
,24114618929,FC21001924,2021-05-19 18:40:00.0000000,Male,Black,27,Medium,Short,Light Brown,NULL,,0,MA,,0
,24136222771,FC21001924,2021-05-19 18:40:00.0000000,Male,Black,24,Medium,Short,Medium,Not of Hispanic Origin,,0,MA,Class D,0
,24115682962,FC21001926,2021-05-19 18:06:00.0000000,Male,Black,34,Medium,NULL,NULL,Not of Hispanic Origin,,0,MA,,0
,24119437838,FC21001927,2021-05-19 19:00:00.0000000,Male,Other,26,NULL,NULL,NULL,Not of Hispanic Origin,,0,NULL,,NULL
,24119501802,FC21001927,2021-05-19 19:00:00.0000000,Male,Black,43,Medium,NULL,NULL,Not of Hispanic Origin,,0,NULL,,0
,24145501408,FC21001928,2021-05-19 21:35:00.0000000,Male,Black,47,Medium,NULL,NULL,Not of Hispanic Origin,,0,MA,,0
,24156933842,FC21001929,2021-05-19 23:25:00.0000000,Male,Black,25,NULL,NULL,NULL,Not of Hispanic Origin,,0,MA,Class D,0
,24156944216,FC21001929,2021-05-19 23:25:00.0000000,Male,Black,21,NULL,NULL,NULL,Unknown,,0,MA,ID Only - Never had Personal Driver License,0
,24180465718,FC21001930,2021-05-20 00:09:00.0000000,Male,White,40,Medium,NULL,NULL,Not of Hispanic Origin,,0,MA,,0
,24181773026,FC21001930,2021-05-20 00:09:00.0000000,Male,White,56,NULL,NULL,NULL,Unknown,,0,MA,Other: m - Mass id only ,0
,24192488015,FC21001931,2021-05-20 00:30:00.0000000,Female,White,33,Medium,Unkempt,NULL,NULL,,0,MA,,1
,24192488128,FC21001931,2021-05-20 00:30:00.0000000,Male,White,46,Thin,Fade,NULL,Not of Hispanic Origin,,0,MA,,0
,24212459644,FC21001932,2021-05-10 14:00:00.0000000,Male,Black,35,Medium,Dreadlocks,Light Brown,NULL,,0,MA,,1
,24244439465,FC21001933,2021-05-20 11:16:00.0000000,Male,White,49,Medium,NULL,NULL,Not of Hispanic Origin,,0,NULL,,1
,24257373356,FC21001934,2021-05-20 13:10:00.0000000,Male,Black,31,Heavy,NULL,NULL,Not of Hispanic Origin,,0,MA,,0
,24257609783,FC21001934,2021-05-20 13:10:00.0000000,Male,Black,34,Stocky,Short,Dark Brown,Not of Hispanic Origin,,0,MA,,0
,24273451230,FC21001935,2021-05-20 13:07:00.0000000,Male,Black,27,Unknown,NULL,NULL,Not of Hispanic Origin,,0,MA,Class D,0
,24275902444,FC21001936,2021-05-20 14:25:00.0000000,Male,Black,29,Muscular,Braided,NULL,Not of Hispanic Origin,,0,MA,,0
,24277035671,FC21001936,2021-05-20 14:25:00.0000000,Female,White,27,NULL,NULL,NULL,Not of Hispanic Origin,,0,MA,Class D,NULL
,24285107322,FC21001937,2021-05-20 14:51:00.0000000,Male,Black,23,Medium,Corn Rows,Light Brown,Not of Hispanic Origin,,0,MA,,0
,24316611272,FC21001938,2021-05-20 16:30:00.0000000,Male,Black,21,Thin,Short,Dark,Not of Hispanic Origin,,0,MA,,0
,24317921470,FC21001939,2021-05-20 17:00:00.0000000,Male,Black,28,Medium,Dreadlocks,Dark Brown,Not of Hispanic Origin,,0,MA,,0
,24330914866,FC21001940,2021-05-20 18:38:00.0000000,Male,White,43,Heavy,NULL,NULL,Hispanic Origin,,0,MA,Class D,0
,24388666310,FC21001941,2021-05-20 21:30:00.0000000,Male,Unknown,44,NULL,NULL,NULL,NULL,,0,NULL,,0
,24421540527,FC21001942,2021-05-21 01:24:00.0000000,Male,White,33,NULL,NULL,NULL,Not of Hispanic Origin,,0,RI,"ID - Had a License, now has ID",0
,24452727371,FC21001943,2021-05-21 00:20:00.0000000,Male,Black,51,Thin,Braided,Dark,NULL,,0,MA,,0
,24499664383,FC21001944,2021-05-20 18:55:00.0000000,Unknown,NULL,NULL,NULL,NULL,NULL,NULL,,0,NULL,,0
,24526786047,FC21001945,2021-05-21 09:27:00.0000000,Female,White,36,Thin,Curly,Light,Not of Hispanic Origin,,0,MA,"ID - Had a License, now has ID",1
,24572987373,FC21001946,2021-05-21 13:10:00.0000000,Male,Black,20,Heavy,Braided,Medium Brown,Not of Hispanic Origin,,0,MA,Class D,0
,24640070329,FC21001947,2021-05-21 19:05:00.0000000,Male,Black,25,Medium,NULL,NULL,Not of Hispanic Origin,,0,MA,Class D,1
,24652125761,FC21001948,2021-05-21 19:48:00.0000000,Male,Black,22,Thin,Short,Dark Brown,Not of Hispanic Origin,,0,MA,,1
,24652543481,FC21001948,2021-05-21 19:48:00.0000000,Male,Black,16,NULL,NULL,NULL,Not of Hispanic Origin,,0,NULL,,1
,24652658415,FC21001948,2021-05-21 19:48:00.0000000,Female,Black,57,Thin,NULL,NULL,Not of Hispanic Origin,,0,MA,,1
,24652742455,FC21001948,2021-05-21 19:48:00.0000000,Male,Black,63,Medium,NULL,NULL,Not of Hispanic Origin,,0,MA,,1
,24652875305,FC21001948,2021-05-21 19:48:00.0000000,Male,White,48,NULL,NULL,NULL,Not of Hispanic Origin,,0,NULL,,NULL
,24653230420,FC21001948,2021-05-21 19:48:00.0000000,Male,Black,17,NULL,NULL,NULL,Not of Hispanic Origin,,0,NULL,,1
,24659385351,FC21001949,2021-05-21 17:20:00.0000000,Unknown,Other,21,NULL,NULL,NULL,Unknown,,0,NULL,,1
,24664295770,FC21001950,2021-05-21 19:03:00.0000000,Male,Black,28,Medium,Dreadlocks,Medium Brown,Not of Hispanic Origin,,0,MA,,NULL
,24664295770,FC21001950,2021-05-21 19:03:00.0000000,Male,Black,28,Medium,Dreadlocks,Medium Brown,Not of Hispanic Origin,,0,MA,,1
,24664560475,FC21001950,2021-05-21 19:03:00.0000000,Male,Black,23,NULL,NULL,NULL,Not of Hispanic Origin,,0,MA,Class D,1
,24664727273,FC21001950,2021-05-21 19:03:00.0000000,Male,Black,24,Medium,NULL,NULL,Not of Hispanic Origin,,0,MA,Other: M,1
,24664839755,FC21001950,2021-05-21 19:03:00.0000000,Male,Black,27,Thin,NULL,NULL,Not of Hispanic Origin,,0,MA,,1
,24668331779,FC21001951,2021-05-21 21:15:00.0000000,Male,Black,47,Medium,Bald or Balding,NULL,NULL,,0,MA,,0
,24676725852,FC21001952,2021-05-21 19:38:00.0000000,Male,White,34,NULL,NULL,NULL,Not of Hispanic Origin,,0,NULL,,1
,24676725852,FC21001952,2021-05-21 19:38:00.0000000,Male,White,34,NULL,NULL,NULL,Not of Hispanic Origin,,0,NULL,,NULL
,24750170550,FC21001953,2021-05-22 03:34:00.0000000,Female,White,39,NULL,NULL,NULL,Not of Hispanic Origin,,0,MA,"ID - Had a License, now has ID",0
,24839642555,FC21001954,2021-05-22 09:15:00.0000000,Male,Black,59,Medium,Bald or Balding,Medium,Not of Hispanic Origin,,0,MA,,0
,24839676113,FC21001954,2021-05-22 09:15:00.0000000,Male,Black,60,NULL,NULL,NULL,Not of Hispanic Origin,,0,MA,Class D,0
,24852562986,FC21001955,2021-05-22 10:05:00.0000000,Male,White,32,Thin,NULL,NULL,Hispanic Origin,,0,MA,,0
,24852881978,FC21001955,2021-05-22 10:05:00.0000000,Male,White,31,Thin,NULL,NULL,Hispanic Origin,,0,MA,,0
,24858313321,FC21001956,2021-05-22 10:27:00.0000000,Male,White,25,NULL,NULL,NULL,Hispanic Origin,,0,MA,Other: Suspended,NULL
,24858396328,FC21001956,2021-05-22 10:27:00.0000000,Male,White,18,NULL,NULL,NULL,Hispanic Origin,,0,NULL,,0
,24878587284,FC21001957,2021-05-22 12:15:00.0000000,Male,Black,50,NULL,NULL,NULL,Not of Hispanic Origin,,0,NULL,,0
,24893588403,FC21001958,2021-05-21 22:55:00.0000000,Male,White,16,Medium,NULL,NULL,Hispanic Origin,,0,MA,,0
,24893651549,FC21001958,2021-05-21 22:55:00.0000000,Male,Black,23,Thin,NULL,NULL,Not of Hispanic Origin,,0,MA,Class D,NULL
,24893689954,FC21001958,2021-05-21 22:55:00.0000000,Male,Black,25,Medium,NULL,NULL,Not of Hispanic Origin,,0,MA,,NULL
,24893926000,FC21001958,2021-05-21 22:55:00.0000000,Male,Black,24,Medium,NULL,NULL,Not of Hispanic Origin,,0,MA,Class D,NULL
,24893975718,FC21001958,2021-05-21 22:55:00.0000000,Male,Black,24,Stocky,Bald or Balding,Light Brown,Not of Hispanic Origin,,0,MA,,NULL
,24894563652,FC21001958,2021-05-21 22:55:00.0000000,Male,Black,28,Medium,Braided,Medium Brown,Hispanic Origin,,0,MA,Class D,NULL
,24934438105,FC21001959,2021-05-21 18:31:00.0000000,Male,White,37,Heavy,Short,Light,Not of Hispanic Origin,,0,MA,,1
,24935015782,FC21001960,2021-05-22 16:12:00.0000000,Male,Black,38,Stocky,Braided,Light Brown,Not of Hispanic Origin,,0,MA,Personal Driver License,1
,24937071723,FC21001961,2021-05-22 18:05:00.0000000,Male,White,37,Thin,NULL,NULL,Not of Hispanic Origin,,0,MA,,1
,24945351327,FC21001962,2021-05-22 18:15:00.0000000,Male,Black,55,Thin,Short,Medium,Not of Hispanic Origin,,0,MA,ID Only - Never had Personal Driver License,NULL
,24945447271,FC21001962,2021-05-22 18:15:00.0000000,Female,Black,26,Medium,NULL,Dark Brown,Not of Hispanic Origin,,0,MA,ID Only - Never had Personal Driver License,0
,24945812515,FC21001963,2021-05-22 20:18:00.0000000,Male,Black,18,NULL,NULL,NULL,Not of Hispanic Origin,,0,MA,Class D,1
,24945886096,FC21001963,2021-05-22 20:18:00.0000000,Female,Black,17,NULL,NULL,NULL,Unknown,,0,NULL,,0
,24959276335,FC21001964,2021-05-22 01:50:00.0000000,Male,White,34,Thin,NULL,Medium,NULL,,0,MA,,NULL
,24959276335,FC21001964,2021-05-22 01:50:00.0000000,Male,White,34,Thin,NULL,Medium,NULL,,0,MA,,1
,24960463628,FC21001965,2021-05-22 00:00:00.0000000,Male,Black,19,NULL,NULL,NULL,Not of Hispanic Origin,,0,NULL,,1
,24960518546,FC21001965,2021-05-22 00:00:00.0000000,Male,Black,20,Unknown,NULL,NULL,Not of Hispanic Origin,,0,MA,,1
,24972536868,FC21001966,2021-05-23 01:08:00.0000000,Male,Black,28,Thin,Braided,Medium,Not of Hispanic Origin,,0,MA,Class D,0
,24977251075,FC21001967,2021-05-23 03:35:00.0000000,Male,Black,25,Thin,Braided,Medium Brown,Not of Hispanic Origin,,0,MA,Class D,1
,24977295629,FC21001968,2021-05-22 13:55:00.0000000,Male,White,42,Medium,NULL,NULL,Hispanic Origin,,0,MA,,0
,24978782694,FC21001969,2021-05-22 21:42:00.0000000,Male,Black,23,Thin,NULL,NULL,Not of Hispanic Origin,,0,MA,Class D,0
,24978782975,FC21001969,2021-05-22 21:42:00.0000000,Male,Black,24,Stocky,Bald or Balding,Light Brown,Not of Hispanic Origin,,0,MA,,NULL
,24986795617,FC21001970,2021-05-23 09:54:00.0000000,Male,Black,22,Thin,NULL,NULL,Not of Hispanic Origin,,0,MA,Class D,0
,24999824769,FC21001971,2021-05-23 13:05:00.0000000,Male,White,37,NULL,NULL,NULL,Not of Hispanic Origin,,0,MA,Other: SUSPENDED,1
,24999844612,FC21001971,2021-05-23 13:05:00.0000000,Female,Black,NULL,NULL,NULL,NULL,Not of Hispanic Origin,,0,NULL,,NULL
,25000084050,FC21001972,2021-05-23 12:56:00.0000000,Female,White,49,Medium,NULL,NULL,Not of Hispanic Origin,,0,MA,,0
,25000354714,FC21001973,2021-05-23 14:35:00.0000000,Female,White,38,NULL,NULL,NULL,NULL,,0,UK48,,0
,25001392633,FC21001974,2021-05-23 14:37:00.0000000,Male,Black,30,Muscular,Corn Rows,Light Brown,Not of Hispanic Origin,,0,MA,,NULL
,25001392633,FC21001974,2021-05-23 14:37:00.0000000,Male,Black,30,Muscular,Corn Rows,Light Brown,Not of Hispanic Origin,,0,MA,,1
,25001945236,FC21001975,2021-05-23 17:30:00.0000000,Male,Black,22,Medium,Short,Medium,Not of Hispanic Origin,,0,MA,,1
,25001948211,FC21001975,2021-05-23 17:30:00.0000000,Male,Black,28,Medium,Dreadlocks,Medium Brown,Not of Hispanic Origin,,0,MA,Class D,1
,25005178289,FC21001976,2021-05-23 18:15:00.0000000,Male,Black,27,Thin,Short,Medium Brown,Not of Hispanic Origin,,0,MA,,0
,25007849882,FC21001978,2021-05-23 20:30:00.0000000,Male,Black,55,Thin,Short,Medium,Not of Hispanic Origin,,0,MA,ID Only - Never had Personal Driver License,0
,25088281541,FC21001979,2021-05-23 22:35:00.0000000,Male,Black,40,Medium,NULL,NULL,Not of Hispanic Origin,,0,MA,,0
,25088358377,FC21001979,2021-05-23 22:35:00.0000000,Male,White,19,NULL,NULL,NULL,Hispanic Origin,,0,NULL,,0
,25088370192,FC21001979,2021-05-23 22:35:00.0000000,Male,Black,27,Thin,Short,Medium Brown,Not of Hispanic Origin,,0,MA,,0
,25088386874,FC21001979,2021-05-23 22:35:00.0000000,Male,White,27,Thin,Short,NULL,Not of Hispanic Origin,,0,MA,Class D,0
,25012832671,FC21001980,2021-05-23 10:23:00.0000000,Female,Black,49,Medium,NULL,NULL,Not of Hispanic Origin,,0,MA,,NULL
,25012939817,FC21001980,2021-05-23 10:23:00.0000000,Male,Black,55,Medium,NULL,NULL,Not of Hispanic Origin,,0,MA,,0
,25024639482,FC21001981,2021-05-24 01:02:00.0000000,Male,Black,33,Medium,Short,NULL,Not of Hispanic Origin,,0,MA,,0
,25032025497,FC21001982,2021-05-24 02:25:00.0000000,Female,Unknown,22,NULL,NULL,NULL,Unknown,,0,NULL,,NULL
,25032541723,FC21001982,2021-05-24 02:25:00.0000000,Male,Black,30,Thin,NULL,NULL,Not of Hispanic Origin,,0,MA,,0
,25075430199,FC21001983,2021-05-24 12:58:00.0000000,Male,White,50,NULL,NULL,NULL,Not of Hispanic Origin,,0,NULL,,NULL
,25075618019,FC21001983,2021-05-24 12:58:00.0000000,Male,Black,49,Thin,Bald or Balding,Medium Brown,Not of Hispanic Origin,,0,MA,Class D,0
,25086690491,FC21001984,2021-05-24 12:59:00.0000000,Male,Black,50,NULL,NULL,NULL,Unknown,,0,NULL,,0
,25332328597,FC21001986,2021-05-24 17:12:00.0000000,Male,Black,21,Medium,Short,Light Brown,Unknown,,0,MA,Class D,0
,25332363054,FC21001986,2021-05-24 17:12:00.0000000,Male,Black,21,Medium,NULL,NULL,Not of Hispanic Origin,,0,MA,ID Only - Never had Personal Driver License,0
,25332368099,FC21001986,2021-05-24 17:12:00.0000000,Male,Black,21,Thin,NULL,NULL,Hispanic Origin,,0,MA,"ID - Had a License, now has ID",0
,25332372600,FC21001986,2021-05-24 17:12:00.0000000,Male,Black,24,Thin,NULL,NULL,Not of Hispanic Origin,,0,MA,"ID - Had a License, now has ID",0
,25096520866,FC21001987,2021-05-24 18:00:00.0000000,Male,Black,22,Medium,NULL,NULL,Hispanic Origin,,0,MA,,1
,25096567437,FC21001987,2021-05-24 18:00:00.0000000,Male,Black,21,Thin,NULL,NULL,Hispanic Origin,,0,MA,,1
,25096589009,FC21001987,2021-05-24 18:00:00.0000000,Male,Black,20,NULL,NULL,NULL,Unknown,,0,MA,Class D,1
,25097558753,FC21001988,2021-05-24 17:00:00.0000000,Male,Black,45,Heavy,Bald or Balding,Medium Brown,NULL,,0,MA,,0
,25099479540,FC21001989,2021-05-24 11:59:00.0000000,Male,White,16,NULL,NULL,NULL,Hispanic Origin,,0,NULL,,1
,25099484494,FC21001989,2021-05-24 11:59:00.0000000,Male,White,18,NULL,NULL,NULL,Hispanic Origin,,0,NULL,,1
,25100277834,FC21001990,2021-05-24 19:32:00.0000000,Male,White,53,Medium,Mullet,NULL,Not of Hispanic Origin,,0,MA,,0
,25103006111,FC21001991,2021-05-21 00:00:00.0000000,Male,Black,44,NULL,NULL,NULL,Not of Hispanic Origin,,0,NULL,,0
,25103090091,FC21001991,2021-05-21 00:00:00.0000000,Female,White,31,Medium,Straight,Medium,Not of Hispanic Origin,,0,MA,,0
,25111369389,FC21001992,2021-05-23 22:56:00.0000000,Male,White,30,Medium,NULL,NULL,Hispanic Origin,,0,MA,,0
,25117066320,FC21001993,2021-05-24 11:10:00.0000000,Male,Black,28,Medium,NULL,NULL,Not of Hispanic Origin,,0,MA,Class D,0
,25143464389,FC21001994,2021-05-25 00:58:00.0000000,Male,Black,31,Medium,NULL,NULL,Not of Hispanic Origin,,0,MA,,0
,25205675297,FC21001995,2021-05-25 11:00:00.0000000,Female,White,38,Medium,NULL,NULL,Not of Hispanic Origin,,0,MA,,0
,25207662923,FC21001996,2021-05-22 23:26:00.0000000,Male,Black,30,Medium,Short,NULL,NULL,,0,MA,Class D,0
,25207683627,FC21001996,2021-05-22 23:26:00.0000000,Male,Black,37,NULL,NULL,NULL,Not of Hispanic Origin,,0,NULL,,NULL
,25207685055,FC21001996,2021-05-22 23:26:00.0000000,Male,Black,31,Medium,NULL,NULL,Not of Hispanic Origin,,0,MA,,NULL
,25222663826,FC21001997,2021-05-25 14:09:00.0000000,Male,Unknown,40,NULL,NULL,NULL,Unknown,,0,MA,Class D,0
,25229627982,FC21001998,2021-05-25 18:02:00.0000000,Male,Black,17,NULL,NULL,NULL,Not of Hispanic Origin,,0,NULL,,1
,25231984851,FC21001999,2021-05-24 16:30:00.0000000,Male,Black,35,Medium,NULL,Brown,Not of Hispanic Origin,,0,MA,Class D,0
,25232189169,FC21002000,2021-05-25 19:04:00.0000000,Male,Black,21,Medium,Short,Light Brown,NULL,,0,MA,,0
,25232216197,FC21002000,2021-05-25 19:04:00.0000000,Male,Black,21,Thin,NULL,NULL,Hispanic Origin,,0,MA,,0
,25232255470,FC21002000,2021-05-25 19:04:00.0000000,Male,Black,24,Thin,NULL,NULL,Not of Hispanic Origin,,0,MA,,0
,25232516755,FC21002001,2021-05-24 18:46:00.0000000,Male,Black,34,NULL,NULL,NULL,Not of Hispanic Origin,,0,MA,Class D,0
,25233574965,FC21002002,2021-05-25 19:59:00.0000000,Male,White,42,NULL,NULL,NULL,Not of Hispanic Origin,,0,NULL,,NULL
,25233574965,FC21002002,2021-05-25 19:59:00.0000000,Male,White,42,NULL,NULL,NULL,Not of Hispanic Origin,,0,NULL,,NULL
,25233589968,FC21002002,2021-05-25 19:59:00.0000000,Male,Black,46,NULL,NULL,NULL,Hispanic Origin,,0,NULL,,0
,25238853432,FC21002003,2021-05-25 22:30:00.0000000,Male,Black,26,Heavy,Afro,Brown,Not of Hispanic Origin,,0,MA,ID Only - Never had Personal Driver License,0
,25245675186,FC21002004,2021-05-26 00:23:00.0000000,Male,White,31,NULL,NULL,NULL,Not of Hispanic Origin,,0,NH,"ID - Had a License, now has ID",0
,25272901501,FC21002005,2021-05-26 11:40:00.0000000,Male,Other,40,NULL,NULL,NULL,Unknown,,0,NULL,,0
,25273165914,FC21002006,2021-05-26 08:55:00.0000000,Male,Black,27,NULL,NULL,NULL,Not of Hispanic Origin,,0,MA,Class D,1
,25283191299,FC21002007,2021-05-24 00:00:00.0000000,Male,Black,28,Thin,Dreadlocks,Dark,NULL,,0,MA,,1
,25288438989,FC21002008,2021-05-25 19:33:00.0000000,Male,Black,35,NULL,NULL,NULL,Not of Hispanic Origin,,0,RI,,0
,25288505260,FC21002008,2021-05-25 19:33:00.0000000,Male,Black,32,Thin,NULL,NULL,Not of Hispanic Origin,,0,MA,,0
,25288560157,FC21002008,2021-05-25 19:33:00.0000000,Male,Black,29,Thin,NULL,NULL,Not of Hispanic Origin,,0,MA,,0
,25295810853,FC21002009,2021-05-26 17:40:00.0000000,Male,Black,17,NULL,NULL,NULL,Not of Hispanic Origin,,0,NULL,,1
,25295940476,FC21002009,2021-05-26 17:40:00.0000000,Male,Black,15,NULL,NULL,NULL,Not of Hispanic Origin,,0,NULL,,1
,25299241002,FC21002010,2021-05-26 18:35:00.0000000,Female,White,37,NULL,NULL,NULL,Not of Hispanic Origin,,0,MA,Class D,NULL
,25299272986,FC21002010,2021-05-26 18:35:00.0000000,Male,Black,32,Thin,Curly,Medium Brown,Unknown,,0,MA,,0
,25304889120,FC21002011,2021-05-27 01:52:00.0000000,Male,White,28,NULL,NULL,NULL,Hispanic Origin,,0,NULL,,0
,25304923808,FC21002012,2021-05-27 00:33:00.0000000,Female,Black,30,NULL,NULL,NULL,Hispanic Origin,,0,MA,,NULL
,25304923808,FC21002012,2021-05-27 00:33:00.0000000,Female,Black,30,NULL,NULL,NULL,Hispanic Origin,,0,MA,,NULL
,25304925695,FC21002012,2021-05-27 00:33:00.0000000,Male,Black,25,Thin,Dreadlocks,Medium Brown,NULL,,0,MA,,0
,25306751544,FC21002013,2021-05-27 01:30:00.0000000,Male,White,36,Medium,NULL,NULL,Hispanic Origin,,0,MA,No License - Record Only,1
,25307602272,FC21002014,2021-05-27 09:23:00.0000000,Male,Black,48,Thin,NULL,NULL,Hispanic Origin,,0,FL,Other: Class E operator,0
,25319037399,FC21002016,2021-05-26 22:10:00.0000000,Male,White,45,Medium,NULL,NULL,Not of Hispanic Origin,,0,MA,,0
,25319101514,FC21002017,2021-05-27 13:32:00.0000000,Male,White,56,Medium,Bald or Balding,Light,Not of Hispanic Origin,,0,MA,Class D,1
,25319257730,FC21002018,2021-05-27 12:43:00.0000000,Male,White,37,Medium,Short,Light,Not of Hispanic Origin,,0,MA,,1
,25319259129,FC21002018,2021-05-27 12:43:00.0000000,Male,Black,54,Muscular,Bald or Balding,Dark,Not of Hispanic Origin,,0,MA,"ID - Had a License, now has ID",0
,25319261076,FC21002018,2021-05-27 12:43:00.0000000,Male,Black,31,Medium,NULL,NULL,Not of Hispanic Origin,,0,MA,,0
,25319263607,FC21002018,2021-05-27 12:43:00.0000000,Male,Black,29,Medium,Short,Medium Brown,Hispanic Origin,,0,MA,,0
,25319267413,FC21002018,2021-05-27 12:43:00.0000000,Male,Black,26,Medium,Short,Medium,Unknown,,0,MA,,0
,25319272881,FC21002018,2021-05-27 12:43:00.0000000,Male,White,27,NULL,NULL,NULL,Not of Hispanic Origin,,0,MA,ID Only - Never had Personal Driver License,0
,25319576745,FC21002019,2021-05-27 16:00:00.0000000,Male,Black,31,Thin,NULL,NULL,Hispanic Origin,,0,MA,,NULL
,25319576745,FC21002019,2021-05-27 16:00:00.0000000,Male,Black,31,Thin,NULL,NULL,Hispanic Origin,,0,MA,,1
,25319583114,FC21002019,2021-05-27 16:00:00.0000000,Male,Black,31,Medium,NULL,NULL,Not of Hispanic Origin,,0,MA,,NULL
,25320597557,FC21002020,2021-05-27 19:13:00.0000000,Male,White,32,Medium,NULL,NULL,Not of Hispanic Origin,,0,MA,,1
,25320597557,FC21002020,2021-05-27 19:13:00.0000000,Male,White,32,Medium,NULL,NULL,Not of Hispanic Origin,,0,MA,,NULL
,25320599323,FC21002020,2021-05-27 19:13:00.0000000,Male,Unknown,31,NULL,NULL,NULL,NULL,,0,NULL,,NULL
,25320599323,FC21002020,2021-05-27 19:13:00.0000000,Male,Unknown,31,NULL,NULL,NULL,NULL,,0,NULL,,1
,25320798429,FC21002021,2021-05-27 20:00:00.0000000,Male,Black,28,Medium,NULL,NULL,Not of Hispanic Origin,,0,MA,,0
,25320871817,FC21002022,2021-05-27 21:32:00.0000000,Male,Black,36,Heavy,NULL,NULL,Not of Hispanic Origin,,0,MA,Class D,1
,25320963673,FC21002023,2021-05-27 21:45:00.0000000,Female,Black,23,NULL,NULL,NULL,Not of Hispanic Origin,,0,MA,Class D,0
,25320965185,FC21002023,2021-05-27 21:45:00.0000000,Male,Black,23,Thin,Dreadlocks,Medium Brown,Not of Hispanic Origin,,0,MA,"ID - Had a License, now has ID",0
,25321062964,FC21002024,2021-05-27 16:00:00.0000000,Male,White,22,Medium,NULL,NULL,Hispanic Origin,,0,MA,,0
,25321080081,FC21002025,2021-05-27 22:31:00.0000000,Male,Black,47,Thin,Short,NULL,Not of Hispanic Origin,,0,MA,,1
,25322042989,FC21002027,2021-05-28 06:06:00.0000000,Male,White,42,Medium,NULL,NULL,Not of Hispanic Origin,,0,MA,,1
,25328963528,FC21002028,2021-05-28 00:00:00.0000000,Male,White,46,Thin,NULL,NULL,Not of Hispanic Origin,,0,MA,Class D,0
,25329155809,FC21002028,2021-05-28 00:00:00.0000000,Male,Unknown,43,NULL,NULL,NULL,NULL,,0,NULL,,NULL
,25329287318,FC21002029,2021-05-28 13:51:00.0000000,Male,Black,21,Stocky,Curly,Light Brown,Hispanic Origin,,0,MA,Class D,0
,25329295419,FC21002029,2021-05-28 13:51:00.0000000,Male,Black,32,Stocky,Dreadlocks,Light Brown,Hispanic Origin,,0,MA,Class D,0
,25329295916,FC21002029,2021-05-28 13:51:00.0000000,Female,White,42,NULL,NULL,NULL,Hispanic Origin,,0,MA,Class D,0
,25329296651,FC21002029,2021-05-28 13:51:00.0000000,Female,White,23,NULL,NULL,NULL,Unknown,,0,MA,ID Only - Never had Personal Driver License,0
,25329297343,FC21002029,2021-05-28 13:51:00.0000000,Female,Black,45,Medium,NULL,NULL,Not of Hispanic Origin,,0,MA,"ID - Had a License, now has ID",0
,25329658064,FC21002030,2021-05-22 22:05:00.0000000,Male,Black,40,Medium,Afro,NULL,Not of Hispanic Origin,,0,MA,Class D,0
,25329686063,FC21002031,2021-05-27 13:30:00.0000000,Male,White,41,Stocky,NULL,NULL,Hispanic Origin,,0,MA,,1
,25332240535,FC21002032,2021-05-28 18:40:00.0000000,Male,Black,39,Heavy,NULL,NULL,Not of Hispanic Origin,,0,MA,,0
,25332243814,FC21002032,2021-05-28 18:40:00.0000000,Female,Black,41,NULL,NULL,NULL,Not of Hispanic Origin,,0,MA,,NULL
,25332247154,FC21002032,2021-05-28 18:40:00.0000000,Male,White,38,NULL,NULL,NULL,Unknown,,0,MA,Class D,NULL
,25332979697,FC21002033,2021-05-28 18:46:00.0000000,Male,Black,28,Thin,Dreadlocks,Dark,NULL,,0,MA,,1
,25333941334,FC21002034,2021-05-28 19:00:00.0000000,Female,White,36,NULL,NULL,NULL,NULL,,0,NULL,,0
,25335272857,FC21002035,2021-05-28 19:15:00.0000000,Male,White,20,NULL,NULL,NULL,Hispanic Origin,,0,MA,Class D,1
,25335318429,FC21002035,2021-05-28 19:15:00.0000000,Male,Black,23,Thin,NULL,NULL,Not of Hispanic Origin,,0,MA,ID Only - Never had Personal Driver License,1
,25335572580,FC21002035,2021-05-28 19:15:00.0000000,Female,Black,17,Small,Pony Tail,Medium Brown,Not of Hispanic Origin,,0,NULL,,0
,25336940780,FC21002036,2021-05-28 20:30:00.0000000,Male,White,20,NULL,Braided,NULL,Hispanic Origin,,0,MA,Class D,0
,25337315524,FC21002037,2021-05-28 22:25:00.0000000,Male,Black,24,Thin,NULL,NULL,Not of Hispanic Origin,,0,MA,,1
,25337317612,FC21002037,2021-05-28 22:25:00.0000000,Male,Black,24,Medium,NULL,NULL,Hispanic Origin,,0,MA,,1
,25344554759,FC21002038,2021-05-29 15:44:00.0000000,Male,Black,54,Heavy,NULL,Medium Brown,Not of Hispanic Origin,,0,MA,,0
,25344737001,FC21002039,2021-05-29 17:15:00.0000000,Male,Black,22,Heavy,Short,Dark Brown,Not of Hispanic Origin,,0,MA,,0
,25344891137,FC21002040,2021-05-29 17:09:00.0000000,Male,Black,60,Thin,NULL,Dark,Not of Hispanic Origin,,0,MA,,1
,25345361433,FC21002041,2021-05-29 21:00:00.0000000,Male,Black,36,Medium,NULL,Light Brown,Not of Hispanic Origin,,0,MA,,1
,25346765097,FC21002042,2021-05-29 03:49:00.0000000,Female,Black,28,Medium,Straight,Medium,Not of Hispanic Origin,,0,MA,None,1
,25346765259,FC21002042,2021-05-29 03:49:00.0000000,Male,Black,33,NULL,NULL,NULL,Unknown,,0,CA,Other: out of state,NULL
,25347007713,FC21002043,2021-05-30 01:00:00.0000000,Male,Black,41,Medium,NULL,NULL,Hispanic Origin,,0,MA,,0
,25350750165,FC21002044,2021-05-30 19:37:00.0000000,Female,White,40,Medium,NULL,NULL,Not of Hispanic Origin,,0,MA,,1
,25353081925,FC21002046,2021-05-31 12:30:00.0000000,Male,Black,29,Medium,Braided,Medium Brown,Hispanic Origin,,0,MA,Class D,0
,25353506736,FC21002047,2021-05-31 10:50:00.0000000,Male,White,49,Thin,Straight,Light,Not of Hispanic Origin,,0,MA,,1
,25353539610,FC21002048,2021-05-31 14:11:00.0000000,Male,White,41,Medium,Bald or Balding,Light,Not of Hispanic Origin,,0,MA,None,1
,25353561211,FC21002049,2021-05-30 11:50:00.0000000,Male,Black,61,NULL,NULL,NULL,Hispanic Origin,,0,MA,Class D,0
,25353575155,FC21002049,2021-05-30 11:50:00.0000000,Male,Black,49,Muscular,NULL,NULL,Not of Hispanic Origin,,0,MA,,0
,25353922428,FC21002050,2021-05-31 18:02:00.0000000,Male,Black,32,NULL,NULL,NULL,Unknown,,0,MA,ID Only - Never had Personal Driver License,1
,25354232571,FC21002051,2021-05-31 19:35:00.0000000,Male,White,56,Medium,Straight,NULL,Not of Hispanic Origin,,0,MA,"ID - Had a License, now has ID",0
,25354400228,FC21002052,2021-05-31 21:00:00.0000000,Male,Black,33,Medium,Dreadlocks,Dark Brown,Not of Hispanic Origin,,0,MA,,0
,25355767278,FC21002053,2021-06-01 00:00:00.0000000,Male,Black,52,Medium,Short,Dark Brown,NULL,,0,MA,,0
,25355990403,FC21002054,2021-06-01 08:03:00.0000000,Male,Black,40,Medium,NULL,NULL,Hispanic Origin,,0,MA,,0
,25356779070,FC21002055,2021-06-01 10:50:00.0000000,Male,Unknown,NULL,NULL,NULL,NULL,Unknown,,0,NULL,,0
,25360237525,FC21002056,2021-06-01 13:00:00.0000000,Female,White,29,Medium,Combed Back,Light,Not of Hispanic Origin,,0,MA,"ID - Had a License, now has ID",0
,25360238073,FC21002057,2021-06-01 12:50:00.0000000,Female,Unknown,36,NULL,NULL,NULL,Unknown,,0,MA,ID Only - Never had Personal Driver License,0
,25360244493,FC21002057,2021-06-01 12:50:00.0000000,Female,Black,23,Medium,NULL,NULL,Not of Hispanic Origin,,0,MA,Class D,NULL
,25360715882,FC21002058,2021-06-01 14:24:00.0000000,Male,Black,25,Medium,NULL,Brown,Not of Hispanic Origin,,0,MA,,0
,25360915457,FC21002059,2021-06-01 14:20:00.0000000,Male,Black,57,NULL,NULL,NULL,Unknown,,0,MA,,0
,25361500573,FC21002060,2021-06-01 18:43:00.0000000,Male,White,57,Medium,NULL,NULL,Not of Hispanic Origin,,0,MA,,NULL
,25361500573,FC21002060,2021-06-01 18:43:00.0000000,Male,White,57,Medium,NULL,NULL,Not of Hispanic Origin,,0,MA,,0
,25361500163,FC21002061,2021-06-01 17:55:00.0000000,Male,Black,53,Medium,Bald or Balding,Medium Brown,Not of Hispanic Origin,,0,MA,ID Only - Never had Personal Driver License,0
,25361584530,FC21002062,2021-06-01 18:45:00.0000000,Female,Black,30,Medium,NULL,NULL,Not of Hispanic Origin,,0,MA,Class D,0
,25361584551,FC21002062,2021-06-01 18:45:00.0000000,Male,Black,25,Thin,Short,NULL,Hispanic Origin,,0,MA,Class D,0
,25361587180,FC21002062,2021-06-01 18:45:00.0000000,Male,Black,22,Obese,Short,Dark Brown,Not of Hispanic Origin,,0,NULL,,0
,25361587821,FC21002062,2021-06-01 18:45:00.0000000,Male,White,17,NULL,NULL,NULL,Hispanic Origin,,0,MA,ID Only - Never had Personal Driver License,0
,25361590108,FC21002062,2021-06-01 18:45:00.0000000,Male,Black,18,Thin,Short,Dark Brown,NULL,,0,MA,,0
,25361588574,FC21002063,2021-06-01 17:55:00.0000000,Female,White,66,NULL,NULL,NULL,Not of Hispanic Origin,,0,MA,Class D,1
,25362038442,FC21002064,2021-06-01 20:17:00.0000000,Male,White,46,Medium,NULL,NULL,Not of Hispanic Origin,,0,MA,,1
,25362043631,FC21002064,2021-06-01 20:17:00.0000000,Female,White,29,Thin,Straight,Light,Hispanic Origin,,0,MA,Class D,0
,25363480697,FC21002065,2021-06-02 08:45:00.0000000,Male,White,33,Unknown,NULL,Fair,Not of Hispanic Origin,,0,MA,"ID - Had a License, now has ID",1
,25363544970,FC21002066,2021-06-02 08:24:00.0000000,Male,White,34,Medium,Unkempt,Medium,Not of Hispanic Origin,,0,MA,,0
,25363800432,FC21002067,2021-06-02 09:00:00.0000000,Male,Black,30,Thin,Short,Medium Brown,Not of Hispanic Origin,,0,MA,ID Only - Never had Personal Driver License,0
,25363888963,FC21002067,2021-06-02 09:00:00.0000000,Male,Unknown,NULL,NULL,NULL,NULL,NULL,,0,NULL,,NULL
,25364085949,FC21002068,2021-06-02 09:43:00.0000000,Male,White,36,NULL,NULL,NULL,Unknown,,0,NULL,,1
,25364502141,FC21002069,2021-06-02 11:20:00.0000000,Male,Black,31,Medium,Afro,Medium,Not of Hispanic Origin,,0,MA,,0
,25364521327,FC21002069,2021-06-02 11:20:00.0000000,Male,Black,29,Unknown,NULL,NULL,Not of Hispanic Origin,,0,MA,Class D,0
,25380950465,FC21002071,2021-06-02 15:30:00.0000000,Male,Black,45,Muscular,Unkempt,Medium Brown,Not of Hispanic Origin,,0,MA,Class D,NULL
,25380950465,FC21002071,2021-06-02 15:30:00.0000000,Male,Black,45,Muscular,Unkempt,Medium Brown,Not of Hispanic Origin,,0,MA,Class D,1
,25382839127,FC21002072,2021-06-02 16:31:00.0000000,Female,White,36,Medium,Straight,Light,Not of Hispanic Origin,,0,MA,,0
,25383658842,FC21002073,2021-06-02 17:00:00.0000000,Male,Black,17,Thin,NULL,Light,Not of Hispanic Origin,,0,MA,,0
,25383663143,FC21002073,2021-06-02 17:00:00.0000000,Male,Black,15,NULL,NULL,NULL,Not of Hispanic Origin,,0,NULL,,0
,25383669214,FC21002073,2021-06-02 17:00:00.0000000,Male,Black,27,Medium,Short,Light Brown,NULL,,0,MA,,NULL
,25383672309,FC21002073,2021-06-02 17:00:00.0000000,Male,Black,26,Heavy,Short,Dark Brown,Not of Hispanic Origin,,0,MA,ID Only - Never had Personal Driver License,NULL
,25383674189,FC21002073,2021-06-02 17:00:00.0000000,Male,Black,24,Medium,Short,Medium,Not of Hispanic Origin,,0,MA,Class D,NULL
,25384567469,FC21002074,2021-06-02 16:49:00.0000000,Male,Black,16,Medium,NULL,NULL,Not of Hispanic Origin,,0,MA,,1
,25384488286,FC21002075,2021-06-02 18:30:00.0000000,Male,White,41,Medium,Bald or Balding,Light,Not of Hispanic Origin,,0,MA,None,0
,25385146880,FC21002076,2021-06-02 15:40:00.0000000,Male,Black,17,Thin,NULL,Light,Not of Hispanic Origin,,0,MA,,0
,25385153912,FC21002076,2021-06-02 15:40:00.0000000,Male,Black,20,Thin,NULL,Light Brown,Hispanic Origin,,0,MA,,0
,25385201091,FC21002076,2021-06-02 15:40:00.0000000,Male,Black,27,Medium,Short,Light Brown,NULL,,0,MA,,0
,25385162598,FC21002077,2021-06-02 17:25:00.0000000,Male,White,53,Medium,Short,Medium,Hispanic Origin,,0,MA,,1
,25385388024,FC21002078,2021-06-02 18:22:00.0000000,Male,Black,33,NULL,NULL,NULL,Not of Hispanic Origin,,0,MA,Class D,0
,25385393820,FC21002078,2021-06-02 18:22:00.0000000,Male,White,43,NULL,NULL,NULL,Not of Hispanic Origin,,0,MA,Class D,0
,25385733668,FC21002079,2021-06-02 22:00:00.0000000,Male,Black,30,Thin,NULL,NULL,Not of Hispanic Origin,,0,MA,,0
,25385735856,FC21002079,2021-06-02 22:00:00.0000000,Male,Black,29,Thin,Dreadlocks,Medium Brown,Not of Hispanic Origin,,0,MA,,0
,25385738633,FC21002079,2021-06-02 22:00:00.0000000,Male,Black,31,Medium,NULL,NULL,Not of Hispanic Origin,,0,MA,,0
,25385850670,FC21002080,2021-06-02 04:49:00.0000000,Male,Black,33,NULL,NULL,NULL,Hispanic Origin,,0,MA,,1
,25387964618,FC21002081,2021-06-03 10:50:00.0000000,Male,White,56,Medium,NULL,NULL,Not of Hispanic Origin,,0,MA,,0
,25388842453,FC21002082,2021-06-03 12:25:00.0000000,Male,Black,29,Thin,NULL,NULL,Not of Hispanic Origin,,0,MA,,0
,25389230944,FC21002083,2021-06-03 13:37:00.0000000,Male,Black,16,NULL,NULL,NULL,NULL,,0,NULL,,1
,25389598628,FC21002085,2021-06-03 11:30:00.0000000,Male,White,60,Medium,NULL,NULL,Not of Hispanic Origin,,0,MA,,0
,25389599003,FC21002085,2021-06-03 11:30:00.0000000,Male,White,35,Thin,Short,Medium,NULL,,0,MA,,0
,25390399781,FC21002086,2021-06-03 18:10:00.0000000,Male,Black,20,NULL,NULL,NULL,Hispanic Origin,,0,MA,Class D,0
,25390852879,FC21002087,2021-06-03 17:22:00.0000000,Male,White,29,Thin,Pony Tail,Medium,Unknown,,0,MA,,0
,25393720375,FC21002088,2021-06-03 20:20:00.0000000,Male,Black,31,Thin,NULL,NULL,Not of Hispanic Origin,,0,MA,,1
,25393745968,FC21002089,2021-06-03 18:16:00.0000000,Male,White,50,Thin,NULL,Medium,Not of Hispanic Origin,,0,MA,,0
,25394384891,FC21002090,2021-05-29 01:00:00.0000000,Male,Black,40,Heavy,Bald or Balding,Medium,Not of Hispanic Origin,,0,MA,Class D,0
,25395692780,FC21002091,2021-06-04 00:00:00.0000000,Male,White,40,Medium,Short,Light,Not of Hispanic Origin,,0,MA,,0
,25395818202,FC21002092,2021-06-04 09:00:00.0000000,Male,Black,37,NULL,NULL,NULL,NULL,,0,NULL,,0
,25395825774,FC21002092,2021-06-04 09:00:00.0000000,Female,White,34,NULL,NULL,NULL,NULL,,0,MA,ID Only - Never had Personal Driver License,0
,25395828272,FC21002092,2021-06-04 09:00:00.0000000,Male,White,35,Medium,NULL,NULL,Not of Hispanic Origin,,0,MA,,0
,25395890390,FC21002093,2021-06-02 00:00:00.0000000,Female,White,36,NULL,NULL,NULL,Not of Hispanic Origin,,0,NULL,,0
,25395922695,FC21002094,2021-06-04 08:53:00.0000000,Male,Black,66,Thin,Dreadlocks,Medium Brown,Not of Hispanic Origin,,0,MA,"ID - Had a License, now has ID",1
,25397200394,FC21002096,2021-06-04 14:00:00.0000000,Female,White,41,Medium,Curly,NULL,Not of Hispanic Origin,,0,MA,,0
,25397459498,FC21002097,2021-06-04 15:30:00.0000000,Male,American Indian or Alaskan Native,88,NULL,NULL,NULL,Not of Hispanic Origin,,0,NULL,,0
,25397471749,FC21002098,2021-06-04 15:13:00.0000000,Female,Black,43,NULL,NULL,NULL,Unknown,,0,MA,Other: Suspended,0
,25397970793,FC21002099,2021-06-04 17:22:00.0000000,Male,Black,23,Medium,Short,Dark,Not of Hispanic Origin,,0,MA,,0
,25398201369,FC21002100,2021-06-03 10:30:00.0000000,Male,Black,27,Thin,Braided,Dark Brown,NULL,,0,MA,,1
,25398201976,FC21002100,2021-06-03 10:30:00.0000000,Male,Black,30,Medium,Short,Medium Brown,Not of Hispanic Origin,,0,MA,Class D,1
,25398202301,FC21002100,2021-06-03 10:30:00.0000000,Male,Black,26,Thin,Braided,Medium Brown,NULL,,0,MA,,1
,25399186983,FC21002101,2021-06-05 00:45:00.0000000,Male,Black,25,NULL,NULL,NULL,Not of Hispanic Origin,,0,MA,Class D,0
,25399367601,FC21002102,2021-06-05 01:35:00.0000000,Female,Asian,26,NULL,NULL,NULL,Not of Hispanic Origin,,0,NULL,,NULL
,25399373550,FC21002102,2021-06-05 01:35:00.0000000,Male,Asian,52,NULL,NULL,NULL,Not of Hispanic Origin,,0,NULL,,0
,25400900829,FC21002103,2021-06-05 10:52:00.0000000,Male,Unknown,35,NULL,NULL,NULL,Unknown,,0,MA,Class D,0
,25401075546,FC21002104,2021-06-05 10:44:00.0000000,Female,White,74,NULL,NULL,NULL,NULL,,0,NULL,,0
,25401666810,FC21002105,2021-06-05 16:55:00.0000000,Male,White,57,Medium,NULL,NULL,Not of Hispanic Origin,,0,MA,,0
,25401796946,FC21002106,2021-06-05 17:07:00.0000000,Female,White,36,NULL,NULL,NULL,Not of Hispanic Origin,,0,MA,"ID - Had a License, now has ID",0
,25401796946,FC21002106,2021-06-05 17:07:00.0000000,Female,White,36,NULL,NULL,NULL,Not of Hispanic Origin,,0,MA,"ID - Had a License, now has ID",NULL
,25402274352,FC21002108,2021-06-05 19:23:00.0000000,Male,Black,31,NULL,NULL,NULL,Not of Hispanic Origin,,0,MA,Class D,1
,25402275866,FC21002108,2021-06-05 19:23:00.0000000,Male,Black,27,Medium,NULL,NULL,Not of Hispanic Origin,,0,MA,,1
,25402305358,FC21002109,2021-06-05 18:27:00.0000000,Male,Black,28,Thin,NULL,NULL,Not of Hispanic Origin,,0,MA,,1
,25402306500,FC21002109,2021-06-05 18:27:00.0000000,Male,Black,21,Thin,NULL,NULL,Not of Hispanic Origin,,0,MA,Class D,0
,25402362539,FC21002110,2021-06-05 20:43:00.0000000,Male,White,29,NULL,NULL,NULL,Hispanic Origin,,0,MA,Class D,NULL
,25402391502,FC21002110,2021-06-05 20:43:00.0000000,Male,Black,28,NULL,NULL,NULL,Unknown,,0,MA,Class D,0
,25402425036,FC21002111,2021-06-05 20:15:00.0000000,Male,Black,22,NULL,NULL,NULL,Unknown,,0,MA,Class D,1
,25402436008,FC21002111,2021-06-05 20:15:00.0000000,Male,Black,25,NULL,Extensions,NULL,Unknown,,0,MA,Class D,1
,25402479863,FC21002112,2021-06-05 19:10:00.0000000,Male,Black,33,Medium,NULL,NULL,Not of Hispanic Origin,,0,MA,,0
,25403904903,FC21002114,2021-06-06 10:15:00.0000000,Male,White,25,NULL,NULL,NULL,Not of Hispanic Origin,,0,MA,"ID - Had a License, now has ID",0
,25403907028,FC21002114,2021-06-06 10:15:00.0000000,Female,White,24,NULL,NULL,NULL,NULL,,0,MA,Class D,0
,25405263433,FC21002115,2021-06-06 17:13:00.0000000,Male,Black,14,NULL,NULL,NULL,Not of Hispanic Origin,,0,NULL,,0
,25405266589,FC21002115,2021-06-06 17:13:00.0000000,Male,Black,15,NULL,NULL,NULL,Hispanic Origin,,0,NULL,,0
,25405268661,FC21002115,2021-06-06 17:13:00.0000000,Male,Black,14,NULL,NULL,NULL,Unknown,,0,NULL,,0
,25405272190,FC21002115,2021-06-06 17:13:00.0000000,Male,Black,14,NULL,NULL,NULL,Not of Hispanic Origin,,0,NULL,,0
,25405274395,FC21002115,2021-06-06 17:13:00.0000000,Male,Black,14,Thin,NULL,Brown,Not of Hispanic Origin,,0,NULL,,0
,25405441662,FC21002116,2021-06-06 17:17:00.0000000,Male,White,50,NULL,NULL,NULL,NULL,,0,NULL,,NULL
,25405442437,FC21002116,2021-06-06 17:17:00.0000000,Male,White,43,NULL,NULL,NULL,NULL,,0,NULL,,0
,25405534587,FC21002117,2021-06-06 00:00:00.0000000,Male,Other,19,NULL,NULL,NULL,Not of Hispanic Origin,,0,MA,ID Only - Never had Personal Driver License,0
,25405556189,FC21002117,2021-06-06 00:00:00.0000000,Male,Black,26,Thin,Unkempt,Dark Brown,Not of Hispanic Origin,,0,MA,,0
,25406011333,FC21002118,2021-06-06 08:40:00.0000000,Female,Black,38,Heavy,NULL,NULL,Not of Hispanic Origin,,0,MA,,NULL
,25406013473,FC21002118,2021-06-06 08:40:00.0000000,Female,Unknown,36,NULL,NULL,NULL,Hispanic Origin,,0,NULL,,0
,25406015500,FC21002118,2021-06-06 08:40:00.0000000,Male,White,41,NULL,NULL,NULL,Hispanic Origin,,0,MA,,0
,25406329397,FC21002119,2021-06-07 01:16:00.0000000,Male,Other,40,Thin,NULL,Light,Hispanic Origin,,0,NULL,,1
,25406821137,FC21002120,2021-06-06 19:00:00.0000000,Male,Black,32,Medium,Afro,NULL,Not of Hispanic Origin,,0,MA,,0
,25407357436,FC21002121,2021-06-06 23:45:00.0000000,Male,Unknown,20,NULL,NULL,NULL,Hispanic Origin,,0,MA,Class D,1
,25407360264,FC21002121,2021-06-06 23:45:00.0000000,Male,Unknown,20,NULL,NULL,NULL,Hispanic Origin,,0,MA,ID Only - Never had Personal Driver License,1
,25407368509,FC21002121,2021-06-06 23:45:00.0000000,Male,White,19,NULL,NULL,NULL,Hispanic Origin,,0,MA,ID Only - Never had Personal Driver License,1
,25410082114,FC21002122,2021-06-07 14:52:00.0000000,Male,Black,27,Unknown,NULL,NULL,Not of Hispanic Origin,,0,MA,Class D,0
,25410085981,FC21002122,2021-06-07 14:52:00.0000000,Male,Black,26,Heavy,Braided,Medium,NULL,,0,MA,ID Only - Never had Personal Driver License,0
,25410742748,FC21002123,2021-06-07 17:50:00.0000000,Male,White,51,NULL,NULL,NULL,Hispanic Origin,,0,MA,"ID - Had a License, now has ID",0
,25410762664,FC21002124,2021-06-07 06:30:00.0000000,Male,Other,33,NULL,NULL,NULL,Not of Hispanic Origin,,0,NULL,,0
,25411091489,FC21002125,2021-06-07 00:00:00.0000000,Male,White,42,Medium,Short,Light,Hispanic Origin,,0,MA,,1
,25411310816,FC21002126,2021-06-07 00:00:00.0000000,Male,Black,25,Thin,Braided,NULL,Not of Hispanic Origin,,0,MA,Class D,0
,25411373688,FC21002127,2021-06-07 00:00:00.0000000,Male,White,27,Thin,Short,NULL,Not of Hispanic Origin,,0,MA,Class D,0
,25412640145,FC21002128,2021-06-08 00:58:00.0000000,Male,Black,26,Medium,NULL,NULL,Not of Hispanic Origin,,0,MA,Class D,0
,25417260704,FC21002129,2021-06-08 13:00:00.0000000,Male,Black,22,Thin,Short,Medium Brown,NULL,,0,MA,,0
,25417286367,FC21002129,2021-06-08 13:00:00.0000000,Female,Black,21,Thin,NULL,NULL,Not of Hispanic Origin,,0,MA,,NULL
,25417337809,FC21002129,2021-06-08 13:00:00.0000000,Male,Black,29,Stocky,NULL,NULL,Not of Hispanic Origin,,0,MA,,NULL
,25432985035,FC21002131,2021-06-08 17:15:00.0000000,Male,White,42,NULL,NULL,NULL,Not of Hispanic Origin,,0,MA,,0
,25433063522,FC21002131,2021-06-08 17:15:00.0000000,Male,White,48,NULL,NULL,NULL,Unknown,,0,NULL,,0
,25434299630,FC21002132,2021-06-08 17:35:00.0000000,Male,Black,24,Stocky,Bald or Balding,Light Brown,Not of Hispanic Origin,,0,MA,,0
,25434429498,FC21002132,2021-06-08 17:35:00.0000000,Female,Black,20,NULL,NULL,NULL,Not of Hispanic Origin,,0,MA,Class D,0
,25438827785,FC21002133,2021-06-08 14:44:00.0000000,Male,White,63,Thin,NULL,NULL,Not of Hispanic Origin,,0,MA,"ID - Had a License, now has ID",0
,25441352174,FC21002134,2021-06-08 00:00:00.0000000,Female,White,NULL,NULL,NULL,NULL,Hispanic Origin,,0,NULL,,NULL
,25441352174,FC21002134,2021-06-08 00:00:00.0000000,Female,White,NULL,NULL,NULL,NULL,Hispanic Origin,,0,NULL,,0
,25441400906,FC21002135,2021-06-08 21:00:00.0000000,Male,White,28,Medium,NULL,NULL,Hispanic Origin,,0,MA,,0
,25442138451,FC21002136,2021-06-09 01:30:00.0000000,Male,Black,25,NULL,NULL,NULL,Unknown,,0,MA,Class D,0
,25442355701,FC21002137,2021-06-09 00:22:00.0000000,Male,Black,24,Thin,Short,Dark Brown,Unknown,,0,MA,,0
,25442366268,FC21002137,2021-06-09 00:22:00.0000000,Male,Black,21,NULL,NULL,NULL,Unknown,,0,MA,Class D,0
,25442451282,FC21002138,2021-06-05 20:20:00.0000000,Male,Black,40,Thin,NULL,Medium Brown,Not of Hispanic Origin,,0,MA,,1
,25442452118,FC21002138,2021-06-05 20:20:00.0000000,Male,Black,30,Medium,NULL,NULL,Hispanic Origin,,0,MA,,NULL
,25445104511,FC21002140,2021-06-09 12:30:00.0000000,Male,Black,33,Medium,Short,Dark,Not of Hispanic Origin,,0,MA,,0
,25448562303,FC21002141,2021-06-09 12:55:00.0000000,Male,White,35,NULL,NULL,NULL,Not of Hispanic Origin,,0,MA,Class D,0
,25448568218,FC21002141,2021-06-09 12:55:00.0000000,Female,White,34,NULL,NULL,NULL,Unknown,,0,MA,,0
,25449352801,FC21002142,2021-06-09 14:30:00.0000000,Female,Black,51,NULL,NULL,NULL,Not of Hispanic Origin,,0,MA,Class D,0
,25451434470,FC21002143,2021-06-09 10:10:00.0000000,Male,White,46,NULL,NULL,NULL,Not of Hispanic Origin,,0,MA,Class D,NULL
,25451470947,FC21002143,2021-06-09 10:10:00.0000000,Male,Black,23,Thin,Short,Dark,Not of Hispanic Origin,,0,MA,ID Only - Never had Personal Driver License,1
,25473007281,FC21002144,2021-06-09 16:19:00.0000000,Male,White,25,Thin,Dreadlocks,Light Brown,Hispanic Origin,,0,MA,,1
,25473052003,FC21002144,2021-06-09 16:19:00.0000000,Male,Black,24,NULL,NULL,NULL,Unknown,,0,RI,ID Only - Never had Personal Driver License,0
,25473105691,FC21002144,2021-06-09 16:19:00.0000000,Male,Black,26,Medium,Curly,NULL,Not of Hispanic Origin,,0,MA,,0
,25479968281,FC21002145,2021-06-09 19:34:00.0000000,Male,Black,17,Thin,NULL,Light,Not of Hispanic Origin,,0,MA,,0
,25479969889,FC21002145,2021-06-09 19:34:00.0000000,Male,Black,NULL,NULL,NULL,NULL,Unknown,,0,NULL,,0
,25480107743,FC21002146,2021-06-09 18:00:00.0000000,Male,White,33,Thin,NULL,NULL,Hispanic Origin,,0,MA,,0
,25480595565,FC21002147,2021-06-09 21:40:00.0000000,Male,Black,NULL,NULL,NULL,NULL,Unknown,,0,NULL,,0
,25480649204,FC21002147,2021-06-09 21:40:00.0000000,Male,Black,40,NULL,NULL,NULL,Not of Hispanic Origin,,0,MA,CDL Class B,0
,25480717397,FC21002147,2021-06-09 21:40:00.0000000,Male,Black,44,Medium,NULL,NULL,Not of Hispanic Origin,,0,MA,Class D,0
,25480747459,FC21002147,2021-06-09 21:40:00.0000000,Male,Black,18,Medium,Short,Dark Brown,Not of Hispanic Origin,,0,MA,,0
,25480805714,FC21002147,2021-06-09 21:40:00.0000000,Male,Black,27,Medium,Short,Light Brown,NULL,,0,MA,,0
,25480842939,FC21002147,2021-06-09 21:40:00.0000000,Male,Black,43,Thin,Short,Medium Brown,Not of Hispanic Origin,,0,MA,ID Only - Never had Personal Driver License,0
,25483501842,FC21002147,2021-06-09 21:40:00.0000000,Male,Unknown,16,NULL,NULL,NULL,Hispanic Origin,,0,MA,ID Only - Never had Personal Driver License,0
,25485308197,FC21002148,2021-06-09 19:20:00.0000000,Male,Black,18,Medium,Short,Dark Brown,Not of Hispanic Origin,,0,MA,,0
,25485364364,FC21002148,2021-06-09 19:20:00.0000000,Male,Unknown,16,NULL,NULL,NULL,Hispanic Origin,,0,MA,ID Only - Never had Personal Driver License,0
,25513262779,FC21002149,2021-06-10 00:32:00.0000000,Male,Black,38,Medium,NULL,NULL,Not of Hispanic Origin,,0,MA,,0
,25513273805,FC21002150,2021-06-10 03:00:00.0000000,Male,White,31,Medium,Short,Light,Not of Hispanic Origin,,0,MA,Class D,0
,25514049711,FC21002151,2021-06-10 08:45:00.0000000,Male,Black,21,Thin,Curly,Dark Brown,Not of Hispanic Origin,,0,MA,Other: Type M,0
,25514095514,FC21002152,2021-06-10 10:00:00.0000000,Male,Unknown,42,NULL,NULL,NULL,NULL,,0,MA,Class D,0
,25514202557,FC21002153,2021-06-10 01:07:00.0000000,Male,Black,25,Medium,Dreadlocks,Medium Brown,Not of Hispanic Origin,,0,MA,,0
,25516120258,FC21002154,2021-06-10 12:45:00.0000000,Male,Black,28,Medium,NULL,NULL,Not of Hispanic Origin,,0,MA,Class D,0
,25516111833,FC21002155,2021-06-10 12:10:00.0000000,Male,White,40,Thin,Short,Light,Unknown,,0,MA,,1
,25518317489,FC21002156,2021-06-10 10:59:00.0000000,Male,White,38,Medium,Unkempt,Light,Not of Hispanic Origin,,0,MA,,0
,25521260279,FC21002157,2021-06-09 16:20:00.0000000,Female,White,41,Medium,NULL,NULL,Not of Hispanic Origin,,0,MA,,0
,25541684709,FC21002158,2021-06-08 22:42:00.0000000,Male,Black,31,Medium,NULL,NULL,Not of Hispanic Origin,,0,MA,Class D,0
,25541685016,FC21002158,2021-06-08 22:42:00.0000000,Female,Black,39,Heavy,NULL,Dark,Not of Hispanic Origin,,0,MA,Class D,0
,25531423012,FC21002159,2021-06-10 19:57:00.0000000,Male,Black,22,Thin,Short,Medium Brown,NULL,,0,MA,,1
,25531513845,FC21002159,2021-06-10 19:57:00.0000000,Female,White,30,Thin,NULL,NULL,Hispanic Origin,,0,MA,Class D,NULL
,25531116111,FC21002160,2021-06-10 20:55:00.0000000,Male,Black,26,Heavy,Afro,Brown,Not of Hispanic Origin,,0,MA,ID Only - Never had Personal Driver License,1
,25531121625,FC21002160,2021-06-10 20:55:00.0000000,Male,Black,21,Medium,Braided,Medium,Not of Hispanic Origin,,0,MA,No License - Record Only,1
,25532143041,FC21002161,2021-06-10 17:31:00.0000000,Male,Black,18,Thin,Bald or Balding,Dark Brown,NULL,,0,MA,,1
,25532146855,FC21002161,2021-06-10 17:31:00.0000000,Male,Black,25,Thin,Short,NULL,Hispanic Origin,,0,MA,Class D,0
,25533399967,FC21002162,2021-06-10 23:26:00.0000000,Male,Black,50,Medium,NULL,NULL,Not of Hispanic Origin,,0,MA,,0
,25533944959,FC21002163,2021-06-10 22:46:00.0000000,Male,White,NULL,NULL,NULL,NULL,NULL,,0,NULL,,NULL
,25533944959,FC21002163,2021-06-10 22:46:00.0000000,Male,White,NULL,NULL,NULL,NULL,NULL,,0,NULL,,NULL
,25533964480,FC21002163,2021-06-10 22:46:00.0000000,Male,White,33,Medium,NULL,NULL,Not of Hispanic Origin,,0,MA,,0
,25534007232,FC21002163,2021-06-10 22:46:00.0000000,Male,White,48,Medium,NULL,NULL,Not of Hispanic Origin,,0,MA,,0
,25537261657,FC21002164,2021-06-09 14:33:00.0000000,Male,Black,25,Muscular,Other,Dark,Unknown,,0,MA,,1
,25537262088,FC21002164,2021-06-09 14:33:00.0000000,Male,Black,45,Heavy,NULL,NULL,Not of Hispanic Origin,,0,NULL,,0
,25537262382,FC21002164,2021-06-09 14:33:00.0000000,Female,Black,37,NULL,NULL,NULL,Not of Hispanic Origin,,0,MA,Class D,0
,25537907532,FC21002165,2021-06-11 12:47:00.0000000,Female,Black,39,Medium,NULL,NULL,Not of Hispanic Origin,,0,MA,,0
,25537910342,FC21002165,2021-06-11 12:47:00.0000000,Female,Unknown,37,NULL,NULL,NULL,Unknown,,0,NULL,,0
,25541748358,FC21002166,2021-06-11 10:26:00.0000000,Male,Black,36,NULL,NULL,NULL,NULL,,0,MA,Class D,0
,25541804888,FC21002167,2021-06-11 10:57:00.0000000,Male,Black,40,Heavy,NULL,NULL,Not of Hispanic Origin,,0,MA,Class D,0
,25542030943,FC21002168,2021-06-11 16:53:00.0000000,Female,Black,31,Thin,NULL,NULL,Not of Hispanic Origin,,0,MA,,NULL
,25542030943,FC21002168,2021-06-11 16:53:00.0000000,Female,Black,31,Thin,NULL,NULL,Not of Hispanic Origin,,0,MA,,NULL
,25542031572,FC21002168,2021-06-11 16:53:00.0000000,Male,Black,32,Stocky,NULL,NULL,Not of Hispanic Origin,,0,MA,,0
,25542472994,FC21002169,2021-06-11 20:00:00.0000000,Male,Other,33,Stocky,Other,Medium Brown,Hispanic Origin,,0,NULL,,0
,25542491883,FC21002169,2021-06-11 20:00:00.0000000,Male,White,30,Thin,NULL,NULL,Hispanic Origin,,0,MA,Class D,0
,25542510727,FC21002169,2021-06-11 20:00:00.0000000,Male,Other,NULL,Muscular,NULL,Medium Brown,Hispanic Origin,,0,NULL,,0
,25542489950,FC21002170,2021-06-11 19:30:00.0000000,Male,White,32,Medium,NULL,NULL,Hispanic Origin,,0,MA,,1
,25542545191,FC21002171,2021-06-11 20:03:00.0000000,Male,Unknown,26,NULL,NULL,NULL,NULL,,0,NULL,,NULL
,25542547233,FC21002171,2021-06-11 20:03:00.0000000,Male,White,17,NULL,NULL,NULL,Hispanic Origin,,0,MA,ID Only - Never had Personal Driver License,1
,25542550498,FC21002171,2021-06-11 20:03:00.0000000,Male,Black,17,Thin,NULL,Light,Not of Hispanic Origin,,0,MA,,1
,25542589772,FC21002172,2021-06-11 14:55:00.0000000,Male,Black,54,Medium,NULL,Dark,Not of Hispanic Origin,,0,MA,None,1
,25543162767,FC21002173,2021-06-12 01:25:00.0000000,Male,Black,35,Thin,NULL,NULL,Not of Hispanic Origin,,0,MA,,0
,25543424835,FC21002174,2021-06-12 02:00:00.0000000,Female,Unknown,31,NULL,NULL,NULL,Unknown,,0,NULL,,0
,25543625549,FC21002176,2021-06-12 04:56:00.0000000,Male,White,23,NULL,NULL,NULL,Not of Hispanic Origin,,0,NULL,,NULL
,25543625549,FC21002176,2021-06-12 04:56:00.0000000,Male,White,23,NULL,NULL,NULL,Not of Hispanic Origin,,0,NULL,,NULL
,25543630328,FC21002176,2021-06-12 04:56:00.0000000,Male,White,32,Medium,NULL,NULL,Not of Hispanic Origin,,0,MA,,1
,25544517664,FC21002177,2021-06-12 00:00:00.0000000,Male,Black,28,Heavy,Short,Medium Brown,Not of Hispanic Origin,,0,MA,,0
,25544545248,FC21002178,2021-06-10 11:42:00.0000000,Female,White,49,NULL,NULL,NULL,Not of Hispanic Origin,,0,MA,"ID - Had a License, now has ID",NULL
,25544545248,FC21002178,2021-06-10 11:42:00.0000000,Female,White,49,NULL,NULL,NULL,Not of Hispanic Origin,,0,MA,"ID - Had a License, now has ID",NULL
,25544546712,FC21002178,2021-06-10 11:42:00.0000000,Male,White,28,Medium,Short,Light Brown,Hispanic Origin,,0,MA,"ID - Had a License, now has ID",0
,25544567137,FC21002179,2021-06-12 11:50:00.0000000,Female,White,36,Thin,Wavy,NULL,Not of Hispanic Origin,,0,MA,,NULL
,25544568332,FC21002179,2021-06-12 11:50:00.0000000,Male,White,32,Thin,Straight,Light,Not of Hispanic Origin,,0,MA,,1
,25544600660,FC21002180,2021-06-03 12:00:00.0000000,Male,Black,33,Medium,NULL,NULL,Not of Hispanic Origin,,0,MA,,0
,25544752166,FC21002181,2021-06-11 21:36:00.0000000,Male,Black,27,Thin,NULL,NULL,Not of Hispanic Origin,,0,MA,Class D,1
,25544753608,FC21002181,2021-06-11 21:36:00.0000000,Male,White,27,Thin,NULL,NULL,Not of Hispanic Origin,,0,MA,,1
,25544755314,FC21002181,2021-06-11 21:36:00.0000000,Male,Black,26,Thin,Unkempt,Dark Brown,Not of Hispanic Origin,,0,MA,,NULL
,25544791761,FC21002182,2021-06-12 13:30:00.0000000,Male,White,31,NULL,NULL,NULL,Not of Hispanic Origin,,0,NULL,,1
,25544794620,FC21002182,2021-06-12 13:30:00.0000000,Female,White,34,NULL,NULL,NULL,Not of Hispanic Origin,,0,MA,Class D,NULL
,25544976810,FC21002183,2021-06-12 15:05:00.0000000,Male,Black,25,Thin,Short,NULL,Hispanic Origin,,0,MA,Class D,1
,25544982148,FC21002183,2021-06-12 15:05:00.0000000,Male,Black,20,Thin,NULL,Light Brown,Hispanic Origin,,0,MA,,1
,25544984620,FC21002183,2021-06-12 15:05:00.0000000,Male,White,17,Thin,Wavy,Light Brown,NULL,,0,MA,,1
,25544987539,FC21002183,2021-06-12 15:05:00.0000000,Male,Black,22,Obese,Short,Dark Brown,Not of Hispanic Origin,,0,NULL,,0
,25544988951,FC21002183,2021-06-12 15:05:00.0000000,Male,Black,30,Stocky,Short,Medium Brown,Hispanic Origin,,0,MA,Class D,0
,25545006782,FC21002184,2021-06-12 00:00:00.0000000,Male,White,27,Thin,Braided,Light,Hispanic Origin,,0,MA,Class D,0
,25545017112,FC21002184,2021-06-12 00:00:00.0000000,Male,Black,30,Stocky,Short,Medium Brown,Hispanic Origin,,0,MA,Class D,NULL
,25545017575,FC21002184,2021-06-12 00:00:00.0000000,Male,Black,22,Obese,Short,Dark Brown,Not of Hispanic Origin,,0,NULL,,NULL
,25545018235,FC21002184,2021-06-12 00:00:00.0000000,Male,Black,25,Thin,Short,NULL,Hispanic Origin,,0,MA,Class D,NULL
,25545029902,FC21002185,2021-06-12 14:49:00.0000000,Male,Black,25,Thin,NULL,NULL,Not of Hispanic Origin,,0,MA,,0
,25545030283,FC21002185,2021-06-12 14:49:00.0000000,Male,Black,27,NULL,NULL,NULL,Not of Hispanic Origin,,0,NULL,,0
,25545420711,FC21002186,2021-06-12 18:40:00.0000000,Male,Black,20,NULL,NULL,NULL,NULL,,0,NULL,,0
,25545896351,FC21002187,2021-06-12 18:47:00.0000000,Female,White,31,Medium,NULL,NULL,Not of Hispanic Origin,,0,MA,ID Only - Never had Personal Driver License,0
,25545903663,FC21002187,2021-06-12 18:47:00.0000000,Male,White,48,NULL,NULL,NULL,Unknown,,0,MA,ID Only - Never had Personal Driver License,0
,25546045658,FC21002188,2021-06-12 18:48:00.0000000,Male,White,35,Thin,Wavy,Light Brown,Not of Hispanic Origin,,0,MA,,0
,25546417368,FC21002189,2021-06-13 01:05:00.0000000,Male,Black,24,NULL,NULL,NULL,Hispanic Origin,,0,NULL,,0
,25547544364,FC21002190,2021-06-13 10:50:00.0000000,Male,White,22,Heavy,Braided,Light Brown,Hispanic Origin,,0,MA,ID Only - Never had Personal Driver License,0
,25547673455,FC21002191,2021-06-13 12:05:00.0000000,Male,Black,56,Medium,NULL,NULL,Not of Hispanic Origin,,0,MA,,0
,25547827320,FC21002192,2021-06-13 13:15:00.0000000,Male,Black,29,Medium,Short,Medium Brown,Hispanic Origin,,0,MA,,0
,25548657247,FC21002193,2021-06-13 17:00:00.0000000,Male to Female Transgender,Black,27,NULL,NULL,NULL,Not of Hispanic Origin,,0,NULL,,0
,25548996553,FC21002194,2021-06-13 21:28:00.0000000,Female,White,53,Medium,Unkempt,Light,Not of Hispanic Origin,,0,MA,,0
,25549675402,FC21002195,2021-06-14 01:28:00.0000000,Male,Black,36,NULL,NULL,NULL,Unknown,,0,MA,,NULL
,25549675402,FC21002195,2021-06-14 01:28:00.0000000,Male,Black,36,NULL,NULL,NULL,Unknown,,0,MA,,0
,25550401834,FC21002197,2021-06-14 08:35:00.0000000,Male,Black,37,Thin,NULL,NULL,Not of Hispanic Origin,,0,MA,,1
,25550431579,FC21002198,2021-06-14 09:40:00.0000000,Male,Other,36,NULL,NULL,NULL,Hispanic Origin,,0,MA,Class D,0
,25555228419,FC21002199,2021-06-14 14:39:00.0000000,Male,White,26,NULL,NULL,NULL,Unknown,,0,NULL,,NULL
,25555278933,FC21002199,2021-06-14 14:39:00.0000000,Female,White,35,NULL,NULL,NULL,Not of Hispanic Origin,,0,MA,Class D,0
,25555286759,FC21002199,2021-06-14 14:39:00.0000000,Male,White,39,Thin,Short,NULL,Not of Hispanic Origin,,0,MA,,0
,25556348924,FC21002200,2021-06-14 15:15:00.0000000,Female,Black,29,Stocky,NULL,NULL,Not of Hispanic Origin,,0,MA,Class D,NULL
,25556351246,FC21002200,2021-06-14 15:15:00.0000000,Male,Black,28,Stocky,NULL,NULL,Not of Hispanic Origin,,0,MA,ID Only - Never had Personal Driver License,0
,25556352709,FC21002200,2021-06-14 15:15:00.0000000,Female,White,33,NULL,NULL,NULL,NULL,,0,MA,Class D,NULL
,25556354988,FC21002200,2021-06-14 15:15:00.0000000,Male,Black,18,Thin,NULL,NULL,Not of Hispanic Origin,,0,MA,,NULL
,25556425589,FC21002201,2021-06-14 18:05:00.0000000,Female,Black,27,Medium,NULL,NULL,Not of Hispanic Origin,,0,MA,,0
,25556626752,FC21002202,2021-06-14 18:07:00.0000000,Male,Black,18,Medium,Short,Medium Brown,NULL,,0,MA,ID Only - Never had Personal Driver License,1
,25556715144,FC21002203,2021-06-14 19:20:00.0000000,Male,Black,18,Medium,Short,Dark Brown,Not of Hispanic Origin,,0,MA,,0
,25556716219,FC21002203,2021-06-14 19:20:00.0000000,Male,Black,17,Thin,NULL,Light,Not of Hispanic Origin,,0,MA,,0
,25557151878,FC21002204,2021-06-14 21:09:00.0000000,Male,Black,42,Muscular,NULL,NULL,Not of Hispanic Origin,,0,MA,,0
,25557212807,FC21002205,2021-06-14 19:30:00.0000000,Male,Black,30,Medium,Short,NULL,NULL,,0,MA,Class D,0
,25558952175,FC21002206,2021-06-15 02:25:00.0000000,Male,Black,21,Thin,NULL,NULL,Not of Hispanic Origin,,0,MA,,1
,25558952210,FC21002206,2021-06-15 02:25:00.0000000,Male,White,16,NULL,NULL,NULL,NULL,,0,NULL,,1
,25558952280,FC21002206,2021-06-15 02:25:00.0000000,Male,Black,23,Medium,Short,Medium Brown,NULL,,0,MA,,1
,25558952424,FC21002206,2021-06-15 02:25:00.0000000,Male,White,25,Heavy,Short,NULL,NULL,,0,MA,,1
,25558953484,FC21002206,2021-06-15 02:25:00.0000000,Male,Other,34,NULL,NULL,NULL,Not of Hispanic Origin,,0,NULL,,NULL
,25559957740,FC21002208,2021-06-15 09:08:00.0000000,Female,White,41,Medium,NULL,NULL,Not of Hispanic Origin,,0,MA,,0
,25560859597,FC21002209,2021-06-15 12:15:00.0000000,Male,White,35,Thin,Short,Light,NULL,,0,MA,,0
,25560867358,FC21002209,2021-06-15 12:15:00.0000000,Female,NULL,31,NULL,NULL,NULL,NULL,,0,NULL,,NULL
,25562481301,FC21002210,2021-06-15 11:51:00.0000000,Male,Black,27,Medium,NULL,NULL,Not of Hispanic Origin,,0,MA,,1
,25562491860,FC21002210,2021-06-15 11:51:00.0000000,Female,Black,24,NULL,NULL,NULL,Unknown,,0,MA,Class D,0
,25571128539,FC21002211,2021-06-15 18:40:00.0000000,Male,Black,41,Medium,NULL,NULL,Not of Hispanic Origin,,0,MA,,0
,25571210058,FC21002211,2021-06-15 18:40:00.0000000,Male,Black,29,Medium,NULL,NULL,Not of Hispanic Origin,,0,MA,,NULL
,25580529528,FC21002212,2021-06-15 20:32:00.0000000,Male,Black,40,Medium,NULL,NULL,Not of Hispanic Origin,,0,MA,,0
,25580584142,FC21002213,2021-06-15 00:00:00.0000000,Unknown,NULL,NULL,NULL,NULL,NULL,NULL,,0,NULL,,0
,25581041741,FC21002214,2021-06-15 18:50:00.0000000,Male,Black,19,Thin,NULL,NULL,Not of Hispanic Origin,,0,MA,,1
,25581048970,FC21002214,2021-06-15 18:50:00.0000000,Male,Black,21,Medium,Afro,Medium Brown,Not of Hispanic Origin,,0,MA,Class D,1
,25581444823,FC21002215,2021-06-15 21:30:00.0000000,Female,White,31,Medium,Unkempt,Light,Not of Hispanic Origin,,0,MA,,0
,25581282198,FC21002216,2021-06-15 19:15:00.0000000,Male,White,19,NULL,NULL,NULL,Hispanic Origin,,0,NULL,,0
,25581287515,FC21002216,2021-06-15 19:15:00.0000000,Male,Black,27,Thin,Short,Medium Brown,Not of Hispanic Origin,,0,MA,,0
,25581847147,FC21002217,2021-06-15 22:13:00.0000000,Male,Black,42,Heavy,NULL,NULL,Not of Hispanic Origin,,0,MA,Class D,1
,25582436201,FC21002218,2021-06-15 10:00:00.0000000,Male,White,57,NULL,NULL,NULL,Unknown,,0,NULL,,0
,25584843588,FC21002219,2021-06-16 03:10:00.0000000,Male,Black,26,Thin,Braided,Medium Brown,Not of Hispanic Origin,,0,MA,,0
,25585157239,FC21002220,2021-06-16 06:45:00.0000000,Male,White,41,Thin,NULL,NULL,Not of Hispanic Origin,,0,MA,,0
,25585230528,FC21002221,2021-06-15 14:33:00.0000000,Male,White,26,Thin,Short,OTHER,NULL,,0,MA,,1
,25586345603,FC21002223,2021-06-16 12:15:00.0000000,Male,Black,36,Heavy,NULL,NULL,Not of Hispanic Origin,,0,MA,Class D,0
,25587170729,FC21002224,2021-06-16 11:00:00.0000000,Male,Black,25,Medium,Short,NULL,Not of Hispanic Origin,,0,MA,,0
,25587678096,FC21002225,2021-06-16 00:00:00.0000000,Male,Black,32,Medium,Afro,NULL,Not of Hispanic Origin,,0,MA,,0
,25587717222,FC21002226,2021-06-16 17:00:00.0000000,Male,Black,26,Thin,NULL,NULL,Not of Hispanic Origin,,0,MA,,0
,25587755625,FC21002226,2021-06-16 17:00:00.0000000,Male,Black,25,Thin,NULL,NULL,Not of Hispanic Origin,,0,MA,,NULL
,25587760519,FC21002226,2021-06-16 17:00:00.0000000,Male,White,32,Medium,Short,Light,NULL,,0,MA,,NULL
,25588080511,FC21002227,2021-06-16 17:33:00.0000000,Male,NULL,17,NULL,Wavy,Light Brown,NULL,,0,MA,,1
,25588080756,FC21002227,2021-06-16 17:33:00.0000000,Male,Black,17,Thin,Short,NULL,NULL,,0,MA,,1
,25588093196,FC21002228,2021-06-16 16:15:00.0000000,Male,White,36,Thin,Receding or Slightly Receding,Light,Not of Hispanic Origin,,0,MA,"ID - Had a License, now has ID",1
,25588087031,FC21002229,2021-06-16 19:24:00.0000000,Male,White,31,Medium,Short,Light,Not of Hispanic Origin,,0,MA,,0
,25588141841,FC21002230,2021-06-16 17:50:00.0000000,Male,Black,22,Thin,Short,Medium,NULL,,0,MA,Class D,0
,25588143933,FC21002230,2021-06-16 17:50:00.0000000,Male,White,32,Heavy,Braided,Light Brown,Hispanic Origin,,0,MA,,0
,25588149571,FC21002230,2021-06-16 17:50:00.0000000,Male,Black,18,Medium,Short,Dark Brown,Not of Hispanic Origin,,0,MA,,0
,25588132627,FC21002231,2021-06-16 17:14:00.0000000,Male,Black,18,Thin,NULL,NULL,Not of Hispanic Origin,,0,MA,Class D,0
,25588692412,FC21002232,2021-06-16 18:30:00.0000000,Male,Unknown,17,NULL,Wavy,Light Brown,NULL,,0,MA,,1
,25588692699,FC21002232,2021-06-16 18:30:00.0000000,Male,Black,17,Thin,Short,NULL,NULL,,0,MA,,1
,25589249156,FC21002233,2021-06-16 18:10:00.0000000,Male,Black,31,Thin,Dreadlocks,Light Brown,Hispanic Origin,,0,MA,,0
,25589335525,FC21002234,2021-06-16 21:54:00.0000000,Male,Black,48,Medium,NULL,NULL,Not of Hispanic Origin,,0,MA,Class D,0
,25589450074,FC21002234,2021-06-16 21:54:00.0000000,Male,Black,51,Medium,Bald or Balding,NULL,Unknown,,0,MA,Class D,NULL
,25589443468,FC21002235,2021-06-16 20:25:00.0000000,Male,Black,21,Thin,NULL,NULL,Not of Hispanic Origin,,0,MA,,1
,25590971760,FC21002236,2021-06-16 16:52:00.0000000,Male,Black,62,Thin,Short,Light Brown,Not of Hispanic Origin,,0,MA,,1
,25591478724,FC21002237,2021-06-17 03:23:00.0000000,Male,White,34,NULL,NULL,NULL,Unknown,,0,MA,Class D,0
,25591589968,FC21002238,2021-06-17 04:00:00.0000000,Male,White,35,Thin,NULL,NULL,Not of Hispanic Origin,,0,MA,,0
,25591639409,FC21002239,2021-06-16 01:47:00.0000000,Male,Black,32,Stocky,NULL,NULL,Not of Hispanic Origin,,0,MA,Class D,0
,25591639718,FC21002239,2021-06-16 01:47:00.0000000,Female,Black,33,Thin,Braided,Dark,NULL,,0,MA,,1
,25591674925,FC21002240,2021-06-17 02:34:00.0000000,Male,Black,28,NULL,NULL,NULL,Not of Hispanic Origin,,0,MA,Class D,1
,25594491675,FC21002241,2021-06-17 08:42:00.0000000,Male,White,31,Muscular,NULL,NULL,Hispanic Origin,,0,MA,,0
,25594504529,FC21002241,2021-06-17 08:42:00.0000000,Male,White,40,NULL,NULL,NULL,Hispanic Origin,,0,MA,Personal Driver License,0
,25594787261,FC21002242,2021-06-17 10:11:00.0000000,Female,White,34,Medium,Curly,Light,Unknown,,0,MA,,0
,25594798452,FC21002242,2021-06-17 10:11:00.0000000,Male,Black,55,NULL,NULL,NULL,Unknown,,0,NULL,,0
,25596652078,FC21002243,2021-06-17 09:40:00.0000000,Male,Black,41,Medium,Bald or Balding,Dark Brown,Unknown,,0,MA,,0
,25599368466,FC21002244,2021-06-16 17:45:00.0000000,Male,Black,39,Medium,NULL,NULL,Not of Hispanic Origin,,0,MA,,0
,25599437742,FC21002245,2021-06-17 16:56:00.0000000,Male,Black,38,Medium,NULL,NULL,Not of Hispanic Origin,,0,MA,ID Only - Never had Personal Driver License,0
,25599554820,FC21002246,2021-06-17 16:54:00.0000000,Male,Black,37,Medium,NULL,NULL,Not of Hispanic Origin,,0,MA,,1
,25599893671,FC21002247,2021-06-17 17:08:00.0000000,Male,Black,32,Thin,Dreadlocks,Medium,Not of Hispanic Origin,,0,MA,Class D,1
,25599893803,FC21002247,2021-06-17 17:08:00.0000000,Male,Black,25,Medium,Short,Light Brown,Unknown,,0,MA,Class D,1
,25599893968,FC21002247,2021-06-17 17:08:00.0000000,Male,Black,30,Thin,NULL,NULL,Not of Hispanic Origin,,0,MA,Class D,1
,25600152277,FC21002248,2021-06-17 00:00:00.0000000,Male,Black,20,Thin,Afro,Light,Unknown,,0,MA,ID Only - Never had Personal Driver License,NULL
,25600152277,FC21002248,2021-06-17 00:00:00.0000000,Male,Black,20,Thin,Afro,Light,Unknown,,0,MA,ID Only - Never had Personal Driver License,1
,25600161181,FC21002248,2021-06-17 00:00:00.0000000,Male,Black,0,NULL,NULL,NULL,NULL,,0,NULL,,1
,25600915243,FC21002249,2021-06-18 00:36:00.0000000,Male,White,25,NULL,NULL,NULL,Unknown,,0,NULL,,1
,25600930083,FC21002249,2021-06-18 00:36:00.0000000,Female,Black,29,NULL,NULL,NULL,Not of Hispanic Origin,,0,NULL,,0
,25601130571,FC21002250,2021-06-18 02:11:00.0000000,Male,Black,24,NULL,NULL,NULL,Unknown,,0,CO,Other: Class R,1
,25601371838,FC21002251,2021-06-18 01:05:00.0000000,Male,White,22,Heavy,NULL,NULL,Hispanic Origin,,0,MA,,1
,25602020029,FC21002252,2021-06-18 09:45:00.0000000,Male,White,31,NULL,NULL,NULL,Not of Hispanic Origin,,0,MA,Class D,0
,25602057927,FC21002253,2021-06-18 08:30:00.0000000,Male,Black,38,NULL,NULL,NULL,Hispanic Origin,,0,NULL,,1
,25602531877,FC21002254,2021-06-18 12:04:00.0000000,Male,White,22,NULL,NULL,NULL,Unknown,,0,NULL,,NULL
,25602568178,FC21002254,2021-06-18 12:04:00.0000000,Female,White,39,NULL,NULL,NULL,NULL,,0,NULL,,0
,25602844061,FC21002255,2021-06-18 14:07:00.0000000,Male,White,46,NULL,NULL,NULL,Not of Hispanic Origin,,0,MA,Class D,0
,25602866055,FC21002256,2021-06-18 00:11:00.0000000,Female,White,34,Medium,NULL,NULL,Not of Hispanic Origin,,0,MA,Class D,NULL
,25602866055,FC21002256,2021-06-18 00:11:00.0000000,Female,White,34,Medium,NULL,NULL,Not of Hispanic Origin,,0,MA,Class D,0
,25603198409,FC21002257,2021-06-18 00:00:00.0000000,Male,Black,28,Muscular,Wavy,Medium,NULL,,0,MA,Class D,0
,25603202910,FC21002257,2021-06-18 00:00:00.0000000,Male,Black,18,Medium,Short,Dark Brown,Not of Hispanic Origin,,0,MA,,0
,25603203369,FC21002257,2021-06-18 00:00:00.0000000,Male,White,17,NULL,NULL,NULL,Hispanic Origin,,0,MA,ID Only - Never had Personal Driver License,0
,25603204013,FC21002257,2021-06-18 00:00:00.0000000,Male,Black,27,Medium,Short,Light Brown,NULL,,0,MA,,0
,25603206115,FC21002257,2021-06-18 00:00:00.0000000,Male,Black,24,Medium,Short,Medium,Not of Hispanic Origin,,0,MA,Class D,0
,25603226610,FC21002258,2021-06-18 00:00:00.0000000,Male,Other,23,NULL,NULL,NULL,Hispanic Origin,,0,MA,,0
,25603459628,FC21002259,2021-06-18 16:56:00.0000000,Male,Black,32,Thin,NULL,NULL,Not of Hispanic Origin,,0,MA,,0
,25604005987,FC21002260,2021-06-17 14:15:00.0000000,Male,Black,NULL,NULL,NULL,NULL,Unknown,,0,NULL,,0
,25604015571,FC21002261,2021-06-18 19:35:00.0000000,Male,Black,34,Thin,NULL,Dark,Not of Hispanic Origin,,0,MA,,0
,25604223192,FC21002262,2021-06-18 20:24:00.0000000,Male,Black,36,NULL,NULL,NULL,Hispanic Origin,,0,NULL,,0
,25604226973,FC21002262,2021-06-18 20:24:00.0000000,Male,Black,34,NULL,NULL,NULL,Hispanic Origin,,0,NULL,,0
,25604230613,FC21002263,2021-06-18 22:46:00.0000000,Male,Black,50,Medium,NULL,NULL,Not of Hispanic Origin,,0,MA,,1
,25604235875,FC21002264,2021-06-18 21:56:00.0000000,Unknown,Unknown,NULL,NULL,NULL,NULL,NULL,,0,NULL,,0
,25604250746,FC21002265,2021-06-18 22:00:00.0000000,Female,White,48,Thin,Straight,NULL,NULL,,0,MA,,1
,25604251436,FC21002265,2021-06-18 22:00:00.0000000,Male,White,55,Medium,Short,NULL,Not of Hispanic Origin,,0,MA,,1
,25604256905,FC21002265,2021-06-18 22:00:00.0000000,Male,Black,25,NULL,NULL,NULL,Not of Hispanic Origin,,0,MA,Class D,1
,25604303564,FC21002266,2021-06-18 17:50:00.0000000,Male,Black,17,Thin,Short,Light,Not of Hispanic Origin,,0,MA,,1
,25604303710,FC21002266,2021-06-18 17:50:00.0000000,Male,Black,16,Thin,NULL,NULL,Not of Hispanic Origin,,0,MA,,1
,25604303880,FC21002266,2021-06-18 17:50:00.0000000,Female,Black,19,NULL,NULL,NULL,Not of Hispanic Origin,,0,NULL,,0
,25604304055,FC21002266,2021-06-18 17:50:00.0000000,Female,Black,15,NULL,NULL,NULL,Unknown,,0,NULL,,0
,25604557442,FC21002267,2021-06-19 00:15:00.0000000,Male,White,44,Thin,NULL,NULL,Not of Hispanic Origin,,0,MA,,NULL
,25604557442,FC21002267,2021-06-19 00:15:00.0000000,Male,White,44,Thin,NULL,NULL,Not of Hispanic Origin,,0,MA,,0
,25604990239,FC21002268,2021-06-18 21:17:00.0000000,Male,Black,27,Medium,Short,Dark,NULL,,0,MA,,0
,25604990384,FC21002268,2021-06-18 21:17:00.0000000,Male,White,30,Muscular,NULL,NULL,Hispanic Origin,,0,MA,"ID - Had a License, now has ID",0
,25605038828,FC21002269,2021-06-19 02:11:00.0000000,Male,White,31,Thin,NULL,NULL,Hispanic Origin,,0,MA,,0
,25605073258,FC21002270,2021-06-19 00:30:00.0000000,Male,Black,25,Heavy,NULL,NULL,Hispanic Origin,,0,MA,,0
,25605406298,FC21002271,2021-06-17 10:00:00.0000000,Male,Black,28,Stocky,NULL,NULL,Not of Hispanic Origin,,0,MA,Class D,0
,25605410753,FC21002271,2021-06-17 10:00:00.0000000,Male,Black,33,Thin,NULL,NULL,Hispanic Origin,,0,MA,,0
,25605499073,FC21002272,2021-06-19 08:07:00.0000000,Male,NULL,54,NULL,NULL,NULL,NULL,,0,MA,"ID - Had a License, now has ID",0
,25605526672,FC21002273,2021-06-19 09:00:00.0000000,Male,White,21,Medium,Wavy,Medium,NULL,,0,MA,,1
,25605527741,FC21002273,2021-06-19 09:00:00.0000000,Male,Black,19,NULL,NULL,NULL,Not of Hispanic Origin,,0,NULL,,0
,25605570512,FC21002274,2021-06-19 09:45:00.0000000,Male,Black,60,Medium,Bald or Balding,Medium Brown,NULL,,0,MA,,0
,25606477828,FC21002275,2021-06-19 15:50:00.0000000,Male,White,24,Thin,NULL,NULL,Hispanic Origin,,0,MA,,0
,25606479327,FC21002275,2021-06-19 15:50:00.0000000,Male,Black,22,Thin,NULL,NULL,Not of Hispanic Origin,,0,MA,Class D,0
,25606585024,FC21002276,2021-06-19 16:51:00.0000000,Male,NULL,18,NULL,NULL,NULL,NULL,,0,NULL,,0
,25606597332,FC21002276,2021-06-19 16:51:00.0000000,Male,NULL,18,NULL,NULL,NULL,NULL,,0,NULL,,0
,25606597332,FC21002276,2021-06-19 16:51:00.0000000,Male,NULL,18,NULL,NULL,NULL,NULL,,0,NULL,,NULL
,25606651610,FC21002277,2021-06-19 17:00:00.0000000,Male,White,36,Medium,NULL,NULL,Hispanic Origin,,0,MA,Class D,0
,25606724567,FC21002278,2021-05-20 18:42:00.0000000,Male,Black,30,Stocky,Short,Dark Brown,Hispanic Origin,,0,MA,,0
,25606932887,FC21002279,2021-06-19 17:30:00.0000000,Male,Black,24,Medium,NULL,NULL,Not of Hispanic Origin,,0,MA,,0
,25606932887,FC21002279,2021-06-19 17:30:00.0000000,Male,Black,24,Medium,NULL,NULL,Not of Hispanic Origin,,0,MA,,NULL
,25606933199,FC21002279,2021-06-19 17:30:00.0000000,Male,Black,42,Heavy,NULL,NULL,Not of Hispanic Origin,,0,MA,,NULL
,25606933199,FC21002279,2021-06-19 17:30:00.0000000,Male,Black,42,Heavy,NULL,NULL,Not of Hispanic Origin,,0,MA,,0
,25607052119,FC21002280,2021-06-19 20:20:00.0000000,Male,Black,17,Thin,Short,Medium Brown,NULL,,0,MA,,1
,25607053842,FC21002280,2021-06-19 20:20:00.0000000,Male,Black,20,NULL,NULL,NULL,Not of Hispanic Origin,,0,NULL,,1
,25607056009,FC21002280,2021-06-19 20:20:00.0000000,Female,Black,19,Thin,Short,Dark,NULL,,0,MA,,1
,25607300102,FC21002281,2021-06-19 22:15:00.0000000,Female,Black,31,NULL,NULL,NULL,NULL,,0,MA,Class D,0
,25607301133,FC21002281,2021-06-19 22:15:00.0000000,Male,Black,40,Muscular,NULL,NULL,Not of Hispanic Origin,,0,MA,Class D,0
,25607305303,FC21002282,2021-06-19 22:10:00.0000000,Male,Black,24,Medium,Braided,Medium Brown,Unknown,,0,MA,Class D,1
,25607311249,FC21002282,2021-06-19 22:10:00.0000000,Male,Black,23,Medium,Corn Rows,Medium Brown,Hispanic Origin,,0,MA,Class D,1
,25607435552,FC21002283,2021-06-19 17:59:00.0000000,Male,White,17,Thin,NULL,Dark Brown,NULL,,0,MA,,1
,25607438430,FC21002283,2021-06-19 17:59:00.0000000,Male,Black,18,NULL,NULL,NULL,NULL,,0,NULL,,1
,25607438581,FC21002283,2021-06-19 17:59:00.0000000,Male,Black,19,NULL,NULL,NULL,NULL,,0,NULL,,1
,25607805043,FC21002284,2021-06-20 01:50:00.0000000,Male,Black,28,Medium,Braided,Medium Brown,Hispanic Origin,,0,MA,Class D,0
,25607808029,FC21002284,2021-06-20 01:50:00.0000000,Male,Black,24,Stocky,Bald or Balding,Light Brown,Not of Hispanic Origin,,0,MA,,0
,25607808864,FC21002284,2021-06-20 01:50:00.0000000,Male,Black,25,Medium,NULL,NULL,Not of Hispanic Origin,,0,MA,,0
,25607979049,FC21002285,2021-06-20 01:15:00.0000000,Male,Black,36,Medium,NULL,NULL,Not of Hispanic Origin,,0,MA,,0
,25609252781,FC21002287,2021-06-20 13:25:00.0000000,Male,White,51,Medium,NULL,NULL,Hispanic Origin,,0,MA,,0
,25609645364,FC21002288,2021-06-20 11:30:00.0000000,Male,White,22,Heavy,Braided,Light Brown,Hispanic Origin,,0,MA,ID Only - Never had Personal Driver License,0
,25609653275,FC21002288,2021-06-20 11:30:00.0000000,Male,Black,18,Medium,Short,Dark Brown,Not of Hispanic Origin,,0,MA,,0
,25609763625,FC21002289,2021-06-20 18:35:00.0000000,Male,Black,23,Medium,NULL,NULL,Not of Hispanic Origin,,0,MA,,0
,25610547048,FC21002290,2021-06-20 23:30:00.0000000,Male,White,23,Medium,NULL,NULL,Hispanic Origin,,0,MA,,0
,25611000306,FC21002291,2021-06-21 03:04:00.0000000,Male,Black,24,NULL,NULL,NULL,NULL,,0,NULL,,0
,25611123491,FC21002292,2021-06-21 03:06:00.0000000,Male,White,32,NULL,NULL,NULL,Not of Hispanic Origin,,0,NULL,,NULL
,25611129298,FC21002292,2021-06-21 03:06:00.0000000,Male,White,38,Stocky,NULL,NULL,Not of Hispanic Origin,,0,MA,"ID - Had a License, now has ID",0
,25611793211,FC21002293,2021-06-21 09:34:00.0000000,Female,White,52,Heavy,NULL,NULL,Not of Hispanic Origin,,0,MA,,0
,25613014131,FC21002294,2021-06-21 11:10:00.0000000,Male,White,57,Heavy,Short,Light,NULL,,0,MA,,1
,25613775570,FC21002295,2021-06-21 14:00:00.0000000,Male,Black,25,Thin,Short,NULL,Hispanic Origin,,0,MA,Class D,0
,25614732336,FC21002296,2021-06-21 16:00:00.0000000,Male,White,39,NULL,NULL,NULL,Not of Hispanic Origin,,0,NULL,,0
,25617352343,FC21002297,2021-06-21 00:00:00.0000000,Male,White,22,Thin,Short,Light,Not of Hispanic Origin,,0,MA,,1
,25617567243,FC21002300,2021-06-08 11:57:00.0000000,Male,Black,19,NULL,NULL,NULL,Unknown,,0,MA,ID Only - Never had Personal Driver License,NULL
,25617573898,FC21002300,2021-06-08 11:57:00.0000000,Unknown,Unknown,NULL,NULL,NULL,NULL,Unknown,,0,NULL,,0
,25617675948,FC21002301,2021-06-21 21:21:00.0000000,Male,White,0,NULL,NULL,NULL,NULL,,0,NULL,,0
,25617628912,FC21002302,2021-06-21 21:03:00.0000000,Male,White,31,Thin,NULL,NULL,Hispanic Origin,,0,MA,,1
,25618147613,FC21002303,2021-06-22 01:14:00.0000000,Male,Black,41,Unknown,NULL,NULL,Hispanic Origin,,0,MA,,0
,25618198905,FC21002304,2021-06-22 00:24:00.0000000,Male,Black,23,Thin,NULL,NULL,Not of Hispanic Origin,,0,MA,,0
,25619256625,FC21002305,2021-06-22 08:30:00.0000000,Female,White,31,Medium,Straight,Medium,Not of Hispanic Origin,,0,MA,,0
,25619273419,FC21002306,2021-06-22 09:00:00.0000000,Male,Black,29,NULL,NULL,NULL,NULL,,0,NULL,,NULL
,25619273419,FC21002306,2021-06-22 09:00:00.0000000,Male,Black,29,NULL,NULL,NULL,NULL,,0,NULL,,0
,25619298037,FC21002307,2021-06-22 09:00:00.0000000,Female,Black,51,Thin,NULL,NULL,Hispanic Origin,,0,MA,,0
,25619823427,FC21002308,2021-06-22 12:40:00.0000000,Male,Black,22,Thin,Short,Medium Brown,NULL,,0,MA,,1
,25619830524,FC21002308,2021-06-22 12:40:00.0000000,Male,Black,32,Thin,Curly,Light Brown,NULL,,0,MA,,1
,25619836624,FC21002308,2021-06-22 12:40:00.0000000,Male,Black,36,Medium,NULL,Fair,Not of Hispanic Origin,,0,MA,Class D,NULL
,25620469066,FC21002309,2021-06-22 11:23:00.0000000,Male,Black,35,Medium,NULL,Brown,Not of Hispanic Origin,,0,MA,"ID - Had a License, now has ID",0
,25622209610,FC21002310,2021-06-22 13:19:00.0000000,Male,Black,20,NULL,NULL,NULL,Unknown,,0,MA,Class D,0
,25625405187,FC21002311,2021-06-21 23:02:00.0000000,Male,Other,24,NULL,NULL,NULL,Not of Hispanic Origin,,0,MA,ID Only - Never had Personal Driver License,NULL
,25625405187,FC21002311,2021-06-21 23:02:00.0000000,Male,Other,24,NULL,NULL,NULL,Not of Hispanic Origin,,0,MA,ID Only - Never had Personal Driver License,1
,25642389983,FC21002312,2021-06-22 18:26:00.0000000,Female,Black,45,NULL,NULL,NULL,Not of Hispanic Origin,,0,MA,Class D,NULL
,25642398233,FC21002312,2021-06-22 18:26:00.0000000,Male,Black,25,Medium,NULL,NULL,Not of Hispanic Origin,,0,MA,Class D,NULL
,25642398233,FC21002312,2021-06-22 18:26:00.0000000,Male,Black,25,Medium,NULL,NULL,Not of Hispanic Origin,,0,MA,Class D,1
,25652885395,FC21002313,2021-06-22 22:48:00.0000000,Male,White,30,Medium,Short,Light,Not of Hispanic Origin,,0,MA,,1
,25655760259,FC21002314,2021-06-22 22:42:00.0000000,Male,Black,17,Medium,Wavy,Medium Brown,NULL,,0,MA,,1
,25655760398,FC21002314,2021-06-22 22:42:00.0000000,Male,White,17,Medium,NULL,Light,NULL,,0,MA,,1
,25656061670,FC21002315,2021-06-22 01:30:00.0000000,Male,Black,29,NULL,NULL,NULL,Not of Hispanic Origin,,0,MA,Class D,0
,25667606874,FC21002316,2021-06-23 10:35:00.0000000,Female,White,26,NULL,NULL,NULL,Not of Hispanic Origin,,0,MA,,0
,25669432929,FC21002317,2021-06-23 14:15:00.0000000,Female,Black,32,Heavy,NULL,NULL,Not of Hispanic Origin,,0,MA,,0
,25669452453,FC21002317,2021-06-23 14:15:00.0000000,Male,Black,36,Medium,NULL,NULL,Not of Hispanic Origin,,0,MA,,0
,25673230343,FC21002318,2021-06-23 16:15:00.0000000,Male,Black,29,Thin,NULL,NULL,Not of Hispanic Origin,,0,MA,,0
,25673253492,FC21002318,2021-06-23 16:15:00.0000000,Male,Black,20,Medium,NULL,NULL,Not of Hispanic Origin,,0,MA,,0
,25673272909,FC21002318,2021-06-23 16:15:00.0000000,Male,Black,23,Medium,Short,Light Brown,Hispanic Origin,,0,MA,Class D,0
,25673297745,FC21002318,2021-06-23 16:15:00.0000000,Male,White,20,Thin,Straight,Light,NULL,,0,MA,,0
,25676849833,FC21002319,2021-06-22 23:15:00.0000000,Female,Black,27,NULL,NULL,NULL,Not of Hispanic Origin,,0,MA,"ID - Had a License, now has ID",NULL
,25676947372,FC21002319,2021-06-22 23:15:00.0000000,Male,Black,30,Medium,Corn Rows,Light Brown,NULL,,0,MA,,1
,25679085155,FC21002320,2021-06-23 17:38:00.0000000,Male,White,22,Heavy,Braided,Light Brown,Hispanic Origin,,0,MA,ID Only - Never had Personal Driver License,0
,25682279219,FC21002320,2021-06-23 17:38:00.0000000,Female,Black,24,NULL,NULL,NULL,Hispanic Origin,,0,NULL,,NULL
,25679251850,FC21002321,2021-06-23 18:00:00.0000000,Male,White,23,Thin,Braided,Light Brown,Hispanic Origin,,0,MA,,0
,25685047177,FC21002323,2021-06-23 18:15:00.0000000,Male,Black,49,Medium,Short,Dark,Not of Hispanic Origin,,0,MA,ID Only - Never had Personal Driver License,1
,25685659402,FC21002323,2021-06-23 18:15:00.0000000,Male,Black,46,NULL,NULL,NULL,Not of Hispanic Origin,,0,GA,Other: Class C,0
,25691002937,FC21002324,2021-06-23 18:44:00.0000000,Unknown,NULL,NULL,NULL,NULL,NULL,NULL,,0,NULL,,NULL
,25691104342,FC21002324,2021-06-23 18:44:00.0000000,Female,White,27,NULL,NULL,NULL,Not of Hispanic Origin,,0,MA,Class D,0
,25691128521,FC21002324,2021-06-23 18:44:00.0000000,Male,White,NULL,NULL,NULL,NULL,NULL,,0,NULL,,0
,25691145186,FC21002324,2021-06-23 18:44:00.0000000,Female,White,30,NULL,NULL,NULL,Unknown,,0,NULL,,0
,25693389497,FC21002325,2021-06-23 20:00:00.0000000,Male,White,23,Medium,Short,Light,Hispanic Origin,,0,MA,ID Only - Never had Personal Driver License,0
,25698197490,FC21002326,2021-06-23 22:23:00.0000000,Male,Black,24,NULL,NULL,NULL,Unknown,,0,MA,Class D,1
,25698207910,FC21002326,2021-06-23 22:23:00.0000000,Male,Black,22,NULL,NULL,NULL,Not of Hispanic Origin,,0,MA,Class D,1
,25698222387,FC21002327,2021-06-23 23:00:00.0000000,Male,Black,20,Thin,Afro,Light,Unknown,,0,MA,ID Only - Never had Personal Driver License,1
,25699394657,FC21002328,2021-06-24 00:56:00.0000000,Male,Black,29,Medium,Dreadlocks,Medium Brown,Not of Hispanic Origin,,0,MA,Class D,0
,25701136245,FC21002329,2021-06-24 00:00:00.0000000,Male,Black,20,NULL,NULL,NULL,Not of Hispanic Origin,,0,NULL,,1
,25701722159,FC21002330,2021-06-24 01:30:00.0000000,Male,Black,21,Thin,NULL,NULL,Not of Hispanic Origin,,0,MA,,1
,25701731343,FC21002330,2021-06-24 01:30:00.0000000,Male,Black,28,Thin,Short,Medium Brown,Not of Hispanic Origin,,0,MA,Class D,1
,25701748124,FC21002330,2021-06-24 01:30:00.0000000,Male,Black,24,Thin,Afro,NULL,Not of Hispanic Origin,,0,MA,,1
,25701834920,FC21002331,2021-06-24 02:08:00.0000000,Male,Black,NULL,NULL,NULL,NULL,Unknown,,0,NULL,,0
,25702619980,FC21002332,2021-06-24 01:30:00.0000000,Male,Black,39,Thin,Short,Dark Brown,Not of Hispanic Origin,,0,MA,,1
,25702733707,FC21002333,2021-06-24 02:00:00.0000000,Male,Black,17,Thin,Afro,Medium,NULL,,0,MA,,1
,25702733797,FC21002333,2021-06-24 02:00:00.0000000,Male,Black,20,NULL,NULL,NULL,Not of Hispanic Origin,,0,NULL,,1
,25702733898,FC21002333,2021-06-24 02:00:00.0000000,Male,Black,27,Thin,NULL,Medium,Not of Hispanic Origin,,0,MA,,1
,25702734008,FC21002333,2021-06-24 02:00:00.0000000,Male,Black,22,NULL,NULL,NULL,Not of Hispanic Origin,,0,MA,,1
,25702798371,FC21002334,2021-06-24 05:10:00.0000000,Male,Black,25,Medium,NULL,NULL,Not of Hispanic Origin,,0,MA,Class D,1
,25702931831,FC21002335,2021-06-24 01:37:00.0000000,Male,White,35,Medium,Short,Light Brown,Hispanic Origin,,0,MA,ID Only - Never had Personal Driver License,0
,25702934575,FC21002335,2021-06-24 01:37:00.0000000,Male,White,41,Thin,Bald or Balding,Light,Hispanic Origin,,0,MA,ID Only - Never had Personal Driver License,0
,25703296112,FC21002336,2021-06-24 08:53:00.0000000,Male,NULL,60,NULL,NULL,NULL,NULL,,0,MA,Class D,NULL
,25703319462,FC21002336,2021-06-24 08:53:00.0000000,Male,White,25,Medium,NULL,NULL,Not of Hispanic Origin,,0,NH,,0
,25722680485,FC21002337,2021-06-24 14:08:00.0000000,Male,White,24,NULL,NULL,NULL,Hispanic Origin,,0,NULL,,NULL
,25722824118,FC21002337,2021-06-24 14:08:00.0000000,Male,Black,61,NULL,NULL,NULL,Unknown,,0,NULL,,0
,25728067200,FC21002338,2021-06-24 16:30:00.0000000,Male,Black,19,NULL,NULL,NULL,Unknown,,0,MA,ID Only - Never had Personal Driver License,0
,25731722283,FC21002339,2021-06-24 17:38:00.0000000,Male,Black,34,Stocky,Short,Medium Brown,Not of Hispanic Origin,,0,MA,ID Only - Never had Personal Driver License,0
,25731754075,FC21002339,2021-06-24 17:38:00.0000000,Male,Black,20,Thin,NULL,Light Brown,Hispanic Origin,,0,MA,,0
,25734413750,FC21002340,2021-06-24 18:00:00.0000000,Male,White,30,Medium,Short,Light,Not of Hispanic Origin,,0,MA,,1
,25734538206,FC21002340,2021-06-24 18:00:00.0000000,Female,Asian,21,NULL,NULL,NULL,Not of Hispanic Origin,,0,MA,ID Only - Never had Personal Driver License,0
,25734638019,FC21002340,2021-06-24 18:00:00.0000000,Female,White,21,NULL,NULL,NULL,Not of Hispanic Origin,,0,MA,,0
,25734736293,FC21002340,2021-06-24 18:00:00.0000000,Male,White,43,NULL,NULL,NULL,Unknown,,0,MA,ID Only - Never had Personal Driver License,1
,25736511759,FC21002341,2021-06-24 17:05:00.0000000,Male,White,39,NULL,NULL,NULL,Hispanic Origin,,0,NULL,,0
,25736612026,FC21002342,2021-06-24 18:24:00.0000000,Male,Black,39,Thin,Short,Dark,NULL,,0,MA,,0
,25736637133,FC21002342,2021-06-24 18:24:00.0000000,Female,White,33,Thin,NULL,NULL,Not of Hispanic Origin,,0,MA,,NULL
,25751311736,FC21002343,2021-06-25 00:16:00.0000000,Male,Black,26,NULL,NULL,NULL,NULL,,0,MA,CDL Class C,1
,25753243672,FC21002344,2021-06-25 00:55:00.0000000,Female,White,54,Thin,Unkempt,Light,Not of Hispanic Origin,,0,MA,,1
,25753264613,FC21002344,2021-06-25 00:55:00.0000000,Male,Black,57,Thin,Short,Medium Brown,Not of Hispanic Origin,,0,MA,"ID - Had a License, now has ID",1
,25759666461,FC21002345,2021-06-25 08:59:00.0000000,Male,White,28,NULL,NULL,NULL,Not of Hispanic Origin,,0,NULL,,1
,25759730782,FC21002345,2021-06-25 08:59:00.0000000,Male,White,32,Medium,NULL,NULL,Not of Hispanic Origin,,0,MA,,NULL
,25763367935,FC21002346,2021-06-25 09:13:00.0000000,Male,Black,28,Thin,Short,Dark Brown,NULL,,0,MA,,0
,25768012022,FC21002347,2021-06-24 22:30:00.0000000,Male,Black,23,Medium,NULL,NULL,Not of Hispanic Origin,,0,MA,,0
,25768013462,FC21002347,2021-06-24 22:30:00.0000000,Male,Black,26,Thin,NULL,NULL,Hispanic Origin,,0,MA,,0
,25768907277,FC21002348,2021-06-25 16:51:00.0000000,Male,Black,22,Thin,NULL,NULL,Not of Hispanic Origin,,0,MA,Class D,1
,25768908813,FC21002348,2021-06-25 16:51:00.0000000,Male,Black,22,NULL,NULL,NULL,Not of Hispanic Origin,,0,MA,Instruction Permit,1
,25771460961,FC21002349,2021-06-25 01:36:00.0000000,Male,Black,44,Medium,NULL,NULL,Hispanic Origin,,0,MA,,1
,25771780907,FC21002349,2021-06-25 01:36:00.0000000,Male,Unknown,35,NULL,NULL,NULL,Unknown,,0,NULL,,0
,25771826837,FC21002349,2021-06-25 01:36:00.0000000,Male,Other,53,NULL,NULL,NULL,Hispanic Origin,,0,NULL,,0
,25772078997,FC21002349,2021-06-25 01:36:00.0000000,Male,Black,29,Medium,NULL,NULL,Not of Hispanic Origin,,0,MA,Class D,0
,25773522488,FC21002350,2021-06-25 19:05:00.0000000,Male,Black,30,Medium,Short,NULL,Not of Hispanic Origin,,0,MA,,1
,25774593638,FC21002351,2021-06-25 17:50:00.0000000,Male,Black,23,Medium,Curly,NULL,Not of Hispanic Origin,,0,MA,,1
,25774594088,FC21002351,2021-06-25 17:50:00.0000000,Male,Black,26,Thin,Short,Medium Brown,Hispanic Origin,,0,MA,,1
,25775192329,FC21002352,2021-06-25 20:36:00.0000000,Female,White,39,Medium,Wavy,Light,Hispanic Origin,,0,MA,,1
,25775215390,FC21002352,2021-06-25 20:36:00.0000000,Female,White,41,Medium,NULL,NULL,Not of Hispanic Origin,,0,MA,,0
,25775218582,FC21002352,2021-06-25 20:36:00.0000000,Male,White,42,Medium,Short,Medium,NULL,,0,MA,,0
,25775243163,FC21002352,2021-06-25 20:36:00.0000000,Male,Unknown,46,NULL,NULL,NULL,Unknown,,0,NULL,,0
,25775314407,FC21002353,2021-06-25 22:18:00.0000000,Male,White,61,NULL,NULL,NULL,NULL,,0,NULL,,NULL
,25775362823,FC21002353,2021-06-25 22:18:00.0000000,Male,Black,58,Medium,Bald or Balding,Medium Brown,Not of Hispanic Origin,,0,MA,,0
,25775632289,FC21002354,2021-06-25 19:40:00.0000000,Male,Black,12,Small,Afro,Black,Not of Hispanic Origin,,0,NULL,,0
,25775949466,FC21002355,2021-06-25 22:30:00.0000000,Male,White,27,Thin,Short,NULL,Not of Hispanic Origin,,0,MA,Class D,0
,25775970898,FC21002355,2021-06-25 22:30:00.0000000,Male,White,19,NULL,NULL,NULL,Hispanic Origin,,0,NULL,,0
,25775972104,FC21002355,2021-06-25 22:30:00.0000000,Male,Black,34,Heavy,NULL,NULL,Not of Hispanic Origin,,0,MA,,0
,25775995594,FC21002355,2021-06-25 22:30:00.0000000,Male,Black,27,Thin,Short,Medium Brown,Not of Hispanic Origin,,0,MA,,0
,25775996424,FC21002355,2021-06-25 22:30:00.0000000,Male,Black,34,Thin,NULL,Medium Brown,Not of Hispanic Origin,,0,MA,,0
,25775997990,FC21002355,2021-06-25 22:30:00.0000000,Male,Black,31,Medium,NULL,NULL,Not of Hispanic Origin,,0,MA,,0
,25776020072,FC21002355,2021-06-25 22:30:00.0000000,Male,Black,31,Thin,NULL,NULL,Not of Hispanic Origin,,0,MA,,0
,25776020992,FC21002355,2021-06-25 22:30:00.0000000,Female,Black,24,Medium,NULL,NULL,Not of Hispanic Origin,,0,MA,,0
,25778142050,FC21002356,2021-06-26 01:24:00.0000000,Female,White,NULL,NULL,NULL,NULL,Unknown,,0,NULL,,NULL
,25778166754,FC21002356,2021-06-26 01:24:00.0000000,Male,White,26,Medium,Wavy,Fair,Not of Hispanic Origin,,0,MA,ID Only - Never had Personal Driver License,0
,25779312644,FC21002357,2021-06-26 01:21:00.0000000,Male,White,38,NULL,NULL,NULL,NULL,,0,NULL,,0
,25779336431,FC21002357,2021-06-26 01:21:00.0000000,Male,Black,43,Medium,NULL,NULL,Not of Hispanic Origin,,0,MA,,0
,25779362725,FC21002357,2021-06-26 01:21:00.0000000,Female,White,29,Medium,NULL,NULL,Not of Hispanic Origin,,0,MA,,0
,25781282047,FC21002358,2021-06-26 03:08:00.0000000,Female,Asian,35,Thin,Straight,Light Brown,Not of Hispanic Origin,,0,MA,Other: Passport,0
,25781293775,FC21002358,2021-06-26 03:08:00.0000000,Male,Black,61,Thin,Afro,Medium Brown,Not of Hispanic Origin,,0,MA,,0
,25781792982,FC21002360,2021-06-26 01:13:00.0000000,Male,Black,31,Medium,NULL,NULL,Not of Hispanic Origin,,0,MA,,1
,25783021941,FC21002361,2021-06-26 14:15:00.0000000,Male,White,40,Thin,Short,NULL,Not of Hispanic Origin,,0,MA,,1
,25783047963,FC21002362,2021-06-26 10:00:00.0000000,Male,White,23,Thin,Braided,Light Brown,Hispanic Origin,,0,MA,,0
,25783048409,FC21002362,2021-06-26 10:00:00.0000000,Male,Black,22,Medium,Dreadlocks,Light Brown,Hispanic Origin,,0,MA,ID Only - Never had Personal Driver License,NULL
,25784008717,FC21002364,2021-06-26 21:00:00.0000000,Male,White,55,NULL,NULL,NULL,Not of Hispanic Origin,,0,MA,Class D,0
,25784289409,FC21002365,2021-06-26 22:03:00.0000000,Male,Black,54,NULL,NULL,NULL,Hispanic Origin,,0,MA,Class D,NULL
,25784289409,FC21002365,2021-06-26 22:03:00.0000000,Male,Black,54,NULL,NULL,NULL,Hispanic Origin,,0,MA,Class D,0
,25785424029,FC21002366,2021-06-27 01:42:00.0000000,Male,Black,37,Obese,Bushy,Dark Brown,Not of Hispanic Origin,,0,MA,,0
,25785478234,FC21002367,2021-06-26 23:50:00.0000000,Male,Black,19,Medium,NULL,Dark Brown,Not of Hispanic Origin,,0,MA,Class D,1
,25785513190,FC21002368,2021-06-26 20:08:00.0000000,Male,Black,22,Medium,Braided,Medium,Not of Hispanic Origin,,0,MA,No License - Record Only,1
,25785517301,FC21002368,2021-06-26 20:08:00.0000000,Female,Black,24,NULL,NULL,NULL,NULL,,0,MA,ID Only - Never had Personal Driver License,1
,25785523904,FC21002368,2021-06-26 20:08:00.0000000,Female,Black,22,NULL,NULL,NULL,NULL,,0,MA,Class D,0
,25785564638,FC21002369,2021-06-27 02:13:00.0000000,Male,Black,18,Heavy,Curly,Dark,NULL,,0,MA,Class D,0
,25785568624,FC21002369,2021-06-27 02:13:00.0000000,Male,Black,19,NULL,NULL,NULL,Not of Hispanic Origin,,0,MA,ID Only - Never had Personal Driver License,0
,25785572147,FC21002369,2021-06-27 02:13:00.0000000,Male,Black,17,NULL,NULL,NULL,Not of Hispanic Origin,,0,MA,ID Only - Never had Personal Driver License,0
,25786140469,FC21002370,2021-06-27 09:23:00.0000000,Male,White,21,NULL,NULL,NULL,NULL,,0,NULL,,0
,25786142643,FC21002370,2021-06-27 09:23:00.0000000,Male,White,24,NULL,NULL,NULL,NULL,,0,NULL,,0
,25786144792,FC21002370,2021-06-27 09:23:00.0000000,Female,White,21,NULL,NULL,NULL,Unknown,,0,NULL,,0
,25786146125,FC21002370,2021-06-27 09:23:00.0000000,Male,White,25,NULL,NULL,NULL,Unknown,,0,NULL,,0
,25786450199,FC21002371,2021-06-27 12:00:00.0000000,Male,White,36,NULL,NULL,NULL,Not of Hispanic Origin,,0,MA,Class D,0
,25786616411,FC21002372,2021-06-27 13:07:00.0000000,Female,White,52,NULL,NULL,NULL,NULL,,0,MA,,0
,25787110434,FC21002373,2021-06-27 17:15:00.0000000,Male,Black,29,Medium,NULL,NULL,Not of Hispanic Origin,,0,MA,,0
,25787193862,FC21002374,2021-06-27 11:00:00.0000000,Male,White,29,Thin,Curly,Light,Unknown,,0,MA,,1
,25787356958,FC21002375,2021-06-27 18:45:00.0000000,Male,Black,28,Muscular,Wavy,Medium,NULL,,0,MA,Class D,0
,25787359495,FC21002375,2021-06-27 18:45:00.0000000,Male,Black,18,Medium,Short,Dark Brown,Not of Hispanic Origin,,0,MA,,0
,25787360953,FC21002375,2021-06-27 18:45:00.0000000,Male,Black,24,Medium,Short,Medium,Not of Hispanic Origin,,0,MA,Class D,0
,25787389224,FC21002376,2021-06-24 21:40:00.0000000,Male,Black,18,Medium,Short,Dark Brown,Not of Hispanic Origin,,0,MA,,0
,25787389856,FC21002376,2021-06-24 21:40:00.0000000,Male,Black,27,Medium,Short,Light Brown,NULL,,0,MA,,0
,25787390603,FC21002376,2021-06-24 21:40:00.0000000,Male,Black,24,Medium,Short,Medium,Not of Hispanic Origin,,0,MA,Class D,0
,25787390798,FC21002377,2021-06-27 00:00:00.0000000,Male,White,19,NULL,NULL,NULL,Hispanic Origin,,0,NULL,,0
,25787391588,FC21002377,2021-06-27 00:00:00.0000000,Male,Black,20,Thin,Afro,Medium Brown,Not of Hispanic Origin,,0,MA,Class D,0
,25787390017,FC21002377,2021-06-27 00:00:00.0000000,Male,Black,25,Thin,NULL,NULL,Not of Hispanic Origin,,0,MA,,0
,25787528740,FC21002378,2021-06-27 19:52:00.0000000,Male,White,22,NULL,NULL,NULL,Not of Hispanic Origin,,0,MA,ID Only - Never had Personal Driver License,1
,25787533840,FC21002378,2021-06-27 19:52:00.0000000,Male,Unknown,28,NULL,NULL,NULL,Hispanic Origin,,0,MA,Class D,1
,25787549856,FC21002378,2021-06-27 19:52:00.0000000,Male,Unknown,20,NULL,NULL,NULL,Unknown,,0,NJ,Class D,1
,25787560085,FC21002378,2021-06-27 19:52:00.0000000,Male,Unknown,18,NULL,NULL,NULL,Unknown,,0,NULL,,1
,25787979752,FC21002379,2021-06-27 23:10:00.0000000,Male,Unknown,15,NULL,NULL,NULL,Unknown,,0,NULL,,1
,25788318273,FC21002380,2021-06-28 01:02:00.0000000,Male,Black,51,Thin,NULL,NULL,Not of Hispanic Origin,,0,MA,,0
,25788319233,FC21002380,2021-06-28 01:02:00.0000000,Female,Black,42,Thin,NULL,NULL,Not of Hispanic Origin,,0,MA,,0
,25788320622,FC21002381,2021-06-28 02:10:00.0000000,Male,White,38,Medium,Short,Medium,Not of Hispanic Origin,,0,MA,"ID - Had a License, now has ID",NULL
,25788320622,FC21002381,2021-06-28 02:10:00.0000000,Male,White,38,Medium,Short,Medium,Not of Hispanic Origin,,0,MA,"ID - Had a License, now has ID",0
,25789201693,FC21002382,2021-06-28 08:40:00.0000000,Male,Black,20,Thin,Dreadlocks,Dark Brown,Not of Hispanic Origin,,0,MA,Class D,0
,25789761219,FC21002383,2021-06-28 11:34:00.0000000,Male,White,39,Thin,Short,Light,Not of Hispanic Origin,,0,MA,ID Only - Never had Personal Driver License,0
,25789884076,FC21002384,2021-06-28 12:03:00.0000000,Male,White,37,Thin,Straight,Medium,NULL,,0,MA,,1
,25789903855,FC21002384,2021-06-28 12:03:00.0000000,Male,White,48,Thin,NULL,NULL,Hispanic Origin,,0,MA,,1
,25790652661,FC21002385,2021-06-28 14:23:00.0000000,Male,Black,28,NULL,NULL,NULL,Not of Hispanic Origin,,0,MA,Other: m,1
,25790813247,FC21002386,2021-06-24 19:15:00.0000000,Male,Black,24,Stocky,NULL,NULL,Not of Hispanic Origin,,0,MA,,1
,25790814358,FC21002386,2021-06-24 19:15:00.0000000,Male,Black,24,Medium,Corn Rows,Medium,Not of Hispanic Origin,,0,MA,Class D,1
,25790871530,FC21002387,2021-06-28 15:03:00.0000000,Male,Black,23,NULL,NULL,NULL,Hispanic Origin,,0,MA,,1
,25790872569,FC21002387,2021-06-28 15:03:00.0000000,Male,Black,26,NULL,NULL,NULL,Unknown,,0,MA,Class D,1
,25790873634,FC21002387,2021-06-28 15:03:00.0000000,Male,White,26,Thin,Short,OTHER,NULL,,0,MA,,1
,25790874960,FC21002387,2021-06-28 15:03:00.0000000,Male,Black,37,NULL,NULL,NULL,Unknown,,0,MA,,1
,25791103299,FC21002388,2021-06-28 00:00:00.0000000,Male,Black,20,NULL,NULL,NULL,Not of Hispanic Origin,,0,NULL,,NULL
,25791103299,FC21002388,2021-06-28 00:00:00.0000000,Male,Black,20,NULL,NULL,NULL,Not of Hispanic Origin,,0,NULL,,0
,25791222824,FC21002389,2021-06-28 16:43:00.0000000,Male,Black,NULL,NULL,NULL,NULL,NULL,,0,NULL,,0
,25791230953,FC21002389,2021-06-28 16:43:00.0000000,Male,White,69,NULL,NULL,NULL,Not of Hispanic Origin,,0,NULL,,0
,25791278706,FC21002390,2021-06-28 17:33:00.0000000,Male,Black,52,Medium,Short,Light Brown,Not of Hispanic Origin,,0,MA,Class D,1
,25791441471,FC21002391,2021-06-28 18:44:00.0000000,Male,Black,35,Thin,NULL,NULL,Not of Hispanic Origin,,0,MA,,0
,25791443715,FC21002391,2021-06-28 18:44:00.0000000,Male,Black,24,Medium,NULL,NULL,Not of Hispanic Origin,,0,MA,,0
,25791444515,FC21002391,2021-06-28 18:44:00.0000000,Male,Black,34,Medium,NULL,NULL,Not of Hispanic Origin,,0,MA,,0
,25791577940,FC21002392,2021-06-28 19:52:00.0000000,Male,White,33,NULL,NULL,NULL,Hispanic Origin,,0,MA,Class D,0
,25791945384,FC21002393,2021-06-28 19:48:00.0000000,Male,Black,16,Thin,Braided,Dark,Not of Hispanic Origin,,0,MA,,NULL
,25791945384,FC21002393,2021-06-28 19:48:00.0000000,Male,Black,16,Thin,Braided,Dark,Not of Hispanic Origin,,0,MA,,1
,25791950058,FC21002393,2021-06-28 19:48:00.0000000,Male,Black,23,Medium,Short,Dark Brown,Not of Hispanic Origin,,0,MA,ID Only - Never had Personal Driver License,1
,25791976743,FC21002393,2021-06-28 19:48:00.0000000,Female,Black,21,Thin,NULL,NULL,Not of Hispanic Origin,,0,MA,,1
,25792000040,FC21002393,2021-06-28 19:48:00.0000000,Male,Black,19,NULL,NULL,NULL,Not of Hispanic Origin,,0,MA,Personal Driver License,1
,25792510983,FC21002394,2021-06-29 01:52:00.0000000,Male,Black,26,Medium,Twists,Medium Brown,Not of Hispanic Origin,,0,MA,ID Only - Never had Personal Driver License,1
,25792511486,FC21002394,2021-06-29 01:52:00.0000000,Male,Black,49,Medium,Short,Dark,Not of Hispanic Origin,,0,MA,ID Only - Never had Personal Driver License,1
,25792640362,FC21002394,2021-06-29 01:52:00.0000000,Male,White,20,NULL,NULL,NULL,Hispanic Origin,,0,MA,ID Only - Never had Personal Driver License,1
,25792898613,FC21002395,2021-06-29 05:29:00.0000000,Male,White,47,Medium,NULL,NULL,Not of Hispanic Origin,,0,MA,,0
,25792900401,FC21002395,2021-06-29 05:29:00.0000000,Male,White,30,Medium,NULL,NULL,Not of Hispanic Origin,,0,MA,,0
,25792938155,FC21002396,2021-06-29 01:20:00.0000000,Male,Black,26,NULL,NULL,NULL,Not of Hispanic Origin,,0,MA,Class D,0
,25792938551,FC21002396,2021-06-29 01:20:00.0000000,Male,Black,35,Thin,NULL,NULL,Not of Hispanic Origin,,0,MA,,NULL
,25793444402,FC21002397,2021-06-29 09:07:00.0000000,Male,White,26,NULL,NULL,NULL,Hispanic Origin,,0,MA,Class D,0
,25793457781,FC21002397,2021-06-29 09:07:00.0000000,Male,Other,17,Thin,Bushy,Brown,Hispanic Origin,,0,NULL,,0
,25795244465,FC21002398,2021-06-29 15:40:00.0000000,Female,Black,18,Stocky,NULL,NULL,Not of Hispanic Origin,,0,MA,,0
,25795797571,FC21002400,2021-06-29 18:10:00.0000000,Male,Black,15,Thin,NULL,NULL,Not of Hispanic Origin,,0,MA,,1
,25795800707,FC21002400,2021-06-29 18:10:00.0000000,Male,Black,19,Thin,NULL,NULL,Not of Hispanic Origin,,0,MA,,1
,25795802859,FC21002400,2021-06-29 18:10:00.0000000,Male,Unknown,17,NULL,NULL,NULL,NULL,,0,NULL,,1
,25795804443,FC21002400,2021-06-29 18:10:00.0000000,Male,Black,17,Thin,Braided,Dark Brown,Not of Hispanic Origin,,0,NULL,,1
,25795806328,FC21002400,2021-06-29 18:10:00.0000000,Male,Black,16,Thin,Dreadlocks,Light Brown,NULL,,0,MA,,1
,25795946327,FC21002401,2021-06-29 17:30:00.0000000,Male,Black,24,Thin,Short,Dark Brown,Unknown,,0,MA,,0
,25795961525,FC21002402,2021-06-28 19:40:00.0000000,Male,White,39,Thin,NULL,NULL,Not of Hispanic Origin,,0,MA,,1
,25795964355,FC21002402,2021-06-28 19:40:00.0000000,Female,White,24,NULL,NULL,NULL,Not of Hispanic Origin,,0,NULL,,0
,25796288915,FC21002403,2021-06-29 20:45:00.0000000,Male,Black,15,NULL,NULL,NULL,Hispanic Origin,,0,NULL,,1
,25796342286,FC21002403,2021-06-29 20:45:00.0000000,Male,Black,15,NULL,NULL,NULL,NULL,,0,NULL,,1
,25796407061,FC21002404,2021-06-29 21:31:00.0000000,Male,Black,25,Thin,NULL,NULL,Not of Hispanic Origin,,0,MA,,0
,25796400238,FC21002405,2021-06-29 21:27:00.0000000,Male,Black,29,Thin,Fade,NULL,Not of Hispanic Origin,,0,MA,Class D,0
,25796483667,FC21002406,2021-06-29 22:12:00.0000000,Male,Black,32,Medium,NULL,NULL,Hispanic Origin,,0,MA,,1
,25796595334,FC21002407,2021-06-29 21:40:00.0000000,Male,White,23,Thin,NULL,Medium,Hispanic Origin,,0,MA,Class D,1
,25796601893,FC21002407,2021-06-29 21:40:00.0000000,Male,Black,25,NULL,NULL,NULL,Not of Hispanic Origin,,0,MA,Class D,1
,25796604364,FC21002407,2021-06-29 21:40:00.0000000,Male,Black,21,NULL,NULL,NULL,Not of Hispanic Origin,,0,NULL,,1
,25796612731,FC21002407,2021-06-29 21:40:00.0000000,Male,Black,22,Medium,NULL,NULL,Hispanic Origin,,0,MA,,1
,25796621130,FC21002408,2021-06-29 00:00:00.0000000,Male,Black,25,Thin,NULL,NULL,Not of Hispanic Origin,,0,MA,ID Only - Never had Personal Driver License,1
,25796621499,FC21002408,2021-06-29 00:00:00.0000000,Male,Black,30,Thin,Braided,Medium Brown,Not of Hispanic Origin,,0,MA,,1
,25796677276,FC21002409,2021-06-29 23:08:00.0000000,Male,Black,32,Thin,NULL,NULL,Not of Hispanic Origin,,0,MA,ID Only - Never had Personal Driver License,1
,25796677573,FC21002409,2021-06-29 23:08:00.0000000,Male,Black,29,Medium,NULL,NULL,Not of Hispanic Origin,,0,MA,Class D,1
,25797037528,FC21002410,2021-06-30 01:52:00.0000000,Male,White,28,NULL,NULL,NULL,Hispanic Origin,,0,MA,ID Only - Never had Personal Driver License,0
,25797046053,FC21002411,2021-06-30 01:02:00.0000000,Male,Other,NULL,NULL,NULL,NULL,NULL,,0,NULL,,NULL
,25797052084,FC21002411,2021-06-30 01:02:00.0000000,Male,Black,33,Medium,NULL,NULL,Not of Hispanic Origin,,0,MA,Class D,0
,25797590756,FC21002412,2021-06-30 02:45:00.0000000,Male,Black,25,Medium,Dreadlocks,Medium,Not of Hispanic Origin,,0,MA,,1
,25799568897,FC21002413,2021-06-30 10:20:00.0000000,Female,Asian,48,Thin,NULL,NULL,Not of Hispanic Origin,,0,MA,,0
,25799755790,FC21002414,2021-06-30 01:15:00.0000000,Male,White,26,NULL,NULL,NULL,Hispanic Origin,,0,MA,Class D,0
,25799895985,FC21002415,2021-06-30 10:10:00.0000000,Female,Unknown,37,NULL,NULL,NULL,Unknown,,0,NULL,,0
,25799896447,FC21002415,2021-06-30 10:10:00.0000000,Male,Black,52,Medium,NULL,NULL,Not of Hispanic Origin,,0,MA,,0
,25800275391,FC21002416,2021-06-30 12:48:00.0000000,Male,White,30,NULL,NULL,NULL,Not of Hispanic Origin,,0,MA,Class D,0
,25800790111,FC21002417,2021-06-30 01:19:00.0000000,Male,Black,50,NULL,NULL,NULL,Not of Hispanic Origin,,0,MA,Other: suspended,1
,25800790249,FC21002417,2021-06-30 01:19:00.0000000,Male,Black,55,Medium,NULL,Medium Brown,Not of Hispanic Origin,,0,MA,"ID - Had a License, now has ID",1
,25800791515,FC21002417,2021-06-30 01:19:00.0000000,Male,Black,50,Medium,NULL,Medium Brown,Not of Hispanic Origin,,0,MA,Personal Driver License,1
,25803065573,FC21002418,2021-06-30 17:44:00.0000000,Male,White,32,Muscular,NULL,Light,Hispanic Origin,,0,MA,Class D,0
,25803156266,FC21002419,2021-06-30 19:17:00.0000000,Male,White,51,Thin,Bald or Balding,Light,Unknown,,0,MA,Class D,0
,25803168485,FC21002420,2021-06-29 03:02:00.0000000,Male,Black,16,Thin,NULL,Dark Brown,Not of Hispanic Origin,,0,MA,,1
,25804006933,FC21002420,2021-06-29 03:02:00.0000000,Male,Black,17,Thin,Braided,Dark Brown,Not of Hispanic Origin,,0,NULL,,1
,25803175681,FC21002421,2021-06-30 15:40:00.0000000,Male,Black,30,Medium,Dreadlocks,Medium Brown,NULL,,0,MA,No License - Record Only,1
,25803178329,FC21002421,2021-06-30 15:40:00.0000000,Male,Black,39,Medium,Short,Medium Brown,Not of Hispanic Origin,,0,MA,,1
,25803204379,FC21002421,2021-06-30 15:40:00.0000000,Male,Black,37,Thin,NULL,NULL,Not of Hispanic Origin,,0,MA,,1
,25803209124,FC21002421,2021-06-30 15:40:00.0000000,Female,Black,27,NULL,NULL,NULL,Not of Hispanic Origin,,0,MA,"ID - Had a License, now has ID",1
,25803448718,FC21002422,2021-06-30 00:00:00.0000000,Male,White,34,Medium,NULL,NULL,Not of Hispanic Origin,,0,MA,,0
,25803455819,FC21002423,2021-06-30 00:00:00.0000000,Male,Black,21,Thin,NULL,NULL,Not of Hispanic Origin,,0,MA,,0
,25803535747,FC21002424,2021-06-30 17:00:00.0000000,Female,White,22,Medium,Wavy,Light,Not of Hispanic Origin,,0,MA,,0
,25810150177,FC21002425,2021-07-01 01:00:00.0000000,Male,White,33,Medium,NULL,NULL,Not of Hispanic Origin,,0,MA,,0
,25810279237,FC21002426,2021-07-01 01:45:00.0000000,Male,Black,51,Thin,Curly,NULL,Not of Hispanic Origin,,0,MA,,0
,25810313859,FC21002427,2021-07-01 01:01:00.0000000,Male,Black,21,NULL,NULL,NULL,NULL,,0,MA,Class D,1
,25810316219,FC21002427,2021-07-01 01:01:00.0000000,Female,Black,34,NULL,NULL,NULL,Unknown,,0,NULL,,NULL
,25810381254,FC21002428,2021-07-01 00:57:00.0000000,Male,Black,54,Medium,NULL,Dark,Not of Hispanic Origin,,0,MA,None,0
,25810382375,FC21002428,2021-07-01 00:57:00.0000000,Male,Black,57,Thin,NULL,NULL,Not of Hispanic Origin,,0,MA,,0
,25810392895,FC21002429,2021-07-01 02:00:00.0000000,Male,Black,28,Medium,NULL,NULL,Not of Hispanic Origin,,0,MA,,0
,25811991131,FC21002430,2021-07-01 08:07:00.0000000,Male,White,NULL,NULL,NULL,NULL,Unknown,,0,NULL,,NULL
,25812009964,FC21002430,2021-07-01 08:07:00.0000000,Male,White,27,NULL,NULL,NULL,Unknown,,0,NULL,,0
,25812185928,FC21002431,2021-07-01 11:30:00.0000000,Male,Black,30,Medium,NULL,NULL,Not of Hispanic Origin,,0,MA,Class D,1
,25812187091,FC21002431,2021-07-01 11:30:00.0000000,Male,Black,25,Medium,NULL,NULL,Not of Hispanic Origin,,0,MA,,1
,25812200602,FC21002431,2021-07-01 11:30:00.0000000,Female,Black,25,Medium,Pony Tail,Medium Brown,Not of Hispanic Origin,,0,MA,Class D,NULL
,25812715962,FC21002432,2021-07-01 01:35:00.0000000,Male,Black,49,Thin,NULL,NULL,Not of Hispanic Origin,,0,MA,,0
,25812874567,FC21002433,2021-07-01 00:00:00.0000000,Male,Black,32,NULL,NULL,NULL,Hispanic Origin,,0,NULL,,0
,25812888764,FC21002433,2021-07-01 00:00:00.0000000,Male,Black,30,Stocky,Short,Medium Brown,Hispanic Origin,,0,MA,Class D,0
,25814081034,FC21002434,2021-07-01 17:00:00.0000000,Female,Black,25,NULL,NULL,NULL,Unknown,,0,NULL,,0
,25814088689,FC21002434,2021-07-01 17:00:00.0000000,Male,Black,40,Thin,NULL,NULL,Not of Hispanic Origin,,0,MA,,NULL
,25814276318,FC21002435,2021-07-01 17:20:00.0000000,Male,Black,26,Medium,Braided,Dark Brown,Not of Hispanic Origin,,0,MA,None,0
,25814295301,FC21002436,2021-07-01 17:45:00.0000000,Male,Black,28,Stocky,Short,Dark Brown,Not of Hispanic Origin,,0,MA,Class D,0
,25814741805,FC21002439,2021-07-01 16:46:00.0000000,Male,Black,24,Medium,Dreadlocks,Dark Brown,Unknown,,0,MA,,1
,25814745707,FC21002439,2021-07-01 16:46:00.0000000,Male,Black,22,Thin,Short,Dark Brown,Not of Hispanic Origin,,0,MA,,1
,25814752831,FC21002439,2021-07-01 16:46:00.0000000,Female,Black,41,NULL,NULL,NULL,Unknown,,0,NULL,,1
,25814767699,FC21002439,2021-07-01 16:46:00.0000000,Female,Black,16,Heavy,Braided,Dark Brown,NULL,,0,MA,,1
,25815819498,FC21002440,2021-07-01 17:49:00.0000000,Female,Black,21,Medium,NULL,NULL,Not of Hispanic Origin,,0,MA,Class D,NULL
,25815820028,FC21002440,2021-07-01 17:49:00.0000000,Male,Black,18,Thin,NULL,Medium Brown,Not of Hispanic Origin,,0,MA,,0
,25815820579,FC21002440,2021-07-01 17:49:00.0000000,Male,Black,24,NULL,NULL,NULL,Unknown,,0,MA,Class D,0
,25815821114,FC21002440,2021-07-01 17:49:00.0000000,Male,Black,25,Thin,Short,NULL,Not of Hispanic Origin,,0,MA,Class D,0
,25815897029,FC21002441,2021-07-01 12:10:00.0000000,Male,White,31,NULL,NULL,NULL,Hispanic Origin,,0,MA,CDL Class A,0
,25816057474,FC21002443,2021-07-01 14:35:00.0000000,Male,Black,33,NULL,NULL,NULL,Hispanic Origin,,0,MA,Class D,0
,25816065021,FC21002444,2021-07-01 19:55:00.0000000,Male,Black,22,Thin,Dreadlocks,Medium Brown,Unknown,,0,MA,,1
,25816065808,FC21002444,2021-07-01 19:55:00.0000000,Male,Black,32,Medium,Short,Medium Brown,Unknown,,0,MA,Class D,0
,25816067145,FC21002444,2021-07-01 19:55:00.0000000,Male,Black,25,Medium,NULL,NULL,Not of Hispanic Origin,,0,MA,,0
,25816391569,FC21002446,2021-07-02 00:15:00.0000000,Male,White,41,Medium,NULL,NULL,Not of Hispanic Origin,,0,MA,,0
,25816395021,FC21002446,2021-07-02 00:15:00.0000000,Female,Unknown,27,NULL,NULL,NULL,NULL,,0,MA,"ID - Had a License, now has ID",0
,25819510429,FC21002447,2021-06-30 11:05:00.0000000,Male,Black,28,Thin,NULL,NULL,Not of Hispanic Origin,,0,MA,Class D,1
,25819562961,FC21002447,2021-06-30 11:05:00.0000000,Male,Black,28,Thin,NULL,NULL,Not of Hispanic Origin,,0,MA,,1
,25819616084,FC21002447,2021-06-30 11:05:00.0000000,Female,Black,19,Medium,NULL,NULL,Not of Hispanic Origin,,0,MA,Class D,1
,25819801849,FC21002447,2021-06-30 11:05:00.0000000,Male,Black,19,NULL,NULL,NULL,Unknown,,0,MA,,1
,25820007657,FC21002447,2021-06-30 11:05:00.0000000,Male,Black,18,NULL,NULL,NULL,Hispanic Origin,,0,MA,Class D,1
,25835650559,FC21002448,2021-07-02 10:30:00.0000000,NULL,NULL,NULL,NULL,NULL,NULL,NULL,,0,NULL,,0
,25835668085,FC21002449,2021-07-02 10:00:00.0000000,Female,Black,25,NULL,NULL,NULL,Unknown,,0,MA,Class D,0
,25835669975,FC21002449,2021-07-02 10:00:00.0000000,Male,White,23,Medium,NULL,NULL,Hispanic Origin,,0,MA,Class D,NULL
,25835695923,FC21002450,2021-07-02 10:56:00.0000000,Male,Black,53,Thin,NULL,NULL,Not of Hispanic Origin,,0,MA,,0
,25835698775,FC21002450,2021-07-02 10:56:00.0000000,Male,Black,78,Medium,NULL,NULL,Not of Hispanic Origin,,0,NULL,,0
,25836051934,FC21002451,2021-07-02 11:12:00.0000000,Male,White,31,Thin,Curly,Light,NULL,,0,MA,,1
,25836053102,FC21002451,2021-07-02 11:12:00.0000000,Male,White,41,Stocky,NULL,NULL,Not of Hispanic Origin,,0,MA,,1
,25836303231,FC21002452,2021-07-02 13:41:00.0000000,Female,White,27,NULL,NULL,NULL,Not of Hispanic Origin,,0,NULL,,NULL
,25836345854,FC21002452,2021-07-02 13:41:00.0000000,Male,NULL,NULL,NULL,NULL,NULL,NULL,,0,NULL,,0
,25837826304,FC21002453,2021-07-02 14:00:00.0000000,Male,Black,21,Thin,Braided,Medium Brown,NULL,,0,MA,,1
,25837840210,FC21002453,2021-07-02 14:00:00.0000000,Male,Black,25,Obese,Afro,NULL,Not of Hispanic Origin,,0,MA,,1
,25837886501,FC21002453,2021-07-02 14:00:00.0000000,Male,Black,21,Thin,NULL,NULL,Not of Hispanic Origin,,0,MA,,1
,25837772031,FC21002454,2021-06-29 18:49:00.0000000,Male,Black,27,Medium,Dreadlocks,Dark Brown,Not of Hispanic Origin,,0,MA,,1
,25837774310,FC21002454,2021-06-29 18:49:00.0000000,Male,Black,24,Unknown,NULL,NULL,Not of Hispanic Origin,,0,MA,Class D,1
,25837807938,FC21002455,2021-06-29 18:55:00.0000000,Male,Black,27,Thin,Dreadlocks,Medium,Hispanic Origin,,0,MA,Class D,1
,25837808186,FC21002455,2021-06-29 18:55:00.0000000,Male,Black,27,Thin,Dreadlocks,Medium Brown,Not of Hispanic Origin,,0,MA,,1
,25844318696,FC21002455,2021-06-29 18:55:00.0000000,Male,Unknown,18,NULL,NULL,NULL,Unknown,,0,NULL,,1
,25837820642,FC21002456,2021-07-02 17:15:00.0000000,Male,Black,34,Thin,NULL,Medium Brown,Not of Hispanic Origin,,0,MA,,0
,25838102646,FC21002457,2021-06-29 19:30:00.0000000,Male,Black,24,Heavy,Curly,Light Brown,Not of Hispanic Origin,,0,MA,,0
,25838137925,FC21002457,2021-06-29 19:30:00.0000000,Male,Black,25,Obese,Afro,NULL,Not of Hispanic Origin,,0,MA,,1
,25838207052,FC21002457,2021-06-29 19:30:00.0000000,Male,Black,21,Thin,Braided,Medium Brown,NULL,,0,MA,,1
,25838283508,FC21002457,2021-06-29 19:30:00.0000000,Male,Black,21,Thin,NULL,NULL,Not of Hispanic Origin,,0,MA,,1
,25838300770,FC21002457,2021-06-29 19:30:00.0000000,Male,Black,27,Thin,Curly,Medium Brown,Hispanic Origin,,0,MA,ID Only - Never had Personal Driver License,1
,25840590986,FC21002458,2021-07-02 16:22:00.0000000,Male,White,23,Thin,NULL,NULL,Not of Hispanic Origin,,0,MA,,1
,25840591328,FC21002458,2021-07-02 16:22:00.0000000,Male,Black,74,NULL,NULL,NULL,Hispanic Origin,,0,MA,Class D,0
,25842041689,FC21002459,2021-07-02 19:30:00.0000000,Male,White,44,Medium,NULL,NULL,Not of Hispanic Origin,,0,MA,,0
,25843887128,FC21002460,2021-07-02 19:33:00.0000000,Male,Black,31,NULL,NULL,NULL,Not of Hispanic Origin,,0,NULL,,NULL
,25843887128,FC21002460,2021-07-02 19:33:00.0000000,Male,Black,31,NULL,NULL,NULL,Not of Hispanic Origin,,0,NULL,,NULL
,25843916288,FC21002460,2021-07-02 19:33:00.0000000,NULL,NULL,NULL,NULL,NULL,NULL,NULL,,0,NULL,,0
,25843930366,FC21002460,2021-07-02 19:33:00.0000000,Male,Black,23,NULL,NULL,NULL,Not of Hispanic Origin,,0,MA,Class D,NULL
,25848622784,FC21002461,2021-07-02 22:26:00.0000000,Male,White,29,Stocky,Wavy,Light,Not of Hispanic Origin,,0,MA,,0
,25849479727,FC21002462,2021-07-02 21:22:00.0000000,Male,Black,26,Thin,Braided,Dark Brown,NULL,,0,MA,,0
,25853285303,FC21002463,2021-07-03 00:00:00.0000000,Male,Black,42,Heavy,Short,Medium Brown,Unknown,,0,NJ,ID Only - Never had Personal Driver License,0
,25855717424,FC21002464,2021-07-03 01:37:00.0000000,Male,White,29,Stocky,NULL,NULL,Not of Hispanic Origin,,0,MA,,1
,25855729613,FC21002465,2021-07-02 22:58:00.0000000,Male,Black,19,NULL,NULL,NULL,Not of Hispanic Origin,,0,MA,Class D,0
,25855734591,FC21002465,2021-07-02 22:58:00.0000000,Male,Black,25,Medium,NULL,NULL,Not of Hispanic Origin,,0,MA,,NULL
,25856143804,FC21002466,2021-07-02 23:31:00.0000000,Male,Black,27,Medium,NULL,Medium Brown,NULL,,0,MA,,0
,25856203725,FC21002467,2021-07-03 05:57:00.0000000,Male,White,57,Medium,Bald or Balding,Light,Not of Hispanic Origin,,0,MA,Class D,1
,25856205002,FC21002467,2021-07-03 05:57:00.0000000,Male,White,46,Medium,NULL,NULL,Not of Hispanic Origin,,0,MA,,NULL
,25856467447,FC21002468,2021-07-03 00:00:00.0000000,Male,White,26,Thin,Braided,Light,NULL,,0,MA,None,1
,25856467704,FC21002468,2021-07-03 00:00:00.0000000,Male,Black,25,NULL,NULL,NULL,Hispanic Origin,,0,MA,Class D,1
,25856467907,FC21002468,2021-07-03 00:00:00.0000000,Female,Black,21,NULL,NULL,NULL,Hispanic Origin,,0,NULL,,1
,25857585047,FC21002469,2021-07-03 02:03:00.0000000,Male,Black,23,Thin,NULL,NULL,Not of Hispanic Origin,,0,MA,,0
,25857586105,FC21002469,2021-07-03 02:03:00.0000000,Male,Black,23,Unknown,NULL,NULL,Not of Hispanic Origin,,0,MA,,0
,25857586738,FC21002469,2021-07-03 02:03:00.0000000,Male,Black,28,Medium,NULL,NULL,Not of Hispanic Origin,,0,MA,,0
,25857989710,FC21002470,2021-07-02 19:08:00.0000000,Unknown,NULL,NULL,NULL,NULL,NULL,NULL,,0,NULL,,NULL
,25857989710,FC21002470,2021-07-02 19:08:00.0000000,Unknown,NULL,NULL,NULL,NULL,NULL,NULL,,0,NULL,,0
,25858560760,FC21002471,2021-07-03 00:20:00.0000000,Male,Black,19,Thin,Braided,Brown,Hispanic Origin,,0,MA,Class D,1
,25858560852,FC21002471,2021-07-03 00:20:00.0000000,Male,Black,21,Thin,NULL,NULL,Hispanic Origin,,0,MA,,1
,25858568201,FC21002471,2021-07-03 00:20:00.0000000,Female,White,23,Medium,Unkempt,Medium,Not of Hispanic Origin,,0,MA,,0
,25858946503,FC21002472,2021-07-02 23:00:00.0000000,Male,Black,22,Medium,Dreadlocks,Light Brown,Hispanic Origin,,0,MA,ID Only - Never had Personal Driver License,1
,25858965583,FC21002472,2021-07-02 23:00:00.0000000,Male,Black,18,Medium,Short,Dark Brown,Not of Hispanic Origin,,0,MA,,1
,25859277753,FC21002473,2021-07-03 17:03:00.0000000,Male,White,39,NULL,NULL,NULL,Unknown,,0,NULL,,1
,25861563833,FC21002474,2021-07-03 22:00:00.0000000,Male,Black,45,NULL,NULL,NULL,NULL,,0,NULL,,0
,25862348255,FC21002475,2021-07-04 02:40:00.0000000,Male,Other,25,NULL,NULL,NULL,NULL,,0,MA,Class D,0
,25862351439,FC21002475,2021-07-04 02:40:00.0000000,Male,NULL,27,NULL,NULL,NULL,NULL,,0,NULL,,0
,25862355575,FC21002475,2021-07-04 02:40:00.0000000,Male,NULL,22,NULL,NULL,NULL,NULL,,0,MA,,0
,25862361460,FC21002475,2021-07-04 02:40:00.0000000,Male,NULL,24,NULL,NULL,NULL,NULL,,0,MA,Class D,0
,25862869828,FC21002476,2021-07-04 07:55:00.0000000,Male,White,37,NULL,NULL,NULL,Not of Hispanic Origin,,0,NULL,,0
,25863587603,FC21002477,2021-07-04 14:32:00.0000000,Male,Black,33,NULL,NULL,NULL,Unknown,,0,MA,Class D,0
,25863590440,FC21002477,2021-07-04 14:32:00.0000000,Male,Black,NULL,NULL,NULL,NULL,Unknown,,0,NULL,,0
,25863729035,FC21002479,2021-07-04 00:00:00.0000000,Male,White,53,Medium,NULL,NULL,Not of Hispanic Origin,,0,MA,,0
,25863732397,FC21002479,2021-07-04 00:00:00.0000000,Female,White,54,Medium,NULL,NULL,Not of Hispanic Origin,,0,MA,,0
,25863735248,FC21002479,2021-07-04 00:00:00.0000000,Female,White,54,Stocky,NULL,NULL,Not of Hispanic Origin,,0,MA,,0
,25863737800,FC21002479,2021-07-04 00:00:00.0000000,Female,White,30,NULL,NULL,NULL,Unknown,,0,NULL,,0
,25863740174,FC21002479,2021-07-04 00:00:00.0000000,Female,White,32,NULL,NULL,NULL,NULL,,0,NULL,,0
,25863921622,FC21002480,2021-07-04 17:42:00.0000000,Male,Black,28,Thin,Braided,Dark,Not of Hispanic Origin,,0,MA,,0
,25864039537,FC21002481,2021-07-04 18:18:00.0000000,Male,Black,30,Medium,NULL,NULL,Not of Hispanic Origin,,0,MA,,NULL
,25864039537,FC21002481,2021-07-04 18:18:00.0000000,Male,Black,30,Medium,NULL,NULL,Not of Hispanic Origin,,0,MA,,0
,25864302057,FC21002482,2021-07-04 19:18:00.0000000,Male,Black,28,Medium,Curly,Light,Hispanic Origin,,0,MA,Class D,1
,25864326613,FC21002482,2021-07-04 19:18:00.0000000,Male,Black,16,NULL,NULL,NULL,Unknown,,0,NULL,,1
,25864389139,FC21002482,2021-07-04 19:18:00.0000000,Male,Black,25,NULL,NULL,NULL,Unknown,,0,MA,ID Only - Never had Personal Driver License,1
,25864414415,FC21002482,2021-07-04 19:18:00.0000000,Male,Black,22,NULL,NULL,NULL,NULL,,0,MA,,1
,25864418520,FC21002482,2021-07-04 19:18:00.0000000,Male,Unknown,16,Thin,Short,Light Brown,Unknown,,0,NULL,,1
,25864426210,FC21002482,2021-07-04 19:18:00.0000000,Male,Black,25,Medium,NULL,NULL,Hispanic Origin,,0,MA,,1
,25864430769,FC21002482,2021-07-04 19:18:00.0000000,Male,NULL,23,NULL,NULL,NULL,Hispanic Origin,,0,MA,ID Only - Never had Personal Driver License,1
,25864439277,FC21002482,2021-07-04 19:18:00.0000000,Male,Black,21,Medium,Short,Medium Brown,Not of Hispanic Origin,,0,MA,,1
,25864439667,FC21002482,2021-07-04 19:18:00.0000000,Female,White,30,Thin,Short,NULL,NULL,,0,MA,,1
,25864542250,FC21002483,2021-07-04 14:46:00.0000000,Male,Black,16,NULL,NULL,NULL,Unknown,,0,NULL,,1
,25864674558,FC21002484,2021-07-04 20:33:00.0000000,Male,Black,32,Thin,NULL,NULL,Not of Hispanic Origin,,0,MA,,1
,25864685858,FC21002484,2021-07-04 20:33:00.0000000,Male,Black,18,NULL,NULL,NULL,Not of Hispanic Origin,,0,MA,Class D,1
,25864807876,FC21002485,2021-07-04 23:00:00.0000000,Male,Black,36,Medium,Dreadlocks,NULL,Not of Hispanic Origin,,0,MA,Class D,0
,25864810244,FC21002485,2021-07-04 23:00:00.0000000,Male,Black,44,Medium,Dreadlocks,Medium Brown,NULL,,0,MA,,0
,25864811775,FC21002485,2021-07-04 23:00:00.0000000,Male,Black,40,Thin,NULL,NULL,Not of Hispanic Origin,,0,MA,,0
,25864815160,FC21002485,2021-07-04 23:00:00.0000000,Male,Black,34,Medium,NULL,NULL,Not of Hispanic Origin,,0,MA,,0
,25864818317,FC21002486,2021-07-04 23:12:00.0000000,Male,Black,18,NULL,NULL,NULL,Not of Hispanic Origin,,0,NULL,,1
,25864884615,FC21002487,2021-07-04 22:22:00.0000000,Male,Black,12,NULL,NULL,NULL,NULL,,0,NULL,,NULL
,25864885959,FC21002487,2021-07-04 22:22:00.0000000,Female,Black,30,Medium,NULL,NULL,Hispanic Origin,,0,MA,,0
,25864888530,FC21002487,2021-07-04 22:22:00.0000000,Male,Black,28,Medium,Short,Dark,Not of Hispanic Origin,,0,MA,Other: SUS,0
,25865289159,FC21002488,2021-07-05 00:52:00.0000000,Male,White,53,NULL,NULL,NULL,Not of Hispanic Origin,,0,MA,Other: Suspended ,1
,25865341279,FC21002489,2021-07-05 01:05:00.0000000,Male,White,23,NULL,NULL,NULL,Unknown,,0,NH,,0
,25865344864,FC21002489,2021-07-05 01:05:00.0000000,Male,White,23,NULL,NULL,NULL,Unknown,,0,NH,,0
,25865437758,FC21002490,2021-07-04 22:44:00.0000000,Male,White,26,NULL,NULL,NULL,Hispanic Origin,,0,MA,Class D,1
,25865437758,FC21002490,2021-07-04 22:44:00.0000000,Male,White,26,NULL,NULL,NULL,Hispanic Origin,,0,MA,Class D,NULL
,25865440587,FC21002490,2021-07-04 22:44:00.0000000,Female,White,28,NULL,NULL,NULL,Hispanic Origin,,0,MA,Class D,NULL
,25865682414,FC21002491,2021-07-05 03:30:00.0000000,Male,Black,34,Thin,NULL,NULL,Not of Hispanic Origin,,0,MA,"ID - Had a License, now has ID",0
,25866260741,FC21002492,2021-07-05 08:20:00.0000000,Female,Unknown,29,NULL,NULL,NULL,Unknown,,0,NULL,,0
,25866263107,FC21002492,2021-07-05 08:20:00.0000000,Male,White,36,Thin,Curly,Light,Not of Hispanic Origin,,0,MA,,0
,25866360153,FC21002493,2021-07-04 14:34:00.0000000,Male,Black,25,Medium,Curly,NULL,NULL,,0,MA,,1
,25866725066,FC21002494,2021-07-05 11:45:00.0000000,Female,White,33,NULL,NULL,NULL,Not of Hispanic Origin,,0,NULL,,0
,25866738929,FC21002495,2021-07-05 01:55:00.0000000,Male,Black,31,Thin,NULL,NULL,Not of Hispanic Origin,,0,MA,,1
,25866742182,FC21002495,2021-07-05 01:55:00.0000000,Male,Black,29,NULL,NULL,NULL,Not of Hispanic Origin,,0,NULL,,1
,25867268464,FC21002496,2021-07-05 13:30:00.0000000,Male,Black,30,NULL,NULL,NULL,Not of Hispanic Origin,,0,NULL,,0
,25867115541,FC21002497,2021-07-05 10:00:00.0000000,Unknown,NULL,NULL,NULL,NULL,NULL,NULL,,0,NULL,,0
,25867494803,FC21002498,2021-07-05 15:27:00.0000000,Male,Black,16,Medium,Short,Medium,NULL,,0,MA,,1
,25867497141,FC21002498,2021-07-05 15:27:00.0000000,Male,NULL,NULL,NULL,NULL,NULL,NULL,,0,NULL,,1
,25867498787,FC21002498,2021-07-05 15:27:00.0000000,Male,NULL,NULL,NULL,NULL,NULL,NULL,,0,NULL,,1
,25867560460,FC21002499,2021-07-05 14:50:00.0000000,Male,Black,25,Medium,Braided,Dark,NULL,,0,MA,,1
,25867560935,FC21002499,2021-07-05 14:50:00.0000000,Male,White,25,Thin,Dreadlocks,Medium Brown,Not of Hispanic Origin,,0,MA,,1
,25868862619,FC21002500,2021-07-05 17:35:00.0000000,Male,White,51,Thin,NULL,NULL,Not of Hispanic Origin,,0,MA,,0
,25868900243,FC21002501,2021-07-05 00:00:00.0000000,Male,Black,28,Thin,Short,Medium Brown,Not of Hispanic Origin,,0,MA,Class D,0
,25869105398,FC21002502,2021-07-04 23:06:00.0000000,Male,Black,22,NULL,NULL,NULL,Not of Hispanic Origin,,0,MA,Class D,1
,25869106389,FC21002502,2021-07-04 23:06:00.0000000,Male,Black,44,Medium,NULL,NULL,Not of Hispanic Origin,,0,MA,Class D,1
,25869176008,FC21002503,2021-07-05 18:24:00.0000000,Male,Black,19,Thin,NULL,NULL,Not of Hispanic Origin,,0,MA,,1
,25869178660,FC21002503,2021-07-05 18:24:00.0000000,Male,Black,20,Thin,Short,Medium Brown,Not of Hispanic Origin,,0,MA,ID Only - Never had Personal Driver License,1
,25869179940,FC21002503,2021-07-05 18:24:00.0000000,Male,Black,20,Thin,Short,Dark Brown,Not of Hispanic Origin,,0,MA,,1
,25869281435,FC21002504,2021-07-05 19:24:00.0000000,Male,Unknown,69,NULL,NULL,NULL,Unknown,,0,MA,Class D,0
,25869352653,FC21002505,2021-07-05 00:00:00.0000000,Male,Black,21,Thin,Short,Dark,Not of Hispanic Origin,,0,MA,,0
,25869444265,FC21002506,2021-07-05 21:45:00.0000000,Male,White,36,Thin,Straight,Medium,Hispanic Origin,,0,MA,"ID - Had a License, now has ID",1
,25869552719,FC21002507,2021-07-05 18:33:00.0000000,Male,Black,30,Medium,NULL,NULL,Not of Hispanic Origin,,0,MA,Class D,1
,25869553089,FC21002507,2021-07-05 18:33:00.0000000,Female,Black,25,Thin,NULL,NULL,Not of Hispanic Origin,,0,MA,,1
,25869553214,FC21002507,2021-07-05 18:33:00.0000000,Male,Black,31,NULL,NULL,NULL,Unknown,,0,MA,Class D,1
,25869553544,FC21002507,2021-07-05 18:33:00.0000000,Female,Black,21,NULL,NULL,NULL,Unknown,,0,NULL,,0
,25869553962,FC21002507,2021-07-05 18:33:00.0000000,Female,Black,25,Medium,Pony Tail,Medium Brown,Not of Hispanic Origin,,0,MA,Class D,NULL
,25869604564,FC21002508,2021-07-05 19:00:00.0000000,Male,Black,31,Thin,Short,Dark,Not of Hispanic Origin,,0,MA,,0
,25869636400,FC21002509,2021-07-06 00:00:00.0000000,Male,NULL,24,NULL,NULL,NULL,NULL,,0,NULL,,1
,25869639300,FC21002509,2021-07-06 00:00:00.0000000,Female,Asian,19,NULL,NULL,NULL,Not of Hispanic Origin,,0,NULL,,1
,25869643453,FC21002509,2021-07-06 00:00:00.0000000,Male,Asian,20,NULL,NULL,NULL,Unknown,,0,NULL,,1
,25869782344,FC21002510,2021-07-06 01:30:00.0000000,Female,White,32,NULL,NULL,NULL,Not of Hispanic Origin,,0,MA,Class D,0
,25869786236,FC21002510,2021-07-06 01:30:00.0000000,Male,White,28,Thin,Pony Tail,Fair,Not of Hispanic Origin,,0,MA,,0
,25870743174,FC21002511,2021-07-06 08:54:00.0000000,Male,Black,41,Medium,NULL,NULL,Not of Hispanic Origin,,0,NULL,,0
,25870817860,FC21002512,2021-07-06 09:37:00.0000000,Male,Black,43,Thin,NULL,NULL,Not of Hispanic Origin,,0,MA,,0
,25871441034,FC21002513,2021-07-06 00:00:00.0000000,Female,Black,26,Thin,NULL,NULL,Not of Hispanic Origin,,0,MA,,0
,25872611668,FC21002514,2021-07-06 14:40:00.0000000,Male,Black,53,Medium,NULL,NULL,Not of Hispanic Origin,,0,MA,"ID - Had a License, now has ID",0
,25872776632,FC21002516,2021-07-04 18:00:00.0000000,Male,Other,18,NULL,NULL,NULL,Hispanic Origin,,0,MA,Class D,0
,25872782511,FC21002516,2021-07-04 18:00:00.0000000,Male,Black,22,NULL,NULL,NULL,Unknown,,0,MA,Class D,0
,25872785765,FC21002516,2021-07-04 18:00:00.0000000,Male,White,32,Heavy,NULL,NULL,Not of Hispanic Origin,,0,MA,Class D,0
,25872874469,FC21002517,2021-07-06 14:25:00.0000000,Male,White,31,Medium,Short,Light Brown,Hispanic Origin,,0,MA,,0
,25874871505,FC21002518,2021-07-06 18:55:00.0000000,Male,Black,36,Heavy,NULL,NULL,Not of Hispanic Origin,,0,MA,,0
,25875000186,FC21002519,2021-07-06 19:11:00.0000000,Male,White,46,NULL,NULL,NULL,Unknown,,0,NULL,,NULL
,25875020839,FC21002519,2021-07-06 19:11:00.0000000,Male,Black,NULL,NULL,NULL,NULL,Unknown,,0,NULL,,0
,25875240094,FC21002521,2021-07-06 15:24:00.0000000,Male,White,21,NULL,NULL,NULL,NULL,,0,NULL,,1
,25875249169,FC21002521,2021-07-06 15:24:00.0000000,Male,White,23,NULL,NULL,NULL,Hispanic Origin,,0,NULL,,1
,25875263661,FC21002522,2021-07-06 00:00:00.0000000,Male,White,36,NULL,NULL,NULL,Not of Hispanic Origin,,0,MA,Class D,NULL
,25875282171,FC21002522,2021-07-06 00:00:00.0000000,Male,White,40,NULL,NULL,NULL,Not of Hispanic Origin,,0,MA,Class D,0
,25875416691,FC21002523,2021-07-06 22:45:00.0000000,Male,Black,38,Thin,NULL,NULL,Not of Hispanic Origin,,0,MA,,0
,25875419138,FC21002523,2021-07-06 22:45:00.0000000,Male,Black,38,Thin,NULL,NULL,Not of Hispanic Origin,,0,MA,,0
,25875419672,FC21002523,2021-07-06 22:45:00.0000000,Male,Black,43,Thin,NULL,NULL,Not of Hispanic Origin,,0,MA,,0
,25876472943,FC21002524,2021-07-06 23:20:00.0000000,Male,White,25,NULL,NULL,NULL,Hispanic Origin,,0,MA,Class D,0
,25880670895,FC21002525,2021-07-07 01:45:00.0000000,Male,Black,39,Medium,NULL,NULL,Not of Hispanic Origin,,0,MA,,0
,25880785768,FC21002526,2021-07-07 01:00:00.0000000,Male,Black,26,Medium,Twists,Medium Brown,Not of Hispanic Origin,,0,MA,ID Only - Never had Personal Driver License,0
,25881109670,FC21002527,2021-07-07 01:28:00.0000000,Male,Black,40,Heavy,NULL,NULL,Hispanic Origin,,0,MA,,0
,25881195024,FC21002528,2021-07-07 01:13:00.0000000,Male,Black,23,NULL,NULL,NULL,Unknown,,0,MA,Class D,0
,25882948447,FC21002529,2021-07-07 09:24:00.0000000,Male,White,57,Medium,Unkempt,Medium,Not of Hispanic Origin,,0,MA,"ID - Had a License, now has ID",1
,25887216289,FC21002530,2021-07-07 11:59:00.0000000,Male,White,29,Thin,NULL,NULL,Not of Hispanic Origin,,0,MA,Class D,0
,25887680054,FC21002531,2021-07-07 12:30:00.0000000,Male,White,46,Medium,Straight,Light,Hispanic Origin,,0,MA,,0
,25887682242,FC21002531,2021-07-07 12:30:00.0000000,Female,White,30,Thin,Combed Back,Light Brown,Not of Hispanic Origin,,0,MA,,0
,25887684055,FC21002531,2021-07-07 12:30:00.0000000,Male,White,50,Thin,NULL,Medium,Not of Hispanic Origin,,0,MA,,0
,25887685913,FC21002532,2021-07-07 08:39:00.0000000,Male,White,50,Thin,NULL,NULL,Not of Hispanic Origin,,0,MA,,0
,25887691816,FC21002532,2021-07-07 08:39:00.0000000,Male,White,31,NULL,NULL,NULL,Not of Hispanic Origin,,0,NULL,,0
,25887675035,FC21002532,2021-07-07 08:39:00.0000000,Male,White,36,Thin,Short,Light,Not of Hispanic Origin,,0,MA,Class D,1
,25887882816,FC21002533,2021-07-07 08:25:00.0000000,Male,Black,34,Medium,Bald or Balding,Dark Brown,NULL,,0,MA,,1
,25887989324,FC21002534,2021-06-28 19:24:00.0000000,Male,Black,23,Thin,NULL,NULL,Not of Hispanic Origin,,0,MA,,0
,25890285538,FC21002535,2021-07-07 16:53:00.0000000,Male,Black,24,Medium,NULL,NULL,Hispanic Origin,,0,MA,,0
,25888622805,FC21002536,2021-07-07 17:10:00.0000000,Male,Black,23,Thin,Braided,Medium Brown,Not of Hispanic Origin,,0,MA,Class D,0
,25888757150,FC21002537,2021-07-07 17:00:00.0000000,Male,Black,34,NULL,NULL,NULL,NULL,,0,NULL,,1
,25889327139,FC21002538,2021-07-07 17:20:00.0000000,Female,Black,NULL,NULL,NULL,NULL,NULL,,0,NULL,,NULL
,25889344463,FC21002538,2021-07-07 17:20:00.0000000,Female,Black,48,Heavy,NULL,NULL,Not of Hispanic Origin,,0,MA,,0
,25889346843,FC21002538,2021-07-07 17:20:00.0000000,Male,Black,50,Thin,Bald or Balding,Medium Brown,Not of Hispanic Origin,,0,MA,,0
,25889349105,FC21002538,2021-07-07 17:20:00.0000000,Female,Black,40,NULL,NULL,NULL,Not of Hispanic Origin,,0,MA,Class D,0
,25889508164,FC21002539,2021-07-06 00:01:00.0000000,Male,Black,NULL,NULL,NULL,NULL,NULL,,0,NULL,,0
,25889516636,FC21002540,2021-07-07 15:15:00.0000000,Male,Black,31,Thin,Dreadlocks,Dark Brown,Not of Hispanic Origin,,0,MA,Class D,1
,25889517917,FC21002540,2021-07-07 15:15:00.0000000,Male,Black,29,Medium,NULL,NULL,Not of Hispanic Origin,,0,MA,,0
,25889519619,FC21002540,2021-07-07 15:15:00.0000000,Male,White,32,Medium,Pony Tail,NULL,Hispanic Origin,,0,MA,,0
,25889572888,FC21002541,2021-07-07 00:00:00.0000000,Male,Black,21,Thin,NULL,NULL,Not of Hispanic Origin,,0,MA,,0
,25889592929,FC21002541,2021-07-07 00:00:00.0000000,Male,White,23,Heavy,Dreadlocks,Medium Brown,Unknown,,0,MA,Class D,0
,25889598392,FC21002541,2021-07-07 00:00:00.0000000,Male,Black,24,Medium,Braided,Dark,Unknown,,0,MA,Class D,0
,25889609967,FC21002541,2021-07-07 00:00:00.0000000,Male,Black,21,Thin,Short,Dark,Not of Hispanic Origin,,0,MA,,0
,25889614974,FC21002541,2021-07-07 00:00:00.0000000,Female,Black,21,Thin,NULL,NULL,Not of Hispanic Origin,,0,MA,,0
,25889628902,FC21002541,2021-07-07 00:00:00.0000000,Male,Black,15,Medium,Short,Medium Brown,Not of Hispanic Origin,,0,MA,,0
,25889644684,FC21002541,2021-07-07 00:00:00.0000000,Male,Black,22,Thin,Short,Medium Brown,NULL,,0,MA,,0
,25889668329,FC21002542,2021-07-07 15:30:00.0000000,Male,Other,52,NULL,NULL,NULL,Hispanic Origin,,0,MA,Other: Dominican Republic DL,0
,25890093150,FC21002543,2021-07-07 18:08:00.0000000,Male,Unknown,17,NULL,NULL,NULL,NULL,,0,NULL,,0
,25890026593,FC21002544,2021-07-07 19:11:00.0000000,Male,White,26,Medium,Short,NULL,Hispanic Origin,,0,MA,Class D,0
,25890296825,FC21002545,2021-07-07 20:07:00.0000000,Female,Black,55,NULL,NULL,NULL,Unknown,,0,MA,Class D,0
,25890573727,FC21002546,2021-07-07 19:12:00.0000000,Male,Black,54,Medium,Bald or Balding,Medium Brown,Not of Hispanic Origin,,0,MA,,1
,25890574192,FC21002546,2021-07-07 19:12:00.0000000,Female,White,43,Thin,NULL,NULL,Not of Hispanic Origin,,0,MA,,0
,25890598304,FC21002546,2021-07-07 19:12:00.0000000,Male,Black,43,Medium,NULL,NULL,Not of Hispanic Origin,,0,MA,,0
,25890375421,FC21002547,2021-07-07 21:50:00.0000000,Male,Black,21,Thin,NULL,Dark Brown,NULL,,0,MA,,0
,25890376693,FC21002547,2021-07-07 21:50:00.0000000,Male,Black,19,NULL,NULL,NULL,NULL,,0,NULL,,0
,25890401044,FC21002548,2021-07-07 20:00:00.0000000,Male,Black,18,Thin,NULL,NULL,Not of Hispanic Origin,,0,NULL,,1
,25890402669,FC21002548,2021-07-07 20:00:00.0000000,Male,White,18,Thin,NULL,Light Brown,Not of Hispanic Origin,,0,MA,,1
,25890780899,FC21002549,2021-07-08 01:16:00.0000000,Male,Black,24,Medium,Braided,Light Brown,Not of Hispanic Origin,,0,MA,Class D,1
,25890802080,FC21002549,2021-07-08 01:16:00.0000000,Female,Unknown,28,NULL,NULL,NULL,Unknown,,0,NULL,,NULL
,25890992067,FC21002550,2021-07-08 02:29:00.0000000,Male,Black,18,Obese,NULL,NULL,Hispanic Origin,,0,MA,Class D,0
,25891214133,FC21002551,2021-07-08 01:21:00.0000000,Male,Black,18,Heavy,Curly,Dark,NULL,,0,MA,Class D,0
,25891496682,FC21002552,2021-07-08 00:00:00.0000000,Male,White,28,NULL,NULL,NULL,Not of Hispanic Origin,,0,MA,Class D,1
,25892475619,FC21002553,2021-07-08 10:30:00.0000000,Female,Black,20,NULL,NULL,NULL,Not of Hispanic Origin,,0,MA,Class D,0
,25892790116,FC21002554,2021-07-08 12:44:00.0000000,Male,Black,56,Heavy,NULL,NULL,Not of Hispanic Origin,,0,MA,,0
,25893393463,FC21002555,2021-06-25 11:00:00.0000000,Male,White,29,Heavy,Crew Cut,Light,NULL,,0,MA,,1
,25894402897,FC21002556,2021-07-08 11:14:00.0000000,Male,Black,29,Medium,NULL,NULL,Not of Hispanic Origin,,0,MA,,NULL
,25894402897,FC21002556,2021-07-08 11:14:00.0000000,Male,Black,29,Medium,NULL,NULL,Not of Hispanic Origin,,0,MA,,0
,25894441328,FC21002557,2021-07-08 15:17:00.0000000,Male,White,39,Medium,NULL,NULL,Not of Hispanic Origin,,0,MA,,0
,25894479254,FC21002558,2021-07-08 10:50:00.0000000,Male,Black,38,Heavy,NULL,NULL,Not of Hispanic Origin,,0,MA,,1
,25895350039,FC21002559,2021-07-08 19:45:00.0000000,Male,Black,23,Medium,Curly,NULL,Not of Hispanic Origin,,0,MA,,1
,25895393922,FC21002560,2021-07-08 17:18:00.0000000,Male,Black,16,Thin,NULL,Dark Brown,Not of Hispanic Origin,,0,MA,,0
,25895783761,FC21002561,2021-07-08 22:23:00.0000000,Male,Black,27,NULL,NULL,NULL,NULL,,0,NULL,,1
,25895785602,FC21002561,2021-07-08 22:23:00.0000000,Male,Black,24,Unknown,NULL,NULL,Not of Hispanic Origin,,0,MA,Class D,1
,25896029648,FC21002562,2021-07-05 02:32:00.0000000,Male,Unknown,NULL,NULL,NULL,NULL,Unknown,,0,NULL,,NULL
,25896030107,FC21002562,2021-07-05 02:32:00.0000000,Male,White,37,Medium,NULL,Brown,Hispanic Origin,,0,MA,,1
,25896030289,FC21002562,2021-07-05 02:32:00.0000000,Male,Other,27,NULL,NULL,NULL,Hispanic Origin,,0,NULL,,1
,25896270355,FC21002563,2021-07-09 01:52:00.0000000,Male,Black,40,NULL,NULL,NULL,Not of Hispanic Origin,,0,MA,Class D,0
,25896331869,FC21002564,2021-07-08 22:51:00.0000000,Male,Black,19,Thin,NULL,NULL,Not of Hispanic Origin,,0,MA,,1
,25896333602,FC21002564,2021-07-08 22:51:00.0000000,Male,Black,17,Medium,Curly,Medium Brown,Unknown,,0,MA,No License - Record Only,1
,25896335861,FC21002564,2021-07-08 22:51:00.0000000,Female,Black,35,Medium,NULL,NULL,Not of Hispanic Origin,,0,MA,,1
,25896513804,FC21002565,2021-07-09 00:20:00.0000000,Male,Other,42,Medium,NULL,NULL,Hispanic Origin,,0,MA,,0
,25898117125,FC21002566,2021-07-09 13:05:00.0000000,Male,White,30,Medium,NULL,NULL,Not of Hispanic Origin,,0,MA,,1
,25899387628,FC21002567,2021-07-09 16:00:00.0000000,Female,Other,27,NULL,NULL,NULL,Not of Hispanic Origin,,0,NULL,,1
,25899423560,FC21002568,2021-07-09 17:35:00.0000000,Male,Black,31,Thin,NULL,NULL,Not of Hispanic Origin,,0,MA,,0
,25899534377,FC21002569,2021-07-09 18:15:00.0000000,Male,Black,17,Thin,Short,Medium Brown,NULL,,0,MA,,1
,25899536450,FC21002569,2021-07-09 18:15:00.0000000,Male,Black,17,NULL,NULL,NULL,Not of Hispanic Origin,,0,MA,ID Only - Never had Personal Driver License,1
,25902731346,FC21002569,2021-07-09 18:15:00.0000000,Female,Black,18,NULL,NULL,NULL,NULL,,0,MA,Class D,0
,25899785507,FC21002570,2021-07-09 17:05:00.0000000,Male,Black,32,NULL,NULL,NULL,Not of Hispanic Origin,,0,NULL,,0
,25899794428,FC21002571,2021-07-09 19:24:00.0000000,Male,Black,NULL,NULL,NULL,NULL,NULL,,0,NULL,,0
,25899867340,FC21002572,2021-07-09 19:26:00.0000000,Male,Black,24,NULL,NULL,NULL,Unknown,,0,MA,,0
,25899872105,FC21002572,2021-07-09 19:26:00.0000000,Female,Black,21,Thin,NULL,NULL,Not of Hispanic Origin,,0,MA,,0
,25899877574,FC21002573,2021-07-09 17:55:00.0000000,Male,Black,46,Medium,Short,Dark,Not of Hispanic Origin,,0,MA,ID Only - Never had Personal Driver License,1
,25899916628,FC21002574,2021-07-09 18:36:00.0000000,Male,Black,29,Thin,Short,Medium Brown,Not of Hispanic Origin,,0,MA,Class D,1
,25899917491,FC21002574,2021-07-09 18:36:00.0000000,Male,Black,29,Medium,NULL,NULL,Not of Hispanic Origin,,0,MA,,0
,25900126332,FC21002575,2021-07-09 19:30:00.0000000,Male,Black,26,NULL,NULL,NULL,Not of Hispanic Origin,,0,MA,Class D,1
,25900127535,FC21002575,2021-07-09 19:30:00.0000000,Female,Black,23,NULL,NULL,NULL,Not of Hispanic Origin,,0,MA,ID Only - Never had Personal Driver License,1
,25900128494,FC21002575,2021-07-09 19:30:00.0000000,Male,Black,26,Thin,NULL,NULL,Not of Hispanic Origin,,0,MA,,1
,25900129370,FC21002575,2021-07-09 19:30:00.0000000,Male,Black,25,Medium,NULL,NULL,Not of Hispanic Origin,,0,MA,,1
,25900204612,FC21002576,2021-07-09 21:19:00.0000000,Male,Black,38,Thin,Curly,Medium Brown,Not of Hispanic Origin,,0,MA,Class D,0
,25900242880,FC21002577,2021-07-09 11:30:00.0000000,Male,Black,41,Medium,NULL,NULL,Not of Hispanic Origin,,0,MA,,1
,25900252503,FC21002578,2021-07-08 20:00:00.0000000,Female,Black,52,NULL,NULL,NULL,Unknown,,0,MA,"ID - Had a License, now has ID",NULL
,25900252503,FC21002578,2021-07-08 20:00:00.0000000,Female,Black,52,NULL,NULL,NULL,Unknown,,0,MA,"ID - Had a License, now has ID",0
,25900254515,FC21002578,2021-07-08 20:00:00.0000000,Male,Black,17,NULL,NULL,NULL,Unknown,,0,NULL,,0
,27897287202,FC21002579,2021-10-01 20:15:00.0000000,Male,White,52,Medium,NULL,NULL,Hispanic Origin,,0,MA,,0
,25900631929,FC21002580,2021-07-09 21:31:00.0000000,Male,Black,38,NULL,NULL,NULL,NULL,,0,NC,Class D,1
,25900673116,FC21002581,2021-07-09 23:36:00.0000000,Male,Black,22,Heavy,Curly,Medium Brown,NULL,,0,MA,,1
,25900673454,FC21002581,2021-07-09 23:36:00.0000000,Male,Black,22,Medium,NULL,NULL,Not of Hispanic Origin,,0,MA,,1
,25901401712,FC21002582,2021-07-10 04:34:00.0000000,Female,White,31,Medium,NULL,NULL,Hispanic Origin,,0,MA,Class D,0
,25901414455,FC21002582,2021-07-10 04:34:00.0000000,Female,Other,36,NULL,NULL,NULL,Hispanic Origin,,0,MA,Class D,0
,25901700114,FC21002583,2021-07-10 08:48:00.0000000,Male,Black,33,Medium,Short,Dark Brown,Not of Hispanic Origin,,0,MA,,0
,25901975419,FC21002584,2021-07-10 10:46:00.0000000,Male,Black,32,Medium,NULL,NULL,Not of Hispanic Origin,,0,MA,Class D,0
,25902437303,FC21002585,2021-07-10 13:53:00.0000000,Male,Black,25,Thin,Short,Dark,Not of Hispanic Origin,,0,MA,Class D,1
,25902447817,FC21002585,2021-07-10 13:53:00.0000000,Female,Black,25,Unknown,Braided,NULL,Not of Hispanic Origin,,0,MA,Class D,0
,25902882043,FC21002586,2021-07-10 18:00:00.0000000,Male,Black,24,Medium,Braided,Dark,Unknown,,0,MA,Class D,0
,25902886422,FC21002586,2021-07-10 18:00:00.0000000,Male,Black,23,Thin,Braided,NULL,NULL,,0,MA,Class D,0
,25903281574,FC21002587,2021-07-10 19:16:00.0000000,Male,Black,30,NULL,NULL,NULL,Hispanic Origin,,0,MA,Class D,1
,25903475588,FC21002588,2021-07-10 21:58:00.0000000,Male,Black,15,NULL,NULL,NULL,Not of Hispanic Origin,,0,NULL,,1
,25903477401,FC21002588,2021-07-10 21:58:00.0000000,Male,Black,15,Medium,NULL,Dark Brown,NULL,,0,MA,,1
,25903512663,FC21002589,2021-07-10 17:59:00.0000000,Male,White,31,Thin,NULL,NULL,Not of Hispanic Origin,,0,MA,,0
,25903588275,FC21002590,2021-07-10 20:15:00.0000000,Male,Black,21,Thin,Short,Medium,NULL,,0,MA,,0
,25903591354,FC21002590,2021-07-10 20:15:00.0000000,Male,Black,27,Thin,NULL,NULL,Not of Hispanic Origin,,0,MA,Class D,0
,25903893600,FC21002591,2021-07-11 01:00:00.0000000,Male,Black,53,Heavy,NULL,NULL,Hispanic Origin,,0,MA,,0
,25904206831,FC21002592,2021-07-11 01:00:00.0000000,Male,Black,28,Thin,NULL,Dark Brown,Not of Hispanic Origin,,0,MA,Class D,0
,25904207870,FC21002592,2021-07-11 01:00:00.0000000,Male,Black,23,Medium,Curly,NULL,Not of Hispanic Origin,,0,MA,,0
,25904271782,FC21002593,2021-07-11 00:30:00.0000000,Male,White,41,Thin,Short,Light,Not of Hispanic Origin,,0,MA,,0
,25904349644,FC21002594,2021-07-11 01:00:00.0000000,Male,Black,18,NULL,NULL,NULL,Not of Hispanic Origin,,0,MA,ID Only - Never had Personal Driver License,0
,25904354488,FC21002594,2021-07-11 01:00:00.0000000,Male,Black,28,Thin,NULL,Dark Brown,Not of Hispanic Origin,,0,MA,Class D,0
,25904359307,FC21002594,2021-07-11 01:00:00.0000000,Male,Black,27,Medium,NULL,Medium Brown,NULL,,0,MA,,0
,25904362774,FC21002594,2021-07-11 01:00:00.0000000,Male,Black,26,Medium,Curly,Light,Hispanic Origin,,0,MA,ID Only - Never had Personal Driver License,0
,25904367522,FC21002594,2021-07-11 01:00:00.0000000,Female,Black,25,Thin,NULL,NULL,Not of Hispanic Origin,,0,MA,,0
,25904371775,FC21002594,2021-07-11 01:00:00.0000000,Female,White,19,NULL,NULL,NULL,Not of Hispanic Origin,,0,MA,Class D,0
,25904611640,FC21002596,2021-07-09 22:30:00.0000000,Male,Black,15,Thin,NULL,Light Brown,NULL,,0,MA,,0
,25904612291,FC21002596,2021-07-09 22:30:00.0000000,Male,Black,18,NULL,NULL,NULL,Unknown,,0,MA,,1
,25904614089,FC21002596,2021-07-09 22:30:00.0000000,Male,Black,17,Medium,NULL,Dark,Not of Hispanic Origin,,0,MA,,0
,25904900582,FC21002597,2021-07-11 07:37:00.0000000,Male,White,50,Stocky,NULL,NULL,Hispanic Origin,,0,MA,,NULL
,25904905682,FC21002597,2021-07-11 07:37:00.0000000,Male,Black,24,NULL,NULL,NULL,Not of Hispanic Origin,,0,MA,Class D,1
,25905213316,FC21002598,2021-07-11 11:17:00.0000000,Male,Unknown,41,NULL,NULL,NULL,Not of Hispanic Origin,,0,CA,,0
,25905276130,FC21002599,2021-07-11 12:20:00.0000000,Female,Black,23,NULL,NULL,NULL,Hispanic Origin,,0,MA,Class D,0
,25905649690,FC21002600,2021-07-10 11:00:00.0000000,Male,Black,30,Medium,NULL,NULL,Not of Hispanic Origin,,0,MA,Class D,1
,25905649848,FC21002600,2021-07-10 11:00:00.0000000,Male,Black,31,Unknown,NULL,NULL,Not of Hispanic Origin,,0,MA,Class D,1
,25905650503,FC21002600,2021-07-10 11:00:00.0000000,Male,Black,25,Medium,NULL,NULL,Not of Hispanic Origin,,0,MA,ID Only - Never had Personal Driver License,1
,25905651637,FC21002600,2021-07-10 11:00:00.0000000,Male,Black,25,Thin,NULL,NULL,Not of Hispanic Origin,,0,MA,,1
,25905777840,FC21002601,2021-07-11 10:36:00.0000000,Male,Black,27,Thin,Short,Light Brown,Not of Hispanic Origin,,0,MA,Class D,1
,25905823940,FC21002602,2021-07-11 16:46:00.0000000,Male,White,13,NULL,NULL,NULL,Hispanic Origin,,0,NULL,,0
,25905828427,FC21002602,2021-07-11 16:46:00.0000000,Male,White,14,NULL,NULL,NULL,Hispanic Origin,,0,NULL,,0
,25905859821,FC21002603,2021-07-11 14:50:00.0000000,Male,Black,28,Thin,Corn Rows,NULL,Not of Hispanic Origin,,0,MA,,1
,25905861387,FC21002603,2021-07-11 14:50:00.0000000,Male,Black,29,Medium,Afro,Dark,Not of Hispanic Origin,,0,MA,,1
,25905864328,FC21002603,2021-07-11 14:50:00.0000000,Male,Black,21,NULL,NULL,NULL,Not of Hispanic Origin,,0,MA,ID Only - Never had Personal Driver License,1
,25905864749,FC21002603,2021-07-11 14:50:00.0000000,Male,Black,26,Thin,Braided,Medium Brown,Not of Hispanic Origin,,0,MA,,1
,25905904839,FC21002604,2021-07-11 16:50:00.0000000,Female,Unknown,69,NULL,NULL,NULL,Hispanic Origin,,0,MA,Class D,0
,25905914148,FC21002604,2021-07-11 16:50:00.0000000,Male,Unknown,58,NULL,NULL,NULL,Hispanic Origin,,0,MA,Class D,0
,25905928449,FC21002605,2021-07-11 17:10:00.0000000,Male,White,36,Thin,Curly,Light,Hispanic Origin,,0,MA,ID Only - Never had Personal Driver License,0
,25905935503,FC21002606,2021-07-11 15:15:00.0000000,Female,Other,26,NULL,NULL,NULL,Not of Hispanic Origin,,0,NULL,,NULL
,31665239476,FC21002606,2021-07-11 15:15:00.0000000,Male,White,NULL,NULL,NULL,NULL,Unknown,,0,NULL,,0
,25906062840,FC21002607,2021-07-11 18:45:00.0000000,Female,White,20,Thin,Straight,Light,Not of Hispanic Origin,,0,MA,,0
,25906405847,FC21002608,2021-07-11 20:37:00.0000000,Male,White,30,Muscular,NULL,NULL,Hispanic Origin,,0,MA,"ID - Had a License, now has ID",0
,25906416558,FC21002609,2021-07-11 20:32:00.0000000,Female,Black,24,Heavy,NULL,NULL,Not of Hispanic Origin,,0,MA,,1
,25906585808,FC21002610,2021-07-11 22:20:00.0000000,Male,White,47,Thin,Bald or Balding,Light,Not of Hispanic Origin,,0,MA,,0
,25906590304,FC21002611,2021-07-12 00:00:00.0000000,Male,Black,16,Thin,Short,Medium Brown,NULL,,0,MA,,1
,25906599573,FC21002611,2021-07-12 00:00:00.0000000,Male,Black,21,NULL,NULL,NULL,Not of Hispanic Origin,,0,NULL,,1
,25906603494,FC21002611,2021-07-12 00:00:00.0000000,Male,Black,15,Medium,Unkempt,Light,Not of Hispanic Origin,,0,MA,,0
,25907191322,FC21002612,2021-07-12 02:00:00.0000000,Male,Black,35,Medium,NULL,NULL,Hispanic Origin,,0,MA,,1
,25907264819,FC21002613,2021-07-12 01:02:00.0000000,Male,Black,22,Thin,NULL,NULL,Hispanic Origin,,0,MA,,0
,25907316295,FC21002614,2021-07-12 03:05:00.0000000,Male,Unknown,NULL,NULL,NULL,NULL,Unknown,,0,NULL,,NULL
,25907316852,FC21002614,2021-07-12 03:05:00.0000000,Male,White,NULL,NULL,NULL,NULL,Unknown,,0,NULL,,0
,25907317035,FC21002614,2021-07-12 03:05:00.0000000,Male,White,NULL,NULL,NULL,NULL,Unknown,,0,NULL,,0
,25907863629,FC21002615,2021-07-10 12:30:00.0000000,Male,Black,33,Medium,Short,Dark Brown,Not of Hispanic Origin,,0,MA,,0
,25909198469,FC21002616,2021-07-12 09:19:00.0000000,Male,Black,25,NULL,NULL,NULL,Hispanic Origin,,0,MA,"ID - Had a License, now has ID",1
,25911887478,FC21002617,2021-07-12 11:40:00.0000000,Male,Black,38,Medium,NULL,NULL,Hispanic Origin,,0,MA,,1
,25911904249,FC21002617,2021-07-12 11:40:00.0000000,Male,Black,47,Thin,NULL,NULL,Hispanic Origin,,0,MA,,0
,25912128756,FC21002618,2021-07-12 12:45:00.0000000,Male,White,NULL,NULL,NULL,NULL,Not of Hispanic Origin,,0,NULL,,NULL
,25912134891,FC21002618,2021-07-12 12:45:00.0000000,Male,Black,18,NULL,NULL,NULL,Not of Hispanic Origin,,0,MA,ID Only - Never had Personal Driver License,0
,25912533385,FC21002619,2021-07-12 10:49:00.0000000,Male,Black,33,Medium,Braided,Dark Brown,Not of Hispanic Origin,,0,MA,Class D,1
,25914865532,FC21002620,2021-07-12 16:45:00.0000000,Female,White,31,Thin,Straight,NULL,Not of Hispanic Origin,,0,NH,,0
,25914866374,FC21002620,2021-07-12 16:45:00.0000000,Male,White,34,Medium,NULL,NULL,Not of Hispanic Origin,,0,MA,,0
,25914885137,FC21002620,2021-07-12 16:45:00.0000000,Male,White,31,NULL,NULL,NULL,Not of Hispanic Origin,,0,NULL,,NULL
,25916766919,FC21002621,2021-07-12 17:51:00.0000000,Male,Black,30,NULL,NULL,NULL,NULL,,0,MA,Class D,1
,25917706347,FC21002622,2021-07-12 18:29:00.0000000,Male,Black,39,Thin,NULL,NULL,Hispanic Origin,,0,MA,Class D,0
,25917707087,FC21002622,2021-07-12 18:29:00.0000000,Female,Black,29,NULL,NULL,NULL,Hispanic Origin,,0,MA,,NULL
,25917844039,FC21002623,2021-07-11 00:00:00.0000000,Male,Black,20,Thin,NULL,NULL,Not of Hispanic Origin,,0,MA,ID Only - Never had Personal Driver License,0
,25917849066,FC21002623,2021-07-11 00:00:00.0000000,Male,Black,16,Thin,Braided,Dark,Not of Hispanic Origin,,0,MA,,0
,25917856271,FC21002623,2021-07-11 00:00:00.0000000,Male,Black,15,Medium,Short,Medium Brown,Not of Hispanic Origin,,0,MA,,0
,25917864872,FC21002623,2021-07-11 00:00:00.0000000,Male,Black,21,NULL,NULL,NULL,Not of Hispanic Origin,,0,NULL,,0
,25917879681,FC21002623,2021-07-11 00:00:00.0000000,Male,Black,16,Thin,Short,Medium Brown,NULL,,0,MA,,0
,25917974309,FC21002624,2021-07-12 21:00:00.0000000,Male,Black,47,Medium,NULL,NULL,Not of Hispanic Origin,,0,MA,,1
,25918336314,FC21002625,2021-07-12 22:26:00.0000000,Male,Black,18,Heavy,Curly,Dark,NULL,,0,MA,Class D,1
,25918336570,FC21002625,2021-07-12 22:26:00.0000000,Male,Unknown,18,NULL,NULL,NULL,Unknown,,0,NULL,,1
,25919471807,FC21002626,2021-07-13 08:08:00.0000000,Male,White,29,Thin,NULL,NULL,Not of Hispanic Origin,,0,MA,,0
,25920248624,FC21002628,2021-07-12 20:20:00.0000000,Male,Black,26,Thin,NULL,NULL,Not of Hispanic Origin,,0,MA,Class D,0
,25920254789,FC21002628,2021-07-12 20:20:00.0000000,Male,Black,29,Thin,Braided,NULL,Not of Hispanic Origin,,0,MA,ID Only - Never had Personal Driver License,0
,25924248737,FC21002629,2021-07-12 15:00:00.0000000,Male,Black,38,Stocky,Short,Dark Brown,Not of Hispanic Origin,,0,MA,"ID - Had a License, now has ID",0
,25925139582,FC21002630,2021-07-13 13:13:00.0000000,Male,Black,29,Thin,NULL,NULL,Not of Hispanic Origin,,0,MA,,1
,25925364036,FC21002631,2021-07-13 14:45:00.0000000,Male,Black,16,NULL,NULL,NULL,Not of Hispanic Origin,,0,NULL,,1
,25925366759,FC21002631,2021-07-13 14:45:00.0000000,Male,Black,17,NULL,NULL,NULL,Unknown,,0,NULL,,1
,25925379476,FC21002631,2021-07-13 14:45:00.0000000,Male,Unknown,14,NULL,NULL,NULL,Hispanic Origin,,0,NULL,,1
,25925380492,FC21002632,2021-07-12 09:15:00.0000000,Male,White,49,NULL,NULL,NULL,Not of Hispanic Origin,,0,MA,,0
,25925382268,FC21002632,2021-07-12 09:15:00.0000000,Female,Unknown,38,NULL,NULL,NULL,Unknown,,0,MA,Class D,0
,25925434366,FC21002633,2021-07-12 20:18:00.0000000,Female,White,34,Medium,Curly,Light,Unknown,,0,MA,,0
,25925447689,FC21002633,2021-07-12 20:18:00.0000000,Male,Black,37,NULL,NULL,NULL,Hispanic Origin,,0,MA,,0
,25927079491,FC21002634,2021-07-13 19:15:00.0000000,Male,Black,24,Stocky,Bald or Balding,Light Brown,Not of Hispanic Origin,,0,MA,,0
,25927232623,FC21002635,2021-07-13 17:15:00.0000000,Male,Black,18,Medium,Short,Dark Brown,Not of Hispanic Origin,,0,MA,,0
,25927233417,FC21002635,2021-07-13 17:15:00.0000000,Male,Black,24,Medium,Short,Medium,Not of Hispanic Origin,,0,MA,Class D,0
,25927393079,FC21002637,2021-07-13 17:50:00.0000000,Male,Black,36,Heavy,NULL,NULL,Hispanic Origin,,0,MA,,0
,25927400287,FC21002637,2021-07-13 17:50:00.0000000,Female,Black,21,Thin,NULL,NULL,Not of Hispanic Origin,,0,MA,,0
,25927402689,FC21002637,2021-07-13 17:50:00.0000000,Male,Black,20,Heavy,NULL,Medium Brown,NULL,,0,MA,,0
,25927408624,FC21002637,2021-07-13 17:50:00.0000000,Male,White,20,Obese,NULL,NULL,Not of Hispanic Origin,,0,MA,,0
,25927420709,FC21002637,2021-07-13 17:50:00.0000000,Male,Black,22,Thin,Short,Medium Brown,NULL,,0,MA,,0
,25927422896,FC21002637,2021-07-13 17:50:00.0000000,Male,Black,16,Thin,Short,Medium Brown,NULL,,0,MA,,0
,25927428446,FC21002637,2021-07-13 17:50:00.0000000,Male,Black,15,Medium,Short,Medium Brown,Not of Hispanic Origin,,0,MA,,0
,25927513202,FC21002637,2021-07-13 17:50:00.0000000,Male,Black,29,Stocky,NULL,NULL,Not of Hispanic Origin,,0,MA,,0
,25927557070,FC21002637,2021-07-13 17:50:00.0000000,Male,Black,38,Thin,NULL,NULL,Not of Hispanic Origin,,0,MA,,0
,25927489334,FC21002638,2021-07-05 01:55:00.0000000,Male,Black,31,Thin,NULL,NULL,Not of Hispanic Origin,,0,MA,,1
,25927489804,FC21002638,2021-07-05 01:55:00.0000000,Male,Black,29,NULL,NULL,NULL,Not of Hispanic Origin,,0,NULL,,1
,25927615755,FC21002639,2021-07-13 00:00:00.0000000,Male,Black,24,NULL,NULL,NULL,Unknown,,0,NULL,,0
,25927620744,FC21002639,2021-07-13 00:00:00.0000000,Male,Black,23,NULL,NULL,NULL,Unknown,,0,MA,Personal Driver License,0
,25927705067,FC21002639,2021-07-13 00:00:00.0000000,Female,Black,23,NULL,NULL,NULL,NULL,,0,NULL,,0
,25927526113,FC21002639,2021-07-13 00:00:00.0000000,Male,Black,22,Thin,Short,Medium Brown,NULL,,0,MA,,0
,25927526651,FC21002639,2021-07-13 00:00:00.0000000,Male,Black,24,Medium,Braided,Dark,Unknown,,0,MA,Class D,0
,25927530880,FC21002639,2021-07-13 00:00:00.0000000,Male,Black,15,Medium,Short,Medium Brown,Not of Hispanic Origin,,0,MA,,0
,25927535785,FC21002639,2021-07-13 00:00:00.0000000,Male,Black,16,Thin,Short,Medium Brown,NULL,,0,MA,,0
,25927538445,FC21002639,2021-07-13 00:00:00.0000000,Female,Black,21,Thin,NULL,NULL,Not of Hispanic Origin,,0,MA,,0
,25927540247,FC21002639,2021-07-13 00:00:00.0000000,Male,White,20,Obese,NULL,NULL,Not of Hispanic Origin,,0,MA,,0
,25927543105,FC21002639,2021-07-13 00:00:00.0000000,Male,Black,20,Heavy,NULL,Medium Brown,NULL,,0,MA,,0
,25927729195,FC21002640,2021-07-13 22:25:00.0000000,Male,White,43,Thin,NULL,NULL,Hispanic Origin,,0,MA,Class D,0
,25927734516,FC21002640,2021-07-13 22:25:00.0000000,Female,White,32,Medium,NULL,NULL,Hispanic Origin,,0,MA,,0
,25927809715,FC21002641,2021-07-13 22:00:00.0000000,Male,Black,24,Medium,NULL,NULL,Not of Hispanic Origin,,0,MA,Class D,1
,25927812951,FC21002641,2021-07-13 22:00:00.0000000,Female,Black,32,NULL,NULL,NULL,Unknown,,0,MA,Other: Expired,1
,25927934008,FC21002642,2021-07-14 00:38:00.0000000,Male,Black,32,Heavy,NULL,NULL,Not of Hispanic Origin,,0,MA,,0
,25928224525,FC21002643,2021-07-14 00:42:00.0000000,NULL,NULL,NULL,NULL,NULL,NULL,NULL,,0,NULL,,0
,25928267573,FC21002643,2021-07-14 00:42:00.0000000,Male,Black,20,NULL,NULL,NULL,Hispanic Origin,,0,MA,Class D,NULL
,25928366264,FC21002644,2021-07-14 00:06:00.0000000,Male,White,38,Thin,Short,Medium,Unknown,,0,MA,None,1
,25928607936,FC21002645,2021-07-14 05:50:00.0000000,Male,Black,28,Thin,NULL,NULL,Not of Hispanic Origin,,0,MA,,0
,25930395428,FC21002646,2021-07-13 16:37:00.0000000,Male,White,25,Medium,NULL,Light,Not of Hispanic Origin,,0,MA,,1
,25930470416,FC21002647,2021-07-14 13:25:00.0000000,Male,Black,20,NULL,NULL,NULL,Unknown,,0,MA,Class D,0
,25930403793,FC21002648,2021-07-13 16:37:00.0000000,Male,White,25,Thin,NULL,NULL,Not of Hispanic Origin,,0,MA,,1
,25930409363,FC21002649,2021-07-13 16:37:00.0000000,Male,White,29,Stocky,Wavy,Light,Not of Hispanic Origin,,0,MA,,1
,25930918457,FC21002650,2021-07-14 11:03:00.0000000,Female,White,36,Medium,NULL,NULL,Not of Hispanic Origin,,0,MA,,0
,25931301759,FC21002651,2021-07-14 14:45:00.0000000,Male,White,37,Medium,NULL,Medium,Not of Hispanic Origin,,0,MA,Class D,1
,25931318483,FC21002652,2021-07-14 14:45:00.0000000,Male,Black,25,Heavy,NULL,NULL,Hispanic Origin,,0,MA,,0
,25931321669,FC21002652,2021-07-14 14:45:00.0000000,Male,Black,24,Thin,Unkempt,Light Brown,Not of Hispanic Origin,,0,MA,Class D,0
,25931605916,FC21002654,2021-07-14 00:00:00.0000000,Male,Black,34,Medium,NULL,NULL,Not of Hispanic Origin,,0,MA,,1
,25932299685,FC21002655,2021-07-14 16:30:00.0000000,Male,White,23,Thin,NULL,Light,Hispanic Origin,,0,MA,Class D,1
,25932310962,FC21002655,2021-07-14 16:30:00.0000000,Male,White,22,NULL,NULL,NULL,Hispanic Origin,,0,MA,,1
,25932397093,FC21002656,2021-07-14 18:40:00.0000000,Male,NULL,38,NULL,NULL,NULL,NULL,,0,NULL,,NULL
,25932397093,FC21002656,2021-07-14 18:40:00.0000000,Male,NULL,38,NULL,NULL,NULL,NULL,,0,NULL,,0
,25932619541,FC21002658,2021-07-14 17:08:00.0000000,Male,White,36,NULL,NULL,NULL,Unknown,,0,MA,,0
,25932731133,FC21002659,2021-07-14 14:15:00.0000000,Male,Black,22,Medium,Dreadlocks,Light Brown,Hispanic Origin,,0,MA,ID Only - Never had Personal Driver License,1
,25932731447,FC21002659,2021-07-14 14:15:00.0000000,Male,White,23,Thin,Braided,Light Brown,Hispanic Origin,,0,MA,,1
,25932731733,FC21002659,2021-07-14 14:15:00.0000000,Male,Black,28,Muscular,NULL,NULL,Not of Hispanic Origin,,0,MA,,1
,25932732916,FC21002659,2021-07-14 14:15:00.0000000,Female,Black,29,Thin,Curly,Medium,Not of Hispanic Origin,,0,MA,,1
,25932733091,FC21002659,2021-07-14 14:15:00.0000000,Male,White,47,Medium,NULL,NULL,Not of Hispanic Origin,,0,MA,Class D,1
,25932733272,FC21002659,2021-07-14 14:15:00.0000000,Female,Black,30,NULL,NULL,NULL,Not of Hispanic Origin,,0,MA,ID Only - Never had Personal Driver License,1
,25932912604,FC21002660,2021-07-14 21:05:00.0000000,Male,Unknown,27,NULL,NULL,NULL,NULL,,0,MA,Class D,1
,25932919284,FC21002661,2021-07-14 21:34:00.0000000,Male,Black,25,Thin,Braided,Medium Brown,Not of Hispanic Origin,,0,MA,Class D,1
,25945798549,FC21002662,2021-07-15 00:36:00.0000000,Male,Black,43,Heavy,NULL,NULL,Not of Hispanic Origin,,0,MA,,0
,25945810321,FC21002663,2021-07-15 00:44:00.0000000,Male,White,33,Medium,NULL,NULL,Hispanic Origin,,0,MA,,0
,25945827966,FC21002664,2021-07-15 03:00:00.0000000,Male,Black,34,Thin,Braided,Medium,Not of Hispanic Origin,,0,MA,Class D,0
,25945845951,FC21002665,2021-07-15 02:26:00.0000000,Male,White,28,Muscular,Short,Medium,Hispanic Origin,,0,MA,,0
,25951524365,FC21002666,2021-07-15 08:57:00.0000000,Male,Other,34,Thin,Braided,Medium Brown,Hispanic Origin,,0,MA,ID Only - Never had Personal Driver License,1
,25951785445,FC21002667,2021-07-15 10:08:00.0000000,Female,Black,51,NULL,NULL,NULL,NULL,,0,MA,,0
,25952217373,FC21002669,2021-07-14 23:00:00.0000000,Male,Black,36,Medium,NULL,NULL,Not of Hispanic Origin,,0,MA,,0
,25952648809,FC21002670,2021-07-15 03:30:00.0000000,Male,Black,21,NULL,NULL,NULL,Not of Hispanic Origin,,0,MA,,1
,25952666483,FC21002670,2021-07-15 03:30:00.0000000,Male,Black,18,NULL,NULL,NULL,Not of Hispanic Origin,,0,MA,ID Only - Never had Personal Driver License,0
,25952724352,FC21002671,2021-07-15 00:00:00.0000000,Female,White,19,NULL,NULL,NULL,Not of Hispanic Origin,,0,MA,Class D,1
,25968239865,FC21002671,2021-07-15 00:00:00.0000000,Female,Black,22,Thin,Wavy,Light Brown,Hispanic Origin,,0,MA,ID Only - Never had Personal Driver License,1
,25953769173,FC21002672,2021-07-15 13:00:00.0000000,Male,White,47,Thin,NULL,NULL,Hispanic Origin,,0,MA,,0
,25953951427,FC21002672,2021-07-15 13:00:00.0000000,Male,White,23,NULL,NULL,NULL,Unknown,,0,NULL,,0
,25954324955,FC21002673,2021-07-15 15:35:00.0000000,Male,Black,33,Medium,NULL,NULL,Not of Hispanic Origin,,0,MA,,0
,25957905916,FC21002674,2021-07-15 16:41:00.0000000,Female,White,21,NULL,NULL,NULL,NULL,,0,NULL,,NULL
,25958793611,FC21002674,2021-07-15 16:41:00.0000000,Female,White,21,NULL,NULL,NULL,NULL,,0,NULL,,NULL
,25958819083,FC21002674,2021-07-15 16:41:00.0000000,Male,NULL,NULL,NULL,NULL,NULL,NULL,,0,NULL,,0
,25959904705,FC21002675,2021-07-15 13:00:00.0000000,Male,White,29,NULL,NULL,NULL,Not of Hispanic Origin,,0,MA,Class D,1
,25962505834,FC21002676,2021-07-15 00:00:00.0000000,Male,Black,20,NULL,NULL,NULL,Unknown,,0,NULL,,1
,25963393489,FC21002677,2021-07-15 21:12:00.0000000,Male,Black,24,Thin,NULL,NULL,Not of Hispanic Origin,,0,MA,,0
,25963452618,FC21002678,2021-07-15 21:45:00.0000000,Male,Black,29,Medium,NULL,NULL,Not of Hispanic Origin,,0,MA,,1
,25963463812,FC21002678,2021-07-15 21:45:00.0000000,Male,Black,29,Thin,NULL,NULL,Not of Hispanic Origin,,0,MA,,1
,25963441820,FC21002679,2021-07-15 22:00:00.0000000,Male,Black,28,Thin,NULL,NULL,Hispanic Origin,,0,MA,,0
,25968371005,FC21002680,2021-07-16 01:05:00.0000000,Male,Black,29,Medium,NULL,NULL,Not of Hispanic Origin,,0,MA,,0
,25968382814,FC21002680,2021-07-16 01:05:00.0000000,Male,Black,23,Medium,Short,Medium Brown,NULL,,0,MA,,0
,25968383917,FC21002680,2021-07-16 01:05:00.0000000,Male,White,25,Thin,Straight,Medium Brown,NULL,,0,MA,,0
,25968395401,FC21002680,2021-07-16 01:05:00.0000000,Male,Black,23,Thin,NULL,NULL,Hispanic Origin,,0,MA,,0
,25968397087,FC21002680,2021-07-16 01:05:00.0000000,Male,Black,18,NULL,NULL,NULL,Not of Hispanic Origin,,0,MA,ID Only - Never had Personal Driver License,0
,25968408095,FC21002680,2021-07-16 01:05:00.0000000,Female,Black,25,Thin,NULL,NULL,Not of Hispanic Origin,,0,MA,,0
,25968432936,FC21002680,2021-07-16 01:05:00.0000000,Male,Black,21,NULL,NULL,NULL,Not of Hispanic Origin,,0,MA,,0
,25968768621,FC21002680,2021-07-16 01:05:00.0000000,Female,Black,22,Thin,Wavy,Light Brown,Hispanic Origin,,0,MA,ID Only - Never had Personal Driver License,1
,25968886217,FC21002681,2021-07-16 00:14:00.0000000,Male,Black,28,Medium,Short,Medium Brown,Not of Hispanic Origin,,0,MA,,1
,25973148364,FC21002682,2021-07-16 11:04:00.0000000,Male,White,30,Thin,Straight,Light,Not of Hispanic Origin,,0,MA,,1
,25973312263,FC21002683,2021-07-14 10:38:00.0000000,Male,White,38,NULL,NULL,NULL,NULL,,0,NULL,,0
,25973325468,FC21002684,2021-07-16 12:30:00.0000000,Male,White,50,Thin,NULL,NULL,Not of Hispanic Origin,,0,MA,,0
,25973338171,FC21002685,2021-07-16 12:35:00.0000000,Male,Black,29,Medium,Short,Medium Brown,Hispanic Origin,,0,MA,,0
,25973445003,FC21002686,2021-07-16 11:35:00.0000000,Male,Black,27,Stocky,Braided,Dark Brown,NULL,,0,MA,Class D,0
,25973510493,FC21002687,2021-07-16 13:45:00.0000000,Male,Black,32,Thin,Curly,Light Brown,Unknown,,0,MA,,0
,25973521928,FC21002687,2021-07-16 13:45:00.0000000,Male,Black,26,Medium,Short,Light Brown,Not of Hispanic Origin,,0,MA,ID Only - Never had Personal Driver License,NULL
,25973532211,FC21002687,2021-07-16 13:45:00.0000000,Male,Black,36,Thin,NULL,NULL,Not of Hispanic Origin,,0,MA,Class D,NULL
,25973534396,FC21002687,2021-07-16 13:45:00.0000000,Male,Black,29,Stocky,NULL,NULL,Not of Hispanic Origin,,0,MA,,NULL
,25973536069,FC21002687,2021-07-16 13:45:00.0000000,Male,Black,20,Obese,Short,Dark Brown,Not of Hispanic Origin,,0,MA,,NULL
,25973542948,FC21002687,2021-07-16 13:45:00.0000000,Male,Black,31,Stocky,NULL,NULL,Not of Hispanic Origin,,0,MA,Class D,NULL
,25973549216,FC21002687,2021-07-16 13:45:00.0000000,Male,Black,29,Thin,NULL,Medium,Not of Hispanic Origin,,0,MA,,NULL
,25973644178,FC21002688,2021-07-16 14:15:00.0000000,Male,Black,23,NULL,NULL,NULL,Unknown,,0,MA,Class D,1
,25973654361,FC21002688,2021-07-16 14:15:00.0000000,Female,Black,24,Medium,NULL,NULL,Not of Hispanic Origin,,0,MA,,NULL
,25973699044,FC21002689,2021-07-16 14:50:00.0000000,Male,Black,24,Thin,NULL,NULL,Not of Hispanic Origin,,0,MA,,0
,25973723896,FC21002690,2021-07-16 13:18:00.0000000,Male,Black,18,Medium,Short,Dark Brown,Not of Hispanic Origin,,0,MA,,0
,25973726350,FC21002690,2021-07-16 13:18:00.0000000,Male,Black,24,Medium,Short,Medium,Not of Hispanic Origin,,0,MA,Class D,0
,25974463355,FC21002691,2021-07-16 00:00:00.0000000,Male,Black,36,Stocky,Short,Dark,NULL,,0,MA,,0
,25974466491,FC21002691,2021-07-16 00:00:00.0000000,Male,Black,26,NULL,Corn Rows,Dark,NULL,,0,MA,,0
,25975041565,FC21002692,2021-07-16 19:04:00.0000000,Male,Black,33,Thin,NULL,NULL,Not of Hispanic Origin,,0,MA,,0
,25975453987,FC21002693,2021-07-17 01:08:00.0000000,Male,Black,30,Medium,Braided,Medium Brown,Hispanic Origin,,0,MA,Class D,0
,25975535334,FC21002694,2021-07-16 20:39:00.0000000,Female,Black,28,Thin,NULL,NULL,Not of Hispanic Origin,,0,MA,Class D,0
,25975538486,FC21002694,2021-07-16 20:39:00.0000000,Male,Black,24,Thin,Afro,NULL,Not of Hispanic Origin,,0,MA,,0
,25975545605,FC21002694,2021-07-16 20:39:00.0000000,Male,Black,21,Thin,NULL,NULL,Not of Hispanic Origin,,0,MA,,0
,25975568221,FC21002695,2021-07-16 22:22:00.0000000,Male,Black,18,NULL,NULL,NULL,Not of Hispanic Origin,,0,MA,ID Only - Never had Personal Driver License,1
,25975580540,FC21002695,2021-07-16 22:22:00.0000000,Male,Black,16,NULL,NULL,NULL,Hispanic Origin,,0,NULL,,1
,25975584394,FC21002695,2021-07-16 22:22:00.0000000,Male,White,17,NULL,NULL,NULL,Hispanic Origin,,0,NULL,,1
,25980527718,FC21002695,2021-07-16 22:22:00.0000000,Male,Black,30,Medium,NULL,NULL,Not of Hispanic Origin,,0,MA,,1
,25975540799,FC21002695,2021-07-16 22:22:00.0000000,Male,Asian,40,Thin,Short,Brown,Not of Hispanic Origin,,0,MA,,0
,25975542266,FC21002695,2021-07-16 22:22:00.0000000,Male,Black,20,NULL,NULL,NULL,Not of Hispanic Origin,,0,MA,Class D,1
,25975544248,FC21002695,2021-07-16 22:22:00.0000000,Male,Unknown,14,NULL,NULL,NULL,Unknown,,0,NULL,,1
,25975545078,FC21002695,2021-07-16 22:22:00.0000000,Male,Black,26,NULL,NULL,NULL,Hispanic Origin,,0,NULL,,1
,25975535916,FC21002695,2021-07-16 22:22:00.0000000,Male,White,14,Thin,Braided,NULL,NULL,,0,MA,,1
,25975536299,FC21002695,2021-07-16 22:22:00.0000000,Male,Black,27,Thin,Short,Medium Brown,Not of Hispanic Origin,,0,MA,,0
,25975536743,FC21002695,2021-07-16 22:22:00.0000000,Male,Black,32,Medium,Dreadlocks,Dark,Hispanic Origin,,0,MA,Class D,0
,25975606983,FC21002696,2021-07-17 01:37:00.0000000,Male,Black,23,Heavy,Braided,Brown,Not of Hispanic Origin,,0,MA,,0
,25975590611,FC21002697,2021-07-16 18:17:00.0000000,Male,Black,20,Thin,Afro,Medium Brown,Not of Hispanic Origin,,0,MA,Class D,0
,25975592131,FC21002697,2021-07-16 18:17:00.0000000,Male,White,19,NULL,NULL,NULL,Hispanic Origin,,0,NULL,,0
,25975580270,FC21002697,2021-07-16 18:17:00.0000000,Male,Black,21,Thin,Short,Medium,NULL,,0,MA,,0
,25975621651,FC21002698,2021-07-16 19:11:00.0000000,Male,White,22,Medium,Braided,Light Brown,Hispanic Origin,,0,MA,ID Only - Never had Personal Driver License,0
,25975706252,FC21002699,2021-07-17 02:00:00.0000000,Male,White,41,NULL,NULL,NULL,Hispanic Origin,,0,MA,Class D,0
,25975846685,FC21002700,2021-07-17 01:44:00.0000000,Male,Black,27,Medium,NULL,Medium Brown,Unknown,,0,MA,Class D,0
,25976392973,FC21002701,2021-07-17 07:45:00.0000000,Female,White,41,NULL,NULL,NULL,Not of Hispanic Origin,,0,MA,,0
,25976557806,FC21002702,2021-07-16 20:05:00.0000000,Male,Black,22,NULL,NULL,NULL,Not of Hispanic Origin,,0,MA,,1
,25976559133,FC21002702,2021-07-16 20:05:00.0000000,Male,Black,18,NULL,NULL,NULL,Unknown,,0,NULL,,1
,25977350353,FC21002703,2021-07-17 00:30:00.0000000,Male,Black,31,Medium,Dreadlocks,Dark Brown,Unknown,,0,MA,ID Only - Never had Personal Driver License,0
,25977366427,FC21002703,2021-07-17 00:30:00.0000000,Male,Black,26,Muscular,NULL,NULL,Not of Hispanic Origin,,0,MA,,0
,25977367631,FC21002703,2021-07-17 00:30:00.0000000,Male,Black,23,Medium,Curly,NULL,Not of Hispanic Origin,,0,MA,,0
,25977368745,FC21002703,2021-07-17 00:30:00.0000000,Male,Black,18,NULL,NULL,NULL,Not of Hispanic Origin,,0,MA,ID Only - Never had Personal Driver License,0
,25977382229,FC21002703,2021-07-17 00:30:00.0000000,Male,Black,26,Medium,Curly,Light,Hispanic Origin,,0,MA,ID Only - Never had Personal Driver License,1
,25977383903,FC21002703,2021-07-17 00:30:00.0000000,Female,White,19,NULL,NULL,NULL,Not of Hispanic Origin,,0,MA,Class D,0
,25977384619,FC21002703,2021-07-17 00:30:00.0000000,Female,Black,25,Thin,NULL,NULL,Not of Hispanic Origin,,0,MA,,0
,25977660679,FC21002704,2021-07-17 17:30:00.0000000,Male,Black,26,Thin,NULL,NULL,Not of Hispanic Origin,,0,MA,Class D,0
,25977997780,FC21002705,2021-07-17 21:01:00.0000000,Male,Black,62,Thin,NULL,NULL,Not of Hispanic Origin,,0,MA,,0
,25978276534,FC21002706,2021-07-17 20:33:00.0000000,Male,Unknown,33,NULL,NULL,NULL,Hispanic Origin,,0,NULL,,1
,25979331655,FC21002707,2021-07-18 01:07:00.0000000,Male,Black,20,NULL,NULL,NULL,Unknown,,0,MA,Class D,1
,25979332962,FC21002707,2021-07-18 01:07:00.0000000,Male,NULL,20,NULL,NULL,NULL,NULL,,0,NULL,,1
,25979911196,FC21002708,2021-07-18 11:55:00.0000000,NULL,NULL,NULL,NULL,NULL,NULL,NULL,,0,NULL,,0
,25980202521,FC21002709,2021-07-18 13:35:00.0000000,Male,Black,23,Medium,NULL,NULL,Not of Hispanic Origin,,0,MA,Class D,0
,25980206095,FC21002709,2021-07-18 13:35:00.0000000,Male,Black,22,NULL,NULL,NULL,Unknown,,0,MA,Class D,0
,25980210478,FC21002709,2021-07-18 13:35:00.0000000,Male,Black,25,Medium,NULL,NULL,Not of Hispanic Origin,,0,MA,Class D,0
,25980503524,FC21002710,2021-07-18 15:16:00.0000000,Male,White,57,Heavy,Short,Light,NULL,,0,MA,Other: REVOKED,1
,25980417750,FC21002711,2021-07-18 14:15:00.0000000,Female,White,52,Thin,Straight,Medium,Unknown,,0,MA,Personal Driver License,1
,25980417832,FC21002711,2021-07-18 14:15:00.0000000,Male,White,50,NULL,NULL,NULL,Not of Hispanic Origin,,0,ME,Personal Driver License,1
,25980417960,FC21002711,2021-07-18 14:15:00.0000000,Female,White,45,NULL,NULL,NULL,Unknown,,0,ME,Personal Driver License,1
,25980551493,FC21002712,2021-07-18 00:32:00.0000000,Male,White,19,Thin,Curly,Light,NULL,,0,MA,,1
,25980551684,FC21002712,2021-07-18 00:32:00.0000000,Male,White,15,NULL,NULL,NULL,Hispanic Origin,,0,NULL,,1
,25980551941,FC21002712,2021-07-18 00:32:00.0000000,Male,White,18,NULL,NULL,NULL,Hispanic Origin,,0,NULL,,1
,25980600376,FC21002713,2021-07-18 16:46:00.0000000,Male,Black,29,NULL,NULL,NULL,Unknown,,0,MA,Class D,1
,25980654266,FC21002713,2021-07-18 16:46:00.0000000,Male,Black,29,Medium,NULL,NULL,Not of Hispanic Origin,,0,MA,,1
,25980623804,FC21002713,2021-07-18 16:46:00.0000000,Male,Black,23,NULL,NULL,NULL,Not of Hispanic Origin,,0,MA,None,1
,25980626127,FC21002714,2021-07-18 16:40:00.0000000,Female,White,37,Medium,NULL,NULL,Not of Hispanic Origin,,0,MA,,0
,25980619930,FC21002714,2021-07-18 16:40:00.0000000,Male,Black,15,NULL,NULL,NULL,Unknown,,0,NULL,,0
,25980621955,FC21002714,2021-07-18 16:40:00.0000000,Male,Black,15,NULL,NULL,NULL,Unknown,,0,NULL,,0
,25980622613,FC21002714,2021-07-18 16:40:00.0000000,Male,Black,15,NULL,NULL,NULL,Unknown,,0,NULL,,0
,25980623781,FC21002714,2021-07-18 16:40:00.0000000,Male,Black,18,NULL,NULL,NULL,Unknown,,0,NULL,,0
,25980664489,FC21002715,2021-07-18 16:52:00.0000000,Male,Black,27,Thin,NULL,NULL,Not of Hispanic Origin,,0,MA,,0
,25980666758,FC21002715,2021-07-18 16:52:00.0000000,Male,Black,26,Muscular,NULL,NULL,Not of Hispanic Origin,,0,MA,Class D,0
,25980724895,FC21002716,2021-07-11 00:30:00.0000000,Male,Black,23,Stocky,NULL,NULL,Not of Hispanic Origin,,0,MA,,0
,25980753419,FC21002717,2021-07-18 00:00:00.0000000,Male,White,20,Medium,NULL,NULL,Hispanic Origin,,0,MA,,0
,25980754015,FC21002717,2021-07-18 00:00:00.0000000,Male,Black,25,Medium,NULL,Medium,Unknown,,0,MA,,0
,25980755929,FC21002718,2021-07-13 19:17:00.0000000,Male,Black,29,Thin,Braided,Medium Brown,Not of Hispanic Origin,,0,MA,Class D,0
,25980814716,FC21002719,2021-07-17 19:43:00.0000000,Male,Black,25,Thin,NULL,Medium,Hispanic Origin,,0,MA,Class D,0
,25980817415,FC21002719,2021-07-17 19:43:00.0000000,Female,White,22,NULL,NULL,NULL,Hispanic Origin,,0,MA,Class D,NULL
,25980847304,FC21002720,2021-07-17 22:53:00.0000000,Male,Black,25,Medium,NULL,NULL,Not of Hispanic Origin,,0,MA,Class D,0
,25980874488,FC21002721,2021-07-18 17:30:00.0000000,Male,Black,18,NULL,NULL,NULL,Not of Hispanic Origin,,0,MA,ID Only - Never had Personal Driver License,0
,25980878915,FC21002721,2021-07-18 17:30:00.0000000,Male,Asian,40,Thin,Short,Brown,Not of Hispanic Origin,,0,MA,,0
,25981041956,FC21002722,2021-07-16 00:00:00.0000000,Female,White,31,Medium,Curly,Light,Not of Hispanic Origin,,0,MA,,0
,25981042876,FC21002722,2021-07-16 00:00:00.0000000,Male,White,39,Thin,Shaved Head,Medium,Hispanic Origin,,0,MA,Personal Driver License,0
,25981068565,FC21002723,2021-07-18 18:40:00.0000000,Male,White,33,Thin,NULL,NULL,Not of Hispanic Origin,,0,MA,,1
,25981113828,FC21002724,2021-07-18 15:55:00.0000000,Male,Black,20,Medium,NULL,Medium,Not of Hispanic Origin,,0,MA,,1
,25981114662,FC21002724,2021-07-18 15:55:00.0000000,Male,Black,20,Thin,NULL,NULL,Not of Hispanic Origin,,0,MA,ID Only - Never had Personal Driver License,1
,25981190960,FC21002725,2021-07-18 19:40:00.0000000,Male,Black,21,Medium,NULL,NULL,Not of Hispanic Origin,,0,MA,Class D,1
,25981191281,FC21002725,2021-07-18 19:40:00.0000000,Male,Black,21,NULL,NULL,NULL,NULL,,0,MA,Class D,1
,25981357148,FC21002726,2021-07-18 21:48:00.0000000,Male,Black,37,Medium,NULL,NULL,Hispanic Origin,,0,MA,,1
,25981906293,FC21002727,2021-07-19 00:45:00.0000000,Male,Black,38,Stocky,Short,Dark Brown,Not of Hispanic Origin,,0,MA,Class D,0
,29956230871,FC21002728,2021-07-06 21:48:00.0000000,Male,Black,37,Medium,NULL,NULL,Hispanic Origin,,0,MA,,1
,29956237795,FC21002728,2021-07-06 21:48:00.0000000,Female,Black,29,NULL,NULL,NULL,Not of Hispanic Origin,,0,MA,,NULL
,25982872711,FC21002729,2021-07-19 10:30:00.0000000,Female,White,51,Thin,NULL,NULL,Not of Hispanic Origin,,0,MA,,0
,25982883895,FC21002729,2021-07-19 10:30:00.0000000,Male,White,56,NULL,NULL,NULL,Hispanic Origin,,0,MA,Class D,0
,25982930335,FC21002730,2021-07-19 10:45:00.0000000,Male,White,33,NULL,NULL,NULL,Hispanic Origin,,0,MA,,0
,25983206487,FC21002731,2021-07-19 11:51:00.0000000,Female,White,38,NULL,NULL,NULL,NULL,,0,NULL,,0
,25983733809,FC21002732,2021-07-19 13:54:00.0000000,Male,Black,54,NULL,NULL,NULL,Not of Hispanic Origin,,0,MA,CDL Class B,0
,25983740382,FC21002732,2021-07-19 13:54:00.0000000,Female,White,42,Thin,Straight,OTHER,Not of Hispanic Origin,,0,MA,,0
,25983851038,FC21002733,2021-07-19 02:39:00.0000000,Male,Black,35,NULL,NULL,NULL,NULL,,0,MA,Class D,0
,25986517866,FC21002734,2021-07-19 17:15:00.0000000,Male,Black,48,NULL,NULL,NULL,Unknown,,0,NULL,,1
,25989712250,FC21002735,2021-07-19 21:35:00.0000000,Male,Black,24,Thin,NULL,NULL,Not of Hispanic Origin,,0,MA,,NULL
,25989712250,FC21002735,2021-07-19 21:35:00.0000000,Male,Black,24,Thin,NULL,NULL,Not of Hispanic Origin,,0,MA,,1
,25989717886,FC21002735,2021-07-19 21:35:00.0000000,Male,Black,24,Medium,NULL,NULL,Not of Hispanic Origin,,0,MA,,NULL
,25989717886,FC21002735,2021-07-19 21:35:00.0000000,Male,Black,24,Medium,NULL,NULL,Not of Hispanic Origin,,0,MA,,1
,25989791633,FC21002735,2021-07-19 21:35:00.0000000,Male,Black,24,NULL,NULL,NULL,Not of Hispanic Origin,,0,MA,,NULL
,25989791633,FC21002735,2021-07-19 21:35:00.0000000,Male,Black,24,NULL,NULL,NULL,Not of Hispanic Origin,,0,MA,,1
,25990060905,FC21002736,2021-07-19 21:30:00.0000000,Male,Black,32,Thin,NULL,NULL,Not of Hispanic Origin,,0,MA,,0
,25990622117,FC21002737,2021-07-19 16:56:00.0000000,Male,White,41,Thin,Bald or Balding,Light,Hispanic Origin,,0,MA,ID Only - Never had Personal Driver License,0
,25990661658,FC21002738,2021-07-19 08:45:00.0000000,Male,Black,19,Thin,Short,NULL,Not of Hispanic Origin,,0,MA,,1
,25990671021,FC21002739,2021-07-19 22:41:00.0000000,Male,Black,33,Medium,NULL,NULL,Not of Hispanic Origin,,0,MA,,0
,25990959802,FC21002740,2021-07-20 01:00:00.0000000,Male,Black,26,Medium,Dreadlocks,Dark Brown,Not of Hispanic Origin,,0,MA,Class D,0
,25991015886,FC21002741,2021-07-20 00:00:00.0000000,Female,Asian,41,NULL,NULL,NULL,Not of Hispanic Origin,,0,NULL,,NULL
,25991017575,FC21002741,2021-07-20 00:00:00.0000000,Male,Black,33,NULL,NULL,NULL,Not of Hispanic Origin,,0,MA,ID Only - Never had Personal Driver License,1
,25991074801,FC21002742,2021-07-19 21:08:00.0000000,Male,Black,29,Heavy,Short,Medium,NULL,,0,MA,,1
,25991084984,FC21002742,2021-07-19 21:08:00.0000000,Male,Black,32,NULL,NULL,NULL,Unknown,,0,NULL,,1
,25991088772,FC21002742,2021-07-19 21:08:00.0000000,Male,Black,18,Medium,Short,Medium,NULL,,0,MA,,1
,25991226899,FC21002743,2021-07-20 01:56:00.0000000,Male,Black,51,Thin,Curly,Medium,Not of Hispanic Origin,,0,MA,None,0
,25992220228,FC21002744,2021-07-20 08:34:00.0000000,Male,Black,31,NULL,Short,NULL,NULL,,0,MA,,1
,25992480838,FC21002745,2021-07-20 10:47:00.0000000,Male,White,51,NULL,NULL,NULL,Not of Hispanic Origin,,0,MA,Class D,0
,25992715311,FC21002746,2021-07-20 12:20:00.0000000,Male,Black,36,Thin,NULL,NULL,Not of Hispanic Origin,,0,MA,,1
,25992721071,FC21002746,2021-07-20 12:20:00.0000000,Female,Black,27,Thin,Braided,Dark Brown,NULL,,0,MA,Other: Suspended,0
,25993332185,FC21002747,2021-07-20 13:37:00.0000000,Male,White,27,NULL,NULL,NULL,Not of Hispanic Origin,,0,MA,Class D,0
,25993461295,FC21002748,2021-07-20 11:51:00.0000000,Male,Black,43,Heavy,Short,Medium Brown,Not of Hispanic Origin,,0,MA,ID Only - Never had Personal Driver License,0
,25993590925,FC21002749,2021-07-20 12:38:00.0000000,Male,Black,43,Heavy,Short,Medium Brown,Not of Hispanic Origin,,0,MA,ID Only - Never had Personal Driver License,0
,25993717786,FC21002750,2021-07-20 15:40:00.0000000,Male,Black,29,Thin,Braided,Medium,Hispanic Origin,,0,MA,,0
,25993720981,FC21002750,2021-07-20 15:40:00.0000000,Male,Black,27,Thin,NULL,NULL,Not of Hispanic Origin,,0,MA,,0
,25993868867,FC21002751,2021-07-20 14:00:00.0000000,Male,Black,25,Thin,Braided,Medium,Not of Hispanic Origin,,0,NULL,,NULL
,25993868867,FC21002751,2021-07-20 14:00:00.0000000,Male,Black,25,Thin,Braided,Medium,Not of Hispanic Origin,,0,NULL,,0
,25994089310,FC21002752,2021-07-20 16:40:00.0000000,Male,Black,23,Medium,Short,Medium,Not of Hispanic Origin,,0,MA,,0
,25994190698,FC21002753,2021-07-20 17:17:00.0000000,Male,Black,29,Thin,NULL,NULL,Not of Hispanic Origin,,0,MA,Class D,0
,25994355839,FC21002754,2021-07-20 17:15:00.0000000,Male,Black,29,Thin,Corn Rows,NULL,Not of Hispanic Origin,,0,MA,Class D,0
,25994734566,FC21002755,2021-07-20 16:45:00.0000000,Male,White,49,Thin,Short,Medium,Not of Hispanic Origin,,0,MA,Class D,1
,25994498292,FC21002756,2021-07-20 18:02:00.0000000,Male,Black,20,Thin,Braided,Medium Brown,Not of Hispanic Origin,,0,MA,ID Only - Never had Personal Driver License,1
,25994503871,FC21002756,2021-07-20 18:02:00.0000000,Male,Black,29,Thin,Short,Dark,Not of Hispanic Origin,,0,MA,Class D,0
,25995406658,FC21002758,2021-07-20 19:17:00.0000000,Male,Black,30,Stocky,Short,Medium Brown,Hispanic Origin,,0,MA,Class D,0
,25995408952,FC21002758,2021-07-20 19:17:00.0000000,Male,White,32,Muscular,Short,Light Brown,Hispanic Origin,,0,MA,Class D,0
,25994916699,FC21002759,2021-07-20 21:08:00.0000000,Male,Black,28,Medium,NULL,NULL,Not of Hispanic Origin,,0,MA,,0
,25995447658,FC21002760,2021-07-20 20:00:00.0000000,Male,White,22,Heavy,NULL,NULL,Hispanic Origin,,0,MA,,0
,25995897463,FC21002761,2021-07-20 23:31:00.0000000,Male,Black,30,Medium,NULL,NULL,Not of Hispanic Origin,,0,MA,Class D,1
,25995917671,FC21002761,2021-07-20 23:31:00.0000000,Male,Black,25,Thin,NULL,NULL,Not of Hispanic Origin,,0,MA,ID Only - Never had Personal Driver License,1
,25996098691,FC21002762,2021-07-21 00:27:00.0000000,Male,Black,35,Medium,NULL,NULL,Not of Hispanic Origin,,0,MA,,1
,25996099070,FC21002762,2021-07-21 00:27:00.0000000,Female,Black,34,Heavy,NULL,NULL,Not of Hispanic Origin,,0,MA,,0
,25996101113,FC21002763,2021-07-21 01:43:00.0000000,Female,Black,25,Thin,NULL,NULL,Not of Hispanic Origin,,0,MA,,0
,25996105649,FC21002763,2021-07-21 01:43:00.0000000,Female,Black,22,Thin,Wavy,Light Brown,Hispanic Origin,,0,MA,ID Only - Never had Personal Driver License,0
,25996106383,FC21002763,2021-07-21 01:43:00.0000000,Male,Black,18,NULL,NULL,NULL,Not of Hispanic Origin,,0,MA,ID Only - Never had Personal Driver License,0
,25996107983,FC21002763,2021-07-21 01:43:00.0000000,Male,Black,23,Thin,NULL,NULL,Hispanic Origin,,0,MA,,0
,25997061151,FC21002764,2021-07-21 09:45:00.0000000,Male,Black,29,Obese,NULL,NULL,Not of Hispanic Origin,,0,MA,ID Only - Never had Personal Driver License,0
,25997130306,FC21002765,2021-07-21 09:30:00.0000000,Male,White,37,NULL,NULL,NULL,Not of Hispanic Origin,,0,MA,"ID - Had a License, now has ID",0
,25997133654,FC21002765,2021-07-21 09:30:00.0000000,Female,White,28,NULL,NULL,NULL,Not of Hispanic Origin,,0,MA,"ID - Had a License, now has ID",0
,25997332099,FC21002767,2021-07-21 10:11:00.0000000,Male,Black,40,Thin,Dreadlocks,Medium Brown,Not of Hispanic Origin,,0,MA,,1
,25997367757,FC21002768,2021-07-21 11:12:00.0000000,Male,White,36,Thin,Receding or Slightly Receding,Light,Not of Hispanic Origin,,0,MA,"ID - Had a License, now has ID",1
,26000125641,FC21002770,2021-07-21 13:47:00.0000000,Male,Black,28,Thin,NULL,NULL,Not of Hispanic Origin,,0,MA,,1
,26000136373,FC21002771,2021-07-21 00:00:00.0000000,Male,Black,19,Medium,NULL,NULL,Hispanic Origin,,0,MA,,0
,26000137947,FC21002771,2021-07-21 00:00:00.0000000,Male,Black,18,Medium,NULL,NULL,Hispanic Origin,,0,MA,,0
,26000144715,FC21002771,2021-07-21 00:00:00.0000000,Male,Black,18,NULL,NULL,NULL,Hispanic Origin,,0,MA,No License - Record Only,0
,26000148986,FC21002771,2021-07-21 00:00:00.0000000,Male,Black,19,Medium,NULL,NULL,Not of Hispanic Origin,,0,MA,,0
,26001107019,FC21002772,2021-07-21 16:58:00.0000000,Male,Other,36,NULL,NULL,NULL,Hispanic Origin,,0,MA,,1
,26001111663,FC21002772,2021-07-21 16:58:00.0000000,Female,White,33,NULL,NULL,NULL,Hispanic Origin,,0,MA,Class D,NULL
,26001164713,FC21002773,2021-07-21 10:40:00.0000000,Male,Black,18,NULL,NULL,NULL,Not of Hispanic Origin,,0,MA,,1
,26001377094,FC21002774,2021-07-21 16:30:00.0000000,Male,Black,29,Medium,Wavy,Dark Brown,Not of Hispanic Origin,,0,MA,,0
,26001400425,FC21002775,2021-07-21 18:12:00.0000000,Male,White,51,NULL,NULL,NULL,NULL,,0,NULL,,0
,26001415915,FC21002775,2021-07-21 18:12:00.0000000,Male,White,45,Thin,NULL,NULL,Hispanic Origin,,0,MA,,0
,26001409709,FC21002775,2021-07-21 18:12:00.0000000,Female,White,38,Thin,NULL,NULL,Not of Hispanic Origin,,0,MA,,0
,26001412506,FC21002776,2021-07-21 17:04:00.0000000,Female,White,38,Heavy,NULL,NULL,Not of Hispanic Origin,,0,MA,,0
,26001407311,FC21002776,2021-07-21 17:04:00.0000000,Female,White,50,Heavy,Short,Medium,Not of Hispanic Origin,,0,MA,,0
,26001540468,FC21002778,2021-07-20 22:29:00.0000000,Female,White,38,Thin,Short,Light,Not of Hispanic Origin,,0,MA,Class D,0
,26001541051,FC21002778,2021-07-20 22:29:00.0000000,Male,Black,42,Medium,NULL,NULL,Not of Hispanic Origin,,0,MA,Class D,0
,26002214403,FC21002779,2021-07-21 21:50:00.0000000,Male,Unknown,42,Thin,NULL,NULL,Unknown,,0,MA,Class D,1
,26003097913,FC21002780,2021-07-21 21:15:00.0000000,Male,Black,25,Medium,NULL,NULL,Not of Hispanic Origin,,0,MA,,0
,26003385239,FC21002781,2021-07-21 22:45:00.0000000,Male,Black,20,Heavy,Short,Dark Brown,NULL,,0,MA,,0
,26003394603,FC21002781,2021-07-21 22:45:00.0000000,Female,Black,18,NULL,NULL,NULL,Unknown,,0,NULL,,NULL
,26005096789,FC21002782,2021-07-21 20:52:00.0000000,Male,Black,35,Medium,NULL,Dark Brown,NULL,,0,MA,,1
,26005096897,FC21002782,2021-07-21 20:52:00.0000000,Male,Black,30,NULL,NULL,NULL,Not of Hispanic Origin,,0,NULL,,1
,26005832705,FC21002783,2021-07-21 13:16:00.0000000,Female,White,40,Thin,NULL,NULL,Not of Hispanic Origin,,0,MA,,0
,26005954246,FC21002784,2021-07-21 22:02:00.0000000,Male,Black,28,Medium,Dreadlocks,Medium Brown,Not of Hispanic Origin,,0,MA,,0
,26005954954,FC21002784,2021-07-21 22:02:00.0000000,Male,Black,27,Medium,NULL,Medium Brown,Not of Hispanic Origin,,0,MA,,0
,26010401973,FC21002785,2021-07-22 10:00:00.0000000,Male,Black,64,Medium,Bald or Balding,Dark Brown,Not of Hispanic Origin,,0,MA,Class D,0
,26010831022,FC21002786,2021-07-22 13:20:00.0000000,Male,White,45,Medium,Short,NULL,NULL,,0,MA,,0
,26014663025,FC21002787,2021-07-21 16:45:00.0000000,Male,Black,26,Medium,NULL,NULL,Hispanic Origin,,0,MA,,0
,26018017003,FC21002788,2021-07-22 15:57:00.0000000,Male,Black,26,Thin,NULL,NULL,Not of Hispanic Origin,,0,MA,ID Only - Never had Personal Driver License,1
,26018022364,FC21002788,2021-07-22 15:57:00.0000000,Male,Black,27,Thin,NULL,NULL,Not of Hispanic Origin,,0,MA,,0
,26018033571,FC21002788,2021-07-22 15:57:00.0000000,Male,Black,32,Medium,NULL,NULL,Not of Hispanic Origin,,0,MA,Class D,0
,26018046873,FC21002788,2021-07-22 15:57:00.0000000,Male,Black,29,Medium,Dreadlocks,Medium Brown,Not of Hispanic Origin,,0,MA,Class D,0
,26018063625,FC21002788,2021-07-22 15:57:00.0000000,Male,Black,23,Thin,NULL,NULL,Not of Hispanic Origin,,0,MA,,0
,26020538296,FC21002789,2021-07-22 17:25:00.0000000,Male,Black,18,Medium,Short,Medium,NULL,,0,MA,,0
,26021933518,FC21002790,2021-07-22 16:17:00.0000000,Female,Asian,22,NULL,NULL,NULL,Not of Hispanic Origin,,0,MA,Class D,NULL
,26021974648,FC21002790,2021-07-22 16:17:00.0000000,Male,White,29,Thin,NULL,NULL,Not of Hispanic Origin,,0,MA,,0
,26025789357,FC21002791,2021-07-22 18:19:00.0000000,Male,Black,35,Medium,NULL,NULL,Not of Hispanic Origin,,0,MA,Class D,1
,26026030247,FC21002792,2021-07-22 19:02:00.0000000,Male,Black,23,Thin,Curly,Medium,NULL,,0,MA,ID Only - Never had Personal Driver License,0
,26026738754,FC21002793,2021-07-22 19:45:00.0000000,Male,Black,30,Medium,NULL,NULL,Not of Hispanic Origin,,0,MA,Class D,1
,26026815909,FC21002793,2021-07-22 19:45:00.0000000,Male,Black,25,Medium,NULL,NULL,Not of Hispanic Origin,,0,MA,ID Only - Never had Personal Driver License,0
,26026997318,FC21002793,2021-07-22 19:45:00.0000000,Female,Black,26,Medium,Pony Tail,Medium Brown,Not of Hispanic Origin,,0,MA,Class D,0
,26026883186,FC21002794,2021-07-22 14:20:00.0000000,Male,White,60,NULL,NULL,NULL,Not of Hispanic Origin,,0,NULL,,NULL
,26026900661,FC21002794,2021-07-22 14:20:00.0000000,Male,White,38,NULL,NULL,NULL,NULL,,0,NULL,,0
,26029151101,FC21002795,2021-07-22 20:16:00.0000000,Male,Black,32,Thin,Curly,Medium Brown,Unknown,,0,MA,,1
,26031022083,FC21002796,2021-07-22 17:30:00.0000000,Male,Black,21,Thin,Afro,Medium Brown,Not of Hispanic Origin,,0,MA,,0
,26033217298,FC21002799,2021-07-23 02:30:00.0000000,Male,Black,31,Heavy,NULL,NULL,Not of Hispanic Origin,,0,MA,,0
,26033811829,FC21002800,2021-07-23 08:05:00.0000000,Male,Black,56,Medium,NULL,NULL,Not of Hispanic Origin,,0,MA,,0
,26036277613,FC21002801,2021-07-23 10:04:00.0000000,Male,Other,45,NULL,NULL,NULL,Hispanic Origin,,0,NULL,,NULL
,26036306687,FC21002801,2021-07-23 10:04:00.0000000,Male,White,72,Medium,NULL,NULL,Not of Hispanic Origin,,0,NH,,1
,26040417372,FC21002802,2021-07-23 13:00:00.0000000,Female,White,34,Heavy,NULL,NULL,Not of Hispanic Origin,,0,MA,Class D,0
,26041555374,FC21002802,2021-07-23 13:00:00.0000000,Male,White,36,Medium,NULL,NULL,Not of Hispanic Origin,,0,MA,,0
,26044776751,FC21002803,2021-07-23 14:15:00.0000000,Male,White,66,Thin,Short,Medium,Not of Hispanic Origin,,0,MA,ID Only - Never had Personal Driver License,0
,26046080747,FC21002804,2021-07-23 06:01:00.0000000,Female,Black,19,NULL,NULL,NULL,Not of Hispanic Origin,,0,MA,ID Only - Never had Personal Driver License,1
,26046125374,FC21002804,2021-07-23 06:01:00.0000000,Male,Black,20,Thin,Short,NULL,NULL,,0,MA,Class D,1
,26051043649,FC21002805,2021-07-22 00:00:00.0000000,Male,Black,20,Obese,Short,Dark Brown,Not of Hispanic Origin,,0,MA,,0
,26051096157,FC21002805,2021-07-22 00:00:00.0000000,Female,Black,21,Thin,NULL,NULL,Not of Hispanic Origin,,0,MA,,0
,26051164493,FC21002805,2021-07-22 00:00:00.0000000,Male,Black,21,Thin,Short,Dark,Not of Hispanic Origin,,0,MA,,0
,26052468323,FC21002806,2021-07-23 17:48:00.0000000,Male,Black,33,Medium,NULL,NULL,Not of Hispanic Origin,,0,MA,,0
,26052785781,FC21002806,2021-07-23 17:48:00.0000000,Female,Black,30,Heavy,NULL,NULL,Not of Hispanic Origin,,0,MA,,0
,26055513290,FC21002807,2021-07-23 17:30:00.0000000,Male,White,NULL,NULL,NULL,NULL,Not of Hispanic Origin,,0,NULL,,NULL
,26055554235,FC21002807,2021-07-23 17:30:00.0000000,Male,White,NULL,NULL,NULL,NULL,NULL,,0,NULL,,0
,26059522200,FC21002809,2021-07-23 15:07:00.0000000,Male,Other,32,NULL,NULL,NULL,Hispanic Origin,,0,NULL,,NULL
,26059522200,FC21002809,2021-07-23 15:07:00.0000000,Male,Other,32,NULL,NULL,NULL,Hispanic Origin,,0,NULL,,1
,26061456205,FC21002810,2021-07-23 20:07:00.0000000,Male,Black,27,NULL,NULL,NULL,Not of Hispanic Origin,,0,MA,Class D,0
,26061801727,FC21002810,2021-07-23 20:07:00.0000000,Female,Black,21,NULL,NULL,NULL,Not of Hispanic Origin,,0,MA,"ID - Had a License, now has ID",0
,29413534624,FC21002811,2021-07-23 21:15:00.0000000,Female,Black,54,NULL,NULL,NULL,NULL,,0,NULL,,NULL
,29413534639,FC21002811,2021-07-23 21:15:00.0000000,Female,Black,54,NULL,NULL,NULL,Not of Hispanic Origin,,0,MA,Class D,NULL
,26063524172,FC21002812,2021-07-23 22:10:00.0000000,Male,White,31,Thin,Short,Light,Not of Hispanic Origin,,0,MA,Class D,0
,26063576195,FC21002813,2021-07-23 22:12:00.0000000,Male,Black,31,Medium,NULL,NULL,Not of Hispanic Origin,,0,MA,,0
,26063635456,FC21002814,2021-07-22 00:00:00.0000000,Male,Black,28,Heavy,Short,Medium Brown,Not of Hispanic Origin,,0,MA,Class D,1
,26063637946,FC21002814,2021-07-22 00:00:00.0000000,Male,Black,28,Medium,Short,Dark,Not of Hispanic Origin,,0,MA,Other: SUS,1
,26063669972,FC21002815,2021-07-23 22:30:00.0000000,Male,Black,29,NULL,NULL,NULL,Not of Hispanic Origin,,0,MA,Class D,0
,26063727801,FC21002816,2021-07-23 22:11:00.0000000,Male,Black,41,NULL,NULL,NULL,Not of Hispanic Origin,,0,MA,,1
,26063731466,FC21002816,2021-07-23 22:11:00.0000000,Male,Black,28,Heavy,NULL,NULL,Not of Hispanic Origin,,0,MA,,NULL
,26063787304,FC21002817,2021-07-23 23:01:00.0000000,Male,White,42,Medium,NULL,NULL,Hispanic Origin,,0,MA,Class D,0
,26063796006,FC21002817,2021-07-23 23:01:00.0000000,Female,White,43,Thin,NULL,NULL,Not of Hispanic Origin,,0,MA,,0
,26066083895,FC21002818,2021-07-24 00:35:00.0000000,Female,White,36,NULL,NULL,NULL,Unknown,,0,MA,,0
,26067016524,FC21002818,2021-07-24 00:35:00.0000000,Male,White,52,NULL,NULL,NULL,Hispanic Origin,,0,MA,Class D,0
,26068606981,FC21002820,2021-07-24 02:43:00.0000000,Male,White,46,Medium,Bald or Balding,Light,NULL,,0,MA,,0
,26068619281,FC21002821,2021-07-24 01:48:00.0000000,Male,NULL,45,NULL,NULL,NULL,NULL,,0,MA,Class D,0
,26068643854,FC21002822,2021-07-24 02:08:00.0000000,Male,White,39,NULL,NULL,NULL,Unknown,,0,MA,Class D,0
,26068750220,FC21002823,2021-07-24 02:06:00.0000000,Male,Black,44,Thin,NULL,NULL,Not of Hispanic Origin,,0,MA,,0
,26068751074,FC21002823,2021-07-24 02:06:00.0000000,Female,Black,38,Medium,NULL,NULL,Hispanic Origin,,0,MA,,0
,26068812088,FC21002824,2021-07-24 01:00:00.0000000,Male,White,25,NULL,NULL,NULL,Not of Hispanic Origin,,0,FL,,0
,26069026737,FC21002825,2021-07-24 02:57:00.0000000,Male,White,41,Medium,NULL,NULL,Hispanic Origin,,0,NULL,,1
,26070065060,FC21002826,2021-07-24 08:30:00.0000000,Male,Black,40,Medium,NULL,NULL,Not of Hispanic Origin,,0,MA,Class D,1
,26073039604,FC21002827,2021-07-24 10:04:00.0000000,Male,Asian,37,Thin,Straight,Fair,Not of Hispanic Origin,,0,MA,Class D,0
,26073653527,FC21002828,2021-07-24 10:30:00.0000000,Female,White,NULL,NULL,NULL,NULL,Hispanic Origin,,0,NULL,,0
,26073653527,FC21002828,2021-07-24 10:30:00.0000000,Female,White,NULL,NULL,NULL,NULL,Hispanic Origin,,0,NULL,,NULL
,26073917071,FC21002829,2021-07-09 21:50:00.0000000,Male,Black,32,NULL,NULL,NULL,Unknown,,0,ME,,0
,26073928724,FC21002829,2021-07-09 21:50:00.0000000,Female,Black,14,NULL,NULL,NULL,Hispanic Origin,,0,NULL,,NULL
,26074781327,FC21002830,2021-07-24 11:21:00.0000000,Male,Black,22,Thin,Afro,NULL,Not of Hispanic Origin,,0,MA,ID Only - Never had Personal Driver License,0
,26074823324,FC21002830,2021-07-24 11:21:00.0000000,Female,Unknown,20,NULL,NULL,NULL,Unknown,,0,MA,Class D,NULL
,26079618251,FC21002831,2021-07-24 12:45:00.0000000,Male,White,30,NULL,NULL,NULL,Not of Hispanic Origin,,0,MA,Class D,0
,26081763765,FC21002832,2021-07-24 12:50:00.0000000,Female,White,52,Heavy,NULL,NULL,Not of Hispanic Origin,,0,MA,,0
,26086572078,FC21002833,2021-07-23 16:40:00.0000000,Male,Black,23,Thin,NULL,NULL,Not of Hispanic Origin,,0,MA,,NULL
,26086572078,FC21002833,2021-07-23 16:40:00.0000000,Male,Black,23,Thin,NULL,NULL,Not of Hispanic Origin,,0,MA,,0
,26086805532,FC21002834,2021-07-23 23:20:00.0000000,Male,Black,27,Medium,Dreadlocks,Dark Brown,Not of Hispanic Origin,,0,MA,Class D,1
,26087934212,FC21002835,2021-07-24 15:50:00.0000000,Male,Black,28,Medium,Braided,Medium Brown,Hispanic Origin,,0,MA,Class D,0
,26087939880,FC21002835,2021-07-24 15:50:00.0000000,Female,White,36,Medium,NULL,NULL,Hispanic Origin,,0,MA,Class D,NULL
,26116155124,FC21002836,2021-07-24 22:30:00.0000000,Male,Black,19,NULL,NULL,NULL,NULL,,0,NULL,,1
,26116313190,FC21002836,2021-07-24 22:30:00.0000000,Male to Female Transgender,Unknown,NULL,NULL,NULL,NULL,NULL,,0,NULL,,1
,26116989763,FC21002837,2021-07-24 18:30:00.0000000,Male,Black,29,Medium,NULL,NULL,Not of Hispanic Origin,,0,MA,,0
,26139662846,FC21002838,2021-07-25 03:15:00.0000000,Male,Black,23,Thin,NULL,NULL,Hispanic Origin,,0,MA,,1
,26139905607,FC21002838,2021-07-25 03:15:00.0000000,Male,Black,34,Medium,Curly,Medium Brown,Not of Hispanic Origin,,0,MA,Class D,1
,26140110851,FC21002838,2021-07-25 03:15:00.0000000,Male,White,25,Thin,Straight,Medium Brown,Hispanic Origin,,0,MA,,1
,26140204011,FC21002838,2021-07-25 03:15:00.0000000,Male,White,26,Stocky,Short,Light Brown,Not of Hispanic Origin,,0,MA,,1
,26142732622,FC21002839,2021-07-25 00:52:00.0000000,Male,Black,31,Medium,NULL,NULL,Not of Hispanic Origin,,0,MA,,0
,26143182445,FC21002839,2021-07-25 00:52:00.0000000,Male,Black,28,Muscular,Wavy,Medium,NULL,,0,MA,Class D,0
,26196972012,FC21002840,2021-07-24 13:50:00.0000000,Male,Asian,24,Medium,NULL,NULL,Not of Hispanic Origin,,0,MA,,1
,26197090894,FC21002840,2021-07-24 13:50:00.0000000,Male,Black,25,NULL,NULL,NULL,NULL,,0,MA,Class D,1
,26197112753,FC21002840,2021-07-24 13:50:00.0000000,Male,Unknown,19,NULL,NULL,NULL,Unknown,,0,NULL,,1
,26197247185,FC21002841,2021-07-24 14:20:00.0000000,Female,NULL,22,NULL,NULL,NULL,NULL,,0,MA,,1
,26197567988,FC21002841,2021-07-24 14:20:00.0000000,Male,NULL,25,NULL,NULL,NULL,NULL,,0,MA,,0
,26196899334,FC21002841,2021-07-24 14:20:00.0000000,Male,Unknown,21,NULL,NULL,NULL,Unknown,,0,MA,,1
,26201704086,FC21002842,2021-07-25 13:21:00.0000000,Male,White,50,NULL,NULL,NULL,Not of Hispanic Origin,,0,MA,Class D,1
,26199960406,FC21002843,2021-07-25 13:51:00.0000000,Female,White,42,NULL,NULL,NULL,Not of Hispanic Origin,,0,MA,Class D,0
,26199960587,FC21002843,2021-07-25 13:51:00.0000000,Female,White,19,Thin,Straight,NULL,Not of Hispanic Origin,,0,MA,,0
,26199966353,FC21002843,2021-07-25 13:51:00.0000000,Female,White,15,Thin,Straight,Light,Not of Hispanic Origin,,0,MA,,0
,26199966489,FC21002843,2021-07-25 13:51:00.0000000,Male,White,21,NULL,NULL,NULL,Not of Hispanic Origin,,0,MA,Class D,0
,26199966574,FC21002843,2021-07-25 13:51:00.0000000,Female,White,22,NULL,NULL,NULL,Not of Hispanic Origin,,0,NULL,,0
,26202253203,FC21002844,2021-07-25 02:50:00.0000000,Male,White,40,Thin,Short,NULL,Not of Hispanic Origin,,0,MA,,0
,26210153138,FC21002845,2021-07-25 01:32:00.0000000,Male,Black,27,Medium,NULL,NULL,Not of Hispanic Origin,,0,MA,,1
,26210625853,FC21002846,2021-07-24 22:41:00.0000000,Male,Black,27,Medium,NULL,NULL,Not of Hispanic Origin,,0,MA,,1
,26211832423,FC21002847,2021-07-24 19:30:00.0000000,Male,Black,28,Thin,NULL,NULL,Not of Hispanic Origin,,0,MA,Class D,1
,26212889050,FC21002848,2021-07-25 02:00:00.0000000,Male,White,26,Medium,Short,NULL,Hispanic Origin,,0,MA,Class D,1
,26221151010,FC21002849,2021-07-25 18:30:00.0000000,Male,White,45,Medium,NULL,NULL,Not of Hispanic Origin,,0,MA,,0
,26237891240,FC21002850,2021-07-19 01:30:00.0000000,Male,Black,18,Thin,NULL,NULL,Not of Hispanic Origin,,0,MA,Class D,0
,26237921057,FC21002850,2021-07-19 01:30:00.0000000,Male,Black,20,NULL,NULL,NULL,NULL,,0,NULL,,0
,26238496066,FC21002851,2021-07-25 21:15:00.0000000,Male,White,26,Stocky,Short,Light Brown,Not of Hispanic Origin,,0,MA,,0
,26268197103,FC21002852,2021-07-26 00:25:00.0000000,Male,Black,18,Medium,Short,Dark,Not of Hispanic Origin,,0,MA,ID Only - Never had Personal Driver License,0
,26277727714,FC21002853,2021-07-26 01:30:00.0000000,Male,White,35,Thin,Short,Medium,Hispanic Origin,,0,MA,None,NULL
,26277727714,FC21002853,2021-07-26 01:30:00.0000000,Male,White,35,Thin,Short,Medium,Hispanic Origin,,0,MA,None,0
,26280875021,FC21002854,2021-07-26 01:08:00.0000000,Male,Black,28,Thin,NULL,Dark Brown,Not of Hispanic Origin,,0,MA,Class D,0
,26324086740,FC21002855,2021-07-26 08:35:00.0000000,Male,Black,29,Medium,NULL,NULL,Not of Hispanic Origin,,0,MA,,0
,26339774045,FC21002857,2021-07-26 10:28:00.0000000,Male,Black,49,Thin,NULL,NULL,Not of Hispanic Origin,,0,MA,,NULL
,26339774045,FC21002857,2021-07-26 10:28:00.0000000,Male,Black,49,Thin,NULL,NULL,Not of Hispanic Origin,,0,MA,,0
,26355153596,FC21002858,2021-07-26 13:00:00.0000000,Male,White,23,Medium,Short,Medium,Hispanic Origin,,0,MA,Class D,0
,26360314494,FC21002859,2021-07-26 00:00:00.0000000,Male,White,50,Medium,NULL,NULL,Hispanic Origin,,0,MA,Class D,0
,26360492764,FC21002860,2021-07-26 15:00:00.0000000,Male,Unknown,26,NULL,NULL,NULL,Unknown,,0,NULL,,1
,26361873476,FC21002861,2021-07-26 13:00:00.0000000,Male,Black,18,Medium,Short,Dark,Not of Hispanic Origin,,0,MA,ID Only - Never had Personal Driver License,0
,26368338896,FC21002862,2021-07-26 15:45:00.0000000,Male,White,36,Medium,Unkempt,Light,Not of Hispanic Origin,,0,MA,,1
,26382179079,FC21002863,2021-07-26 16:40:00.0000000,Male,Black,40,Medium,Braided,Dark,NULL,,0,MA,,1
,26382334693,FC21002863,2021-07-26 16:40:00.0000000,Male,Black,29,Stocky,NULL,NULL,Not of Hispanic Origin,,0,MA,,1
,26387248960,FC21002864,2021-07-26 18:10:00.0000000,Male,White,17,NULL,NULL,NULL,Hispanic Origin,,0,NULL,,0
,26397511113,FC21002865,2021-07-26 19:37:00.0000000,Male,Black,23,Medium,Afro,Medium Brown,NULL,,0,MA,,1
,26399125160,FC21002866,2021-07-26 06:50:00.0000000,Male,White,25,Thin,Straight,Medium Brown,Hispanic Origin,,0,MA,,0
,26399129792,FC21002866,2021-07-26 06:50:00.0000000,Female,White,25,NULL,NULL,NULL,Hispanic Origin,,0,MA,Class D,0
,26421969068,FC21002867,2021-07-27 00:00:00.0000000,Male,Asian,44,NULL,NULL,NULL,Not of Hispanic Origin,,0,MA,Class D,0
,26423106289,FC21002868,2021-07-27 03:00:00.0000000,Male,Black,19,Thin,NULL,NULL,Hispanic Origin,,0,MA,,0
,26423111429,FC21002868,2021-07-27 03:00:00.0000000,Male,Black,22,NULL,NULL,NULL,Not of Hispanic Origin,,0,MA,Class D,0
,26425243029,FC21002869,2021-07-27 06:32:00.0000000,Male,Black,60,Medium,Bald or Balding,Medium Brown,Not of Hispanic Origin,,0,MA,Class D,0
,26428047449,FC21002870,2021-07-27 09:20:00.0000000,Male,White,42,Thin,NULL,NULL,Hispanic Origin,,0,MA,Class D,1
,26430030948,FC21002871,2021-07-27 07:18:00.0000000,Male,Black,37,Medium,Dreadlocks,Medium Brown,Not of Hispanic Origin,,0,MA,,NULL
,26430030948,FC21002871,2021-07-27 07:18:00.0000000,Male,Black,37,Medium,Dreadlocks,Medium Brown,Not of Hispanic Origin,,0,MA,,1
,26431999662,FC21002872,2021-07-27 12:13:00.0000000,Male,Unknown,36,NULL,NULL,NULL,Unknown,,0,NULL,,NULL
,26432035443,FC21002872,2021-07-27 12:13:00.0000000,Male,Black,58,NULL,NULL,NULL,Unknown,,0,MA,ID Only - Never had Personal Driver License,0
,26432044910,FC21002872,2021-07-27 12:13:00.0000000,Male,Black,56,Thin,NULL,NULL,Not of Hispanic Origin,,0,MA,,0
,26432138216,FC21002873,2021-07-27 12:43:00.0000000,Male,Black,55,Medium,NULL,NULL,Not of Hispanic Origin,,0,MA,,0
,26432494161,FC21002874,2021-07-27 13:02:00.0000000,Male,Other,35,NULL,NULL,NULL,NULL,,0,MA,,0
,26433174743,FC21002875,2021-07-25 19:45:00.0000000,Male,Black,26,NULL,NULL,NULL,Hispanic Origin,,0,MA,Other: permit,0
,26433645685,FC21002877,2021-07-27 15:40:00.0000000,Male,Black,17,NULL,NULL,NULL,Unknown,,0,NULL,,1
,26434784040,FC21002878,2021-07-26 18:09:00.0000000,Male,Black,48,Medium,NULL,NULL,Not of Hispanic Origin,,0,MA,Class D,0
,26434784040,FC21002878,2021-07-26 18:09:00.0000000,Male,Black,48,Medium,NULL,NULL,Not of Hispanic Origin,,0,MA,Class D,NULL
,26434794859,FC21002879,2021-07-22 23:04:00.0000000,Male,Black,31,Thin,Dreadlocks,Light Brown,Hispanic Origin,,0,MA,,1
,26434799765,FC21002879,2021-07-22 23:04:00.0000000,Female,Black,27,NULL,NULL,NULL,Unknown,,0,MA,,NULL
,26434805561,FC21002879,2021-07-22 23:04:00.0000000,Female,Black,23,NULL,NULL,NULL,NULL,,0,MA,,0
,26434807811,FC21002879,2021-07-22 23:04:00.0000000,Male,Black,25,Medium,NULL,NULL,Not of Hispanic Origin,,0,MA,,0
,26434814018,FC21002879,2021-07-22 23:04:00.0000000,Male,Black,22,NULL,NULL,NULL,Not of Hispanic Origin,,0,MA,Class D,0
,26439350416,FC21002880,2021-07-20 16:50:00.0000000,Male,Black,53,Medium,NULL,Dark Brown,Not of Hispanic Origin,,0,MA,,1
,26439789657,FC21002881,2021-07-27 17:56:00.0000000,Male,Black,26,Thin,Short,NULL,Not of Hispanic Origin,,0,MA,Class D,NULL
,26439789657,FC21002881,2021-07-27 17:56:00.0000000,Male,Black,26,Thin,Short,NULL,Not of Hispanic Origin,,0,MA,Class D,1
,26440097434,FC21002881,2021-07-27 17:56:00.0000000,Male,Black,31,Medium,Afro,Medium,Not of Hispanic Origin,,0,MA,Class D,1
,26440097434,FC21002881,2021-07-27 17:56:00.0000000,Male,Black,31,Medium,Afro,Medium,Not of Hispanic Origin,,0,MA,Class D,NULL
,26443876785,FC21002882,2021-07-27 19:10:00.0000000,Male,Black,28,Thin,NULL,NULL,Not of Hispanic Origin,,0,MA,Class D,0
,26443882912,FC21002882,2021-07-27 19:10:00.0000000,Male,Black,32,Thin,Receding or Slightly Receding,Dark Brown,Not of Hispanic Origin,,0,MA,Class D,0
,26444070506,FC21002883,2021-07-27 17:10:00.0000000,Male,White,23,Thin,Short,Light,Hispanic Origin,,0,MA,Instruction Permit,1
,26444071422,FC21002883,2021-07-27 17:10:00.0000000,Male,Other,22,Medium,Straight,Light Brown,NULL,,0,MA,,1
,26444293453,FC21002884,2021-07-27 20:30:00.0000000,Female,Unknown,NULL,NULL,NULL,NULL,NULL,,0,NULL,,NULL
,26444304678,FC21002884,2021-07-27 20:30:00.0000000,Male,White,31,Thin,Short,Light,Not of Hispanic Origin,,0,MA,"ID - Had a License, now has ID",1
,26444283422,FC21002885,2021-07-27 20:23:00.0000000,Male,White,54,Heavy,NULL,NULL,Not of Hispanic Origin,,0,MA,Class D,0
,26444398015,FC21002886,2021-07-27 19:03:00.0000000,Male,Black,28,Heavy,Short,Medium Brown,Not of Hispanic Origin,,0,MA,Class D,0
,26629138959,FC21002887,2021-07-30 11:15:00.0000000,Female,White,36,Heavy,NULL,NULL,Hispanic Origin,,0,MA,Class D,0
,26445048863,FC21002888,2021-07-27 23:10:00.0000000,Male,Black,26,Thin,Dreadlocks,Medium,Not of Hispanic Origin,,0,MA,Class D,0
,26445055174,FC21002888,2021-07-27 23:10:00.0000000,Male,Black,17,Thin,NULL,NULL,Not of Hispanic Origin,,0,MA,"ID - Had a License, now has ID",0
,26446126472,FC21002889,2021-07-28 01:05:00.0000000,Male,NULL,37,NULL,NULL,NULL,NULL,,0,NULL,,0
,26446134551,FC21002889,2021-07-28 01:05:00.0000000,Female,Black,32,NULL,NULL,NULL,Not of Hispanic Origin,,0,RI,Class D,0
,26446153292,FC21002890,2021-07-28 03:36:00.0000000,Male,White,50,Muscular,Short,Light,Not of Hispanic Origin,,0,MA,,0
,26446270808,FC21002891,2021-07-28 03:46:00.0000000,Male,Black,35,Medium,NULL,NULL,Not of Hispanic Origin,,0,MA,,0
,26450623947,FC21002892,2021-07-28 10:20:00.0000000,Male,White,53,Thin,NULL,NULL,Not of Hispanic Origin,,0,MA,,0
,26450691578,FC21002892,2021-07-28 10:20:00.0000000,Female,White,35,Heavy,NULL,NULL,Not of Hispanic Origin,,0,MA,,0
,26453359237,FC21002893,2021-07-28 09:53:00.0000000,Female,Black,26,NULL,NULL,NULL,Not of Hispanic Origin,,0,MA,"ID - Had a License, now has ID",1
,26453895701,FC21002894,2021-07-28 09:53:00.0000000,Female,Black,26,Medium,NULL,NULL,Not of Hispanic Origin,,0,MA,"ID - Had a License, now has ID",1
,26461760697,FC21002895,2021-07-28 13:45:00.0000000,Male,White,34,Heavy,NULL,NULL,Hispanic Origin,,0,MA,,0
,26461722767,FC21002896,2021-07-28 12:00:00.0000000,Male,Black,12,Small,Afro,Black,Not of Hispanic Origin,,0,NULL,,0
,26476032738,FC21002897,2021-07-28 18:32:00.0000000,Female,White,30,NULL,NULL,NULL,Not of Hispanic Origin,,0,NULL,,0
,26476066315,FC21002897,2021-07-28 18:32:00.0000000,Male,White,50,Medium,NULL,NULL,Not of Hispanic Origin,,0,MA,,0
,26486561307,FC21002898,2021-07-28 19:47:00.0000000,Male,Black,19,NULL,NULL,NULL,Not of Hispanic Origin,,0,NULL,,0
,26487284789,FC21002899,2021-07-28 18:10:00.0000000,Male,Black,19,Thin,Dreadlocks,Medium,NULL,,0,MA,,1
,26487436263,FC21002900,2021-07-28 20:00:00.0000000,Male,Black,54,NULL,NULL,NULL,NULL,,0,MA,,1
,26490226945,FC21002901,2021-07-28 19:50:00.0000000,Male,White,20,NULL,NULL,NULL,Hispanic Origin,,0,MA,Class D,1
,26490323585,FC21002901,2021-07-28 19:50:00.0000000,Male,White,22,Medium,Short,Light,NULL,,0,MA,,1
,26491782239,FC21002902,2021-07-28 00:00:00.0000000,Male,White,64,NULL,NULL,NULL,NULL,,0,NULL,,0
,26495824654,FC21002903,2021-07-28 20:30:00.0000000,Male,White,39,NULL,NULL,NULL,Not of Hispanic Origin,,0,MA,Class D,0
,26498462556,FC21002904,2021-07-28 15:15:00.0000000,Male,White,37,Medium,NULL,Light,Not of Hispanic Origin,,0,MA,Class D,1
,26503502771,FC21002905,2021-07-28 22:15:00.0000000,Male,White,49,Thin,Short,Medium,Not of Hispanic Origin,,0,MA,Class D,1
,26504705941,FC21002906,2021-07-28 22:11:00.0000000,Female,Black,10,NULL,NULL,NULL,NULL,,0,NULL,,0
,26507262036,FC21002907,2021-07-28 21:19:00.0000000,Male,White,31,Heavy,Short,Light,Not of Hispanic Origin,,0,MA,,NULL
,26507262036,FC21002907,2021-07-28 21:19:00.0000000,Male,White,31,Heavy,Short,Light,Not of Hispanic Origin,,0,MA,,0
,26512984040,FC21002908,2021-07-28 22:50:00.0000000,Male,Unknown,21,NULL,NULL,NULL,Unknown,,0,MA,Class D,1
,26526024526,FC21002910,2021-07-29 01:45:00.0000000,Male,Black,42,Heavy,NULL,NULL,Not of Hispanic Origin,,0,MA,Class D,0
,26529236247,FC21002911,2021-07-29 03:00:00.0000000,Female,Black,35,Thin,NULL,NULL,Not of Hispanic Origin,,0,MA,,0
,26531158092,FC21002912,2021-07-29 01:31:00.0000000,Male,Black,23,Thin,Afro,NULL,Not of Hispanic Origin,,0,MA,,1
,26531169370,FC21002912,2021-07-29 01:31:00.0000000,Female,Black,19,NULL,NULL,NULL,Not of Hispanic Origin,,0,NULL,,NULL
,26531350952,FC21002913,2021-07-29 01:21:00.0000000,Male,Black,32,Medium,NULL,NULL,Not of Hispanic Origin,,0,MA,,1
,26540581454,FC21002914,2021-07-28 00:00:00.0000000,NULL,NULL,NULL,NULL,NULL,NULL,NULL,,0,NULL,,NULL
,26540581454,FC21002914,2021-07-28 00:00:00.0000000,NULL,NULL,NULL,NULL,NULL,NULL,NULL,,0,NULL,,0
,26540906154,FC21002915,2021-07-28 19:26:00.0000000,Male,Black,24,Medium,Braided,Medium,Not of Hispanic Origin,,0,MA,ID Only - Never had Personal Driver License,0
,26540915807,FC21002915,2021-07-28 19:26:00.0000000,Female,White,28,NULL,NULL,NULL,Hispanic Origin,,0,MA,Personal Driver License,0
,26540934156,FC21002915,2021-07-28 19:26:00.0000000,Male,Black,38,Thin,NULL,NULL,Not of Hispanic Origin,,0,MA,Class D,0
,26542296614,FC21002917,2021-07-29 11:40:00.0000000,Male,White,40,NULL,NULL,NULL,Not of Hispanic Origin,,0,MA,,0
,26542305653,FC21002917,2021-07-29 11:40:00.0000000,Male,White,56,Medium,Straight,Light,Not of Hispanic Origin,,0,MA,,0
,26542316113,FC21002917,2021-07-29 11:40:00.0000000,Male,White,24,NULL,NULL,NULL,Hispanic Origin,,0,NULL,,0
,26543542648,FC21002918,2021-07-29 10:43:00.0000000,Male,White,NULL,NULL,NULL,NULL,NULL,,0,NULL,,0
,26543196818,FC21002919,2021-07-29 12:18:00.0000000,Male,Black,19,Medium,Braided,Medium Brown,Not of Hispanic Origin,,0,MA,,NULL
,26543196818,FC21002919,2021-07-29 12:18:00.0000000,Male,Black,19,Medium,Braided,Medium Brown,Not of Hispanic Origin,,0,MA,,1
,26543205339,FC21002919,2021-07-29 12:18:00.0000000,Male,Black,18,Medium,Short,Dark Brown,Not of Hispanic Origin,,0,MA,,NULL
,26543205339,FC21002919,2021-07-29 12:18:00.0000000,Male,Black,18,Medium,Short,Dark Brown,Not of Hispanic Origin,,0,MA,,NULL
,26543248198,FC21002919,2021-07-29 12:18:00.0000000,Female,Black,20,Medium,NULL,NULL,Hispanic Origin,,0,MA,,NULL
,26543248198,FC21002919,2021-07-29 12:18:00.0000000,Female,Black,20,Medium,NULL,NULL,Hispanic Origin,,0,MA,,NULL
,26560190458,FC21002922,2021-07-29 15:20:00.0000000,Male,Black,30,Medium,Dreadlocks,Medium Brown,Not of Hispanic Origin,,0,MA,Class D,1
,26560210242,FC21002922,2021-07-29 15:20:00.0000000,Male,Black,34,Thin,NULL,NULL,Not of Hispanic Origin,,0,MA,Class D,1
,26562836153,FC21002923,2021-07-29 17:45:00.0000000,Female,White,26,NULL,NULL,NULL,Not of Hispanic Origin,,0,MA,ID Only - Never had Personal Driver License,NULL
,26562973374,FC21002923,2021-07-29 17:45:00.0000000,Female,White,42,Thin,NULL,NULL,Not of Hispanic Origin,,0,MA,,1
,26563046292,FC21002924,2021-07-29 17:30:00.0000000,Male,Black,23,Medium,Curly,NULL,Not of Hispanic Origin,,0,MA,,0
,26565952427,FC21002925,2021-07-24 14:07:00.0000000,Female,White,26,NULL,NULL,NULL,NULL,,0,NULL,,NULL
,26566073106,FC21002925,2021-07-24 14:07:00.0000000,Male,Black,58,Medium,NULL,Dark Brown,Not of Hispanic Origin,,0,MA,"ID - Had a License, now has ID",1
,26576154927,FC21002926,2021-07-29 17:45:00.0000000,Female,White,26,NULL,NULL,NULL,Not of Hispanic Origin,,0,MA,ID Only - Never had Personal Driver License,NULL
,26576321970,FC21002926,2021-07-29 17:45:00.0000000,Female,White,33,Small,Straight,Fair,Not of Hispanic Origin,,0,MA,ID Only - Never had Personal Driver License,0
,26606585225,FC21002927,2021-07-29 20:11:00.0000000,Male,Black,43,Medium,NULL,NULL,Not of Hispanic Origin,,0,MA,Class D,0
,26630028153,FC21002928,2021-07-30 10:00:00.0000000,Female,Black,38,Thin,NULL,NULL,Not of Hispanic Origin,,0,MA,,NULL
,26630031576,FC21002928,2021-07-30 10:00:00.0000000,Male,Black,41,Medium,NULL,NULL,Not of Hispanic Origin,,0,MA,Class D,1
,26639934799,FC21002929,2021-07-30 14:32:00.0000000,Male,White,55,Medium,NULL,NULL,Not of Hispanic Origin,,0,MA,,0
,26651468393,FC21002930,2021-07-31 01:00:00.0000000,Male,Black,50,Thin,NULL,NULL,Not of Hispanic Origin,,0,NULL,,0
,26651630828,FC21002931,2021-07-31 01:20:00.0000000,Male,Black,33,Medium,NULL,NULL,Not of Hispanic Origin,,0,MA,Class D,1
,26652481291,FC21002933,2021-07-31 10:58:00.0000000,Male,NULL,22,NULL,NULL,NULL,NULL,,0,NULL,,NULL
,26652486478,FC21002933,2021-07-31 10:58:00.0000000,Male,Black,43,Heavy,NULL,NULL,Not of Hispanic Origin,,0,MA,,1
,26652904252,FC21002934,2021-07-31 01:00:00.0000000,Male,Black,34,Medium,Curly,Medium Brown,Not of Hispanic Origin,,0,MA,Class D,0
,26652905785,FC21002934,2021-07-31 01:00:00.0000000,Male,Black,23,Thin,NULL,NULL,Hispanic Origin,,0,MA,,0
,26652906545,FC21002934,2021-07-31 01:00:00.0000000,Male,Black,23,Thin,Short,Medium,Not of Hispanic Origin,,0,MA,,0
,26652907590,FC21002934,2021-07-31 01:00:00.0000000,Female,White,19,NULL,NULL,NULL,Not of Hispanic Origin,,0,MA,Class D,0
,26652883487,FC21002935,2021-07-31 13:00:00.0000000,Male,Black,33,Medium,NULL,NULL,Not of Hispanic Origin,,0,MA,,0
,26652884075,FC21002935,2021-07-31 13:00:00.0000000,Male,Black,30,Heavy,NULL,NULL,Not of Hispanic Origin,,0,MA,,0
,26652884863,FC21002935,2021-07-31 13:00:00.0000000,Male,White,31,Medium,Afro,Medium Brown,Not of Hispanic Origin,,0,MA,,0
,26652886863,FC21002935,2021-07-31 13:00:00.0000000,Male,Black,26,Thin,NULL,NULL,Not of Hispanic Origin,,0,MA,,0
,26652887400,FC21002935,2021-07-31 13:00:00.0000000,Male,Black,32,Medium,NULL,NULL,Not of Hispanic Origin,,0,MA,,0
,26652888241,FC21002935,2021-07-31 13:00:00.0000000,Male,Black,35,Medium,NULL,NULL,Not of Hispanic Origin,,0,MA,,0
,26652896157,FC21002935,2021-07-31 13:00:00.0000000,Male,Black,31,Thin,NULL,NULL,Hispanic Origin,,0,MA,,0
,26653210387,FC21002936,2021-07-28 16:27:00.0000000,Male,Black,28,Thin,NULL,NULL,Not of Hispanic Origin,,0,MA,,0
,26653243531,FC21002937,2021-07-28 15:59:00.0000000,Male,Black,21,Medium,NULL,NULL,Not of Hispanic Origin,,0,MA,,0
,26653271755,FC21002938,2021-07-28 18:30:00.0000000,Male,Black,28,Heavy,Short,Medium Brown,Not of Hispanic Origin,,0,MA,Class D,0
,26653443940,FC21002940,2021-07-31 16:47:00.0000000,Male,Black,56,NULL,NULL,NULL,Not of Hispanic Origin,,0,NULL,,0
,26653653732,FC21002941,2021-07-31 18:36:00.0000000,Male,Black,20,Thin,Afro,Light Brown,Not of Hispanic Origin,,0,MA,,0
,26653659562,FC21002941,2021-07-31 18:36:00.0000000,Female,Black,21,NULL,NULL,NULL,Unknown,,0,MA,Class D,0
,26653741509,FC21002942,2021-07-31 19:30:00.0000000,Male,Black,22,Thin,NULL,NULL,Not of Hispanic Origin,,0,MA,Class D,0
,26653832694,FC21002943,2021-07-30 00:00:00.0000000,Male,Black,18,Thin,NULL,NULL,Not of Hispanic Origin,,0,MA,,1
,26653833175,FC21002943,2021-07-30 00:00:00.0000000,Male,Black,20,Thin,Short,Medium Brown,Not of Hispanic Origin,,0,MA,ID Only - Never had Personal Driver License,1
,26653833916,FC21002943,2021-07-30 00:00:00.0000000,Male,Black,19,Thin,NULL,NULL,Not of Hispanic Origin,,0,MA,,1
,26653838313,FC21002944,2021-07-31 18:07:00.0000000,Male,Black,20,Thin,Short,Medium Brown,Not of Hispanic Origin,,0,MA,ID Only - Never had Personal Driver License,0
,26653839687,FC21002944,2021-07-31 18:07:00.0000000,Female,Black,26,Thin,NULL,NULL,Not of Hispanic Origin,,0,MA,,0
,26653858610,FC21002945,2021-07-28 19:38:00.0000000,Male,Black,31,Medium,NULL,NULL,Not of Hispanic Origin,,0,MA,,1
,26653864826,FC21002946,2021-07-31 17:45:00.0000000,Male,Black,23,Medium,Short,Light Brown,Not of Hispanic Origin,,0,MA,,1
,26655018752,FC21002947,2021-08-01 02:32:00.0000000,Male,White,42,Medium,NULL,NULL,Not of Hispanic Origin,,0,MA,,0
,26655745146,FC21002948,2021-08-01 00:00:00.0000000,Male,Black,32,Medium,NULL,NULL,Not of Hispanic Origin,,0,MA,,0
,26655780666,FC21002949,2021-08-01 08:10:00.0000000,Male,White,33,NULL,NULL,NULL,Not of Hispanic Origin,,0,FL,,1
,26655801090,FC21002950,2021-08-01 07:38:00.0000000,Male,White,58,Medium,NULL,NULL,Not of Hispanic Origin,,0,MA,,0
,26655820812,FC21002951,2021-08-01 07:38:00.0000000,Male,White,36,Thin,Short,Light,Not of Hispanic Origin,,0,MA,,1
,26656518124,FC21002952,2021-08-01 14:59:00.0000000,Male,White,57,Heavy,NULL,NULL,Not of Hispanic Origin,,0,MA,,0
,26656520110,FC21002952,2021-08-01 14:59:00.0000000,Female,White,19,NULL,NULL,NULL,Unknown,,0,NULL,,NULL
,26656556637,FC21002954,2021-08-01 15:26:00.0000000,Male,Black,64,NULL,NULL,NULL,Not of Hispanic Origin,,0,NULL,,1
,26657289899,FC21002955,2021-08-01 20:59:00.0000000,Male,Black,30,Medium,Short,NULL,Not of Hispanic Origin,,0,MA,,0
,26657390813,FC21002956,2021-08-01 17:17:00.0000000,Male,Black,35,Medium,NULL,NULL,Not of Hispanic Origin,,0,MA,,1
,26657391774,FC21002956,2021-08-01 17:17:00.0000000,Male,Black,36,Medium,Dreadlocks,NULL,Not of Hispanic Origin,,0,MA,,1
,26657937905,FC21002957,2021-08-01 23:24:00.0000000,Male,White,35,NULL,NULL,NULL,Hispanic Origin,,0,NULL,,1
,26657938180,FC21002957,2021-08-01 23:24:00.0000000,Male,Other,26,NULL,NULL,NULL,Hispanic Origin,,0,MA,,1
,26658074441,FC21002958,2021-08-02 00:45:00.0000000,Male,Black,25,Medium,Short,NULL,Not of Hispanic Origin,,0,MA,,1
,26659471609,FC21002959,2021-08-02 11:45:00.0000000,Male,White,57,Medium,Bald or Balding,Light,Not of Hispanic Origin,,0,MA,Class D,0
,26659479167,FC21002959,2021-08-02 11:45:00.0000000,Female,White,24,NULL,NULL,NULL,Not of Hispanic Origin,,0,NULL,,NULL
,26659849621,FC21002960,2021-08-02 00:00:00.0000000,Male,Black,20,Thin,Curly,Dark,Not of Hispanic Origin,,0,NULL,,1
,26659857138,FC21002960,2021-08-02 00:00:00.0000000,Male,Black,17,Heavy,NULL,Dark,NULL,,0,MA,,NULL
,26659883757,FC21002960,2021-08-02 00:00:00.0000000,Male,Black,18,NULL,NULL,NULL,Not of Hispanic Origin,,0,NULL,,NULL
,26660044035,FC21002961,2021-08-02 12:46:00.0000000,Male,Black,39,Medium,NULL,NULL,Not of Hispanic Origin,,0,MA,,0
,26660786019,FC21002962,2021-08-02 18:20:00.0000000,Male,Black,27,Stocky,Afro,Medium Brown,Not of Hispanic Origin,,0,MA,Class D,0
,26661130126,FC21002963,2021-08-02 18:59:00.0000000,Male,Black,30,Medium,NULL,NULL,Not of Hispanic Origin,,0,MA,Class D,1
,26661145826,FC21002963,2021-08-02 18:59:00.0000000,Female,Black,29,NULL,NULL,NULL,NULL,,0,MA,,1
,26661167552,FC21002964,2021-08-02 19:15:00.0000000,Male,White,33,Medium,NULL,NULL,Hispanic Origin,,0,MA,Class D,0
,26661170425,FC21002964,2021-08-02 19:15:00.0000000,Male,White,24,Medium,Braided,Light Brown,NULL,,0,MA,,0
,26661173462,FC21002964,2021-08-02 19:15:00.0000000,Male,White,22,Thin,NULL,NULL,Hispanic Origin,,0,MA,,0
,26664274603,FC21002965,2021-08-02 22:40:00.0000000,Male,Black,24,Thin,NULL,NULL,Not of Hispanic Origin,,0,MA,Class D,0
,26665366988,FC21002966,2021-08-03 01:32:00.0000000,Male,Black,46,Muscular,NULL,NULL,Not of Hispanic Origin,,0,MA,,NULL
,26665366988,FC21002966,2021-08-03 01:32:00.0000000,Male,Black,46,Muscular,NULL,NULL,Not of Hispanic Origin,,0,MA,,0
,26665126380,FC21002967,2021-08-03 04:45:00.0000000,Male,White,51,Medium,NULL,NULL,Not of Hispanic Origin,,0,MA,,0
,26665856417,FC21002969,2021-08-03 08:30:00.0000000,Male,Black,48,Medium,Dreadlocks,NULL,Not of Hispanic Origin,,0,MA,,0
,26666752399,FC21002970,2021-08-03 13:05:00.0000000,Male,Unknown,NULL,NULL,NULL,NULL,Unknown,,0,NULL,,NULL
,26666767643,FC21002970,2021-08-03 13:05:00.0000000,Male,Other,50,NULL,NULL,NULL,Hispanic Origin,,0,MA,Class D,0
,26666856030,FC21002971,2021-08-03 14:05:00.0000000,Male,Black,33,Medium,Braided,Dark Brown,Not of Hispanic Origin,,0,MA,Class D,0
,26667003628,FC21002972,2021-08-03 11:15:00.0000000,Female,White,52,Heavy,NULL,NULL,Not of Hispanic Origin,,0,MA,,0
,26667138901,FC21002973,2021-08-03 14:10:00.0000000,Female,Black,27,Medium,NULL,NULL,Not of Hispanic Origin,,0,MA,,0
,26667147469,FC21002973,2021-08-03 14:10:00.0000000,Male,Black,18,NULL,NULL,NULL,NULL,,0,MA,,0
,26667149843,FC21002973,2021-08-03 14:10:00.0000000,Male,Black,22,Thin,NULL,NULL,Not of Hispanic Origin,,0,MA,,0
,26667216331,FC21002974,2021-08-03 14:45:00.0000000,Male,Black,28,Muscular,Wavy,Medium,NULL,,0,MA,Class D,1
,26667385664,FC21002975,2021-08-02 11:00:00.0000000,Female,White,34,NULL,NULL,NULL,Not of Hispanic Origin,,0,NULL,,1
,26667898322,FC21002976,2021-08-03 17:46:00.0000000,Male,Black,21,Thin,NULL,NULL,Not of Hispanic Origin,,0,MA,,1
,26668148229,FC21002977,2021-08-03 18:10:00.0000000,Male,Black,21,NULL,NULL,NULL,Hispanic Origin,,0,NULL,,1
,26668154653,FC21002978,2021-06-28 01:29:00.0000000,Female,Unknown,33,NULL,NULL,NULL,Unknown,,0,MA,Class D,NULL
,26668158883,FC21002978,2021-06-28 01:29:00.0000000,Male,Black,63,Thin,Short,Medium Brown,NULL,,0,MA,,0
,26668153173,FC21002979,2021-08-03 17:14:00.0000000,Male,Black,32,Medium,Short,NULL,Not of Hispanic Origin,,0,MA,,1
,26668153988,FC21002979,2021-08-03 17:14:00.0000000,Female,Black,21,Medium,Short,Medium,Not of Hispanic Origin,,0,MA,,1
,26668394776,FC21002980,2021-08-03 00:15:00.0000000,Male,White,24,NULL,NULL,NULL,Not of Hispanic Origin,,0,MA,,0
,26668547125,FC21002981,2021-08-03 21:40:00.0000000,Male,White,35,Thin,NULL,NULL,NULL,,0,MA,,0
,26668549425,FC21002981,2021-08-03 21:40:00.0000000,Male,White,52,Muscular,NULL,NULL,Not of Hispanic Origin,,0,MA,,0
,26668551014,FC21002981,2021-08-03 21:40:00.0000000,Male,White,38,Medium,Unkempt,Light,Not of Hispanic Origin,,0,MA,,0
,26668554679,FC21002981,2021-08-03 21:40:00.0000000,Male,White,35,Thin,NULL,Medium,NULL,,0,MA,,0
,26668556686,FC21002982,2021-08-03 18:50:00.0000000,Male,Black,34,Medium,Short,NULL,NULL,,0,MA,,1
,26668557131,FC21002982,2021-08-03 18:50:00.0000000,Male,Black,32,Medium,Short,NULL,Not of Hispanic Origin,,0,MA,,1
,26668561485,FC21002982,2021-08-03 18:50:00.0000000,Female,Unknown,28,NULL,NULL,NULL,NULL,,0,MA,Class D,NULL
,26668601992,FC21002983,2021-08-03 21:32:00.0000000,Male,White,39,Medium,NULL,NULL,Not of Hispanic Origin,,0,MA,,1
,26668740399,FC21002985,2021-08-03 00:00:00.0000000,Male,Black,25,Thin,Braided,NULL,Not of Hispanic Origin,,0,MA,Class D,0
,26668754981,FC21002985,2021-08-03 00:00:00.0000000,Female,Unknown,22,NULL,NULL,NULL,NULL,,0,NULL,,NULL
,26670061830,FC21002986,2021-08-03 13:00:00.0000000,Male,Black,32,Thin,NULL,NULL,Not of Hispanic Origin,,0,MA,Class D,0
,26670065620,FC21002986,2021-08-03 13:00:00.0000000,Female,Black,24,NULL,NULL,NULL,Unknown,,0,MA,Class D,NULL
,26670006802,FC21002987,2021-08-03 22:10:00.0000000,Male,Black,21,NULL,NULL,NULL,Unknown,,0,MA,Class D,1
,26670014817,FC21002987,2021-08-03 22:10:00.0000000,Male,Black,21,Thin,Braided,NULL,Unknown,,0,MA,ID Only - Never had Personal Driver License,1
,26672209106,FC21002988,2021-08-04 00:42:00.0000000,Male,White,38,Medium,Short,Light,Not of Hispanic Origin,,0,MA,,0
,26673545843,FC21002989,2021-08-04 00:00:00.0000000,Male,White,27,Medium,Short,Light,NULL,,0,MA,,1
,26673547593,FC21002989,2021-08-04 00:00:00.0000000,Female,Unknown,21,NULL,NULL,NULL,NULL,,0,NULL,,0
,26673582808,FC21002990,2021-08-03 05:50:00.0000000,Male,White,25,Thin,Straight,Medium Brown,Hispanic Origin,,0,MA,,0
,26675465442,FC21002992,2021-08-04 12:01:00.0000000,Male,Black,26,NULL,NULL,NULL,Hispanic Origin,,0,MA,"ID - Had a License, now has ID",1
,26684278681,FC21002993,2021-08-04 11:11:00.0000000,Male,Black,53,Thin,NULL,NULL,Not of Hispanic Origin,,0,MA,,0
,26684836122,FC21002994,2021-08-04 16:30:00.0000000,Male,Black,22,Thin,Short,Medium,Unknown,,0,MA,Class D,0
,26685097442,FC21002995,2021-08-04 16:54:00.0000000,Male,Black,18,NULL,NULL,NULL,NULL,,0,MA,ID Only - Never had Personal Driver License,0
,26685097972,FC21002995,2021-08-04 16:54:00.0000000,Male,Black,20,NULL,NULL,NULL,NULL,,0,MA,ID Only - Never had Personal Driver License,0
,26685098232,FC21002995,2021-08-04 16:54:00.0000000,Male,Black,19,NULL,NULL,NULL,Hispanic Origin,,0,MA,Class D,0
,26685098462,FC21002995,2021-08-04 16:54:00.0000000,Male,Black,20,NULL,NULL,NULL,Not of Hispanic Origin,,0,MA,None,0
,26685654794,FC21002997,2021-08-04 17:33:00.0000000,Male,Black,55,Medium,NULL,NULL,Not of Hispanic Origin,,0,MA,Class D,0
,26685589462,FC21002998,2021-08-04 16:29:00.0000000,Female,Black,67,NULL,NULL,NULL,Not of Hispanic Origin,,0,MA,Class D,NULL
,26685613281,FC21002998,2021-08-04 16:29:00.0000000,Male,Unknown,62,NULL,NULL,NULL,Not of Hispanic Origin,,0,MA,Class D,0
,26685399657,FC21002999,2021-08-04 18:20:00.0000000,Male,Black,24,Thin,Short,NULL,NULL,,0,MA,,1
,26685502158,FC21003000,2021-08-04 15:25:00.0000000,Male,Black,26,Medium,Braided,Medium Brown,Not of Hispanic Origin,,0,MA,,0
,26685861375,FC21003001,2021-08-02 19:44:00.0000000,Male,Black,19,Thin,NULL,Dark Brown,Not of Hispanic Origin,,0,MA,ID Only - Never had Personal Driver License,1
,26685881603,FC21003001,2021-08-02 19:44:00.0000000,Male,Black,19,NULL,NULL,NULL,Not of Hispanic Origin,,0,MA,,1
,26685908228,FC21003001,2021-08-02 19:44:00.0000000,Male,Black,20,Thin,NULL,NULL,Not of Hispanic Origin,,0,MA,,1
,26685925090,FC21003001,2021-08-02 19:44:00.0000000,Male,Black,20,Thin,Afro,Medium Brown,Not of Hispanic Origin,,0,MA,Class D,0
,26685866083,FC21003002,2021-08-03 22:25:00.0000000,Male,Black,26,Medium,Curly,Dark Brown,Not of Hispanic Origin,,0,MA,,NULL
,26685869545,FC21003002,2021-08-03 22:25:00.0000000,Male,Black,26,Medium,NULL,NULL,Not of Hispanic Origin,,0,MA,Class D,NULL
,26685869545,FC21003002,2021-08-03 22:25:00.0000000,Male,Black,26,Medium,NULL,NULL,Not of Hispanic Origin,,0,MA,Class D,1
,26685878727,FC21003002,2021-08-03 22:25:00.0000000,Female,Black,22,NULL,NULL,NULL,Not of Hispanic Origin,,0,MA,Class D,NULL
,26685878727,FC21003002,2021-08-03 22:25:00.0000000,Female,Black,22,NULL,NULL,NULL,Not of Hispanic Origin,,0,MA,Class D,NULL
,26685878727,FC21003002,2021-08-03 22:25:00.0000000,Female,Black,22,NULL,NULL,NULL,Not of Hispanic Origin,,0,MA,Class D,1
,26686511952,FC21003003,2021-08-04 00:55:00.0000000,NULL,NULL,NULL,NULL,NULL,NULL,NULL,,0,NULL,,NULL
,26686520349,FC21003003,2021-08-04 00:55:00.0000000,Male,Black,33,Medium,NULL,NULL,Not of Hispanic Origin,,0,MA,,0
,26686529929,FC21003003,2021-08-04 00:55:00.0000000,Male,Black,NULL,NULL,Bald or Balding,Light Brown,Unknown,,0,NULL,,NULL
,26687107945,FC21003004,2021-08-05 04:35:00.0000000,Male,White,36,Medium,Short,NULL,Not of Hispanic Origin,,0,MA,"ID - Had a License, now has ID",1
,26687110414,FC21003004,2021-08-05 04:35:00.0000000,Female,White,33,NULL,NULL,NULL,NULL,,0,MA,,0
,26687971215,FC21003005,2021-08-05 10:25:00.0000000,Male,White,57,NULL,NULL,NULL,Unknown,,0,MA,,1
,26689544520,FC21003006,2021-08-05 14:30:00.0000000,Male,Black,24,Thin,Curly,Medium,NULL,,0,MA,,0
,26690100588,FC21003007,2021-08-05 15:55:00.0000000,Male,Black,19,Thin,NULL,Dark Brown,Not of Hispanic Origin,,0,MA,ID Only - Never had Personal Driver License,1
,26691597068,FC21003008,2021-08-05 12:19:00.0000000,Male,Black,26,Medium,Short,Medium Brown,Not of Hispanic Origin,,0,MA,,0
,26693302997,FC21003009,2021-08-04 00:00:00.0000000,Male,Black,21,Thin,NULL,NULL,Not of Hispanic Origin,,0,MA,,0
,26696228932,FC21003010,2021-08-05 19:51:00.0000000,Male,White,43,NULL,NULL,NULL,Unknown,,0,NULL,,0
,26705590373,FC21003011,2021-08-04 02:54:00.0000000,Female,Black,19,Medium,NULL,NULL,Not of Hispanic Origin,,0,MA,Class D,0
,26705615333,FC21003011,2021-08-04 02:54:00.0000000,Male,Black,18,NULL,NULL,NULL,Hispanic Origin,,0,MA,Class D,NULL
,26713952039,FC21003012,2021-08-05 00:23:00.0000000,Female,White,25,NULL,NULL,NULL,Not of Hispanic Origin,,0,MA,Class D,0
,26716803855,FC21003013,2021-08-06 02:06:00.0000000,Male,Black,31,Thin,NULL,Dark Brown,Not of Hispanic Origin,,0,MA,Class D,0
,26720089416,FC21003014,2021-08-06 02:06:00.0000000,Male,Black,24,Medium,NULL,Medium Brown,NULL,,0,MA,,0
,26720093231,FC21003014,2021-08-06 02:06:00.0000000,Female,White,27,Thin,NULL,NULL,Hispanic Origin,,0,MA,,0
,26722626882,FC21003015,2021-08-06 10:48:00.0000000,Male,Black,33,Thin,Short,Dark Brown,Unknown,,0,MA,Class D,0
,26722825700,FC21003016,2021-08-06 11:25:00.0000000,Male,White,NULL,NULL,NULL,NULL,Not of Hispanic Origin,,0,NULL,,0
,26722833058,FC21003016,2021-08-06 11:25:00.0000000,Male,White,28,Medium,NULL,NULL,Not of Hispanic Origin,,0,MA,Class D,NULL
,26723611557,FC21003017,2021-08-06 11:50:00.0000000,Male,Black,28,Medium,Short,Medium Brown,Hispanic Origin,,0,MA,,NULL
,26723611557,FC21003017,2021-08-06 11:50:00.0000000,Male,Black,28,Medium,Short,Medium Brown,Hispanic Origin,,0,MA,,1
,26724002587,FC21003018,2021-08-06 13:57:00.0000000,Female,White,37,Thin,Straight,OTHER,Not of Hispanic Origin,,0,MA,No License - Record Only,0
,26724020130,FC21003019,2021-08-06 12:00:00.0000000,Male,White,67,Thin,NULL,NULL,Not of Hispanic Origin,,0,MA,,1
,26724024499,FC21003019,2021-08-06 12:00:00.0000000,Male,White,58,NULL,NULL,NULL,Unknown,,0,NULL,,1
,26724029875,FC21003019,2021-08-06 12:00:00.0000000,Male,White,39,Medium,NULL,NULL,Hispanic Origin,,0,MA,,1
,26725205539,FC21003020,2021-08-06 15:18:00.0000000,Male,White,33,Medium,NULL,NULL,Not of Hispanic Origin,,0,MA,Class D,0
,26791998269,FC21003021,2021-08-06 21:37:00.0000000,Male,Black,33,Medium,NULL,NULL,Not of Hispanic Origin,,0,MA,,0
,26797173431,FC21003022,2021-08-04 13:49:00.0000000,Male,Other,17,NULL,NULL,NULL,Hispanic Origin,,0,NULL,,1
,26797173724,FC21003022,2021-08-04 13:49:00.0000000,Male,Unknown,18,NULL,NULL,NULL,Hispanic Origin,,0,NULL,,1
,26797173870,FC21003022,2021-08-04 13:49:00.0000000,Male,Other,52,NULL,NULL,NULL,Hispanic Origin,,0,NULL,,1
,26801057265,FC21003023,2021-08-07 12:15:00.0000000,Male,Black,31,Thin,Afro,Medium Brown,NULL,,0,MA,,1
,26801068510,FC21003024,2021-08-07 13:43:00.0000000,Male,White,62,NULL,NULL,NULL,Unknown,,0,NULL,,NULL
,26801078499,FC21003024,2021-08-07 13:43:00.0000000,Male,White,20,NULL,NULL,NULL,Unknown,,0,NULL,,0
,26806612347,FC21003025,2021-08-07 17:15:00.0000000,Male,Black,39,Medium,Other,NULL,Not of Hispanic Origin,,0,MA,,0
,26806618789,FC21003025,2021-08-07 17:15:00.0000000,Male,White,36,Thin,NULL,NULL,Not of Hispanic Origin,,0,MA,,0
,26806619405,FC21003025,2021-08-07 17:15:00.0000000,Male,White,69,NULL,NULL,NULL,Not of Hispanic Origin,,0,NULL,,0
,26806622229,FC21003025,2021-08-07 17:15:00.0000000,Male,White,33,Medium,NULL,NULL,Not of Hispanic Origin,,0,MA,,0
,26807930584,FC21003026,2021-08-07 19:07:00.0000000,Male,Black,19,Thin,NULL,Dark Brown,Not of Hispanic Origin,,0,MA,ID Only - Never had Personal Driver License,1
,26807932384,FC21003026,2021-08-07 19:07:00.0000000,Female,Black,18,NULL,NULL,NULL,NULL,,0,NULL,,0
,26807936393,FC21003026,2021-08-07 19:07:00.0000000,Male,Black,20,Thin,NULL,NULL,Not of Hispanic Origin,,0,MA,,0
,26807947677,FC21003026,2021-08-07 19:07:00.0000000,Female,NULL,18,NULL,NULL,NULL,NULL,,0,NULL,,0
,26807971580,FC21003027,2021-08-06 21:39:00.0000000,Male,Black,41,Medium,NULL,NULL,Not of Hispanic Origin,,0,MA,,1
,26808141780,FC21003028,2021-08-07 21:10:00.0000000,Male,White,40,NULL,NULL,NULL,Unknown,,0,NULL,,0
,26808173785,FC21003029,2021-08-07 16:31:00.0000000,Male,Black,34,Thin,NULL,Medium Brown,Not of Hispanic Origin,,0,MA,,0
,26808181844,FC21003029,2021-08-07 16:31:00.0000000,Male,Black,43,NULL,NULL,NULL,Not of Hispanic Origin,,0,MA,Class D,0
,26808194792,FC21003029,2021-08-07 16:31:00.0000000,Male,Black,26,Heavy,Short,Dark Brown,Not of Hispanic Origin,,0,MA,ID Only - Never had Personal Driver License,0
,26808195707,FC21003029,2021-08-07 16:31:00.0000000,Male,White,40,Thin,NULL,NULL,Hispanic Origin,,0,MA,,0
,26813866011,FC21003030,2021-08-07 17:59:00.0000000,Male,Black,24,Medium,Short,Medium,Hispanic Origin,,0,MA,,1
,26813867976,FC21003030,2021-08-07 17:59:00.0000000,Male,Black,22,Thin,Corn Rows,Dark,Hispanic Origin,,0,MA,Class D,1
,26814958087,FC21003031,2021-08-07 21:00:00.0000000,Male,White,28,Thin,Braided,Light,Hispanic Origin,,0,MA,Class D,0
,26815009693,FC21003031,2021-08-07 21:00:00.0000000,Male,White,23,Medium,NULL,NULL,Hispanic Origin,,0,MA,Class D,0
,26815300203,FC21003031,2021-08-07 21:00:00.0000000,Female,White,21,NULL,NULL,NULL,Hispanic Origin,,0,MA,Class D,0
,26815461891,FC21003031,2021-08-07 21:00:00.0000000,Female,White,23,NULL,NULL,NULL,Not of Hispanic Origin,,0,MA,Class D,0
,26815531222,FC21003031,2021-08-07 21:00:00.0000000,Male,Black,29,Thin,Braided,Medium,Hispanic Origin,,0,MA,,0
,26815616803,FC21003031,2021-08-07 21:00:00.0000000,Male,Black,38,Muscular,NULL,NULL,Not of Hispanic Origin,,0,MA,,0
,26816306655,FC21003031,2021-08-07 21:00:00.0000000,Male,Black,29,Medium,NULL,NULL,Not of Hispanic Origin,,0,MA,,0
,26816480322,FC21003031,2021-08-07 21:00:00.0000000,Male,Black,18,Medium,Short,Dark Brown,Not of Hispanic Origin,,0,MA,,0
,26816653338,FC21003031,2021-08-07 21:00:00.0000000,Male,Black,24,Medium,Short,Medium,Not of Hispanic Origin,,0,MA,Class D,0
,26819903515,FC21003033,2021-08-08 12:08:00.0000000,Male,White,64,Medium,Short,NULL,Not of Hispanic Origin,,0,MA,,1
,26820202975,FC21003034,2021-08-08 13:25:00.0000000,Male,Black,27,Medium,Curly,NULL,Not of Hispanic Origin,,0,MA,ID Only - Never had Personal Driver License,0
,26820215606,FC21003034,2021-08-08 13:25:00.0000000,Female,White,31,NULL,NULL,NULL,Hispanic Origin,,0,MA,,0
,26820919990,FC21003035,2021-08-08 18:01:00.0000000,Male,White,21,Obese,Braided,Light,Not of Hispanic Origin,,0,MA,No License - Record Only,0
,26820920702,FC21003035,2021-08-08 18:01:00.0000000,Male,Black,19,Medium,Short,Dark Brown,Not of Hispanic Origin,,0,MA,,0
,26821083245,FC21003036,2021-08-08 17:55:00.0000000,Male,White,41,NULL,NULL,NULL,Not of Hispanic Origin,,0,MA,,1
,26821186486,FC21003037,2021-08-08 12:05:00.0000000,Female,White,33,NULL,NULL,NULL,NULL,,0,NULL,,0
,26821573931,FC21003038,2021-08-08 19:37:00.0000000,Male,Black,24,Thin,Curly,Medium,NULL,,0,MA,,0
,26821579108,FC21003038,2021-08-08 19:37:00.0000000,Male,Black,30,Medium,Curly,NULL,Not of Hispanic Origin,,0,MA,,0
,26821580118,FC21003038,2021-08-08 19:37:00.0000000,Male,Black,23,Medium,Short,Light Brown,Hispanic Origin,,0,MA,Class D,0
,26821591190,FC21003039,2021-08-08 22:50:00.0000000,Male,Black,26,NULL,NULL,NULL,NULL,,0,NULL,,0
,26822267754,FC21003042,2021-08-09 01:13:00.0000000,Male,Black,19,Thin,NULL,Dark Brown,Not of Hispanic Origin,,0,MA,ID Only - Never had Personal Driver License,NULL
,26822267754,FC21003042,2021-08-09 01:13:00.0000000,Male,Black,19,Thin,NULL,Dark Brown,Not of Hispanic Origin,,0,MA,ID Only - Never had Personal Driver License,1
,26822267802,FC21003042,2021-08-09 01:13:00.0000000,Male,Black,20,Thin,Afro,NULL,Not of Hispanic Origin,,0,MA,,NULL
,26822267802,FC21003042,2021-08-09 01:13:00.0000000,Male,Black,20,Thin,Afro,NULL,Not of Hispanic Origin,,0,MA,,1
,26822267855,FC21003042,2021-08-09 01:13:00.0000000,Female,Black,30,NULL,NULL,NULL,Not of Hispanic Origin,,0,MA,Class D,NULL
,26822267855,FC21003042,2021-08-09 01:13:00.0000000,Female,Black,30,NULL,NULL,NULL,Not of Hispanic Origin,,0,MA,Class D,1
,26823260240,FC21003043,2021-08-09 09:37:00.0000000,Unknown,Unknown,NULL,NULL,NULL,NULL,NULL,,0,NULL,,NULL
,26823272811,FC21003043,2021-08-09 09:37:00.0000000,Male,Black,45,Medium,NULL,NULL,Not of Hispanic Origin,,0,MA,Class D,0
,26823276803,FC21003043,2021-08-09 09:37:00.0000000,Female,White,26,NULL,NULL,NULL,NULL,,0,NULL,,0
,26825014816,FC21003044,2021-08-09 13:40:00.0000000,Male,Asian,43,NULL,NULL,NULL,Not of Hispanic Origin,,0,MA,Class D,0
,26825399011,FC21003045,2021-08-09 10:45:00.0000000,Male,Black,25,Heavy,Dreadlocks,Dark,Unknown,,0,MA,,1
,26829336081,FC21003046,2021-08-09 16:10:00.0000000,Male,Black,24,Medium,Short,Dark Brown,Not of Hispanic Origin,,0,MA,ID Only - Never had Personal Driver License,0
,26829364170,FC21003046,2021-08-09 16:10:00.0000000,Male,Black,16,Medium,Short,Medium Brown,Not of Hispanic Origin,,0,MA,,0
,26830741774,FC21003047,2021-08-09 16:30:00.0000000,Male,Black,33,Medium,Dreadlocks,NULL,Not of Hispanic Origin,,0,MA,,0
,26832385629,FC21003048,2021-08-09 17:16:00.0000000,Male,White,43,Thin,NULL,NULL,Hispanic Origin,,0,MA,Class D,0
,26832400183,FC21003048,2021-08-09 17:16:00.0000000,Male,Black,23,Obese,Short,Dark Brown,Not of Hispanic Origin,,0,NULL,,0
,26832418334,FC21003048,2021-08-09 17:16:00.0000000,Male,Black,29,Thin,NULL,NULL,Hispanic Origin,,0,MA,,0
,26834559371,FC21003049,2021-08-09 17:04:00.0000000,Male,Black,37,Thin,Short,Dark Brown,Not of Hispanic Origin,,0,MA,Class D,0
,26835411764,FC21003050,2021-08-09 16:44:00.0000000,Male,White,56,NULL,NULL,NULL,NULL,,0,MA,Class D,0
,26836660912,FC21003051,2021-08-09 17:40:00.0000000,Male,White,23,Medium,NULL,NULL,Hispanic Origin,,0,MA,Class D,0
,26836680129,FC21003051,2021-08-09 17:40:00.0000000,Male,Black,36,Medium,NULL,Brown,Not of Hispanic Origin,,0,MA,Class D,0
,26840408838,FC21003052,2021-08-09 00:00:00.0000000,Male,Black,44,Medium,NULL,NULL,Not of Hispanic Origin,,0,MA,,0
,26842009198,FC21003053,2021-08-09 19:49:00.0000000,Male,Black,26,Medium,Twists,Medium Brown,Not of Hispanic Origin,,0,MA,ID Only - Never had Personal Driver License,NULL
,26842009198,FC21003053,2021-08-09 19:49:00.0000000,Male,Black,26,Medium,Twists,Medium Brown,Not of Hispanic Origin,,0,MA,ID Only - Never had Personal Driver License,1
,26842968700,FC21003054,2021-08-09 00:00:00.0000000,Male,Black,24,Medium,Short,Dark Brown,Not of Hispanic Origin,,0,MA,ID Only - Never had Personal Driver License,1
,26842975111,FC21003054,2021-08-09 00:00:00.0000000,Male,NULL,29,NULL,NULL,NULL,NULL,,0,NULL,,NULL
,26843090141,FC21003055,2021-08-04 19:33:00.0000000,Male,Black,29,Thin,NULL,NULL,Not of Hispanic Origin,,0,MA,,0
,26843094726,FC21003056,2021-08-06 19:25:00.0000000,Male,Black,19,Thin,NULL,NULL,Not of Hispanic Origin,,0,MA,,1
,26843097181,FC21003056,2021-08-06 19:25:00.0000000,Female,Black,17,Medium,NULL,NULL,Hispanic Origin,,0,MA,,0
,26843138606,FC21003057,2021-08-04 22:48:00.0000000,Male,Black,19,Thin,NULL,NULL,Not of Hispanic Origin,,0,MA,,1
,26843194068,FC21003057,2021-08-04 22:48:00.0000000,Male,Black,27,Thin,NULL,NULL,Not of Hispanic Origin,,0,MA,Class D,1
,26843200548,FC21003057,2021-08-04 22:48:00.0000000,Male,Black,22,Medium,Braided,Medium,Not of Hispanic Origin,,0,MA,No License - Record Only,1
,26843573956,FC21003058,2021-08-09 22:08:00.0000000,Male,Black,30,Medium,NULL,NULL,Hispanic Origin,,0,MA,,1
,26843574210,FC21003058,2021-08-09 22:08:00.0000000,Male,White,44,NULL,NULL,NULL,Hispanic Origin,,0,NH,,1
,26843574558,FC21003058,2021-08-09 22:08:00.0000000,Male,Black,39,NULL,NULL,NULL,Hispanic Origin,,0,NULL,,1
,26843574814,FC21003058,2021-08-09 22:08:00.0000000,Female,White,35,NULL,NULL,NULL,Not of Hispanic Origin,,0,MA,,1
,26844636744,FC21003059,2021-08-10 00:43:00.0000000,Male,Black,39,Medium,NULL,NULL,Not of Hispanic Origin,,0,MA,Class D,0
,26844992859,FC21003060,2021-08-10 02:30:00.0000000,Male,Black,38,NULL,NULL,NULL,NULL,,0,NULL,,0
,26845145193,FC21003061,2021-08-10 02:00:00.0000000,Male,White,30,Heavy,NULL,NULL,Hispanic Origin,,0,MA,,0
,26845146136,FC21003061,2021-08-10 02:00:00.0000000,Male,White,28,Thin,Braided,Light,Hispanic Origin,,0,MA,Class D,0
,26845217407,FC21003062,2021-08-10 01:37:00.0000000,Male,White,30,Medium,NULL,NULL,Not of Hispanic Origin,,0,MA,Class D,1
,26845220306,FC21003062,2021-08-10 01:37:00.0000000,Female,White,35,NULL,NULL,NULL,Not of Hispanic Origin,,0,NULL,,0
,26845353066,FC21003063,2021-08-10 03:34:00.0000000,Male,White,42,Medium,NULL,NULL,Hispanic Origin,,0,MA,Class D,0
,26863808984,FC21003066,2021-08-10 17:09:00.0000000,Male,Black,20,NULL,NULL,NULL,NULL,,0,MA,Class D,0
,26863993610,FC21003066,2021-08-10 17:09:00.0000000,Male,Black,22,Thin,NULL,NULL,Not of Hispanic Origin,,0,MA,ID Only - Never had Personal Driver License,0
,26865243478,FC21003067,2021-08-10 17:18:00.0000000,Female,White,34,NULL,NULL,NULL,NULL,,0,MA,,0
,26868987566,FC21003068,2021-08-10 15:45:00.0000000,Male,White,38,NULL,NULL,NULL,Not of Hispanic Origin,,0,MA,Class D,0
,26869321020,FC21003069,2021-08-10 18:00:00.0000000,Male,White,23,Medium,Braided,Light,NULL,,0,MA,,1
,26869346959,FC21003069,2021-08-10 18:00:00.0000000,Male,White,28,Thin,Braided,Light,Hispanic Origin,,0,MA,,1
,26869642814,FC21003070,2021-08-10 09:15:00.0000000,Male,Black,51,Thin,Bald or Balding,Medium,Not of Hispanic Origin,,0,FL,Class D,0
,26893403866,FC21003072,2021-08-11 02:15:00.0000000,Male,Black,32,Thin,Short,Dark Brown,Not of Hispanic Origin,,0,MA,Personal Driver License,1
,26893538143,FC21003072,2021-08-11 02:15:00.0000000,Male,White,29,Medium,Wavy,Light Brown,Hispanic Origin,,0,MA,No License - Record Only,1
,26900204027,FC21003073,2021-08-11 02:33:00.0000000,Male,Black,29,Thin,Short,Medium Brown,Not of Hispanic Origin,,0,MA,,1
,26900781861,FC21003074,2021-08-11 01:00:00.0000000,Male,White,45,NULL,NULL,NULL,Not of Hispanic Origin,,0,MA,Class D,0
,26901193070,FC21003075,2021-08-11 00:00:00.0000000,Male,Black,36,NULL,NULL,Light Brown,Hispanic Origin,,0,MA,,0
,26905281121,FC21003076,2021-08-11 15:17:00.0000000,Male,White,44,NULL,NULL,NULL,Not of Hispanic Origin,,0,MA,,0
,26912889806,FC21003077,2021-08-10 17:00:00.0000000,Male,Black,28,Medium,Dreadlocks,Medium Brown,Not of Hispanic Origin,,0,MA,,0
,26912974370,FC21003077,2021-08-10 17:00:00.0000000,Female,White,23,Heavy,NULL,NULL,Hispanic Origin,,0,MA,,NULL
,26913377656,FC21003078,2021-08-11 13:00:00.0000000,Female,White,33,NULL,NULL,NULL,Not of Hispanic Origin,,0,NULL,,0
,26913382255,FC21003078,2021-08-11 13:00:00.0000000,Male,Black,25,Medium,NULL,NULL,Not of Hispanic Origin,,0,MA,,0
,26913581141,FC21003079,2021-08-11 14:40:00.0000000,Male,American Indian or Alaskan Native,44,Heavy,NULL,NULL,Not of Hispanic Origin,,0,MA,,NULL
,26913581141,FC21003079,2021-08-11 14:40:00.0000000,Male,American Indian or Alaskan Native,44,Heavy,NULL,NULL,Not of Hispanic Origin,,0,MA,,0
,26914417612,FC21003080,2021-08-11 18:20:00.0000000,Male,Black,23,Medium,Dreadlocks,Light Brown,Hispanic Origin,,0,MA,ID Only - Never had Personal Driver License,1
,26914451779,FC21003080,2021-08-11 18:20:00.0000000,Male,White,21,Obese,Braided,Light,Not of Hispanic Origin,,0,MA,No License - Record Only,1
,26914580620,FC21003080,2021-08-11 18:20:00.0000000,Male,Other,21,NULL,NULL,NULL,Hispanic Origin,,0,MA,Class D,1
,26915173973,FC21003081,2021-08-11 21:17:00.0000000,Male,Black,21,Medium,Braided,Dark,Not of Hispanic Origin,,0,MA,,1
,26921151449,FC21003082,2021-08-12 00:15:00.0000000,Male,White,38,Medium,NULL,NULL,Hispanic Origin,,0,MA,,0
,26922212139,FC21003083,2021-08-11 19:14:00.0000000,Male,Black,37,Thin,Short,Dark Brown,Not of Hispanic Origin,,0,MA,Class D,0
,26922423947,FC21003084,2021-08-12 01:45:00.0000000,Male,Black,23,Medium,Short,Medium Brown,NULL,,0,MA,,0
,26922424339,FC21003084,2021-08-12 01:45:00.0000000,Male,Black,38,Medium,NULL,NULL,Not of Hispanic Origin,,0,MA,ID Only - Never had Personal Driver License,0
,26922425251,FC21003084,2021-08-12 01:45:00.0000000,Male,White,26,Stocky,Short,Light Brown,Not of Hispanic Origin,,0,MA,,0
,26922443924,FC21003084,2021-08-12 01:45:00.0000000,Female,White,19,NULL,NULL,NULL,Not of Hispanic Origin,,0,MA,Class D,0
,26922449589,FC21003084,2021-08-12 01:45:00.0000000,Female,White,18,NULL,NULL,NULL,Not of Hispanic Origin,,0,MA,Class D,0
,26922456045,FC21003084,2021-08-12 01:45:00.0000000,Female,White,18,NULL,NULL,NULL,Not of Hispanic Origin,,0,NULL,,0
,26922565956,FC21003085,2021-08-12 03:05:00.0000000,Male,White,57,Thin,Short,Light,Not of Hispanic Origin,,0,MA,,0
,26922674850,FC21003086,2021-08-12 02:06:00.0000000,Male,White,38,Medium,NULL,NULL,Hispanic Origin,,0,MA,,0
,26922805944,FC21003087,2021-08-12 03:09:00.0000000,Male,Black,23,Thin,Short,Medium Brown,Not of Hispanic Origin,,0,MA,,1
,26922806217,FC21003087,2021-08-12 03:09:00.0000000,Male,Black,25,NULL,NULL,NULL,Hispanic Origin,,0,MA,,1
,26922806298,FC21003087,2021-08-12 03:09:00.0000000,Male,Black,22,Unknown,NULL,NULL,Unknown,,0,MA,Class D,0
,26926043345,FC21003088,2021-08-12 07:57:00.0000000,Male,White,25,NULL,NULL,NULL,NULL,,0,NULL,,0
,26926816911,FC21003089,2021-08-12 08:00:00.0000000,Male,Black,37,Thin,Short,Dark Brown,Not of Hispanic Origin,,0,MA,Class D,0
,26927807081,FC21003090,2021-08-12 10:39:00.0000000,Female,White,31,NULL,NULL,NULL,Not of Hispanic Origin,,0,MA,,0
,26927740190,FC21003091,2021-08-12 10:25:00.0000000,Male,Black,60,Medium,NULL,NULL,Not of Hispanic Origin,,0,MA,,0
,26928143582,FC21003092,2021-08-12 15:28:00.0000000,Male,Black,27,Medium,Short,Dark,Not of Hispanic Origin,,0,MA,ID Only - Never had Personal Driver License,0
,26928144135,FC21003092,2021-08-12 15:28:00.0000000,Male,Black,17,Thin,Afro,Dark Brown,NULL,,0,MA,,0
,26928144677,FC21003092,2021-08-12 15:28:00.0000000,Male,Black,29,Medium,NULL,NULL,Not of Hispanic Origin,,0,MA,Class D,0
,26928146564,FC21003092,2021-08-12 15:28:00.0000000,Male,Black,26,Heavy,Braided,Medium,NULL,,0,MA,ID Only - Never had Personal Driver License,0
,26928399112,FC21003092,2021-08-12 15:28:00.0000000,Male,Black,24,Medium,Short,Dark,Not of Hispanic Origin,,0,MA,,0
,26928153170,FC21003093,2021-08-11 19:10:00.0000000,Male,Black,34,Heavy,NULL,Medium Brown,Not of Hispanic Origin,,0,MA,,0
,26928178020,FC21003094,2021-08-11 16:00:00.0000000,Male,Black,16,Medium,Afro,Dark Brown,Not of Hispanic Origin,,0,MA,,1
,26928179037,FC21003094,2021-08-11 16:00:00.0000000,Male,Black,21,Thin,Unkempt,Light Brown,NULL,,0,MA,,1
,26928180106,FC21003094,2021-08-11 16:00:00.0000000,Male,Black,18,Thin,Short,Medium Brown,Not of Hispanic Origin,,0,MA,ID Only - Never had Personal Driver License,1
,26928181578,FC21003094,2021-08-11 16:00:00.0000000,Male,Black,32,Thin,Short,Medium Brown,Not of Hispanic Origin,,0,MA,Class D,0
,26928183485,FC21003094,2021-08-11 16:00:00.0000000,Male,Black,32,Thin,NULL,NULL,Not of Hispanic Origin,,0,MA,Class D,0
,26928187797,FC21003094,2021-08-11 16:00:00.0000000,Male,White,27,Thin,Short,NULL,Not of Hispanic Origin,,0,MA,Class D,0
,26928395176,FC21003095,2021-08-07 01:39:00.0000000,Female,Other,32,NULL,NULL,NULL,Hispanic Origin,,0,MA,Class D,0
,26928428756,FC21003096,2021-08-12 16:14:00.0000000,Male,Black,49,NULL,NULL,NULL,Not of Hispanic Origin,,0,NULL,,0
,26928748702,FC21003097,2021-08-12 17:00:00.0000000,Male,Other,57,NULL,NULL,NULL,NULL,,0,MA,ID Only - Never had Personal Driver License,0
,26928873061,FC21003098,2021-08-12 19:00:00.0000000,Male,Black,29,Thin,NULL,NULL,Not of Hispanic Origin,,0,MA,,0
,26928961398,FC21003099,2021-08-12 16:41:00.0000000,Female,White,21,Thin,Curly,Light Brown,Hispanic Origin,,0,MA,Class D,1
,26928963170,FC21003099,2021-08-12 16:41:00.0000000,Male,Black,22,Thin,NULL,NULL,Not of Hispanic Origin,,0,MA,,1
,26929001467,FC21003099,2021-08-12 16:41:00.0000000,Male,Black,23,Thin,NULL,NULL,Not of Hispanic Origin,,0,MA,,1
,26929003923,FC21003099,2021-08-12 16:41:00.0000000,Male,Black,30,Medium,NULL,NULL,Not of Hispanic Origin,,0,MA,Class D,1
,26929011428,FC21003099,2021-08-12 16:41:00.0000000,Male,Black,28,Medium,NULL,NULL,Not of Hispanic Origin,,0,MA,,1
,26929567024,FC21003099,2021-08-12 16:41:00.0000000,Male,Black,23,Unknown,NULL,NULL,Not of Hispanic Origin,,0,MA,,1
,26929143923,FC21003100,2021-08-12 19:28:00.0000000,Male,White,34,NULL,NULL,NULL,Hispanic Origin,,0,MA,Class D,0
,26929438913,FC21003101,2021-08-12 20:35:00.0000000,Male,Black,23,Unknown,NULL,NULL,Not of Hispanic Origin,,0,MA,,1
,26929572623,FC21003103,2021-08-12 20:59:00.0000000,Male,Black,47,Thin,Bald or Balding,Medium,Not of Hispanic Origin,,0,MA,Personal Driver License,1
,26930164279,FC21003104,2021-08-12 18:24:00.0000000,Male,Black,19,Thin,NULL,Dark Brown,NULL,,0,MA,,NULL
,26930164279,FC21003104,2021-08-12 18:24:00.0000000,Male,Black,19,Thin,NULL,Dark Brown,NULL,,0,MA,,1
,26930164288,FC21003104,2021-08-12 18:24:00.0000000,Male,Black,19,Stocky,Curly,Dark Brown,Not of Hispanic Origin,,0,MA,,1
,26930164288,FC21003104,2021-08-12 18:24:00.0000000,Male,Black,19,Stocky,Curly,Dark Brown,Not of Hispanic Origin,,0,MA,,NULL
,26930528637,FC21003105,2021-08-13 01:06:00.0000000,Male,White,42,Stocky,NULL,NULL,Not of Hispanic Origin,,0,MA,,0
,26931702091,FC21003107,2021-08-08 19:40:00.0000000,Male,White,22,Thin,NULL,NULL,Not of Hispanic Origin,,0,MA,"ID - Had a License, now has ID",1
,26931710898,FC21003107,2021-08-08 19:40:00.0000000,Male,Black,21,NULL,NULL,NULL,Not of Hispanic Origin,,0,MA,Class D,1
,26934493545,FC21003108,2021-08-07 18:14:00.0000000,Male,Other,NULL,NULL,NULL,NULL,Not of Hispanic Origin,,0,NULL,,NULL
,26934962318,FC21003108,2021-08-07 18:14:00.0000000,Male,Asian,44,NULL,NULL,NULL,Not of Hispanic Origin,,0,MA,Class D,0
,26936400717,FC21003109,2021-08-13 00:47:00.0000000,Male,Black,28,Muscular,Wavy,Medium,NULL,,0,MA,Class D,1
,26936411186,FC21003109,2021-08-13 00:47:00.0000000,Male,Black,25,Medium,Short,Dark Brown,Not of Hispanic Origin,,0,MA,Class D,1
,26936412411,FC21003109,2021-08-13 00:47:00.0000000,Female,Black,24,NULL,NULL,NULL,Not of Hispanic Origin,,0,NULL,,1
,26936164847,FC21003110,2021-08-12 00:00:00.0000000,Male,Black,37,Thin,Receding or Slightly Receding,Medium Brown,Not of Hispanic Origin,,0,MA,Class D,0
,26936907148,FC21003111,2021-08-13 18:40:00.0000000,Male,Black,33,Stocky,Bald or Balding,Light Brown,Hispanic Origin,,0,MA,Class D,0
,26938411965,FC21003112,2021-08-14 02:46:00.0000000,Male,Black,33,Thin,NULL,NULL,Not of Hispanic Origin,,0,MA,"ID - Had a License, now has ID",0
,26938416486,FC21003112,2021-08-14 02:46:00.0000000,Male,White,25,NULL,NULL,NULL,Hispanic Origin,,0,MA,Class D,0
,26938562827,FC21003113,2021-08-14 03:30:00.0000000,Male,Black,32,NULL,NULL,NULL,NULL,,0,MA,Class D,1
,26938941280,FC21003114,2021-08-14 00:00:00.0000000,Male,White,46,Medium,Short,Light,Not of Hispanic Origin,,0,MA,"ID - Had a License, now has ID",0
,26939025152,FC21003115,2021-08-13 12:42:00.0000000,Male,Black,19,Medium,Wavy,Medium,Not of Hispanic Origin,,0,MA,Class D,0
,26939043535,FC21003116,2021-08-14 21:17:00.0000000,Male,Black,22,NULL,NULL,NULL,NULL,,0,NULL,,1
,26939044239,FC21003116,2021-08-14 21:17:00.0000000,Female,Black,21,NULL,NULL,NULL,Unknown,,0,NULL,,1
,26939106454,FC21003116,2021-08-14 21:17:00.0000000,Male,Black,22,NULL,NULL,NULL,NULL,,0,MA,,1
,26939181802,FC21003117,2021-08-13 22:04:00.0000000,Male,Black,27,Thin,NULL,NULL,Not of Hispanic Origin,,0,MA,Class D,0
,26939690940,FC21003118,2021-08-14 14:30:00.0000000,Male,Black,21,NULL,NULL,NULL,Unknown,,0,MA,Class D,0
,26940362752,FC21003119,2021-08-14 18:00:00.0000000,Male,Black,29,Medium,Short,Light Brown,Hispanic Origin,,0,MA,Class D,1
,26940362752,FC21003119,2021-08-14 18:00:00.0000000,Male,Black,29,Medium,Short,Light Brown,Hispanic Origin,,0,MA,Class D,NULL
,26940815253,FC21003120,2021-08-14 00:00:00.0000000,Male,Black,NULL,NULL,NULL,NULL,Not of Hispanic Origin,,0,NULL,,0
,26940910375,FC21003121,2021-08-14 22:00:00.0000000,Male,Other,38,NULL,NULL,NULL,Hispanic Origin,,0,MA,Class D,0
,26940935114,FC21003121,2021-08-14 22:00:00.0000000,Male,Black,33,Medium,NULL,NULL,Not of Hispanic Origin,,0,MA,,0
,26941517122,FC21003122,2021-08-15 02:15:00.0000000,Male,Black,37,Thin,Receding or Slightly Receding,Medium Brown,Not of Hispanic Origin,,0,MA,Class D,0
,26941574106,FC21003123,2021-08-15 01:25:00.0000000,Male,Unknown,NULL,NULL,NULL,NULL,Not of Hispanic Origin,,0,NULL,,0
,26941710478,FC21003124,2021-08-15 01:19:00.0000000,Male,Black,23,Medium,Short,Dark Brown,Not of Hispanic Origin,,0,MA,Class D,1
,26942188522,FC21003125,2021-08-15 07:51:00.0000000,Male,Black,36,NULL,NULL,NULL,Unknown,,0,MA,,0
,26942353873,FC21003126,2021-08-15 09:30:00.0000000,Male,Black,29,Heavy,NULL,NULL,Not of Hispanic Origin,,0,MA,ID Only - Never had Personal Driver License,1
,26942554780,FC21003127,2021-08-15 10:50:00.0000000,Male,Other,42,Medium,NULL,NULL,Hispanic Origin,,0,MA,,0
,26944192083,FC21003128,2021-08-14 18:16:00.0000000,Male,Black,19,Medium,Braided,Dark,Not of Hispanic Origin,,0,MA,,0
,26943377614,FC21003129,2021-08-15 17:15:00.0000000,Male,White,33,NULL,NULL,NULL,Not of Hispanic Origin,,0,CO,,0
,26943699143,FC21003130,2021-08-15 19:38:00.0000000,Male,Black,39,Thin,NULL,NULL,Not of Hispanic Origin,,0,MA,,0
,26943814728,FC21003131,2021-08-15 17:45:00.0000000,Male,Black,21,Medium,NULL,Dark Brown,Not of Hispanic Origin,,0,MA,,0
,26943815734,FC21003131,2021-08-15 17:45:00.0000000,Male,Other,16,NULL,NULL,NULL,Not of Hispanic Origin,,0,NULL,,0
,26943843923,FC21003131,2021-08-15 17:45:00.0000000,Male,Black,15,Thin,Afro,Light Brown,NULL,,0,MA,,0
,26943831757,FC21003132,2021-08-15 19:51:00.0000000,Female,White,22,NULL,NULL,NULL,Unknown,,0,MA,Class D,0
,26943825132,FC21003133,2021-08-14 18:45:00.0000000,Female,Unknown,24,NULL,NULL,NULL,Unknown,,0,NULL,,NULL
,26943829239,FC21003133,2021-08-14 18:45:00.0000000,Male,Unknown,48,NULL,NULL,NULL,Unknown,,0,NULL,,0
,26943882519,FC21003134,2021-08-15 17:50:00.0000000,Female,White,31,Thin,NULL,Light,Not of Hispanic Origin,,0,MA,Class D,0
,26944184876,FC21003135,2021-08-15 21:41:00.0000000,Female,NULL,42,NULL,NULL,NULL,Not of Hispanic Origin,,0,MA,Class D,1
,26944186536,FC21003135,2021-08-15 21:41:00.0000000,Male,Black,30,Medium,NULL,NULL,Not of Hispanic Origin,,0,MA,,NULL
,26944216840,FC21003136,2021-08-14 12:00:00.0000000,Male,Black,20,Thin,Braided,Medium Brown,Not of Hispanic Origin,,0,MA,ID Only - Never had Personal Driver License,1
,26944220146,FC21003136,2021-08-14 12:00:00.0000000,Male,Black,18,Thin,NULL,NULL,Not of Hispanic Origin,,0,MA,Class D,NULL
,26944221891,FC21003136,2021-08-14 12:00:00.0000000,Male,Black,15,Medium,Short,Dark Brown,Not of Hispanic Origin,,0,MA,,NULL
,26944684359,FC21003137,2021-08-16 01:40:00.0000000,Male,White,24,NULL,NULL,NULL,NULL,,0,MA,Class D,0
,26944690871,FC21003137,2021-08-16 01:40:00.0000000,Female,White,22,NULL,NULL,NULL,NULL,,0,MA,Class D,NULL
,26944695762,FC21003137,2021-08-16 01:40:00.0000000,Male,White,23,NULL,NULL,NULL,NULL,,0,MA,Class D,NULL
,26944714228,FC21003137,2021-08-16 01:40:00.0000000,Male,Black,25,NULL,NULL,NULL,NULL,,0,GA,Class D,0
,26944747011,FC21003138,2021-08-16 02:02:00.0000000,Male,Other,34,NULL,NULL,NULL,Hispanic Origin,,0,MA,Class D,0
,26944795859,FC21003139,2021-08-16 00:34:00.0000000,Male,Black,29,Stocky,NULL,NULL,Not of Hispanic Origin,,0,MA,,1
,26944825020,FC21003139,2021-08-16 00:34:00.0000000,Female,Unknown,22,NULL,NULL,NULL,Hispanic Origin,,0,MA,Class D,NULL
,26944825876,FC21003140,2021-08-16 02:51:00.0000000,Male,White,31,NULL,NULL,NULL,Unknown,,0,NULL,,0
,26947278863,FC21003147,2021-08-16 12:02:00.0000000,Male,Black,23,Medium,Short,Dark Brown,Not of Hispanic Origin,,0,MA,ID Only - Never had Personal Driver License,0
,26947281291,FC21003147,2021-08-16 12:02:00.0000000,Male,Black,16,Medium,Short,Medium Brown,Not of Hispanic Origin,,0,MA,,1
,26947729044,FC21003148,2021-08-16 17:16:00.0000000,Male,Black,49,Thin,NULL,NULL,Not of Hispanic Origin,,0,MA,,0
,26947781139,FC21003149,2021-08-16 18:21:00.0000000,Male,White,30,Thin,NULL,NULL,Not of Hispanic Origin,,0,MA,,0
,26947782855,FC21003149,2021-08-16 18:21:00.0000000,Male,White,49,Thin,Short,Medium,Not of Hispanic Origin,,0,MA,Class D,0
,26947787907,FC21003149,2021-08-16 18:21:00.0000000,Male,White,41,Thin,NULL,NULL,Not of Hispanic Origin,,0,MA,,0
,26947906207,FC21003150,2021-08-16 16:30:00.0000000,Male,Black,25,Thin,NULL,NULL,Not of Hispanic Origin,,0,MA,,1
,26947942142,FC21003151,2021-08-16 18:08:00.0000000,Male,Black,32,Medium,Short,NULL,Not of Hispanic Origin,,0,MA,,1
,26947949069,FC21003151,2021-08-16 18:08:00.0000000,Female,Black,31,NULL,NULL,NULL,Unknown,,0,MA,Class D,0
,26948006588,FC21003152,2021-08-16 19:00:00.0000000,Male,White,NULL,NULL,NULL,NULL,NULL,,0,NULL,,NULL
,26948012093,FC21003152,2021-08-16 19:00:00.0000000,Male,White,65,NULL,NULL,NULL,Not of Hispanic Origin,,0,MA,Class D,0
,26948182727,FC21003153,2021-08-16 19:32:00.0000000,Female,White,41,Medium,NULL,NULL,Not of Hispanic Origin,,0,MA,,1
,26948819823,FC21003154,2021-08-16 10:00:00.0000000,Male,Black,23,Medium,Dreadlocks,Light Brown,Hispanic Origin,,0,MA,ID Only - Never had Personal Driver License,0
,26948820543,FC21003154,2021-08-16 10:00:00.0000000,Male,White,21,Obese,Braided,Light,Not of Hispanic Origin,,0,MA,No License - Record Only,0
,26949143738,FC21003155,2021-08-17 02:34:00.0000000,Male,Black,20,Thin,Afro,Medium Brown,Not of Hispanic Origin,,0,MA,Class D,0
,26949144455,FC21003155,2021-08-17 02:34:00.0000000,Male,Black,16,Medium,Short,Dark,Not of Hispanic Origin,,0,MA,None,0
,26949214770,FC21003155,2021-08-17 02:34:00.0000000,Female,Black,24,NULL,NULL,NULL,Not of Hispanic Origin,,0,MA,Class D,NULL
,26949232608,FC21003156,2021-08-16 01:35:00.0000000,Male,Black,58,Thin,NULL,NULL,Not of Hispanic Origin,,0,MA,,0
,26949233207,FC21003156,2021-08-16 01:35:00.0000000,Female,Black,34,Thin,NULL,NULL,Not of Hispanic Origin,,0,MA,,0
,26949346990,FC21003157,2021-08-16 17:42:00.0000000,Male,Black,37,NULL,NULL,NULL,Not of Hispanic Origin,,0,MA,Class D,0
,26950105692,FC21003158,2021-08-17 08:37:00.0000000,Female,White,41,Medium,NULL,NULL,Not of Hispanic Origin,,0,MA,,0
,26950416635,FC21003159,2021-08-17 09:52:00.0000000,Male,Black,26,Medium,Curly,Dark Brown,Not of Hispanic Origin,,0,MA,,0
,26950431424,FC21003159,2021-08-17 09:52:00.0000000,Female,Black,22,NULL,NULL,NULL,Not of Hispanic Origin,,0,MA,Class D,NULL
,26950444472,FC21003160,2021-08-17 10:34:00.0000000,Male,Black,26,Thin,Dreadlocks,Medium,Not of Hispanic Origin,,0,MA,Class D,0
,26950456351,FC21003160,2021-08-17 10:34:00.0000000,Male,Black,26,Thin,NULL,NULL,Hispanic Origin,,0,MA,,0
,26950695736,FC21003161,2021-08-17 11:30:00.0000000,Male,Black,34,Medium,Curly,Medium Brown,Not of Hispanic Origin,,0,MA,Class D,0
,26950700296,FC21003161,2021-08-17 11:30:00.0000000,Male,Black,23,Thin,NULL,NULL,Hispanic Origin,,0,MA,,0
,26950952460,FC21003162,2021-08-17 12:10:00.0000000,Male,White,27,NULL,NULL,NULL,NULL,,0,NULL,,0
,26951569976,FC21003163,2021-08-17 08:15:00.0000000,Male,Black,29,Thin,Unkempt,Dark Brown,Not of Hispanic Origin,,0,MA,Class D,1
,26951591876,FC21003163,2021-08-17 08:15:00.0000000,Male,White,35,Medium,NULL,NULL,Not of Hispanic Origin,,0,MA,"ID - Had a License, now has ID",1
,26953157865,FC21003164,2021-08-17 14:40:00.0000000,Male,White,26,NULL,NULL,NULL,Unknown,,0,NULL,,0
,26978203081,FC21003165,2021-08-17 17:48:00.0000000,Male,White,42,Thin,NULL,NULL,Hispanic Origin,,0,MA,"ID - Had a License, now has ID",0
,26978128946,FC21003166,2021-08-17 18:20:00.0000000,Male,Black,22,Thin,NULL,NULL,Not of Hispanic Origin,,0,MA,,0
,26978129534,FC21003166,2021-08-17 18:20:00.0000000,Male,Black,23,Thin,NULL,NULL,Not of Hispanic Origin,,0,MA,,0
,26984601995,FC21003167,2021-08-17 00:00:00.0000000,Male,Black,26,Thin,NULL,NULL,Not of Hispanic Origin,,0,MA,,1
,26984605439,FC21003167,2021-08-17 00:00:00.0000000,Female,Black,26,NULL,NULL,NULL,Not of Hispanic Origin,,0,NULL,,0
,26978724466,FC21003168,2021-08-16 20:36:00.0000000,Male,Black,25,NULL,NULL,NULL,Unknown,,0,MA,,1
,26978745418,FC21003168,2021-08-16 20:36:00.0000000,Male,Black,23,NULL,NULL,NULL,Not of Hispanic Origin,,0,MA,None,1
,26978754170,FC21003168,2021-08-16 20:36:00.0000000,Female,Black,37,NULL,NULL,NULL,Unknown,,0,NULL,,1
,26978918645,FC21003169,2021-08-17 19:00:00.0000000,Male,Black,24,Thin,NULL,NULL,Not of Hispanic Origin,,0,MA,,1
,26978921273,FC21003169,2021-08-17 19:00:00.0000000,Male,Black,27,Medium,NULL,NULL,Not of Hispanic Origin,,0,MA,,1
,26978990098,FC21003170,2021-08-17 22:45:00.0000000,Male,White,26,NULL,NULL,NULL,Unknown,,0,MA,Class D,0
,26979081972,FC21003171,2021-08-14 14:59:00.0000000,Male,Black,24,Thin,NULL,NULL,Not of Hispanic Origin,,0,MA,,1
,26979535515,FC21003172,2021-08-18 01:35:00.0000000,Male,Black,34,Medium,Curly,Medium Brown,Not of Hispanic Origin,,0,MA,Class D,0
,26979536712,FC21003172,2021-08-18 01:35:00.0000000,Male,Black,23,Thin,NULL,NULL,Hispanic Origin,,0,MA,,0
,26979543703,FC21003172,2021-08-18 01:35:00.0000000,Female,White,23,NULL,NULL,NULL,Hispanic Origin,,0,MA,None,0
,26979610789,FC21003173,2021-08-17 20:45:00.0000000,Male,White,32,NULL,NULL,NULL,Unknown,,0,NULL,,0
,26979639399,FC21003174,2021-08-17 23:44:00.0000000,Male,White,42,Thin,NULL,NULL,Not of Hispanic Origin,,0,MA,,0
,26979640791,FC21003174,2021-08-17 23:44:00.0000000,Female,White,37,NULL,NULL,NULL,Unknown,,0,NULL,,0
,26979646509,FC21003175,2021-08-17 17:30:00.0000000,Male,White,25,Thin,Straight,Medium Brown,Hispanic Origin,,0,MA,,0
,26979693847,FC21003176,2021-08-18 01:41:00.0000000,Female,Black,29,Medium,NULL,Medium Brown,Not of Hispanic Origin,,0,MA,Class D,0
,26979744625,FC21003176,2021-08-18 01:41:00.0000000,Male,Black,NULL,Heavy,Braided,Dark Brown,Unknown,,0,NULL,,0
,26979783098,FC21003177,2021-08-18 01:50:00.0000000,Male,Asian,44,NULL,NULL,NULL,Not of Hispanic Origin,,0,MA,Class D,0
,26979788741,FC21003177,2021-08-18 01:50:00.0000000,Male,Asian,43,Thin,Short,NULL,Not of Hispanic Origin,,0,MA,Class D,0
,26981910309,FC21003178,2021-08-17 18:00:00.0000000,Male,Black,18,Thin,NULL,NULL,Not of Hispanic Origin,,0,MA,,0
,26982284898,FC21003179,2021-08-14 00:29:00.0000000,Male,Asian,44,NULL,NULL,NULL,Not of Hispanic Origin,,0,MA,Class D,0
,26982601032,FC21003180,2021-08-14 00:58:00.0000000,Male,Black,40,Heavy,NULL,NULL,Not of Hispanic Origin,,0,MA,Class D,0
,26982721994,FC21003181,2021-08-18 09:52:00.0000000,Male,White,31,Medium,NULL,Light Brown,Not of Hispanic Origin,,0,MA,"ID - Had a License, now has ID",0
,26982982659,FC21003182,2021-08-18 13:30:00.0000000,Male,White,26,NULL,NULL,NULL,Unknown,,0,MA,Class D,0
,26983816524,FC21003183,2021-08-18 14:04:00.0000000,Male,Black,16,NULL,NULL,NULL,Not of Hispanic Origin,,0,NULL,,1
,26991847342,FC21003183,2021-08-18 14:04:00.0000000,Male,NULL,13,NULL,NULL,NULL,NULL,,0,NULL,,1
,26984318064,FC21003184,2021-08-18 16:20:00.0000000,Male,White,37,Medium,NULL,NULL,Not of Hispanic Origin,,0,MA,,0
,26984594097,FC21003185,2021-08-17 20:51:00.0000000,Male,Black,50,Medium,NULL,NULL,Not of Hispanic Origin,,0,MA,,1
,26984597119,FC21003185,2021-08-17 20:51:00.0000000,Male,Black,29,Thin,NULL,NULL,Not of Hispanic Origin,,0,MA,,0
,26984870940,FC21003185,2021-08-17 20:51:00.0000000,Male,White,36,Unknown,NULL,NULL,Not of Hispanic Origin,,0,MA,,0
,26984871500,FC21003185,2021-08-17 20:51:00.0000000,Female,White,32,Medium,Curly,Light,Not of Hispanic Origin,,0,MA,,1
,26985009639,FC21003186,2021-08-18 18:09:00.0000000,Male,Black,30,Medium,Braided,Medium Brown,Hispanic Origin,,0,MA,Class D,0
,26985011244,FC21003186,2021-08-18 18:09:00.0000000,Female,Unknown,28,NULL,NULL,NULL,Hispanic Origin,,0,MA,Class D,0
,26985797409,FC21003187,2021-08-11 19:35:00.0000000,Male,Black,21,NULL,NULL,NULL,Hispanic Origin,,0,NULL,,1
,26986180917,FC21003188,2021-08-18 21:04:00.0000000,Male,Black,33,Thin,NULL,Dark,Not of Hispanic Origin,,0,MA,Class D,1
,26986672756,FC21003189,2021-08-18 21:50:00.0000000,Male,Black,25,Obese,Afro,NULL,Not of Hispanic Origin,,0,MA,,1
,26986678938,FC21003189,2021-08-18 21:50:00.0000000,Male,Black,21,Thin,Braided,Medium Brown,NULL,,0,MA,,1
,26986737588,FC21003190,2021-08-18 22:24:00.0000000,Male,Black,19,Thin,NULL,Dark Brown,Not of Hispanic Origin,,0,MA,ID Only - Never had Personal Driver License,NULL
,26986741769,FC21003190,2021-08-18 22:24:00.0000000,Male,Black,21,Thin,Afro,Medium Brown,Not of Hispanic Origin,,0,MA,Class D,NULL
,26986743025,FC21003190,2021-08-18 22:24:00.0000000,Male,White,19,NULL,NULL,NULL,Hispanic Origin,,0,NULL,,NULL
,26986659003,FC21003190,2021-08-18 22:24:00.0000000,Male,Black,21,Thin,Unkempt,Light Brown,NULL,,0,MA,,1
,26986747308,FC21003191,2021-08-18 21:35:00.0000000,Female,White,36,NULL,NULL,NULL,NULL,,0,MA,Class D,0
,26986867630,FC21003192,2021-08-18 22:09:00.0000000,Male,White,25,Thin,NULL,Medium Brown,Unknown,,0,MA,,0
,26986900228,FC21003193,2021-08-18 18:45:00.0000000,Male,Black,21,Medium,Straight,Light,Hispanic Origin,,0,MA,No License - Record Only,0
,26986903022,FC21003193,2021-08-18 18:45:00.0000000,Male,White,25,NULL,NULL,NULL,Hispanic Origin,,0,MA,Class D,0
,26987019591,FC21003193,2021-08-18 18:45:00.0000000,Female,Unknown,22,NULL,NULL,NULL,Unknown,,0,MA,Class D,NULL
,26986953373,FC21003194,2021-08-18 21:16:00.0000000,Male,Black,22,Thin,Dreadlocks,Medium Brown,Unknown,,0,MA,,0
,26987802253,FC21003195,2021-08-18 23:00:00.0000000,Male,White,21,Obese,Braided,Light,Not of Hispanic Origin,,0,MA,No License - Record Only,1
,26987805352,FC21003195,2021-08-18 23:00:00.0000000,Male,Black,23,Medium,Braided,Light,Hispanic Origin,,0,MA,ID Only - Never had Personal Driver License,1
,26987816221,FC21003195,2021-08-18 23:00:00.0000000,Male,Black,24,Medium,Short,Medium,Not of Hispanic Origin,,0,MA,Class D,0
,26987822489,FC21003195,2021-08-18 23:00:00.0000000,Male,Black,25,Medium,Short,Dark Brown,Not of Hispanic Origin,,0,MA,Class D,0
,26989374749,FC21003196,2021-08-19 00:27:00.0000000,Male,White,46,Medium,NULL,NULL,Not of Hispanic Origin,,0,MA,,0
,26989378503,FC21003196,2021-08-19 00:27:00.0000000,Female,White,38,NULL,NULL,NULL,NULL,,0,NULL,,0
,26991343552,FC21003197,2021-08-19 06:56:00.0000000,Male,White,31,Medium,Short,Light Brown,Hispanic Origin,,0,MA,,0
,26991493711,FC21003198,2021-08-15 00:55:00.0000000,Male,White,62,Medium,NULL,NULL,Not of Hispanic Origin,,0,MA,,0
,26992260466,FC21003199,2021-08-18 09:49:00.0000000,Male,White,NULL,NULL,NULL,NULL,Not of Hispanic Origin,,0,NULL,,NULL
,26992267337,FC21003199,2021-08-18 09:49:00.0000000,Male,White,32,Medium,Short,Light,Not of Hispanic Origin,,0,MA,Other: M,1
,26994248880,FC21003200,2021-08-19 17:35:00.0000000,Male,Black,29,NULL,NULL,NULL,Not of Hispanic Origin,,0,MA,Class D,0
,26996561605,FC21003201,2021-08-19 18:00:00.0000000,Male,Black,42,NULL,NULL,NULL,Unknown,,0,NULL,,0
,26996571091,FC21003201,2021-08-19 18:00:00.0000000,Female,White,53,Unknown,NULL,NULL,Not of Hispanic Origin,,0,MA,,0
,26997141238,FC21003202,2021-08-19 21:00:00.0000000,Male,Black,19,Medium,Short,Dark Brown,Not of Hispanic Origin,,0,MA,,1
,26997142861,FC21003202,2021-08-19 21:00:00.0000000,Female,Black,20,Medium,NULL,NULL,Hispanic Origin,,0,MA,,0
,26997335228,FC21003203,2021-08-19 21:00:00.0000000,Male,Black,21,Medium,NULL,Dark Brown,Not of Hispanic Origin,,0,MA,,1
,26997438152,FC21003204,2021-08-19 21:58:00.0000000,Male,White,NULL,NULL,NULL,NULL,Not of Hispanic Origin,,0,NULL,,NULL
,26997438772,FC21003204,2021-08-19 21:58:00.0000000,Male,White,26,NULL,NULL,NULL,Not of Hispanic Origin,,0,NULL,,0
,26997533439,FC21003205,2021-08-17 08:30:00.0000000,Male,White,31,Thin,Short,Light,Not of Hispanic Origin,,0,NULL,,0
,26997533605,FC21003205,2021-08-17 08:30:00.0000000,Female,White,34,NULL,NULL,NULL,Not of Hispanic Origin,,0,MA,Class D,0
,26997893162,FC21003206,2021-08-20 01:10:00.0000000,Male,White,21,Obese,Braided,Light,Not of Hispanic Origin,,0,MA,No License - Record Only,0
,26997893800,FC21003206,2021-08-20 01:10:00.0000000,Male,Black,24,Medium,Short,Medium,Not of Hispanic Origin,,0,MA,Class D,0
,26998244654,FC21003207,2021-08-20 01:38:00.0000000,Male,Black,19,Medium,NULL,Dark Brown,Unknown,,0,MA,ID Only - Never had Personal Driver License,1
,26998245399,FC21003207,2021-08-20 01:38:00.0000000,Male,Black,16,Thin,Afro,Medium Brown,Not of Hispanic Origin,,0,MA,,1
,26998247311,FC21003207,2021-08-20 01:38:00.0000000,Female,Black,26,NULL,NULL,NULL,Unknown,,0,NULL,,1
,26998248440,FC21003207,2021-08-20 01:38:00.0000000,Male,Black,18,Thin,Short,Medium Brown,Not of Hispanic Origin,,0,MA,ID Only - Never had Personal Driver License,1
,26998248960,FC21003207,2021-08-20 01:38:00.0000000,Male,Black,23,Medium,NULL,NULL,Not of Hispanic Origin,,0,MA,ID Only - Never had Personal Driver License,1
,26998251038,FC21003207,2021-08-20 01:38:00.0000000,Male,Black,12,NULL,NULL,NULL,Unknown,,0,NULL,,1
,26998601687,FC21003208,2021-08-19 21:53:00.0000000,Male,White,28,Thin,NULL,NULL,Not of Hispanic Origin,,0,MA,"ID - Had a License, now has ID",0
,26998603140,FC21003208,2021-08-19 21:53:00.0000000,Male,White,45,Unknown,NULL,NULL,Not of Hispanic Origin,,0,MA,"ID - Had a License, now has ID",0
,26998603411,FC21003208,2021-08-19 21:53:00.0000000,Male,White,49,Thin,Short,Medium,Not of Hispanic Origin,,0,MA,Class D,0
,27000170611,FC21003209,2021-08-20 10:36:00.0000000,Male,White,40,Medium,Short,Light,Not of Hispanic Origin,,0,MA,Class D,0
,27000306784,FC21003210,2021-08-20 00:00:00.0000000,Male,Black,28,Medium,NULL,NULL,Not of Hispanic Origin,,0,MA,,0
,27000262192,FC21003211,2021-08-20 10:43:00.0000000,Male,Black,23,Medium,Braided,Light,Hispanic Origin,,0,MA,ID Only - Never had Personal Driver License,0
,27000881220,FC21003212,2021-08-20 13:00:00.0000000,Male,Asian,43,Thin,Short,NULL,Not of Hispanic Origin,,0,MA,Class D,1
,27001974246,FC21003213,2021-08-20 18:20:00.0000000,Male,White,41,Average,Straight,NULL,Hispanic Origin,,0,NULL,,1
,27002128716,FC21003214,2021-08-20 19:10:00.0000000,Male,Black,19,NULL,NULL,NULL,Hispanic Origin,,0,MA,None,0
,27002130425,FC21003214,2021-08-20 19:10:00.0000000,Male,Black,18,Thin,Afro,Dark,Unknown,,0,MA,None,0
,27002208610,FC21003215,2021-08-20 18:11:00.0000000,Male,Black,32,Medium,NULL,NULL,Not of Hispanic Origin,,0,MA,,0
,27002222305,FC21003216,2021-08-20 17:15:00.0000000,Male,Black,21,NULL,NULL,NULL,Hispanic Origin,,0,MA,,0
,27002235279,FC21003217,2021-08-20 16:45:00.0000000,Female,White,42,Thin,Straight,OTHER,Not of Hispanic Origin,,0,MA,,1
,27002236290,FC21003217,2021-08-20 16:45:00.0000000,Male,White,33,Stocky,Curly,Light,Not of Hispanic Origin,,0,MA,ID Only - Never had Personal Driver License,1
,27002323374,FC21003218,2021-08-20 20:15:00.0000000,Male,Black,22,Thin,NULL,Light,Not of Hispanic Origin,,0,MA,,0
,27002483940,FC21003219,2021-08-20 19:23:00.0000000,Male,Black,37,Thin,Receding or Slightly Receding,Medium Brown,Not of Hispanic Origin,,0,MA,Class D,0
,27002507005,FC21003220,2021-08-20 08:30:00.0000000,Female,White,33,NULL,NULL,NULL,NULL,,0,NULL,,1
,27002602797,FC21003221,2021-08-20 21:38:00.0000000,Male,Black,26,Muscular,Braided,Dark,Not of Hispanic Origin,,0,MA,Class D,0
,27002754508,FC21003222,2021-08-20 22:15:00.0000000,Male,Black,14,NULL,NULL,NULL,Not of Hispanic Origin,,0,NULL,,1
,27002903943,FC21003223,2021-08-20 22:24:00.0000000,Male,Black,29,Medium,NULL,NULL,Hispanic Origin,,0,MA,,0
,27003340203,FC21003224,2021-08-21 01:18:00.0000000,Male,Black,31,Medium,Short,Medium Brown,Not of Hispanic Origin,,0,MA,Class D,0
,27003364088,FC21003225,2021-08-21 00:30:00.0000000,Male,Black,28,Muscular,Wavy,Medium,NULL,,0,MA,Class D,0
,27003365037,FC21003225,2021-08-21 00:30:00.0000000,Male,Black,24,Medium,Short,Medium,Not of Hispanic Origin,,0,MA,Class D,0
,27003365675,FC21003225,2021-08-21 00:30:00.0000000,Male,Black,25,Medium,Short,Dark Brown,Not of Hispanic Origin,,0,MA,Class D,0
,27003640052,FC21003226,2021-08-21 00:15:00.0000000,Male,Black,34,Thin,NULL,NULL,Not of Hispanic Origin,,0,MA,,0
,27003772137,FC21003228,2021-08-21 04:55:00.0000000,Male,Black,19,Heavy,Short,Dark Brown,Not of Hispanic Origin,,0,MA,ID Only - Never had Personal Driver License,1
,27003773281,FC21003228,2021-08-21 04:55:00.0000000,Male,White,20,NULL,NULL,NULL,Hispanic Origin,,0,MA,,1
,27004295063,FC21003229,2021-08-20 18:20:00.0000000,Male,Black,22,Medium,NULL,NULL,Hispanic Origin,,0,MA,Class D,0
,27004887623,FC21003230,2021-08-21 10:12:00.0000000,Male,Black,26,Medium,NULL,NULL,Not of Hispanic Origin,,0,MA,Class D,0
,27004894079,FC21003231,2021-08-21 13:01:00.0000000,Male,Black,20,Thin,Short,Medium Brown,Not of Hispanic Origin,,0,MA,ID Only - Never had Personal Driver License,1
,27004895105,FC21003231,2021-08-21 13:01:00.0000000,Male,Black,20,Thin,Short,Dark Brown,Not of Hispanic Origin,,0,MA,,1
,27005459495,FC21003232,2021-08-21 17:22:00.0000000,Unknown,Unknown,NULL,NULL,NULL,NULL,Unknown,,0,NULL,,NULL
,27005465073,FC21003232,2021-08-21 17:22:00.0000000,Male,White,52,Thin,NULL,Light,Unknown,,0,MA,,1
,27005745495,FC21003233,2021-08-21 17:00:00.0000000,Male,Black,25,Medium,Dreadlocks,Medium,Hispanic Origin,,0,MA,,NULL
,27005745495,FC21003233,2021-08-21 17:00:00.0000000,Male,Black,25,Medium,Dreadlocks,Medium,Hispanic Origin,,0,MA,,1
,27005745516,FC21003233,2021-08-21 17:00:00.0000000,Male,White,27,Medium,Dreadlocks,Medium Brown,Hispanic Origin,,0,MA,,1
,27005745516,FC21003233,2021-08-21 17:00:00.0000000,Male,White,27,Medium,Dreadlocks,Medium Brown,Hispanic Origin,,0,MA,,NULL
,27006199660,FC21003234,2021-08-21 20:00:00.0000000,Female,White,29,Medium,Short,NULL,NULL,,0,MA,,NULL
,27006199660,FC21003234,2021-08-21 20:00:00.0000000,Female,White,29,Medium,Short,NULL,NULL,,0,MA,,0
,27006252060,FC21003235,2021-08-21 23:00:00.0000000,Male,White,37,Thin,NULL,NULL,Hispanic Origin,,0,MA,,0
,27006252456,FC21003235,2021-08-21 23:00:00.0000000,Male,White,17,NULL,NULL,NULL,Hispanic Origin,,0,MA,ID Only - Never had Personal Driver License,0
,27006957944,FC21003236,2021-08-22 02:32:00.0000000,Male,Black,18,NULL,NULL,NULL,Not of Hispanic Origin,,0,NULL,,0
,27006961004,FC21003236,2021-08-22 02:32:00.0000000,Female,Black,17,NULL,NULL,NULL,Unknown,,0,NULL,,0
,27007823444,FC21003237,2021-08-22 08:30:00.0000000,Female,White,40,Medium,NULL,Light,Unknown,,0,MA,Personal Driver License,0
,27007823861,FC21003237,2021-08-22 08:30:00.0000000,Male,Black,39,Thin,Braided,Medium Brown,Not of Hispanic Origin,,0,MA,,0
,27007824389,FC21003237,2021-08-22 08:30:00.0000000,Male,Black,35,Medium,Braided,Medium Brown,Not of Hispanic Origin,,0,MA,,0
,27007825123,FC21003237,2021-08-22 08:30:00.0000000,Male,Black,62,Thin,Short,Light Brown,Not of Hispanic Origin,,0,MA,,0
,27007830001,FC21003237,2021-08-22 08:30:00.0000000,Male,Black,50,Medium,NULL,NULL,Not of Hispanic Origin,,0,MA,,0
,27007831313,FC21003237,2021-08-22 08:30:00.0000000,Female,Black,39,Medium,NULL,Medium,Not of Hispanic Origin,,0,MA,,0
,27008359451,FC21003239,2021-08-22 14:55:00.0000000,Male,Asian,37,NULL,NULL,NULL,Unknown,,0,MA,"ID - Had a License, now has ID",0
,27008631292,FC21003240,2021-08-22 16:56:00.0000000,Male,Unknown,NULL,NULL,NULL,NULL,NULL,,0,NULL,,0
,27008631292,FC21003240,2021-08-22 16:56:00.0000000,Male,Unknown,NULL,NULL,NULL,NULL,NULL,,0,NULL,,NULL
,27008659107,FC21003241,2021-08-22 16:46:00.0000000,Male,Black,26,Thin,NULL,NULL,Not of Hispanic Origin,,0,MA,,0
,27008734278,FC21003242,2021-08-22 17:30:00.0000000,Male,Black,36,Heavy,NULL,NULL,Hispanic Origin,,0,MA,,0
,27008978996,FC21003244,2021-08-19 00:00:00.0000000,Male,Black,NULL,NULL,NULL,NULL,NULL,,0,NULL,,1
,27008982671,FC21003244,2021-08-19 00:00:00.0000000,Male,Black,25,Thin,NULL,NULL,Not of Hispanic Origin,,0,MA,,1
,27008984580,FC21003244,2021-08-19 00:00:00.0000000,Male,Black,27,Medium,Short,Dark,Not of Hispanic Origin,,0,MA,ID Only - Never had Personal Driver License,0
,27008990774,FC21003244,2021-08-19 00:00:00.0000000,Male,Black,16,NULL,NULL,NULL,NULL,,0,NULL,,1
,27008995602,FC21003244,2021-08-19 00:00:00.0000000,Male,Black,18,NULL,NULL,NULL,NULL,,0,NULL,,1
,27008997663,FC21003244,2021-08-19 00:00:00.0000000,Male,Black,18,Medium,Curly,Medium Brown,Not of Hispanic Origin,,0,MA,,1
,27009010896,FC21003245,2021-08-22 19:40:00.0000000,Male,Black,32,Medium,NULL,NULL,Not of Hispanic Origin,,0,MA,,1
,27009110861,FC21003246,2021-08-22 19:43:00.0000000,Male,Black,24,NULL,NULL,NULL,Unknown,,0,MA,Class D,0
,27009111112,FC21003246,2021-08-22 19:43:00.0000000,Male,Black,40,Heavy,NULL,NULL,Not of Hispanic Origin,,0,MA,,0
,27009216684,FC21003247,2021-08-21 19:05:00.0000000,Male,White,28,Thin,Braided,Light,Hispanic Origin,,0,MA,Class D,0
,27009217566,FC21003247,2021-08-21 19:05:00.0000000,Male,White,26,Medium,Short,OTHER,Hispanic Origin,,0,MA,,0
,27042212884,FC21003247,2021-08-21 19:05:00.0000000,Male,White,23,Medium,NULL,NULL,Hispanic Origin,,0,MA,,0
,27042213495,FC21003247,2021-08-21 19:05:00.0000000,Male,White,25,NULL,NULL,NULL,Hispanic Origin,,0,MA,Class D,0
,27042214148,FC21003247,2021-08-21 19:05:00.0000000,Male,Black,21,Medium,Straight,Light,Hispanic Origin,,0,MA,No License - Record Only,0
,27009222062,FC21003248,2021-08-22 18:45:00.0000000,Male,Black,16,Medium,Short,Medium Brown,Not of Hispanic Origin,,0,MA,,0
,27009227427,FC21003248,2021-08-22 18:45:00.0000000,Male,White,16,NULL,NULL,NULL,Hispanic Origin,,0,NULL,,1
,27009234966,FC21003248,2021-08-22 18:45:00.0000000,Male,Black,16,NULL,NULL,NULL,Hispanic Origin,,0,NULL,,1
,27009240338,FC21003248,2021-08-22 18:45:00.0000000,Male,Black,18,Thin,NULL,Medium Brown,Unknown,,0,MA,ID Only - Never had Personal Driver License,1
,27009261915,FC21003249,2021-08-21 19:18:00.0000000,Male,White,26,Medium,Short,OTHER,Hispanic Origin,,0,MA,,NULL
,27009261915,FC21003249,2021-08-21 19:18:00.0000000,Male,White,26,Medium,Short,OTHER,Hispanic Origin,,0,MA,,1
,27009325847,FC21003250,2021-08-22 22:00:00.0000000,Male,Black,43,Medium,NULL,NULL,Not of Hispanic Origin,,0,MA,,0
,27009407056,FC21003251,2021-08-22 17:18:00.0000000,Male,Black,NULL,NULL,NULL,NULL,NULL,,0,NULL,,NULL
,27009409108,FC21003251,2021-08-22 17:18:00.0000000,Male,White,36,Thin,Curly,Light,Hispanic Origin,,0,MA,ID Only - Never had Personal Driver License,1
,27009448559,FC21003252,2021-08-22 19:20:00.0000000,Male,Black,41,Medium,Short,Medium Brown,NULL,,0,MA,Class D,0
,27009459342,FC21003254,2021-08-22 16:07:00.0000000,Male,Black,30,Stocky,NULL,NULL,Not of Hispanic Origin,,0,MA,,NULL
,27009526072,FC21003254,2021-08-22 16:07:00.0000000,Male,Black,20,Thin,NULL,NULL,Hispanic Origin,,0,MA,,0
,27009461599,FC21003255,2021-08-22 22:45:00.0000000,Male,Black,19,Medium,NULL,NULL,Not of Hispanic Origin,,0,MA,,0
,27009464512,FC21003255,2021-08-22 22:45:00.0000000,Male,Black,18,NULL,NULL,NULL,Not of Hispanic Origin,,0,NULL,,0
,27009466162,FC21003255,2021-08-22 22:45:00.0000000,Male,Black,19,NULL,NULL,NULL,Unknown,,0,NULL,,0
,27009490184,FC21003256,2021-08-22 17:00:00.0000000,Male,Black,28,Heavy,Short,Medium Brown,Not of Hispanic Origin,,0,MA,Class D,1
,27009498167,FC21003257,2021-08-22 22:45:00.0000000,Male,Black,35,Medium,NULL,NULL,Not of Hispanic Origin,,0,MA,Class D,0
,27010072433,FC21003258,2021-08-23 00:51:00.0000000,Male,Black,34,NULL,NULL,NULL,Not of Hispanic Origin,,0,MA,Class D,0
,27010074425,FC21003258,2021-08-23 00:51:00.0000000,Female,Black,29,Medium,NULL,NULL,Hispanic Origin,,0,MA,,0
,27010079512,FC21003259,2021-08-22 17:00:00.0000000,Male,Black,18,Muscular,Curly,Medium,Not of Hispanic Origin,,0,MA,ID Only - Never had Personal Driver License,0
,27010097827,FC21003260,2021-08-23 01:52:00.0000000,Male,Other,57,NULL,NULL,NULL,Not of Hispanic Origin,,0,MA,,0
,27010100160,FC21003260,2021-08-23 01:52:00.0000000,Female,Black,34,Thin,NULL,NULL,Not of Hispanic Origin,,0,MA,,0
,27014653249,FC21003262,2021-08-23 11:16:00.0000000,Male,Black,27,Medium,Braided,Medium Brown,NULL,,0,MA,,0
,27015717643,FC21003263,2021-08-20 01:18:00.0000000,Female,Black,22,NULL,NULL,NULL,Hispanic Origin,,0,MA,Class D,0
,27015800491,FC21003264,2021-08-20 01:18:00.0000000,Male,Asian,40,NULL,NULL,NULL,Not of Hispanic Origin,,0,MA,Class D,0
,27015851403,FC21003265,2021-08-20 00:00:00.0000000,Female,White,20,NULL,NULL,NULL,Hispanic Origin,,0,MA,Class D,0
,27015866854,FC21003266,2021-08-23 13:45:00.0000000,Male,Black,33,Medium,Braided,Dark Brown,Not of Hispanic Origin,,0,MA,,0
,27015943648,FC21003267,2021-08-23 13:37:00.0000000,Male,Black,41,Medium,Unkempt,Dark,Not of Hispanic Origin,,0,MA,ID Only - Never had Personal Driver License,0
,27016939484,FC21003268,2021-08-20 23:04:00.0000000,Male,Black,62,Heavy,NULL,NULL,Not of Hispanic Origin,,0,NH,Class D,0
,27018660305,FC21003269,2021-08-23 14:15:00.0000000,Male,Black,25,Thin,NULL,NULL,Not of Hispanic Origin,,0,MA,,0
,27018720181,FC21003269,2021-08-23 14:15:00.0000000,Male,Black,42,Thin,NULL,Dark Brown,Hispanic Origin,,0,MA,Class D,0
,27021882838,FC21003271,2021-08-23 13:37:00.0000000,Male,Black,41,Medium,Unkempt,Dark,Not of Hispanic Origin,,0,MA,ID Only - Never had Personal Driver License,0
,27031696484,FC21003272,2021-08-23 12:46:00.0000000,Male,Black,29,NULL,NULL,NULL,Not of Hispanic Origin,,0,MA,Class D,0
,27031926076,FC21003273,2021-08-23 16:33:00.0000000,Male,White,22,Thin,Short,Medium,Hispanic Origin,,0,MA,Class D,1
,27031997948,FC21003273,2021-08-23 16:33:00.0000000,Male,Black,20,Thin,Afro,Light Brown,Not of Hispanic Origin,,0,MA,,0
,27032252281,FC21003274,2021-08-23 16:45:00.0000000,Male,Black,37,Thin,Receding or Slightly Receding,Medium Brown,Not of Hispanic Origin,,0,MA,Class D,0
,27036542726,FC21003275,2021-08-22 20:20:00.0000000,Male,Black,28,Muscular,Wavy,Medium,NULL,,0,MA,Class D,0
,27037495664,FC21003276,2021-08-23 17:58:00.0000000,Male,Black,19,Medium,Short,Dark Brown,Not of Hispanic Origin,,0,MA,,0
,27042014861,FC21003277,2021-08-23 18:51:00.0000000,Male,Black,23,Medium,Braided,Light,Hispanic Origin,,0,MA,ID Only - Never had Personal Driver License,0
,27042015047,FC21003277,2021-08-23 18:51:00.0000000,Male,White,21,Obese,Braided,Light,Not of Hispanic Origin,,0,MA,No License - Record Only,0
,27042272032,FC21003278,2021-08-23 19:05:00.0000000,Male,Black,22,Heavy,Short,Medium Brown,Not of Hispanic Origin,,0,MA,Class D,1
,27042369296,FC21003280,2021-08-23 00:00:00.0000000,Male,White,41,Thin,Bald or Balding,NULL,Not of Hispanic Origin,,0,MA,,0
,27044058249,FC21003281,2021-08-24 00:15:00.0000000,Male,Black,28,Muscular,Wavy,Medium,NULL,,0,MA,Class D,0
,27053198361,FC21003282,2021-08-24 02:45:00.0000000,Male,Black,48,Medium,Short,Dark,NULL,,0,MA,Class D,0
,27054507900,FC21003283,2021-08-22 18:00:00.0000000,Male,Black,30,Muscular,Braided,NULL,Not of Hispanic Origin,,0,MA,,1
,27054780025,FC21003284,2021-08-24 11:00:00.0000000,Male,Black,45,Unknown,NULL,NULL,Not of Hispanic Origin,,0,MA,,NULL
,27054793247,FC21003284,2021-08-24 11:00:00.0000000,Female,White,40,Medium,Unkempt,NULL,Not of Hispanic Origin,,0,MA,,0
,27055174643,FC21003285,2021-08-24 10:00:00.0000000,Male,Black,36,Thin,NULL,NULL,Not of Hispanic Origin,,0,MA,,0
,27055202467,FC21003285,2021-08-24 10:00:00.0000000,Female,White,NULL,NULL,NULL,NULL,Not of Hispanic Origin,,0,NULL,,NULL
,27055332339,FC21003286,2021-08-24 00:00:00.0000000,Male,White,37,Medium,Short,Light,Not of Hispanic Origin,,0,MA,,1
,27057763875,FC21003288,2021-08-24 16:28:00.0000000,Male,White,49,Thin,Short,Medium,Not of Hispanic Origin,,0,MA,Class D,0
,27057810580,FC21003289,2021-08-24 00:00:00.0000000,Male,White,32,Thin,Short,Light,Not of Hispanic Origin,,0,MA,Class D,0
,27058481428,FC21003291,2021-08-24 18:50:00.0000000,Female,White,48,NULL,NULL,NULL,Not of Hispanic Origin,,0,MA,Class D,0
,27058521977,FC21003291,2021-08-24 18:50:00.0000000,Male,White,48,Medium,Short,Medium,Not of Hispanic Origin,,0,MA,,NULL
,27063898684,FC21003292,2021-08-24 20:34:00.0000000,Male,White,35,NULL,NULL,NULL,Not of Hispanic Origin,,0,MA,ID Only - Never had Personal Driver License,0
,27067932530,FC21003293,2021-08-24 22:23:00.0000000,Male,Black,20,NULL,NULL,NULL,NULL,,0,MA,Class D,0
,27077780549,FC21003294,2021-08-24 21:30:00.0000000,Male,Black,24,Thin,NULL,Light,NULL,,0,MA,Class D,1
,27077800289,FC21003294,2021-08-24 21:30:00.0000000,Male,Asian,15,Thin,NULL,Light Brown,Hispanic Origin,,0,MA,,1
,27078120290,FC21003295,2021-08-25 00:49:00.0000000,Male,Black,23,Medium,Braided,Light,Hispanic Origin,,0,MA,ID Only - Never had Personal Driver License,1
,27078865293,FC21003296,2021-08-25 02:30:00.0000000,Male,Black,22,Unknown,NULL,NULL,Unknown,,0,MA,Class D,0
,27079995289,FC21003297,2021-08-25 03:12:00.0000000,Male,White,38,Medium,Short,Light,Not of Hispanic Origin,,0,MA,"ID - Had a License, now has ID",0
,27080268780,FC21003298,2021-08-25 02:18:00.0000000,Male,Black,41,Medium,NULL,NULL,Not of Hispanic Origin,,0,MA,,NULL
,27080368268,FC21003298,2021-08-25 02:18:00.0000000,Male,White,37,NULL,NULL,NULL,Not of Hispanic Origin,,0,MA,Class D,1
,27080429460,FC21003298,2021-08-25 02:18:00.0000000,Female,White,39,NULL,NULL,NULL,Not of Hispanic Origin,,0,MA,Class D,NULL
,27084092677,FC21003299,2021-08-25 03:16:00.0000000,Male,White,46,Medium,Short,Light,Not of Hispanic Origin,,0,MA,"ID - Had a License, now has ID",0
,27096615080,FC21003300,2021-08-25 11:03:00.0000000,Female,Black,29,NULL,NULL,NULL,Not of Hispanic Origin,,0,MA,Class D,0
,27098860268,FC21003301,2021-08-25 11:00:00.0000000,Male,Black,44,Medium,Shaved Head,Dark Brown,Not of Hispanic Origin,,0,MA,,1
,27098916216,FC21003301,2021-08-25 11:00:00.0000000,Male,Black,29,NULL,NULL,NULL,Not of Hispanic Origin,,0,MA,Class D,1
,27098932642,FC21003301,2021-08-25 11:00:00.0000000,Female,Black,68,Thin,NULL,NULL,Not of Hispanic Origin,,0,MA,,0
,27112105880,FC21003302,2021-08-25 15:45:00.0000000,Male,White,57,NULL,NULL,NULL,NULL,,0,NULL,,0
,27112194407,FC21003303,2021-08-25 14:45:00.0000000,Male,Black,19,Thin,NULL,Dark Brown,Not of Hispanic Origin,,0,MA,ID Only - Never had Personal Driver License,1
,27112201461,FC21003303,2021-08-25 14:45:00.0000000,Male,Black,19,NULL,NULL,NULL,Not of Hispanic Origin,,0,MA,,1
,27117661497,FC21003304,2021-08-25 17:45:00.0000000,Male,White,30,Medium,Short,Medium,Hispanic Origin,,0,MA,,0
,27117837026,FC21003305,2021-08-25 17:50:00.0000000,Male,White,26,Thin,NULL,NULL,Not of Hispanic Origin,,0,MA,,0
,27118132575,FC21003306,2021-08-24 19:05:00.0000000,Male,Unknown,37,NULL,NULL,NULL,Hispanic Origin,,0,MA,Class D,NULL
,27118264218,FC21003306,2021-08-24 19:05:00.0000000,Male,White,45,NULL,NULL,NULL,Not of Hispanic Origin,,0,MA,Class D,0
,27122721988,FC21003307,2021-08-25 19:57:00.0000000,Female,Black,57,NULL,NULL,NULL,Not of Hispanic Origin,,0,MA,Class D,0
,27123040013,FC21003308,2021-08-25 00:00:00.0000000,Male,White,31,Thin,Short,Light,Not of Hispanic Origin,,0,MA,Class D,0
,27123204476,FC21003309,2021-08-25 22:39:00.0000000,Male,White,26,NULL,NULL,NULL,Unknown,,0,MA,Class D,1
,27123506823,FC21003311,2021-08-26 00:30:00.0000000,Female,White,47,NULL,NULL,NULL,NULL,,0,MA,,0
,27123551183,FC21003312,2021-08-26 01:11:00.0000000,Male,White,NULL,NULL,NULL,NULL,Not of Hispanic Origin,,0,NULL,,0
,27123564085,FC21003313,2021-08-25 22:19:00.0000000,Male,Black,21,Thin,Dreadlocks,Medium,NULL,,0,MA,,NULL
,27123564085,FC21003313,2021-08-25 22:19:00.0000000,Male,Black,21,Thin,Dreadlocks,Medium,NULL,,0,MA,,1
,27123564094,FC21003313,2021-08-25 22:19:00.0000000,Male,Black,20,Thin,Braided,Dark,NULL,,0,MA,,NULL
,27123564094,FC21003313,2021-08-25 22:19:00.0000000,Male,Black,20,Thin,Braided,Dark,NULL,,0,MA,,1
,27123566930,FC21003313,2021-08-25 22:19:00.0000000,Male,Black,21,Thin,NULL,NULL,Not of Hispanic Origin,,0,MA,,1
,27123574269,FC21003313,2021-08-25 22:19:00.0000000,Male,Black,21,NULL,NULL,NULL,NULL,,0,MA,,1
,27123583679,FC21003313,2021-08-25 22:19:00.0000000,Male,Black,22,NULL,NULL,NULL,NULL,,0,MA,,1
,27124734711,FC21003314,2021-08-26 08:00:00.0000000,Male,Black,23,Medium,Braided,Light,Hispanic Origin,,0,MA,ID Only - Never had Personal Driver License,1
,27124781078,FC21003315,2021-08-25 18:45:00.0000000,Male,Black,54,Thin,NULL,NULL,Not of Hispanic Origin,,0,MA,,0
,27124885915,FC21003316,2021-08-26 08:13:00.0000000,Female,White,24,NULL,NULL,NULL,Unknown,,0,NULL,,NULL
,27124777348,FC21003316,2021-08-26 08:13:00.0000000,Male,Unknown,26,NULL,NULL,NULL,Hispanic Origin,,0,NULL,,0
,27124989737,FC21003317,2021-08-26 08:55:00.0000000,Male,Other,43,NULL,NULL,NULL,NULL,,0,NULL,,1
,27125563618,FC21003318,2021-08-26 08:55:00.0000000,Male,White,54,Medium,Short,Light,Not of Hispanic Origin,,0,MA,,1
,27125586343,FC21003318,2021-08-26 08:55:00.0000000,Male,White,52,Medium,NULL,NULL,Not of Hispanic Origin,,0,MA,,0
,27130801917,FC21003319,2021-08-26 16:20:00.0000000,Female,White,40,NULL,NULL,NULL,Hispanic Origin,,0,MA,Class D,0
,27139378311,FC21003320,2021-08-26 15:52:00.0000000,Male,Black,22,Unknown,NULL,NULL,Not of Hispanic Origin,,0,MA,,NULL
,27139378311,FC21003320,2021-08-26 15:52:00.0000000,Male,Black,22,Unknown,NULL,NULL,Not of Hispanic Origin,,0,MA,,1
,27139379216,FC21003320,2021-08-26 15:52:00.0000000,Male,Black,22,Heavy,NULL,NULL,Not of Hispanic Origin,,0,MA,,NULL
,27139379216,FC21003320,2021-08-26 15:52:00.0000000,Male,Black,22,Heavy,NULL,NULL,Not of Hispanic Origin,,0,MA,,1
,27139381517,FC21003320,2021-08-26 15:52:00.0000000,Male,Black,35,NULL,NULL,NULL,Not of Hispanic Origin,,0,MA,Class D,NULL
,27139381517,FC21003320,2021-08-26 15:52:00.0000000,Male,Black,35,NULL,NULL,NULL,Not of Hispanic Origin,,0,MA,Class D,1
,27139383892,FC21003320,2021-08-26 15:52:00.0000000,Male,Black,24,Medium,NULL,NULL,Not of Hispanic Origin,,0,MA,Class D,1
,27139383892,FC21003320,2021-08-26 15:52:00.0000000,Male,Black,24,Medium,NULL,NULL,Not of Hispanic Origin,,0,MA,Class D,NULL
,27139392490,FC21003320,2021-08-26 15:52:00.0000000,Male,Black,31,Medium,NULL,NULL,Not of Hispanic Origin,,0,MA,,NULL
,27139392490,FC21003320,2021-08-26 15:52:00.0000000,Male,Black,31,Medium,NULL,NULL,Not of Hispanic Origin,,0,MA,,1
,27141681153,FC21003321,2021-08-26 19:27:00.0000000,Male,Black,NULL,NULL,NULL,NULL,Not of Hispanic Origin,,0,NULL,,0
,27141719373,FC21003321,2021-08-26 19:27:00.0000000,Male,Black,NULL,NULL,NULL,NULL,Not of Hispanic Origin,,0,NULL,,0
,27141745313,FC21003321,2021-08-26 19:27:00.0000000,Male,Black,NULL,NULL,NULL,NULL,Not of Hispanic Origin,,0,NULL,,0
,27141974280,FC21003322,2021-08-26 19:13:00.0000000,Male,Black,29,NULL,NULL,NULL,NULL,,0,NULL,,1
,27141978131,FC21003322,2021-08-26 19:13:00.0000000,Male,Black,33,NULL,NULL,NULL,NULL,,0,NULL,,NULL
,27142143455,FC21003323,2021-08-24 17:40:00.0000000,Male,White,32,NULL,NULL,NULL,Unknown,,0,MA,Class D,0
,27142254260,FC21003324,2021-08-26 19:01:00.0000000,Male,Black,39,Unknown,NULL,Dark Brown,Not of Hispanic Origin,,0,MA,Class D,1
,27142259626,FC21003324,2021-08-26 19:01:00.0000000,Male,Black,40,NULL,NULL,NULL,Not of Hispanic Origin,,0,MA,Class D,1
,27142417979,FC21003325,2021-08-26 21:45:00.0000000,Male,Black,43,NULL,NULL,NULL,Not of Hispanic Origin,,0,MA,,0
,27142439197,FC21003326,2021-08-26 19:34:00.0000000,Male,Black,52,NULL,NULL,NULL,NULL,,0,NULL,,1
,27142540751,FC21003327,2021-08-26 18:40:00.0000000,Male,Black,51,Medium,NULL,NULL,Not of Hispanic Origin,,0,MA,"ID - Had a License, now has ID",0
,27142934602,FC21003328,2021-08-27 01:00:00.0000000,Male,White,65,NULL,NULL,NULL,NULL,,0,SC,,0
,27142943221,FC21003328,2021-08-27 01:00:00.0000000,Male,White,41,NULL,NULL,NULL,NULL,,0,FL,,0
,27143037908,FC21003329,2021-08-27 00:26:00.0000000,Male,White,62,Medium,NULL,NULL,Not of Hispanic Origin,,0,MA,,0
,27143331965,FC21003330,2021-08-27 02:35:00.0000000,Male,Black,33,Stocky,Bald or Balding,Light Brown,Hispanic Origin,,0,MA,Class D,0
,27143399570,FC21003331,2021-08-27 03:37:00.0000000,Male,Black,21,Heavy,Braided,Medium Brown,Not of Hispanic Origin,,0,MA,Class D,1
,27143412912,FC21003331,2021-08-27 03:37:00.0000000,Male,Black,21,NULL,NULL,NULL,NULL,,0,MA,Class D,1
,27144678743,FC21003332,2021-08-27 08:24:00.0000000,Male,Black,45,Thin,NULL,NULL,Not of Hispanic Origin,,0,MA,,0
,27144697223,FC21003332,2021-08-27 08:24:00.0000000,Male,Unknown,60,NULL,NULL,NULL,Unknown,,0,MA,Class D,0
,27144709049,FC21003332,2021-08-27 08:24:00.0000000,Male,Black,22,NULL,NULL,NULL,Unknown,,0,MA,Class D,0
,27144918678,FC21003333,2021-08-27 09:18:00.0000000,Male,White,40,Medium,NULL,NULL,Hispanic Origin,,0,MA,,1
,27145239306,FC21003334,2021-08-27 10:52:00.0000000,Male,Black,15,NULL,NULL,NULL,Not of Hispanic Origin,,0,NULL,,1
,27145248428,FC21003334,2021-08-27 10:52:00.0000000,Male,Black,18,NULL,NULL,NULL,Not of Hispanic Origin,,0,MA,Class D,1
,27147099000,FC21003336,2021-08-27 15:40:00.0000000,Male,White,31,Thin,NULL,NULL,Not of Hispanic Origin,,0,MA,,1
,27147019180,FC21003337,2021-08-27 18:20:00.0000000,Male,Black,20,Unknown,NULL,NULL,Not of Hispanic Origin,,0,MA,"ID - Had a License, now has ID",0
,27147022447,FC21003337,2021-08-27 18:20:00.0000000,Male,Black,22,NULL,NULL,NULL,Unknown,,0,MA,Class D,0
,27147024925,FC21003337,2021-08-27 18:20:00.0000000,Male,Black,24,Medium,Braided,Medium,Not of Hispanic Origin,,0,MA,ID Only - Never had Personal Driver License,0
,27147025993,FC21003337,2021-08-27 18:20:00.0000000,Male,Black,26,Thin,NULL,NULL,Not of Hispanic Origin,,0,MA,"ID - Had a License, now has ID",0
,27147031116,FC21003337,2021-08-27 18:20:00.0000000,Male,White,19,NULL,NULL,NULL,Hispanic Origin,,0,NULL,,0
,27147037759,FC21003337,2021-08-27 18:20:00.0000000,Male,Black,19,Medium,Short,Medium Brown,Not of Hispanic Origin,,0,MA,,0
,27147039876,FC21003337,2021-08-27 18:20:00.0000000,Male,Black,19,Thin,NULL,Dark Brown,Not of Hispanic Origin,,0,MA,ID Only - Never had Personal Driver License,0
,27147156071,FC21003338,2021-08-27 18:55:00.0000000,Male,Black,21,Thin,Afro,Medium Brown,Not of Hispanic Origin,,0,MA,Class D,0
,27147158416,FC21003338,2021-08-27 18:55:00.0000000,Male,Black,40,Medium,NULL,NULL,Not of Hispanic Origin,,0,MA,,0
,27147159553,FC21003338,2021-08-27 18:55:00.0000000,Male,Black,16,Medium,Short,Dark,Not of Hispanic Origin,,0,MA,None,0
,27147164590,FC21003338,2021-08-27 18:55:00.0000000,Male,Black,39,NULL,NULL,NULL,Unknown,,0,MA,"ID - Had a License, now has ID",0
,27147161950,FC21003339,2021-08-26 20:10:00.0000000,Male,Black,19,Medium,Braided,Dark,Not of Hispanic Origin,,0,MA,,0
,27147520855,FC21003340,2021-08-27 19:24:00.0000000,Male,Black,32,Medium,Short,Dark Brown,Not of Hispanic Origin,,0,MA,Class D,1
,27147521860,FC21003340,2021-08-27 19:24:00.0000000,Male,Black,36,Medium,NULL,NULL,Not of Hispanic Origin,,0,MA,,1
,27147855752,FC21003341,2021-08-27 21:30:00.0000000,Female,Black,23,NULL,NULL,NULL,Not of Hispanic Origin,,0,MA,Class D,0
,27147858787,FC21003341,2021-08-27 21:30:00.0000000,Male,Black,31,Stocky,NULL,NULL,Not of Hispanic Origin,,0,MA,,NULL
,27148040375,FC21003342,2021-08-27 22:15:00.0000000,Male,Black,21,Thin,Short,Medium Brown,NULL,,0,MA,ID Only - Never had Personal Driver License,1
,27148042913,FC21003342,2021-08-27 22:15:00.0000000,Male,Black,20,NULL,NULL,NULL,Unknown,,0,MA,Class D,1
,27149197085,FC21003343,2021-08-28 03:45:00.0000000,Male,Black,22,Medium,Short,Medium Brown,Unknown,,0,MA,Class D,0
,27149398355,FC21003344,2021-08-28 02:59:00.0000000,Male,Black,31,Stocky,NULL,NULL,Not of Hispanic Origin,,0,MA,Class D,1
,27150372804,FC21003345,2021-08-27 22:34:00.0000000,Male,Black,52,Thin,NULL,NULL,Not of Hispanic Origin,,0,MA,,1
,27151421705,FC21003347,2021-08-28 16:56:00.0000000,Male,White,17,Heavy,Short,Light,NULL,,0,MA,,1
,27151421928,FC21003347,2021-08-28 16:56:00.0000000,Male,Black,16,NULL,NULL,NULL,NULL,,0,NULL,,1
,27151422143,FC21003347,2021-08-28 16:56:00.0000000,Male,Black,16,NULL,NULL,NULL,Unknown,,0,NULL,,1
,27151591621,FC21003348,2021-08-21 17:00:00.0000000,Male,White,48,NULL,NULL,NULL,Unknown,,0,MA,Class D,NULL
,27151595330,FC21003348,2021-08-21 17:00:00.0000000,Male,White,45,Medium,NULL,NULL,Not of Hispanic Origin,,0,MA,,0
,27151602356,FC21003348,2021-08-21 17:00:00.0000000,Male,White,27,NULL,NULL,NULL,Not of Hispanic Origin,,0,MA,Class D,0
,27151669199,FC21003349,2021-08-28 17:36:00.0000000,Male,White,26,NULL,NULL,NULL,Unknown,,0,NULL,,NULL
,27151670443,FC21003349,2021-08-28 17:36:00.0000000,Male,Black,31,Thin,NULL,Light,Hispanic Origin,,0,MA,,0
,27151671176,FC21003349,2021-08-28 17:36:00.0000000,Female,Unknown,25,NULL,NULL,NULL,Unknown,,0,NULL,,NULL
,27151813519,FC21003350,2021-08-28 19:51:00.0000000,Male,Black,NULL,NULL,NULL,NULL,Hispanic Origin,,0,NULL,,0
,27152098589,FC21003351,2021-08-28 20:33:00.0000000,Male,Black,39,Heavy,NULL,NULL,Not of Hispanic Origin,,0,MA,Class D,0
,27152105610,FC21003351,2021-08-28 20:33:00.0000000,Male,Black,16,NULL,Afro,NULL,NULL,,0,NULL,,0
,27153103267,FC21003352,2021-08-29 02:59:00.0000000,Male,Black,26,Thin,NULL,NULL,Not of Hispanic Origin,,0,MA,,0
,27153118034,FC21003353,2021-08-28 22:56:00.0000000,Male,Black,14,NULL,NULL,NULL,Unknown,,0,NULL,,0
,27153121558,FC21003353,2021-08-28 22:56:00.0000000,Male,Black,14,NULL,NULL,NULL,Unknown,,0,NULL,,0
,27153126468,FC21003353,2021-08-28 22:56:00.0000000,Male,Black,13,NULL,NULL,NULL,Unknown,,0,NULL,,0
,27153129062,FC21003353,2021-08-28 22:56:00.0000000,Male,White,14,NULL,NULL,NULL,Hispanic Origin,,0,NULL,,0
,27153687240,FC21003354,2021-08-29 10:20:00.0000000,Male,Black,25,Medium,Short,Medium,Not of Hispanic Origin,,0,MA,Class D,0
,27153836217,FC21003355,2021-08-29 10:53:00.0000000,Male,Black,23,Medium,NULL,NULL,Not of Hispanic Origin,,0,MA,,0
,27154467928,FC21003356,2021-08-29 13:29:00.0000000,Male,White,46,NULL,NULL,NULL,NULL,,0,NULL,,NULL
,27154469616,FC21003356,2021-08-29 13:29:00.0000000,Male,White,43,Muscular,NULL,NULL,Not of Hispanic Origin,,0,MA,,0
,27154646018,FC21003358,2021-08-29 15:33:00.0000000,Male,Unknown,14,NULL,NULL,NULL,Hispanic Origin,,0,NULL,,1
,27154648155,FC21003358,2021-08-29 15:33:00.0000000,Male,Black,15,NULL,NULL,NULL,NULL,,0,NULL,,1
,27154793762,FC21003359,2021-08-29 16:51:00.0000000,Male,Black,16,NULL,NULL,NULL,Not of Hispanic Origin,,0,NULL,,1
,27154795472,FC21003359,2021-08-29 16:51:00.0000000,Male,Black,17,NULL,NULL,NULL,Not of Hispanic Origin,,0,NULL,,1
,27154797956,FC21003359,2021-08-29 16:51:00.0000000,Male,Black,15,NULL,NULL,NULL,Not of Hispanic Origin,,0,NULL,,1
,27154799718,FC21003361,2021-08-29 13:00:00.0000000,Male,Black,18,Thin,Short,Medium Brown,NULL,,0,MA,,1
,27155079758,FC21003362,2021-08-29 17:30:00.0000000,Male,White,30,Thin,NULL,NULL,Not of Hispanic Origin,,0,MA,,0
,27155082298,FC21003362,2021-08-29 17:30:00.0000000,Female,White,36,Medium,Straight,NULL,Not of Hispanic Origin,,0,MA,,0
,27155084594,FC21003362,2021-08-29 17:30:00.0000000,Male,White,45,Medium,NULL,NULL,Not of Hispanic Origin,,0,MA,,0
,27155257239,FC21003363,2021-08-29 00:00:00.0000000,Male,Other,21,NULL,NULL,NULL,Hispanic Origin,,0,MA,Class D,0
,27156202393,FC21003364,2021-08-30 03:45:00.0000000,Male,White,32,Medium,Curly,Medium,Hispanic Origin,,0,MA,Class D,0
,27157134258,FC21003365,2021-08-30 10:00:00.0000000,Male,White,28,Thin,NULL,NULL,Not of Hispanic Origin,,0,MA,,0
,27163745439,FC21003366,2021-08-30 10:17:00.0000000,Male,Black,22,Thin,Short,Medium,Unknown,,0,MA,Class D,NULL
,27163745439,FC21003366,2021-08-30 10:17:00.0000000,Male,Black,22,Thin,Short,Medium,Unknown,,0,MA,Class D,1
,27163760596,FC21003366,2021-08-30 10:17:00.0000000,Male,Black,19,Medium,Short,Medium Brown,Not of Hispanic Origin,,0,MA,,1
,27171521589,FC21003367,2021-08-30 19:30:00.0000000,Male,Black,34,NULL,NULL,NULL,Unknown,,0,MA,Class D,0
,27171649741,FC21003368,2021-08-28 00:05:00.0000000,Male,Black,24,Thin,Short,Medium Brown,Hispanic Origin,,0,MA,Instruction Permit,NULL
,27171649741,FC21003368,2021-08-28 00:05:00.0000000,Male,Black,24,Thin,Short,Medium Brown,Hispanic Origin,,0,MA,Instruction Permit,1
,27175063984,FC21003369,2021-08-31 01:30:00.0000000,Female,White,42,Medium,NULL,NULL,Not of Hispanic Origin,,0,MA,,NULL
,27175063984,FC21003369,2021-08-31 01:30:00.0000000,Female,White,42,Medium,NULL,NULL,Not of Hispanic Origin,,0,MA,,0
,27175083216,FC21003369,2021-08-31 01:30:00.0000000,Male,Black,26,Medium,Curly,Dark Brown,Not of Hispanic Origin,,0,MA,,NULL
,27175083216,FC21003369,2021-08-31 01:30:00.0000000,Male,Black,26,Medium,Curly,Dark Brown,Not of Hispanic Origin,,0,MA,,1
,27175513841,FC21003370,2021-08-31 01:45:00.0000000,Male,Black,26,Thin,NULL,NULL,Not of Hispanic Origin,,0,MA,,0
,27175773039,FC21003371,2021-08-30 22:30:00.0000000,Female,White,30,Thin,Combed Back,Light Brown,Not of Hispanic Origin,,0,MA,,0
,27175778622,FC21003371,2021-08-30 22:30:00.0000000,Female,White,35,Thin,NULL,NULL,Not of Hispanic Origin,,0,MA,"ID - Had a License, now has ID",0
,27175953563,FC21003372,2021-08-30 22:00:00.0000000,Female,Unknown,30,NULL,NULL,NULL,Unknown,,0,NULL,,0
,27176157457,FC21003373,2021-08-30 17:16:00.0000000,Male,Black,42,Medium,NULL,NULL,Not of Hispanic Origin,,0,MA,,1
,27179503953,FC21003374,2021-08-31 10:06:00.0000000,Male,Black,36,Thin,NULL,NULL,Not of Hispanic Origin,,0,MA,,0
,27183534133,FC21003375,2021-08-31 00:00:00.0000000,Female,NULL,21,NULL,NULL,NULL,NULL,,0,NULL,,0
,27183814258,FC21003375,2021-08-31 00:00:00.0000000,Male,Black,38,Medium,Short,Medium Brown,NULL,,0,MA,,0
,27184225192,FC21003375,2021-08-31 00:00:00.0000000,Male,Unknown,46,NULL,NULL,NULL,NULL,,0,NULL,,0
,27184521005,FC21003375,2021-08-31 00:00:00.0000000,Male,Black,46,NULL,NULL,NULL,Not of Hispanic Origin,,0,GA,Other: Class C,0
,27184705836,FC21003375,2021-08-31 00:00:00.0000000,Male to Female Transgender,Unknown,33,NULL,NULL,NULL,NULL,,0,NULL,,0
,27190212903,FC21003376,2021-08-31 08:45:00.0000000,Male,White,31,Medium,Short,Light,Not of Hispanic Origin,,0,MA,Class D,0
,27190262785,FC21003376,2021-08-31 08:45:00.0000000,Female,White,28,Thin,Straight,Medium,Not of Hispanic Origin,,0,MA,Personal Driver License,0
,27190321314,FC21003376,2021-08-31 08:45:00.0000000,Male,White,57,Medium,Wavy,Light,NULL,,0,MA,,0
,27199741293,FC21003377,2021-08-31 09:35:00.0000000,Male,Black,30,Medium,Short,NULL,Not of Hispanic Origin,,0,MA,Class D,0
,27199741704,FC21003377,2021-08-31 09:35:00.0000000,Female,Unknown,38,NULL,NULL,NULL,Unknown,,0,NULL,,0
,27199921266,FC21003377,2021-08-31 09:35:00.0000000,Female,Black,31,NULL,NULL,NULL,Not of Hispanic Origin,,0,MA,,0
,27204008118,FC21003378,2021-08-31 14:27:00.0000000,Male,Black,31,Thin,NULL,NULL,Not of Hispanic Origin,,0,MA,,0
,27218342184,FC21003379,2021-08-31 16:50:00.0000000,Male,Black,57,Medium,NULL,NULL,Not of Hispanic Origin,,0,MA,,0
,27218521320,FC21003380,2021-08-31 18:10:00.0000000,Female,Black,20,NULL,NULL,NULL,Not of Hispanic Origin,,0,MA,,0
,27218523796,FC21003380,2021-08-31 18:10:00.0000000,Male,Black,22,Thin,Corn Rows,Dark,Hispanic Origin,,0,MA,Class D,0
,27218526832,FC21003380,2021-08-31 18:10:00.0000000,Male,Black,18,NULL,NULL,NULL,Not of Hispanic Origin,,0,MA,,0
,27218579383,FC21003381,2021-08-31 00:00:00.0000000,Male,Black,28,Thin,Dreadlocks,Dark,NULL,,0,MA,,0
,27218644437,FC21003382,2021-08-31 18:30:00.0000000,Male,Black,29,Medium,NULL,NULL,Not of Hispanic Origin,,0,MA,,1
,27218646732,FC21003382,2021-08-31 18:30:00.0000000,Male,Black,29,Thin,Braided,NULL,Hispanic Origin,,0,MA,,NULL
,27218894224,FC21003383,2021-08-31 20:10:00.0000000,Male,Black,18,Stocky,NULL,NULL,Not of Hispanic Origin,,0,MA,"ID - Had a License, now has ID",0
,27219043977,FC21003384,2021-08-30 21:27:00.0000000,Male,White,23,Medium,NULL,NULL,Hispanic Origin,,0,MA,,1
,27219237687,FC21003385,2021-08-31 22:00:00.0000000,Male,White,31,Medium,Short,Light,Not of Hispanic Origin,,0,MA,Class D,1
,27219410473,FC21003386,2021-08-31 23:00:00.0000000,Male,Black,25,Thin,NULL,NULL,Not of Hispanic Origin,,0,MA,,0
,27219425366,FC21003387,2021-08-31 22:00:00.0000000,Male,Black,24,Thin,NULL,NULL,Not of Hispanic Origin,,0,MA,,0
,27219930414,FC21003388,2021-09-01 00:30:00.0000000,Male,White,64,Medium,NULL,NULL,Not of Hispanic Origin,,0,MA,Class D,0
,27219920528,FC21003389,2021-08-31 23:50:00.0000000,Female,White,43,Thin,NULL,NULL,Not of Hispanic Origin,,0,MA,,0
,27219920911,FC21003389,2021-08-31 23:50:00.0000000,Female,White,47,NULL,NULL,NULL,NULL,,0,MA,,0
,27220080082,FC21003390,2021-09-01 02:50:00.0000000,Male,White,46,NULL,NULL,NULL,Hispanic Origin,,0,MA,,0
,27221507838,FC21003391,2021-09-01 10:30:00.0000000,Male,Black,NULL,NULL,NULL,Dark,NULL,,0,NULL,,0
,27221777494,FC21003392,2021-09-01 09:20:00.0000000,Male,Black,19,Thin,Short,NULL,Not of Hispanic Origin,,0,MA,,1
,27222751643,FC21003393,2021-09-01 15:07:00.0000000,Male,White,42,NULL,NULL,NULL,Not of Hispanic Origin,,0,MA,Class D,1
,27223967343,FC21003394,2021-09-01 00:00:00.0000000,Male,White,24,Stocky,Short,Medium Brown,Hispanic Origin,,0,MA,,0
,27223971888,FC21003394,2021-09-01 00:00:00.0000000,Male,Unknown,23,NULL,NULL,NULL,NULL,,0,NULL,,0
,27224500770,FC21003395,2021-09-01 22:00:00.0000000,Male,Black,28,NULL,NULL,NULL,Unknown,,0,MA,Class D,0
,27224505332,FC21003395,2021-09-01 22:00:00.0000000,Female,Black,28,NULL,NULL,NULL,Unknown,,0,NULL,,0
,27226976869,FC21003397,2021-09-02 11:50:00.0000000,Male,Black,35,NULL,NULL,NULL,Hispanic Origin,,0,MA,Class D,0
,27227237026,FC21003399,2021-09-02 12:14:00.0000000,Male,Black,27,Medium,NULL,NULL,Not of Hispanic Origin,,0,MA,,0
,27227490862,FC21003401,2021-09-02 14:00:00.0000000,Male,Black,30,Stocky,NULL,NULL,Not of Hispanic Origin,,0,MA,,0
,27228416019,FC21003402,2021-09-02 15:58:00.0000000,Male,Black,24,Thin,NULL,NULL,Not of Hispanic Origin,,0,MA,,1
,27228417668,FC21003402,2021-09-02 15:58:00.0000000,Male,Black,28,Medium,Braided,Medium Brown,Hispanic Origin,,0,MA,Class D,0
,27228479085,FC21003403,2021-09-02 17:00:00.0000000,Male,Black,29,Thin,Short,Dark Brown,NULL,,0,MA,Class D,0
,27228736028,FC21003404,2021-09-02 17:51:00.0000000,Male,White,21,Obese,Braided,Light,Not of Hispanic Origin,,0,MA,No License - Record Only,0
,27228737796,FC21003404,2021-09-02 17:51:00.0000000,Male,Black,19,Medium,Short,Dark Brown,Not of Hispanic Origin,,0,MA,,0
,27228740906,FC21003404,2021-09-02 17:51:00.0000000,Male,White,23,Heavy,Braided,Light,Hispanic Origin,,0,MA,ID Only - Never had Personal Driver License,0
,27228744937,FC21003404,2021-09-02 17:51:00.0000000,Male,Black,24,Medium,Short,Medium,Not of Hispanic Origin,,0,MA,Class D,0
,27228747648,FC21003404,2021-09-02 17:51:00.0000000,Male,Black,25,Medium,Short,Dark Brown,Not of Hispanic Origin,,0,MA,Class D,0
,27228868354,FC21003405,2021-09-02 18:11:00.0000000,Male,Black,34,Thin,NULL,Medium Brown,Not of Hispanic Origin,,0,MA,,0
,27228870334,FC21003405,2021-09-02 18:11:00.0000000,Male,Black,41,Medium,Curly,Brown,Not of Hispanic Origin,,0,MA,,0
,27228974426,FC21003406,2021-09-02 18:28:00.0000000,Male,Black,17,NULL,NULL,NULL,Not of Hispanic Origin,,0,NULL,,0
,27228976431,FC21003406,2021-09-02 18:28:00.0000000,Male,White,17,NULL,NULL,NULL,Hispanic Origin,,0,MA,ID Only - Never had Personal Driver License,0
,27229100582,FC21003407,2021-09-02 17:47:00.0000000,Male,White,52,Medium,NULL,Medium,Hispanic Origin,,0,MA,,0
,27229589755,FC21003408,2021-09-02 19:12:00.0000000,Male,Black,17,NULL,Curly,Medium,Not of Hispanic Origin,,0,MA,,0
,27229593717,FC21003408,2021-09-02 19:12:00.0000000,Male,Black,19,Thin,Braided,Light Brown,Hispanic Origin,,0,MA,,0
,27229870637,FC21003409,2021-09-02 19:07:00.0000000,Male,Black,35,Medium,Short,Medium Brown,Not of Hispanic Origin,,0,MA,,1
,27229874577,FC21003409,2021-09-02 19:07:00.0000000,Male,Black,16,NULL,NULL,NULL,NULL,,0,NULL,,1
,27230059242,FC21003410,2021-09-02 21:30:00.0000000,Male,Black,26,Medium,Dreadlocks,Dark Brown,Not of Hispanic Origin,,0,MA,Class D,0
,27230065225,FC21003410,2021-09-02 21:30:00.0000000,Male,Black,24,Medium,NULL,NULL,Not of Hispanic Origin,,0,MA,,0
,27230066874,FC21003410,2021-09-02 21:30:00.0000000,Male,White,23,Heavy,Braided,Light,Hispanic Origin,,0,MA,ID Only - Never had Personal Driver License,0
,27230068114,FC21003410,2021-09-02 21:30:00.0000000,Male,Black,28,Muscular,Wavy,Medium,NULL,,0,MA,Class D,0
,27230069413,FC21003410,2021-09-02 21:30:00.0000000,Male,Black,31,Medium,Short,Medium Brown,Not of Hispanic Origin,,0,MA,Class D,0
,27230079483,FC21003410,2021-09-02 21:30:00.0000000,Male,Black,43,Thin,Short,Medium Brown,Not of Hispanic Origin,,0,MA,ID Only - Never had Personal Driver License,0
,27230082244,FC21003410,2021-09-02 21:30:00.0000000,Male,White,21,Obese,Braided,Light,Not of Hispanic Origin,,0,MA,No License - Record Only,0
,27230083673,FC21003410,2021-09-02 21:30:00.0000000,Male,Black,24,Medium,Short,Medium,Not of Hispanic Origin,,0,MA,Class D,0
,27230086239,FC21003410,2021-09-02 21:30:00.0000000,Male,Black,22,Medium,Short,Medium Brown,Not of Hispanic Origin,,0,MA,ID Only - Never had Personal Driver License,0
,27230088468,FC21003410,2021-09-02 21:30:00.0000000,Male,Black,36,Medium,NULL,NULL,Not of Hispanic Origin,,0,MA,,0
,27230021106,FC21003411,2021-09-02 21:00:00.0000000,Male,Black,36,Medium,NULL,NULL,Not of Hispanic Origin,,0,MA,,0
,27230149249,FC21003412,2021-09-02 17:06:00.0000000,Male,Black,28,NULL,NULL,NULL,Not of Hispanic Origin,,0,MA,Class D,0
,27230222566,FC21003413,2021-09-02 17:30:00.0000000,Male,White,58,Medium,NULL,NULL,Hispanic Origin,,0,MA,Class D,1
,27230226848,FC21003413,2021-09-02 17:30:00.0000000,Male,Black,40,Medium,Dreadlocks,Medium,Not of Hispanic Origin,,0,MA,Class D,0
,27230235899,FC21003413,2021-09-02 17:30:00.0000000,Female,White,57,NULL,NULL,NULL,Not of Hispanic Origin,,0,MA,"ID - Had a License, now has ID",0
,27230217180,FC21003414,2021-09-02 21:15:00.0000000,Male,Black,33,Medium,Short,Dark,NULL,,0,MA,,1
,27230923601,FC21003415,2021-09-03 02:02:00.0000000,Male,Black,29,NULL,NULL,NULL,Not of Hispanic Origin,,0,NULL,,0
,27230930203,FC21003415,2021-09-03 02:02:00.0000000,Male,White,23,NULL,NULL,NULL,Hispanic Origin,,0,NULL,,1
,27230938844,FC21003415,2021-09-03 02:02:00.0000000,Male,White,23,NULL,NULL,NULL,Hispanic Origin,,0,MA,Class D,1
,27230920599,FC21003416,2021-09-03 00:30:00.0000000,Male,White,62,Medium,NULL,NULL,Not of Hispanic Origin,,0,MA,,0
,27230956492,FC21003417,2021-09-03 01:30:00.0000000,Male,Black,23,Thin,Braided,Light Brown,Not of Hispanic Origin,,0,MA,,1
,27230977073,FC21003418,2021-09-03 01:48:00.0000000,NULL,NULL,NULL,NULL,NULL,NULL,NULL,,0,NULL,,1
,27231952237,FC21003419,2021-09-03 09:55:00.0000000,Male,White,47,Medium,Bald or Balding,Fair,Not of Hispanic Origin,,0,MA,"ID - Had a License, now has ID",0
,27232120405,FC21003420,2021-09-03 08:30:00.0000000,Male,Unknown,NULL,NULL,NULL,NULL,Unknown,,0,NULL,,0
,27232328449,FC21003421,2021-09-02 19:16:00.0000000,Male,Black,16,NULL,NULL,NULL,Not of Hispanic Origin,,0,NULL,,1
,27232484307,FC21003422,2021-09-03 00:00:00.0000000,Male,White,27,Thin,Braided,Light,NULL,,0,MA,None,NULL
,27232484307,FC21003422,2021-09-03 00:00:00.0000000,Male,White,27,Thin,Braided,Light,NULL,,0,MA,None,0
,27233755573,FC21003423,2021-09-03 16:11:00.0000000,Male,Black,27,Thin,NULL,NULL,Not of Hispanic Origin,,0,MA,Class D,0
,27233758549,FC21003423,2021-09-03 16:11:00.0000000,Male,Black,36,Thin,NULL,NULL,Hispanic Origin,,0,MA,,0
,27233759020,FC21003423,2021-09-03 16:11:00.0000000,Male,Black,24,Medium,Braided,NULL,Not of Hispanic Origin,,0,MA,Class D,0
,27233761029,FC21003423,2021-09-03 16:11:00.0000000,Male,Black,29,Thin,NULL,NULL,Not of Hispanic Origin,,0,MA,,0
,27233761497,FC21003423,2021-09-03 16:11:00.0000000,Male,Black,26,Medium,NULL,NULL,Not of Hispanic Origin,,0,MA,,0
,27233762632,FC21003423,2021-09-03 16:11:00.0000000,Male,Black,29,Thin,Braided,NULL,Not of Hispanic Origin,,0,MA,ID Only - Never had Personal Driver License,0
,27233817607,FC21003424,2021-09-03 15:20:00.0000000,Male,Black,24,Thin,NULL,NULL,Not of Hispanic Origin,,0,MA,,1
,27233818389,FC21003424,2021-09-03 15:20:00.0000000,Male,Black,20,Thin,NULL,NULL,Hispanic Origin,,0,MA,,1
,27233891361,FC21003425,2021-09-02 08:00:00.0000000,Male,Black,18,Medium,Short,Dark,NULL,,0,MA,,1
,27234028046,FC21003426,2021-09-03 17:00:00.0000000,Male,Black,36,Medium,NULL,NULL,Not of Hispanic Origin,,0,MA,,0
,27234132916,FC21003427,2021-09-03 17:58:00.0000000,Male,Black,27,Medium,Bald or Balding,Dark,Not of Hispanic Origin,,0,MA,,0
,27234812066,FC21003428,2021-09-03 19:29:00.0000000,NULL,NULL,NULL,NULL,NULL,NULL,NULL,,0,NULL,,0
,27234825081,FC21003429,2021-09-03 21:15:00.0000000,Male,White,35,Medium,Short,Light Brown,Hispanic Origin,,0,MA,ID Only - Never had Personal Driver License,0
,27234836063,FC21003430,2021-09-03 21:05:00.0000000,Male,Black,29,Medium,NULL,NULL,Not of Hispanic Origin,,0,MA,,0
,27234880009,FC21003431,2021-09-03 17:06:00.0000000,Male,Black,18,Thin,NULL,NULL,Not of Hispanic Origin,,0,MA,,1
,27235403571,FC21003432,2021-09-04 00:13:00.0000000,Male,NULL,52,NULL,NULL,NULL,NULL,,0,NULL,,0
,27236064737,FC21003433,2021-09-04 02:58:00.0000000,Male,Black,23,Thin,NULL,NULL,Not of Hispanic Origin,,0,MA,,0
,27236981970,FC21003435,2021-09-04 11:42:00.0000000,Male,Black,23,Thin,Short,Medium Brown,NULL,,0,MA,,1
,27236986051,FC21003435,2021-09-04 11:42:00.0000000,Male,Black,24,Thin,NULL,NULL,Not of Hispanic Origin,,0,MA,,0
,27236986854,FC21003435,2021-09-04 11:42:00.0000000,Male,Black,24,Thin,NULL,NULL,Not of Hispanic Origin,,0,MA,,0
,27236988846,FC21003435,2021-09-04 11:42:00.0000000,Male,Black,20,Thin,Short,Dark Brown,Not of Hispanic Origin,,0,MA,Class D,0
,27236990544,FC21003435,2021-09-04 11:42:00.0000000,Male,Black,20,Thin,Short,Dark,NULL,,0,MA,,0
,27237035751,FC21003436,2021-09-04 09:55:00.0000000,Male,Black,34,Thin,Dreadlocks,Dark Brown,Not of Hispanic Origin,,0,MA,Other: Class D SUSPENDED,0
,27237060283,FC21003437,2021-09-04 12:19:00.0000000,Male,White,30,Muscular,NULL,NULL,Hispanic Origin,,0,MA,"ID - Had a License, now has ID",0
,27237301227,FC21003438,2021-09-04 12:45:00.0000000,Female,White,29,Medium,Short,NULL,NULL,,0,MA,,0
,27237392606,FC21003439,2021-09-04 14:00:00.0000000,Female,Black,45,Thin,NULL,NULL,Not of Hispanic Origin,,0,MA,,0
,27237405687,FC21003440,2021-09-04 12:00:00.0000000,Male,White,37,Medium,NULL,NULL,Not of Hispanic Origin,,0,MA,"ID - Had a License, now has ID",0
,27237922965,FC21003441,2021-09-04 17:10:00.0000000,Male,White,31,Heavy,NULL,NULL,Not of Hispanic Origin,,0,MA,,1
,27238150152,FC21003442,2021-09-04 17:17:00.0000000,Male,Black,16,Medium,Short,Medium,NULL,,0,MA,,1
,27238152867,FC21003442,2021-09-04 17:17:00.0000000,Male,Black,16,Thin,NULL,Light Brown,Hispanic Origin,,0,MA,,1
,27238174753,FC21003443,2021-09-04 19:20:00.0000000,Male,Black,28,Medium,Short,Medium,Not of Hispanic Origin,,0,MA,"ID - Had a License, now has ID",0
,27238225166,FC21003444,2021-09-04 17:13:00.0000000,Male,White,63,NULL,NULL,NULL,Not of Hispanic Origin,,0,MA,,0
,27238512023,FC21003445,2021-09-04 20:05:00.0000000,Male,Black,20,Thin,Afro,Medium Brown,Unknown,,0,MA,ID Only - Never had Personal Driver License,1
,27238511066,FC21003446,2021-09-04 19:32:00.0000000,Male,Black,58,Medium,Dreadlocks,Dark Brown,Not of Hispanic Origin,,0,MA,Class D,1
,27238542641,FC21003447,2021-09-04 20:21:00.0000000,Male,Black,29,Medium,Dreadlocks,Medium Brown,Not of Hispanic Origin,,0,MA,Class D,0
,27239586535,FC21003450,2021-09-05 02:00:00.0000000,Male,Black,21,Heavy,Afro,Dark Brown,Not of Hispanic Origin,,0,MA,Class D,0
,27239590486,FC21003450,2021-09-05 02:00:00.0000000,Male,Black,24,Medium,Braided,Medium Brown,Not of Hispanic Origin,,0,MA,,0
,27239630736,FC21003451,2021-09-05 02:00:00.0000000,Male,Black,26,Muscular,NULL,NULL,Not of Hispanic Origin,,0,MA,,0
,27239634020,FC21003451,2021-09-05 02:00:00.0000000,Male,Black,41,Medium,NULL,NULL,Not of Hispanic Origin,,0,MA,,0
,27239677357,FC21003452,2021-09-05 02:10:00.0000000,Male,Black,27,Medium,Curly,Medium Brown,Unknown,,0,MA,Personal Driver License,0
,27239912884,FC21003453,2021-08-24 16:00:00.0000000,Female,Unknown,26,NULL,NULL,NULL,Hispanic Origin,,0,MA,Class D,0
,27239935337,FC21003454,2021-08-26 01:10:00.0000000,Female,Black,23,NULL,NULL,NULL,Hispanic Origin,,0,MA,Class D,0
,27239945668,FC21003455,2021-09-05 04:51:00.0000000,Female,Black,28,NULL,NULL,NULL,Unknown,,0,MA,Class D,NULL
,27239945668,FC21003455,2021-09-05 04:51:00.0000000,Female,Black,28,NULL,NULL,NULL,Unknown,,0,MA,Class D,0
,27239995869,FC21003456,2021-09-05 00:50:00.0000000,Male,Other,NULL,NULL,NULL,NULL,Not of Hispanic Origin,,0,NULL,,NULL
,27240003112,FC21003456,2021-09-05 00:50:00.0000000,Male,Black,29,NULL,NULL,NULL,Hispanic Origin,,0,MA,Class D,0
,27240009629,FC21003458,2021-08-17 08:15:00.0000000,Male,White,35,Medium,NULL,NULL,Not of Hispanic Origin,,0,MA,"ID - Had a License, now has ID",1
,27240026854,FC21003459,2021-08-29 14:10:00.0000000,Male,Black,31,Medium,NULL,NULL,Not of Hispanic Origin,,0,MA,,1
,27240033720,FC21003460,2021-08-26 12:30:00.0000000,Male,Black,54,NULL,NULL,NULL,Not of Hispanic Origin,,0,NULL,,NULL
,27240034199,FC21003460,2021-08-26 12:30:00.0000000,Male,White,34,Thin,Short,Light,Not of Hispanic Origin,,0,MA,,1
,27240050961,FC21003461,2021-08-31 14:22:00.0000000,Male,White,39,Thin,NULL,NULL,Not of Hispanic Origin,,0,MA,,1
,27240067182,FC21003462,2021-09-04 09:51:00.0000000,Male,Black,36,Thin,NULL,NULL,Not of Hispanic Origin,,0,MA,,0
,27240187383,FC21003463,2021-09-04 17:23:00.0000000,Male,Black,23,NULL,NULL,NULL,NULL,,0,NULL,,0
,27240426599,FC21003464,2021-09-04 17:55:00.0000000,Male,Black,31,Thin,Dreadlocks,NULL,Not of Hispanic Origin,,0,MA,,0
,27240451339,FC21003465,2021-09-04 17:30:00.0000000,Female,White,39,NULL,NULL,NULL,Not of Hispanic Origin,,0,MA,Class D,1
,27240453209,FC21003465,2021-09-04 17:30:00.0000000,Male,White,42,Medium,Short,Light,Not of Hispanic Origin,,0,MA,,0
,27240821086,FC21003466,2021-09-05 12:38:00.0000000,Female,Black,39,Heavy,Wavy,Dark,Not of Hispanic Origin,,0,MA,,0
,27240903507,FC21003467,2021-09-05 14:45:00.0000000,Male,Black,16,NULL,NULL,NULL,Unknown,,0,NULL,,0
,27241015399,FC21003468,2021-09-05 15:07:00.0000000,Male,White,51,Medium,NULL,NULL,Not of Hispanic Origin,,0,MA,,1
,27241139169,FC21003469,2021-09-05 13:50:00.0000000,Male,White,28,NULL,NULL,NULL,Not of Hispanic Origin,,0,MA,Class D,1
,27241219591,FC21003470,2021-09-02 23:14:00.0000000,Male,White,30,Muscular,NULL,NULL,Hispanic Origin,,0,MA,"ID - Had a License, now has ID",1
,27241221922,FC21003470,2021-09-02 23:14:00.0000000,Male,Black,27,Medium,Short,Dark,NULL,,0,MA,,1
,27241254850,FC21003471,2021-09-04 22:30:00.0000000,Male,Black,28,Muscular,Wavy,Medium,NULL,,0,MA,Class D,0
,27241302682,FC21003472,2021-09-05 01:00:00.0000000,Male,Black,23,Thin,Curly,Dark,NULL,,0,MA,,1
,27241309870,FC21003472,2021-09-05 01:00:00.0000000,Male,Black,34,NULL,NULL,NULL,Unknown,,0,MA,Class D,1
,27242085484,FC21003473,2021-09-05 22:00:00.0000000,Male,Black,44,NULL,NULL,NULL,Not of Hispanic Origin,,0,NULL,,0
,27242089476,FC21003473,2021-09-05 22:00:00.0000000,Female,Black,39,Thin,NULL,NULL,Hispanic Origin,,0,MA,,0
,27242293020,FC21003474,2021-09-05 21:30:00.0000000,Male,White,41,Medium,Bald or Balding,Light,Hispanic Origin,,0,MA,Class D,1
,27242293107,FC21003474,2021-09-05 21:30:00.0000000,Male,White,18,NULL,NULL,NULL,Hispanic Origin,,0,MA,Class D,1
,27242293196,FC21003474,2021-09-05 21:30:00.0000000,Male,White,19,Thin,Afro,Medium Brown,NULL,,0,MA,ID Only - Never had Personal Driver License,0
,27242303061,FC21003474,2021-09-05 21:30:00.0000000,Male,White,21,NULL,NULL,NULL,Hispanic Origin,,0,MA,Class D,0
,27242892194,FC21003475,2021-09-06 04:00:00.0000000,Male,Black,23,Medium,Curly,NULL,Not of Hispanic Origin,,0,MA,,0
,27242893492,FC21003475,2021-09-06 04:00:00.0000000,Male,White,26,Stocky,Short,Light Brown,Not of Hispanic Origin,,0,MA,,0
,27242893954,FC21003475,2021-09-06 04:00:00.0000000,Female,White,21,Thin,NULL,NULL,Not of Hispanic Origin,,0,MA,,0
,27242895456,FC21003475,2021-09-06 04:00:00.0000000,Female,Black,25,Thin,NULL,NULL,Not of Hispanic Origin,,0,MA,,0
,27243692527,FC21003476,2021-09-06 10:00:00.0000000,Male,Unknown,32,NULL,NULL,NULL,Unknown,,0,MA,Class D,1
,27243983800,FC21003477,2021-09-06 11:00:00.0000000,Female,Unknown,20,NULL,NULL,NULL,Unknown,,0,NULL,,0
,27244493339,FC21003478,2021-09-06 13:30:00.0000000,Male,Black,25,Medium,Short,Dark Brown,Not of Hispanic Origin,,0,MA,Class D,NULL
,27449470252,FC21003478,2021-09-06 13:30:00.0000000,Female,White,22,NULL,NULL,NULL,Unknown,,0,MA,Class D,0
,27244887364,FC21003479,2021-09-03 21:00:00.0000000,Male,Black,33,Medium,Braided,Dark Brown,NULL,,0,MA,,1
,27244981430,FC21003480,2021-09-06 16:57:00.0000000,Male,White,45,NULL,NULL,NULL,Not of Hispanic Origin,,0,NULL,,0
,27245442508,FC21003481,2021-09-06 18:45:00.0000000,Male,Black,26,Medium,NULL,NULL,Not of Hispanic Origin,,0,MA,Class D,0
,27245536287,FC21003482,2021-09-06 20:29:00.0000000,Male,Black,33,Thin,Short,Medium Brown,Not of Hispanic Origin,,0,MA,Class D,0
,27245536823,FC21003482,2021-09-06 20:29:00.0000000,Male,Black,19,Thin,NULL,Dark Brown,Not of Hispanic Origin,,0,MA,ID Only - Never had Personal Driver License,0
,27245538022,FC21003482,2021-09-06 20:29:00.0000000,Male,Black,25,Heavy,NULL,NULL,Hispanic Origin,,0,MA,,0
,27245538493,FC21003482,2021-09-06 20:29:00.0000000,Male,Black,20,Unknown,NULL,NULL,Not of Hispanic Origin,,0,MA,"ID - Had a License, now has ID",0
,27245632694,FC21003483,2021-09-06 20:45:00.0000000,Male,Black,24,Thin,Unkempt,NULL,NULL,,0,MA,,0
,27245635306,FC21003483,2021-09-06 20:45:00.0000000,Male,Black,23,Thin,NULL,NULL,Not of Hispanic Origin,,0,MA,,0
,27245638046,FC21003483,2021-09-06 20:45:00.0000000,Male,White,21,Thin,Straight,Light,NULL,,0,MA,,0
,27245788110,FC21003484,2021-09-06 21:21:00.0000000,Male,Black,30,Medium,Other,NULL,Not of Hispanic Origin,,0,MA,Class D,0
,27245821174,FC21003485,2021-09-06 21:55:00.0000000,Male,Black,23,NULL,NULL,NULL,Not of Hispanic Origin,,0,MA,ID Only - Never had Personal Driver License,1
,27247820473,FC21003486,2021-09-06 15:48:00.0000000,Male,Black,32,Thin,NULL,NULL,Not of Hispanic Origin,,0,MA,,NULL
,27247820473,FC21003486,2021-09-06 15:48:00.0000000,Male,Black,32,Thin,NULL,NULL,Not of Hispanic Origin,,0,MA,,0
,27247893379,FC21003487,2021-09-07 10:20:00.0000000,Male,White,30,Medium,Short,Medium,Hispanic Origin,,0,MA,,0
,27247895262,FC21003487,2021-09-07 10:20:00.0000000,Female,White,36,Medium,Straight,NULL,Not of Hispanic Origin,,0,MA,,0
,27247931929,FC21003488,2021-09-07 11:06:00.0000000,Male,White,32,Medium,NULL,NULL,Not of Hispanic Origin,,0,MA,,0
,27248266656,FC21003489,2021-09-07 11:41:00.0000000,Male,Black,36,Thin,NULL,NULL,Not of Hispanic Origin,,0,MA,,0
,27251861164,FC21003490,2021-09-07 13:09:00.0000000,Male,Black,23,Medium,Short,Dark Brown,Not of Hispanic Origin,,0,MA,ID Only - Never had Personal Driver License,0
,27251865534,FC21003490,2021-09-07 13:09:00.0000000,Female,Black,25,NULL,NULL,NULL,Not of Hispanic Origin,,0,MA,ID Only - Never had Personal Driver License,0
,27252150663,FC21003491,2021-09-07 13:25:00.0000000,Male,Black,19,Thin,NULL,Dark Brown,Not of Hispanic Origin,,0,MA,ID Only - Never had Personal Driver License,0
,27252499971,FC21003492,2021-09-07 13:35:00.0000000,Male,White,50,NULL,NULL,NULL,NULL,,0,NULL,,1
,27252619177,FC21003493,2021-09-07 13:47:00.0000000,Male,Unknown,60,NULL,NULL,NULL,Unknown,,0,NULL,,0
,27256626820,FC21003494,2021-09-07 14:42:00.0000000,Male,White,60,Medium,NULL,NULL,Not of Hispanic Origin,,0,MA,,0
,27256694296,FC21003494,2021-09-07 14:42:00.0000000,Male,White,53,Unknown,NULL,NULL,Unknown,,0,NULL,,0
,27257782699,FC21003495,2021-09-07 15:30:00.0000000,Male,White,43,NULL,NULL,NULL,Not of Hispanic Origin,,0,NULL,,0
,27262436638,FC21003496,2021-09-07 16:26:00.0000000,Male,White,23,Heavy,Braided,Light,NULL,,0,MA,,1
,27262438332,FC21003496,2021-09-07 16:26:00.0000000,Male,White,21,Obese,Braided,Light,Not of Hispanic Origin,,0,MA,No License - Record Only,1
,27262439623,FC21003496,2021-09-07 16:26:00.0000000,Male,White,17,NULL,NULL,NULL,Hispanic Origin,,0,MA,ID Only - Never had Personal Driver License,1
,27262444574,FC21003496,2021-09-07 16:26:00.0000000,Male,Other,21,NULL,NULL,NULL,Hispanic Origin,,0,MA,Class D,1
,27263780661,FC21003497,2021-09-05 13:30:00.0000000,Male,White,32,NULL,NULL,NULL,Not of Hispanic Origin,,0,MA,Class D,0
,27263787084,FC21003497,2021-09-05 13:30:00.0000000,Male,Black,30,Thin,Curly,Dark,NULL,,0,MA,,0
,27265629594,FC21003498,2021-09-07 22:15:00.0000000,Male,Black,39,Thin,NULL,NULL,Not of Hispanic Origin,,0,MA,,0
,27266309248,FC21003499,2021-09-07 17:40:00.0000000,Male,White,22,NULL,NULL,NULL,Not of Hispanic Origin,,0,NULL,,1
,27267926861,FC21003500,2021-09-08 00:28:00.0000000,Male,Black,25,Medium,Short,Dark Brown,Not of Hispanic Origin,,0,MA,Class D,0
,27267931144,FC21003500,2021-09-08 00:28:00.0000000,Male,Black,24,Medium,Short,Medium,Not of Hispanic Origin,,0,MA,Class D,0
,27269214863,FC21003501,2021-09-08 02:02:00.0000000,Male,White,56,Medium,NULL,NULL,Hispanic Origin,,0,MA,,1
,27269417849,FC21003502,2021-09-06 01:22:00.0000000,Male,Black,19,NULL,NULL,NULL,Not of Hispanic Origin,,0,NULL,,1
,27269423476,FC21003502,2021-09-06 01:22:00.0000000,Male,Black,20,Medium,NULL,Light Brown,Not of Hispanic Origin,,0,MA,Class D,1
,27269426750,FC21003502,2021-09-06 01:22:00.0000000,Male,Black,26,Thin,NULL,NULL,Not of Hispanic Origin,,0,MA,,1
,27269434247,FC21003502,2021-09-06 01:22:00.0000000,Male,Black,21,Medium,NULL,NULL,Not of Hispanic Origin,,0,MA,Class D,1
,27271356485,FC21003504,2021-09-08 01:45:00.0000000,Male,Black,36,Thin,NULL,NULL,Not of Hispanic Origin,,0,MA,,0
,27271513383,FC21003505,2021-09-08 14:35:00.0000000,Male,Black,29,Thin,Fade,NULL,Not of Hispanic Origin,,0,MA,Class D,0
,27271641608,FC21003506,2021-09-08 15:00:00.0000000,Male,Black,21,Thin,Dreadlocks,Medium,Not of Hispanic Origin,,0,MA,ID Only - Never had Personal Driver License,0
,27271666296,FC21003506,2021-09-08 15:00:00.0000000,Female,Asian,38,NULL,NULL,NULL,NULL,,0,NULL,,NULL
,27272847273,FC21003507,2021-09-08 18:25:00.0000000,Male,Black,29,Medium,NULL,NULL,Not of Hispanic Origin,,0,MA,Class D,0
,27272875367,FC21003507,2021-09-08 18:25:00.0000000,Male,Black,29,Thin,Short,Dark Brown,NULL,,0,MA,Class D,0
,27272914481,FC21003508,2021-09-08 17:40:00.0000000,Female,White,28,Thin,Straight,Light,NULL,,0,MA,,1
,27272915148,FC21003508,2021-09-08 17:40:00.0000000,Male,White,37,Medium,Short,Light,Not of Hispanic Origin,,0,MA,,0
,27273053617,FC21003509,2021-09-08 18:50:00.0000000,Male,Black,23,Thin,NULL,NULL,Not of Hispanic Origin,,0,MA,,1
,27273056414,FC21003509,2021-09-08 18:50:00.0000000,Male,Black,23,Medium,NULL,NULL,NULL,,0,MA,,1
,27273063784,FC21003509,2021-09-08 18:50:00.0000000,Female,Black,18,NULL,NULL,NULL,Not of Hispanic Origin,,0,NULL,,1
,27273175954,FC21003510,2021-09-08 00:00:00.0000000,Female,White,32,Medium,Pony Tail,Light,Not of Hispanic Origin,,0,NULL,,0
,27273299654,FC21003511,2021-09-08 17:58:00.0000000,Male,Black,19,Heavy,NULL,NULL,Not of Hispanic Origin,,0,MA,Class D,1
,27273310349,FC21003511,2021-09-08 17:58:00.0000000,Male,Black,21,Thin,Short,Medium Brown,Unknown,,0,MA,ID Only - Never had Personal Driver License,1
,27273314170,FC21003512,2021-09-08 18:29:00.0000000,Female,Unknown,51,NULL,NULL,NULL,NULL,,0,NY,,0
,27273433957,FC21003513,2021-09-08 15:00:00.0000000,Male,Black,28,Muscular,NULL,NULL,Not of Hispanic Origin,,0,MA,Class D,0
,27273720544,FC21003514,2021-09-08 00:00:00.0000000,Male,White,22,NULL,NULL,NULL,Hispanic Origin,,0,MA,Class D,0
,27273799656,FC21003514,2021-09-08 00:00:00.0000000,Male,Black,21,NULL,NULL,NULL,Not of Hispanic Origin,,0,MA,,0
,27274531064,FC21003515,2021-09-08 21:00:00.0000000,Male,Black,26,Thin,NULL,NULL,Not of Hispanic Origin,,0,MA,ID Only - Never had Personal Driver License,0
,27277244906,FC21003517,2021-09-08 18:45:00.0000000,Male,Black,28,Medium,Short,Medium,Not of Hispanic Origin,,0,MA,"ID - Had a License, now has ID",1
,27277271794,FC21003517,2021-09-08 18:45:00.0000000,Male,White,42,Thin,Bald or Balding,NULL,Not of Hispanic Origin,,0,MA,,0
,27277631879,FC21003518,2021-09-08 21:23:00.0000000,Male,Black,31,Medium,Short,Medium Brown,Not of Hispanic Origin,,0,MA,Class D,0
,27277666615,FC21003518,2021-09-08 21:23:00.0000000,Male,Black,43,Thin,Short,Medium Brown,Not of Hispanic Origin,,0,MA,ID Only - Never had Personal Driver License,0
,27278371260,FC21003519,2021-09-08 21:35:00.0000000,Female,White,26,NULL,NULL,NULL,NULL,,0,NULL,,NULL
,27278403464,FC21003519,2021-09-08 21:35:00.0000000,Male,White,62,NULL,NULL,NULL,Not of Hispanic Origin,,0,MA,Personal Driver License,1
,27278407190,FC21003519,2021-09-08 21:35:00.0000000,Male,White,45,NULL,NULL,NULL,Unknown,,0,MA,CDL Class A,1
,27279558534,FC21003520,2021-09-08 21:04:00.0000000,Male,Black,20,NULL,NULL,NULL,Not of Hispanic Origin,,0,NULL,,1
,27279799783,FC21003520,2021-09-08 21:04:00.0000000,Male,Black,20,Thin,Short,Medium,Not of Hispanic Origin,,0,MA,,1
,27279825805,FC21003520,2021-09-08 21:04:00.0000000,Male,White,19,Thin,NULL,NULL,Hispanic Origin,,0,MA,ID Only - Never had Personal Driver License,1
,27279953682,FC21003521,2021-09-08 23:00:00.0000000,Male,White,28,Stocky,Short,Light,NULL,,0,MA,,0
,27280029995,FC21003523,2021-09-08 19:26:00.0000000,Male,Black,35,Medium,Dreadlocks,Dark Brown,Not of Hispanic Origin,,0,MA,,1
,27287318913,FC21003524,2021-09-08 23:16:00.0000000,Male,Black,19,Thin,Short,Dark,Not of Hispanic Origin,,0,MA,Class D,0
,27291551112,FC21003525,2021-09-08 22:00:00.0000000,Male,White,24,Medium,NULL,NULL,Hispanic Origin,,0,MA,Class D,0
,27291579143,FC21003526,2021-09-09 02:07:00.0000000,Male,White,39,Muscular,Bald or Balding,Fair,Not of Hispanic Origin,,0,MA,Class D,1
,27298582779,FC21003527,2021-09-09 04:00:00.0000000,Male,White,40,Thin,NULL,NULL,Not of Hispanic Origin,,0,MA,,0
,27316404284,FC21003528,2021-09-09 09:15:00.0000000,Male,White,38,Medium,NULL,NULL,Not of Hispanic Origin,,0,MA,,0
,27316708986,FC21003529,2021-09-09 10:40:00.0000000,Male,White,45,Medium,Receding or Slightly Receding,NULL,Not of Hispanic Origin,,0,MA,"ID - Had a License, now has ID",0
,27319793669,FC21003530,2021-09-09 10:28:00.0000000,Male,Black,45,NULL,NULL,NULL,Not of Hispanic Origin,,0,MA,Class D,0
,27320441241,FC21003531,2021-09-09 11:29:00.0000000,Male,Unknown,42,NULL,NULL,NULL,Hispanic Origin,,0,MA,,1
,27321998586,FC21003532,2021-09-09 11:15:00.0000000,Male,White,70,Medium,NULL,NULL,Not of Hispanic Origin,,0,MA,,0
,27330240835,FC21003533,2021-09-10 02:00:00.0000000,Male,Black,30,Thin,Short,Medium Brown,Not of Hispanic Origin,,0,MA,,1
,27330672052,FC21003534,2021-08-26 01:11:00.0000000,Male,Black,62,Medium,NULL,NULL,Hispanic Origin,,0,MA,Class D,0
,27330705546,FC21003535,2021-08-22 01:58:00.0000000,Female,White,49,Medium,NULL,NULL,Hispanic Origin,,0,MA,Class D,NULL
,27330705546,FC21003535,2021-08-22 01:58:00.0000000,Female,White,49,Medium,NULL,NULL,Hispanic Origin,,0,MA,Class D,0
,27337863090,FC21003536,2021-09-10 10:42:00.0000000,Male,Black,39,Medium,NULL,NULL,Not of Hispanic Origin,,0,MA,,0
,27344147911,FC21003538,2021-09-10 14:10:00.0000000,Male,Black,64,Medium,Bald or Balding,Dark Brown,Not of Hispanic Origin,,0,MA,Class D,1
,27345533028,FC21003539,2021-09-10 13:04:00.0000000,Male,White,35,Thin,NULL,Light,Not of Hispanic Origin,,0,MA,,NULL
,27345533028,FC21003539,2021-09-10 13:04:00.0000000,Male,White,35,Thin,NULL,Light,Not of Hispanic Origin,,0,MA,,1
,27350662776,FC21003540,2021-09-10 11:20:00.0000000,Male,Black,28,NULL,NULL,NULL,NULL,,0,MA,,1
,27350683670,FC21003540,2021-09-10 11:20:00.0000000,Male,Black,25,Unknown,NULL,NULL,Not of Hispanic Origin,,0,MA,,1
,27350690879,FC21003540,2021-09-10 11:20:00.0000000,Male,Black,21,Medium,Short,Medium Brown,NULL,,0,MA,,1
,27350696846,FC21003540,2021-09-10 11:20:00.0000000,Male,Black,24,NULL,NULL,NULL,NULL,,0,MA,,1
,27350701354,FC21003540,2021-09-10 11:20:00.0000000,Female,Black,18,NULL,NULL,NULL,NULL,,0,MA,,1
,27354076879,FC21003541,2021-09-10 11:30:00.0000000,Male,Black,22,Medium,Short,Medium Brown,Not of Hispanic Origin,,0,MA,,0
,27354091423,FC21003541,2021-09-10 11:30:00.0000000,Male,Black,20,Thin,Short,Medium,Not of Hispanic Origin,,0,MA,,0
,27354102577,FC21003541,2021-09-10 11:30:00.0000000,Male,White,22,Thin,Curly,Light,Hispanic Origin,,0,MA,,0
,27354129126,FC21003541,2021-09-10 11:30:00.0000000,Male,Black,28,Medium,Short,Dark Brown,NULL,,0,MA,Class D,0
,27357287945,FC21003542,2021-09-10 00:00:00.0000000,Female,Black,31,Medium,NULL,NULL,Not of Hispanic Origin,,0,MA,Class D,0
,27357288756,FC21003542,2021-09-10 00:00:00.0000000,Male,Black,25,Thin,Short,NULL,Hispanic Origin,,0,MA,Class D,0
,27360300332,FC21003544,2021-09-10 19:17:00.0000000,Male,Black,19,Thin,NULL,NULL,Not of Hispanic Origin,,0,MA,,1
,27360312905,FC21003544,2021-09-10 19:17:00.0000000,Male,Black,20,Thin,Short,Medium Brown,Not of Hispanic Origin,,0,MA,ID Only - Never had Personal Driver License,1
,27360320573,FC21003544,2021-09-10 19:17:00.0000000,Female,White,20,NULL,NULL,NULL,NULL,,0,MA,,0
,27360323602,FC21003544,2021-09-10 19:17:00.0000000,Male,Black,22,Medium,NULL,NULL,Not of Hispanic Origin,,0,MA,,1
,27366694854,FC21003545,2021-09-11 02:00:00.0000000,Male,Black,34,Thin,NULL,NULL,Hispanic Origin,,0,MA,,0
,27366729449,FC21003545,2021-09-11 02:00:00.0000000,Female,White,32,Thin,NULL,NULL,Hispanic Origin,,0,MA,,0
,27369005701,FC21003546,2021-09-11 02:15:00.0000000,Male,Black,35,NULL,NULL,NULL,Hispanic Origin,,0,MA,Class D,0
,27369629184,FC21003547,2021-09-11 03:20:00.0000000,Male,Black,31,Medium,NULL,NULL,Not of Hispanic Origin,,0,MA,,0
,27369674750,FC21003548,2021-09-11 00:59:00.0000000,Male,Unknown,32,NULL,NULL,NULL,Unknown,,0,MA,Class D,0
,27369647700,FC21003549,2021-09-11 01:38:00.0000000,Male,Asian,49,NULL,NULL,NULL,Not of Hispanic Origin,,0,NULL,,0
,27369674543,FC21003550,2021-09-11 03:00:00.0000000,Male,Black,29,Medium,NULL,NULL,Not of Hispanic Origin,,0,MA,,0
,27369675145,FC21003550,2021-09-11 03:00:00.0000000,Male,Black,34,Medium,Curly,Medium Brown,Not of Hispanic Origin,,0,MA,Class D,0
,27369676789,FC21003550,2021-09-11 03:00:00.0000000,Female,Black,27,Medium,NULL,NULL,Not of Hispanic Origin,,0,MA,,0
,27369690346,FC21003551,2021-09-11 01:00:00.0000000,Female,Other,28,NULL,NULL,NULL,Unknown,,0,MA,Class D,0
,27369691675,FC21003551,2021-09-11 01:00:00.0000000,Female,Black,21,Thin,Wavy,Medium Brown,NULL,,0,MA,,NULL
,27369733437,FC21003552,2021-09-11 02:55:00.0000000,Male,White,25,NULL,NULL,NULL,Not of Hispanic Origin,,0,MA,Class D,0
,27369734852,FC21003552,2021-09-11 02:55:00.0000000,Male,Black,30,NULL,NULL,NULL,Unknown,,0,MA,Class D,1
,27369737283,FC21003552,2021-09-11 02:55:00.0000000,Female,Black,23,NULL,NULL,NULL,Not of Hispanic Origin,,0,MA,Class D,0
,27370298353,FC21003553,2021-09-11 08:11:00.0000000,Male,White,47,Thin,Straight,Light,Not of Hispanic Origin,,0,MA,Class D,0
,27370300936,FC21003553,2021-09-11 08:11:00.0000000,Male,White,43,Muscular,NULL,NULL,Not of Hispanic Origin,,0,MA,,0
,27370306087,FC21003553,2021-09-11 08:11:00.0000000,Female,White,34,NULL,NULL,NULL,Not of Hispanic Origin,,0,NULL,,0
,27370339723,FC21003553,2021-09-11 08:11:00.0000000,Female,Unknown,46,NULL,NULL,NULL,Unknown,,0,MA,,NULL
,27370795213,FC21003554,2021-09-11 11:22:00.0000000,Male,Unknown,38,NULL,NULL,NULL,Hispanic Origin,,0,MA,Class D,0
,27376235361,FC21003555,2021-09-11 00:00:00.0000000,Male,Black,46,NULL,NULL,NULL,Hispanic Origin,,0,NULL,,0
,27376512275,FC21003555,2021-09-11 00:00:00.0000000,Male,Black,24,NULL,NULL,NULL,Hispanic Origin,,0,NULL,,0
,27378538602,FC21003556,2021-09-11 17:35:00.0000000,Male,Black,34,Medium,NULL,NULL,Not of Hispanic Origin,,0,MA,Class D,0
,27378935778,FC21003557,2021-09-11 12:57:00.0000000,Male,Black,27,Thin,NULL,NULL,Not of Hispanic Origin,,0,MA,Class D,0
,27378998544,FC21003558,2021-09-11 00:30:00.0000000,Male,White,25,NULL,NULL,NULL,Not of Hispanic Origin,,0,MA,Class D,1
,27378998553,FC21003558,2021-09-11 00:30:00.0000000,Female,Black,23,NULL,NULL,NULL,Not of Hispanic Origin,,0,MA,Class D,1
,27378998563,FC21003558,2021-09-11 00:30:00.0000000,Male,Black,30,NULL,NULL,NULL,Unknown,,0,MA,Class D,1
,27379014896,FC21003559,2021-09-11 00:00:00.0000000,Female,Black,21,Thin,Wavy,Medium Brown,NULL,,0,MA,,0
,27379016107,FC21003559,2021-09-11 00:00:00.0000000,Male,Black,27,Medium,Curly,Medium Brown,Unknown,,0,MA,Personal Driver License,0
,27379325559,FC21003560,2021-09-11 21:25:00.0000000,Female,Black,41,NULL,NULL,NULL,NULL,,0,NULL,,0
,27379435392,FC21003561,2021-09-11 18:15:00.0000000,Female,White,53,NULL,NULL,NULL,NULL,,0,MA,,0
,27379435620,FC21003561,2021-09-11 18:15:00.0000000,Male,White,35,Medium,Short,Light,Not of Hispanic Origin,,0,MA,"ID - Had a License, now has ID",NULL
,27379765559,FC21003562,2021-09-11 23:52:00.0000000,Female,White,54,NULL,NULL,NULL,Unknown,,0,MA,Class D,NULL
,27379775123,FC21003562,2021-09-11 23:52:00.0000000,Male,Black,59,NULL,NULL,NULL,Not of Hispanic Origin,,0,MA,None,0
,27379782903,FC21003562,2021-09-11 23:52:00.0000000,Female,White,29,NULL,NULL,NULL,Unknown,,0,MA,Class D,NULL
,27379831346,FC21003563,2021-09-11 23:27:00.0000000,Male,Black,45,Stocky,NULL,NULL,Not of Hispanic Origin,,0,MA,,0
,27379833812,FC21003563,2021-09-11 23:27:00.0000000,Female,Black,33,NULL,NULL,NULL,Not of Hispanic Origin,,0,MA,Class D,NULL
,27379961867,FC21003564,2021-09-12 00:59:00.0000000,Male,White,20,NULL,NULL,NULL,Hispanic Origin,,0,MA,,0
,27379984957,FC21003565,2021-09-12 02:00:00.0000000,Male,White,60,Medium,NULL,NULL,Not of Hispanic Origin,,0,MA,,0
,27379988236,FC21003566,2021-09-12 00:30:00.0000000,Male,Black,29,Thin,NULL,Dark Brown,Not of Hispanic Origin,,0,MA,Class D,0
,27380003978,FC21003567,2021-09-12 00:30:00.0000000,Male,Black,29,Thin,Braided,Medium Brown,Not of Hispanic Origin,,0,MA,"ID - Had a License, now has ID",0
,27380004583,FC21003567,2021-09-12 00:30:00.0000000,Female,Black,21,Thin,Wavy,Medium Brown,NULL,,0,MA,,0
,27380006977,FC21003567,2021-09-12 00:30:00.0000000,Male,Black,29,Medium,NULL,NULL,Not of Hispanic Origin,,0,MA,,0
,27380044642,FC21003567,2021-09-12 00:30:00.0000000,Male,Black,47,Thin,Bald or Balding,Medium,Not of Hispanic Origin,,0,MA,Personal Driver License,0
,27380125180,FC21003568,2021-08-31 02:49:00.0000000,Male,Black,34,Medium,NULL,NULL,Not of Hispanic Origin,,0,MA,Class D,1
,27380126812,FC21003568,2021-08-31 02:49:00.0000000,Male,Black,26,NULL,NULL,NULL,Unknown,,0,MA,Class D,1
,27380895901,FC21003569,2021-09-08 15:30:00.0000000,Male,Black,30,Medium,Dreadlocks,Medium Brown,Hispanic Origin,,0,MA,,1
,27380912003,FC21003570,2021-09-12 09:32:00.0000000,Male,White,45,Medium,Straight,Light Brown,NULL,,0,MA,,1
,27380912537,FC21003570,2021-09-12 09:32:00.0000000,Male,White,63,Medium,Wavy,Light,NULL,,0,MA,,NULL
,27381640740,FC21003571,2021-09-12 15:28:00.0000000,Male,NULL,22,NULL,NULL,NULL,Hispanic Origin,,0,NULL,,0
,27381642176,FC21003571,2021-09-12 15:28:00.0000000,Male,Other,21,NULL,NULL,NULL,Hispanic Origin,,0,MA,Class D,0
,27381795310,FC21003572,2021-09-12 16:30:00.0000000,Male,White,20,Thin,Curly,Light,Unknown,,0,MA,,0
,27381955899,FC21003573,2021-09-12 00:00:00.0000000,Male,White,32,NULL,NULL,NULL,Unknown,,0,NULL,,0
,27381957092,FC21003573,2021-09-12 00:00:00.0000000,Female,White,35,Heavy,NULL,NULL,Not of Hispanic Origin,,0,MA,Class D,0
,27382074844,FC21003574,2021-09-12 00:00:00.0000000,Male,White,34,Medium,Straight,Light,Hispanic Origin,,0,MA,,0
,27382574799,FC21003575,2021-09-12 00:00:00.0000000,Male,Black,15,Thin,Wavy,Light Brown,NULL,,0,MA,,0
,27382576168,FC21003575,2021-09-12 00:00:00.0000000,Male,White,17,NULL,NULL,NULL,Hispanic Origin,,0,NULL,,0
,27382596482,FC21003576,2021-09-12 20:15:00.0000000,Male,Black,29,Thin,Short,Dark Brown,NULL,,0,MA,Class D,0
,27382754395,FC21003577,2021-09-12 22:07:00.0000000,Male,Black,35,Medium,Short,NULL,NULL,,0,MA,,0
,27382720322,FC21003578,2021-09-12 17:48:00.0000000,Female,White,51,NULL,NULL,NULL,Not of Hispanic Origin,,0,MA,,0
,27382723961,FC21003578,2021-09-12 17:48:00.0000000,Female,White,38,Medium,NULL,NULL,Not of Hispanic Origin,,0,MA,,0
,27382781683,FC21003579,2021-09-12 22:18:00.0000000,Male,Black,24,Thin,Short,Medium Brown,Hispanic Origin,,0,MA,Instruction Permit,1
,27383236626,FC21003580,2021-09-13 01:14:00.0000000,Male,American Indian or Alaskan Native,20,Medium,NULL,NULL,Not of Hispanic Origin,,0,MA,None,1
,27383448580,FC21003581,2021-09-13 01:01:00.0000000,Male,Black,28,NULL,NULL,NULL,Not of Hispanic Origin,,0,MA,Class D,0
,27384403077,FC21003582,2021-09-13 00:00:00.0000000,Male,NULL,26,NULL,NULL,NULL,NULL,,0,NULL,,0
,27384535520,FC21003584,2021-09-13 10:30:00.0000000,Male,White,30,Medium,Curly,NULL,NULL,,0,MA,,0
,27384538051,FC21003584,2021-09-13 10:30:00.0000000,Male,Black,57,Medium,NULL,NULL,Not of Hispanic Origin,,0,MA,,0
,27384730228,FC21003585,2021-09-13 11:00:00.0000000,Male,White,47,NULL,NULL,NULL,NULL,,0,NULL,,0
,27388658128,FC21003586,2021-09-13 12:17:00.0000000,Male,Black,42,NULL,NULL,NULL,Not of Hispanic Origin,,0,MA,Class D,0
,27389813975,FC21003587,2021-09-13 09:37:00.0000000,Male,White,43,NULL,NULL,NULL,Not of Hispanic Origin,,0,NULL,,0
,27390996129,FC21003588,2021-09-13 14:40:00.0000000,Male,White,49,Medium,Curly,Light,NULL,,0,MA,,1
,27391758136,FC21003588,2021-09-13 14:40:00.0000000,Male,White,55,NULL,NULL,NULL,Unknown,,0,NULL,,0
,27400872938,FC21003589,2021-09-13 12:45:00.0000000,Male,Black,31,Medium,Braided,Medium,Not of Hispanic Origin,,0,MA,,1
,27404395492,FC21003590,2021-09-13 17:30:00.0000000,Male,Black,25,Thin,NULL,NULL,Not of Hispanic Origin,,0,MA,,0
,27406647622,FC21003591,2021-09-13 17:38:00.0000000,Male,Black,27,NULL,NULL,NULL,Hispanic Origin,,0,CA,Class D,1
,27407194669,FC21003592,2021-09-12 13:36:00.0000000,Male,Black,27,NULL,NULL,NULL,Not of Hispanic Origin,,0,MA,Class D,1
,27407199324,FC21003592,2021-09-12 13:36:00.0000000,Female,White,23,NULL,NULL,NULL,NULL,,0,NULL,,NULL
,27407209279,FC21003592,2021-09-12 13:36:00.0000000,Female,White,52,NULL,NULL,NULL,NULL,,0,NULL,,NULL
,27407215738,FC21003592,2021-09-12 13:36:00.0000000,Female,White,NULL,NULL,NULL,NULL,NULL,,0,NULL,,NULL
,27407287296,FC21003592,2021-09-12 13:36:00.0000000,Male,White,24,NULL,NULL,NULL,NULL,,0,NULL,,NULL
,27407364744,FC21003592,2021-09-12 13:36:00.0000000,Unknown,Unknown,NULL,NULL,NULL,NULL,NULL,,0,NULL,,NULL
,27408352170,FC21003593,2021-09-13 00:00:00.0000000,Male,Black,32,Medium,NULL,NULL,Not of Hispanic Origin,,0,MA,Class D,0
,27412746310,FC21003594,2021-09-13 18:47:00.0000000,Male,White,47,Thin,NULL,NULL,Hispanic Origin,,0,MA,,0
,27415652688,FC21003595,2021-09-13 00:00:00.0000000,Male,Other,21,NULL,NULL,NULL,Hispanic Origin,,0,MA,Class D,0
,27415660941,FC21003595,2021-09-13 00:00:00.0000000,Male,White,21,Obese,Braided,Light,Not of Hispanic Origin,,0,MA,No License - Record Only,0
,27415684278,FC21003595,2021-09-13 00:00:00.0000000,Male,White,22,Thin,NULL,NULL,Hispanic Origin,,0,MA,,0
,27416511878,FC21003596,2021-09-13 21:15:00.0000000,Male,Black,58,Thin,NULL,NULL,Hispanic Origin,,0,MA,,0
,27416613802,FC21003597,2021-09-13 22:00:00.0000000,Male,White,19,NULL,NULL,NULL,Hispanic Origin,,0,MA,ID Only - Never had Personal Driver License,0
,27416672006,FC21003598,2021-09-13 21:24:00.0000000,Male,Black,41,Medium,Short,Dark Brown,Not of Hispanic Origin,,0,MA,Class D,0
,27416675531,FC21003598,2021-09-13 21:24:00.0000000,Male,Black,28,Stocky,Short,Dark Brown,Not of Hispanic Origin,,0,MA,Class D,0
,27421543932,FC21003599,2021-09-14 01:11:00.0000000,Male,White,37,NULL,NULL,NULL,Not of Hispanic Origin,,0,WA,Class D,0
,27428989279,FC21003600,2021-09-13 22:10:00.0000000,Male,Black,50,NULL,NULL,NULL,Hispanic Origin,,0,MA,"ID - Had a License, now has ID",0
,27429570813,FC21003601,2021-09-14 10:01:00.0000000,Male,White,55,NULL,NULL,NULL,NULL,,0,MA,Class D,NULL
,27429570821,FC21003601,2021-09-14 10:01:00.0000000,Male to Female Transgender,White,34,NULL,NULL,NULL,NULL,,0,NH,,NULL
,27429570821,FC21003601,2021-09-14 10:01:00.0000000,Male to Female Transgender,White,34,NULL,NULL,NULL,NULL,,0,NH,,0
,27432612097,FC21003603,2021-09-14 00:00:00.0000000,Male,Black,36,Medium,NULL,NULL,Not of Hispanic Origin,,0,MA,Class D,1
,27435864401,FC21003606,2021-09-14 14:10:00.0000000,Male,Black,34,Medium,Bald or Balding,Dark Brown,Not of Hispanic Origin,,0,MA,Class D,1
,27435855749,FC21003607,2021-09-14 16:19:00.0000000,Male,Black,49,Thin,NULL,NULL,Not of Hispanic Origin,,0,MA,Class D,0
,27435892945,FC21003608,2021-09-13 21:00:00.0000000,Male,Black,33,Medium,Short,Dark Brown,Not of Hispanic Origin,,0,MA,Class D,0
,27436105560,FC21003609,2021-09-14 17:50:00.0000000,Male,Unknown,15,NULL,NULL,NULL,Unknown,,0,NULL,,1
,27436116328,FC21003609,2021-09-14 17:50:00.0000000,Male,NULL,18,NULL,NULL,NULL,NULL,,0,NULL,,1
,27436121209,FC21003609,2021-09-14 17:50:00.0000000,Male,Unknown,16,NULL,NULL,NULL,Unknown,,0,NULL,,1
,27436239288,FC21003610,2021-09-14 16:19:00.0000000,Male,Black,31,Medium,Afro,Dark,Not of Hispanic Origin,,0,MA,Other: Suspended,0
,27436586253,FC21003611,2021-09-14 18:41:00.0000000,Male,Black,45,Medium,NULL,NULL,Not of Hispanic Origin,,0,MA,"ID - Had a License, now has ID",0
,27436635929,FC21003612,2021-09-14 19:29:00.0000000,Male,Black,36,Medium,NULL,NULL,Not of Hispanic Origin,,0,MA,None,0
,27436703158,FC21003613,2021-09-14 21:00:00.0000000,Male,Black,16,Thin,Dreadlocks,Light Brown,NULL,,0,MA,,0
,27436704564,FC21003613,2021-09-14 21:00:00.0000000,Male,Black,16,Thin,NULL,Medium,NULL,,0,MA,,0
,27436708462,FC21003613,2021-09-14 21:00:00.0000000,Male,Black,16,NULL,NULL,NULL,NULL,,0,NULL,,0
,27436710802,FC21003613,2021-09-14 21:00:00.0000000,Male,Black,20,Thin,NULL,NULL,Not of Hispanic Origin,,0,MA,,0
,27436719150,FC21003613,2021-09-14 21:00:00.0000000,Male,Black,16,NULL,NULL,NULL,Unknown,,0,NULL,,0
,27436721792,FC21003613,2021-09-14 21:00:00.0000000,Male,Black,16,NULL,NULL,NULL,Hispanic Origin,,0,NULL,,0
,27436715933,FC21003614,2021-09-14 18:26:00.0000000,Male,White,40,Medium,Short,Fair,Not of Hispanic Origin,,0,MA,ID Only - Never had Personal Driver License,1
,27436819153,FC21003616,2021-09-14 21:30:00.0000000,Male,Black,29,Thin,Braided,Medium Brown,Not of Hispanic Origin,,0,MA,Class D,0
,27442391027,FC21003617,2021-09-15 01:10:00.0000000,Male,Black,24,Thin,NULL,Medium Brown,NULL,,0,MA,ID Only - Never had Personal Driver License,0
,27442461303,FC21003617,2021-09-15 01:10:00.0000000,Female,White,23,NULL,NULL,NULL,Not of Hispanic Origin,,0,MA,Class D,0
,27442524024,FC21003617,2021-09-15 01:10:00.0000000,Male,Black,22,NULL,NULL,NULL,Unknown,,0,MA,Class D,0
,27442528814,FC21003617,2021-09-15 01:10:00.0000000,Female,Black,27,Thin,Curly,Light Brown,Not of Hispanic Origin,,0,MA,,0
,27443344370,FC21003618,2021-09-15 06:50:00.0000000,Male,Black,36,NULL,NULL,NULL,NULL,,0,MA,,0
,27444479627,FC21003620,2021-09-15 11:00:00.0000000,Male,Black,29,Muscular,Dreadlocks,Dark,Not of Hispanic Origin,,0,MA,,1
,27444479844,FC21003620,2021-09-15 11:00:00.0000000,Female,Black,27,Thin,NULL,NULL,Not of Hispanic Origin,,0,MA,,1
,27444870081,FC21003621,2021-09-15 13:12:00.0000000,Female,Black,21,NULL,NULL,NULL,Not of Hispanic Origin,,0,MA,Class D,0
,27444876554,FC21003621,2021-09-15 13:12:00.0000000,Male,Black,28,Heavy,Dreadlocks,Dark Brown,Not of Hispanic Origin,,0,MA,,1
,27444864330,FC21003622,2021-09-15 14:15:00.0000000,Male,Black,32,NULL,NULL,NULL,Unknown,,0,NULL,,1
,27445185970,FC21003623,2021-09-15 14:50:00.0000000,Male,Black,44,NULL,NULL,NULL,Unknown,,0,MA,,0
,27445250455,FC21003624,2021-09-14 22:00:00.0000000,Female,White,40,Heavy,NULL,NULL,Hispanic Origin,,0,MA,,0
,27445250957,FC21003624,2021-09-14 22:00:00.0000000,Female,White,16,NULL,NULL,NULL,Hispanic Origin,,0,NULL,,0
,27445251205,FC21003624,2021-09-14 22:00:00.0000000,Female,White,18,NULL,NULL,NULL,Hispanic Origin,,0,MA,Class D,0
,27445251413,FC21003624,2021-09-14 22:00:00.0000000,Female,White,21,Heavy,Straight,Light,NULL,,0,MA,,1
,27445251802,FC21003624,2021-09-14 22:00:00.0000000,Male,Black,22,Medium,Braided,Light Brown,NULL,,0,MA,,1
,27445252237,FC21003624,2021-09-14 22:00:00.0000000,Male,Black,22,Thin,NULL,Dark,NULL,,0,MA,,1
,27445253586,FC21003624,2021-09-14 22:00:00.0000000,Female,NULL,15,NULL,NULL,NULL,NULL,,0,MA,Instruction Permit,NULL
,27445254265,FC21003624,2021-09-14 22:00:00.0000000,Female,NULL,67,NULL,NULL,NULL,NULL,,0,NULL,,NULL
,27445255688,FC21003624,2021-09-14 22:00:00.0000000,Female,Black,NULL,NULL,NULL,NULL,NULL,,0,NULL,,NULL
,27445257474,FC21003624,2021-09-14 22:00:00.0000000,Male,Black,66,NULL,NULL,NULL,NULL,,0,NULL,,NULL
,27445815021,FC21003625,2021-09-14 22:55:00.0000000,Male,Black,32,Medium,NULL,NULL,Not of Hispanic Origin,,0,MA,,1
,27445946754,FC21003627,2021-09-15 17:19:00.0000000,Male,Unknown,16,NULL,NULL,NULL,Hispanic Origin,,0,MA,ID Only - Never had Personal Driver License,0
,27445950118,FC21003627,2021-09-15 17:19:00.0000000,Male,Black,17,NULL,NULL,NULL,Unknown,,0,NULL,,0
,27445957555,FC21003627,2021-09-15 17:19:00.0000000,Male,Black,15,Thin,Wavy,Light,Hispanic Origin,,0,NULL,,0
,27445962911,FC21003627,2021-09-15 17:19:00.0000000,Male,Unknown,16,NULL,NULL,NULL,Hispanic Origin,,0,NULL,,0
,27445987584,FC21003628,2021-09-14 17:55:00.0000000,Male,Unknown,44,NULL,NULL,NULL,NULL,,0,MA,Class D,0
,27445990096,FC21003628,2021-09-14 17:55:00.0000000,Female,White,24,Thin,Wavy,OTHER,Not of Hispanic Origin,,0,MA,,0
,27446039034,FC21003629,2021-09-15 17:30:00.0000000,Male,White,48,Thin,NULL,NULL,Not of Hispanic Origin,,0,MA,Class D,0
,27446061639,FC21003630,2021-09-15 18:30:00.0000000,Male,Black,47,NULL,NULL,NULL,Hispanic Origin,,0,MA,Class D,0
,27446152341,FC21003631,2021-09-15 18:19:00.0000000,Male,Black,21,Thin,Afro,Medium Brown,Not of Hispanic Origin,,0,MA,Class D,1
,27446153049,FC21003631,2021-09-15 18:19:00.0000000,Male,Black,19,Thin,NULL,Dark Brown,Not of Hispanic Origin,,0,MA,ID Only - Never had Personal Driver License,0
,27446153885,FC21003631,2021-09-15 18:19:00.0000000,Male,Black,33,Thin,Short,Medium Brown,Not of Hispanic Origin,,0,MA,Class D,0
,27446154618,FC21003631,2021-09-15 18:19:00.0000000,Male,Black,27,Thin,Short,Medium Brown,Not of Hispanic Origin,,0,MA,,0
,27446155097,FC21003631,2021-09-15 18:19:00.0000000,Male,Black,25,Thin,NULL,NULL,Not of Hispanic Origin,,0,MA,,0
,27446156440,FC21003631,2021-09-15 18:19:00.0000000,Male,Black,28,Thin,Braided,Medium,Not of Hispanic Origin,,0,MA,Class D,0
,27446157203,FC21003631,2021-09-15 18:19:00.0000000,Male,White,19,NULL,NULL,NULL,Hispanic Origin,,0,NULL,,0
,27446158060,FC21003631,2021-09-15 18:19:00.0000000,Male,Black,24,Medium,Braided,Medium,Not of Hispanic Origin,,0,MA,ID Only - Never had Personal Driver License,0
,27446170855,FC21003631,2021-09-15 18:19:00.0000000,Male,Black,16,Medium,Short,Dark,Not of Hispanic Origin,,0,MA,None,0
,27446173116,FC21003631,2021-09-15 18:19:00.0000000,Male,Black,27,Thin,Short,NULL,Not of Hispanic Origin,,0,MA,Class D,0
,27446174985,FC21003631,2021-09-15 18:19:00.0000000,Male,Black,32,Thin,Dreadlocks,Light Brown,Hispanic Origin,,0,MA,,0
,27446494057,FC21003632,2021-09-15 19:45:00.0000000,Male,Black,19,NULL,NULL,NULL,NULL,,0,MA,,1
,27446496229,FC21003632,2021-09-15 19:45:00.0000000,Male,Black,16,Medium,Short,Medium,NULL,,0,MA,,1
,27446641255,FC21003633,2021-09-15 00:00:00.0000000,Male,Black,30,Medium,Braided,Medium Brown,Hispanic Origin,,0,MA,Class D,0
,27446889705,FC21003634,2021-09-15 17:00:00.0000000,Male,Black,24,Thin,NULL,NULL,Not of Hispanic Origin,,0,MA,Instruction Permit,0
,27446931913,FC21003634,2021-09-15 17:00:00.0000000,Female,Black,22,NULL,NULL,NULL,Unknown,,0,NULL,,0
,27446949509,FC21003635,2021-09-15 21:01:00.0000000,Male,White,31,NULL,NULL,NULL,NULL,,0,MA,Class D,1
,27446949858,FC21003635,2021-09-15 21:01:00.0000000,Female,White,NULL,NULL,NULL,NULL,Unknown,,0,NULL,,NULL
,27447377282,FC21003636,2021-09-16 00:20:00.0000000,Male,Black,30,Muscular,Corn Rows,Light Brown,Not of Hispanic Origin,,0,MA,,0
,27447309169,FC21003637,2021-09-14 23:00:00.0000000,Male,Black,39,Stocky,NULL,NULL,Hispanic Origin,,0,MA,,0
,27447328425,FC21003638,2021-09-14 18:34:00.0000000,Male,Black,26,Medium,NULL,NULL,Not of Hispanic Origin,,0,MA,,0
,27447329755,FC21003638,2021-09-14 18:34:00.0000000,Male,White,24,Medium,NULL,NULL,Hispanic Origin,,0,MA,,0
,27447340029,FC21003639,2021-09-15 21:49:00.0000000,Male,White,27,Thin,Short,Medium,NULL,,0,MA,Class D,1
,27447398997,FC21003640,2021-09-16 01:19:00.0000000,Male,White,23,Unknown,NULL,NULL,Not of Hispanic Origin,,0,MA,,0
,27447407581,FC21003641,2021-09-16 01:10:00.0000000,Male,White,22,Thin,Short,Light,Not of Hispanic Origin,,0,MA,Class D,1
,27447409511,FC21003641,2021-09-16 01:10:00.0000000,Male,Black,31,Medium,Braided,Light,Not of Hispanic Origin,,0,MA,Class D,1
,27447524062,FC21003642,2021-09-16 01:15:00.0000000,Male,Black,38,NULL,NULL,NULL,NULL,,0,MA,Class D,1
,27447778235,FC21003643,2021-09-16 01:38:00.0000000,Male,White,46,Thin,Short,Light,Not of Hispanic Origin,,0,MA,"ID - Had a License, now has ID",1
,27448388940,FC21003644,2021-09-16 08:43:00.0000000,Female,Black,26,Stocky,NULL,NULL,Not of Hispanic Origin,,0,MA,Class D,0
,27448391465,FC21003644,2021-09-16 08:43:00.0000000,Male,Black,24,Medium,Braided,Dark,Unknown,,0,MA,Class D,0
,27448765149,FC21003646,2021-09-16 09:55:00.0000000,Male,White,39,NULL,NULL,NULL,Not of Hispanic Origin,,0,MA,Class D,0
,27448767784,FC21003646,2021-09-16 09:55:00.0000000,Male,White,47,Thin,Bald or Balding,Light,Not of Hispanic Origin,,0,MA,,0
,27448770415,FC21003646,2021-09-16 09:55:00.0000000,Male,Black,59,Medium,NULL,NULL,Not of Hispanic Origin,,0,MA,,1
,27448772455,FC21003646,2021-09-16 09:55:00.0000000,Male,Black,56,Heavy,Short,Medium Brown,Unknown,,0,MA,,0
,27449221708,FC21003647,2021-09-16 00:00:00.0000000,Male,Black,41,Medium,NULL,NULL,Not of Hispanic Origin,,0,MA,"ID - Had a License, now has ID",0
,27449226701,FC21003648,2021-09-16 00:00:00.0000000,Male,White,NULL,NULL,NULL,NULL,Unknown,,0,NULL,,0
,27449228388,FC21003648,2021-09-16 00:00:00.0000000,Male,Black,36,NULL,NULL,NULL,Hispanic Origin,,0,MA,Class D,NULL
,27450192527,FC21003649,2021-09-16 14:45:00.0000000,Male,Black,23,Thin,Short,Medium Brown,Not of Hispanic Origin,,0,MA,ID Only - Never had Personal Driver License,1
,27450436946,FC21003650,2021-09-16 13:06:00.0000000,Male,Black,26,Medium,Dreadlocks,NULL,Hispanic Origin,,0,MA,Class D,0
,27450471510,FC21003651,2021-09-16 12:45:00.0000000,Male,Black,26,Medium,NULL,NULL,Not of Hispanic Origin,,0,MA,,1
,27450826119,FC21003652,2021-09-16 00:00:00.0000000,Male,Black,24,Medium,Braided,Dark,Unknown,,0,MA,Class D,0
,27450829377,FC21003652,2021-09-16 00:00:00.0000000,Male,Black,29,Thin,Fade,NULL,Not of Hispanic Origin,,0,MA,Class D,0
,27450830787,FC21003652,2021-09-16 00:00:00.0000000,Male,Black,28,Stocky,Short,Dark Brown,Not of Hispanic Origin,,0,MA,Class D,0
,27450832706,FC21003652,2021-09-16 00:00:00.0000000,Female,Black,23,NULL,NULL,NULL,NULL,,0,MA,Class D,0
,27450925719,FC21003653,2021-09-16 17:24:00.0000000,Female,White,43,Thin,NULL,NULL,Not of Hispanic Origin,,0,MA,,0
,27450927167,FC21003653,2021-09-16 17:24:00.0000000,Male,Unknown,35,NULL,NULL,NULL,NULL,,0,MA,,1
,27451126094,FC21003654,2021-09-16 18:42:00.0000000,Male,Black,19,NULL,NULL,NULL,NULL,,0,MA,,0
,27451126889,FC21003654,2021-09-16 18:42:00.0000000,Male,Black,21,Thin,Afro,Medium Brown,Not of Hispanic Origin,,0,MA,Class D,0
,27451127765,FC21003654,2021-09-16 18:42:00.0000000,Male,White,19,NULL,NULL,NULL,Hispanic Origin,,0,NULL,,0
,27451730771,FC21003655,2021-09-16 20:04:00.0000000,Male,White,58,Medium,NULL,NULL,Not of Hispanic Origin,,0,MA,,0
,27452547309,FC21003656,2021-09-16 00:00:00.0000000,Male,Black,30,Thin,Dreadlocks,Medium,NULL,,0,MA,,1
,27452560996,FC21003656,2021-09-16 00:00:00.0000000,Male,White,25,Medium,Short,Light,Hispanic Origin,,0,MA,,1
,27452652734,FC21003657,2021-09-16 19:00:00.0000000,Male,White,38,Thin,NULL,NULL,Not of Hispanic Origin,,0,MA,,0
,27452656997,FC21003657,2021-09-16 19:00:00.0000000,Female,White,46,Thin,NULL,NULL,Not of Hispanic Origin,,0,MA,,0
,27456844706,FC21003658,2021-09-17 02:33:00.0000000,Male,Black,41,NULL,NULL,NULL,Not of Hispanic Origin,,0,NULL,,0
,27456866864,FC21003658,2021-09-17 02:33:00.0000000,Male,Unknown,22,NULL,NULL,NULL,Unknown,,0,MA,Class D,0
,27457035950,FC21003659,2021-09-16 06:54:00.0000000,Male,White,42,Thin,Curly,Medium,Hispanic Origin,,0,MA,,0
,27457168808,FC21003660,2021-09-17 03:06:00.0000000,Male,Unknown,41,NULL,NULL,NULL,Unknown,,0,NULL,,1
,27457406096,FC21003661,2021-09-17 01:39:00.0000000,Male,Asian,51,Thin,Wavy,Light Brown,NULL,,0,MA,,1
,27457408102,FC21003661,2021-09-17 01:39:00.0000000,Male,Black,29,NULL,NULL,NULL,Not of Hispanic Origin,,0,MA,Class D,0
,27457675604,FC21003663,2021-09-17 06:40:00.0000000,NULL,NULL,NULL,NULL,NULL,NULL,NULL,,0,NULL,,NULL
,27457684079,FC21003663,2021-09-17 06:40:00.0000000,Female,Black,35,Medium,NULL,NULL,Not of Hispanic Origin,,0,MA,,0
,27458136682,FC21003664,2021-09-11 22:10:00.0000000,Female,NULL,NULL,NULL,NULL,NULL,NULL,,0,NULL,,NULL
,27458138840,FC21003664,2021-09-11 22:10:00.0000000,Male,Black,21,Thin,Curly,NULL,Hispanic Origin,,0,MA,,0
,27458139769,FC21003664,2021-09-11 22:10:00.0000000,Male,Black,24,NULL,NULL,NULL,Not of Hispanic Origin,,0,MA,Class D,0
,27458140507,FC21003664,2021-09-11 22:10:00.0000000,Female,White,21,Heavy,Straight,Light,NULL,,0,MA,,0
,27458672565,FC21003665,2021-09-17 10:17:00.0000000,Male,White,33,NULL,NULL,NULL,Hispanic Origin,,0,OTH,Other: PASSPORT,1
,27459287095,FC21003666,2021-09-17 09:36:00.0000000,Male,Black,16,NULL,NULL,NULL,NULL,,0,NULL,,0
,27459426652,FC21003666,2021-09-17 09:36:00.0000000,Male,NULL,NULL,NULL,NULL,NULL,NULL,,0,NULL,,NULL
,27459652060,FC21003667,2021-09-17 09:34:00.0000000,Male,Unknown,34,NULL,NULL,NULL,Unknown,,0,NULL,,0
,27460164972,FC21003668,2021-09-17 11:15:00.0000000,Male,Black,26,NULL,NULL,NULL,Unknown,,0,AZ,Class D,0
,27461007525,FC21003669,2021-09-17 11:30:00.0000000,Male,Black,33,Medium,NULL,NULL,Hispanic Origin,,0,MA,,1
,27461827303,FC21003670,2021-09-17 10:57:00.0000000,Female,White,37,NULL,NULL,NULL,NULL,,0,MA,,1
,27461843263,FC21003670,2021-09-17 10:57:00.0000000,Male,White,37,Thin,NULL,NULL,Not of Hispanic Origin,,0,MA,,0
,27464032550,FC21003671,2021-09-17 11:50:00.0000000,Male,Black,21,Thin,Short,Medium Brown,Not of Hispanic Origin,,0,MA,ID Only - Never had Personal Driver License,1
,27464499537,FC21003672,2021-09-17 00:00:00.0000000,Male,White,29,Thin,NULL,NULL,Not of Hispanic Origin,,0,MA,,0
,27464520317,FC21003672,2021-09-17 00:00:00.0000000,Female,White,40,Heavy,Straight,NULL,Not of Hispanic Origin,,0,MA,,0
,27466467198,FC21003674,2021-09-17 11:11:00.0000000,Male,Black,23,Medium,Short,Dark Brown,Not of Hispanic Origin,,0,MA,ID Only - Never had Personal Driver License,0
,27466473684,FC21003674,2021-09-17 11:11:00.0000000,Male,Black,20,Medium,Short,Medium,Not of Hispanic Origin,,0,MA,,0
,27467805790,FC21003675,2021-09-17 17:30:00.0000000,Male,White,39,Medium,Unkempt,Light,NULL,,0,MA,,1
,27468089219,FC21003676,2021-09-17 17:18:00.0000000,Male,Black,28,Medium,Short,Medium Brown,Not of Hispanic Origin,,0,MA,Class D,0
,27468089803,FC21003676,2021-09-17 17:18:00.0000000,Male,White,34,NULL,NULL,NULL,Not of Hispanic Origin,,0,MA,,0
,27468416269,FC21003677,2021-09-14 00:45:00.0000000,Male,Black,46,Medium,NULL,NULL,Not of Hispanic Origin,,0,MA,,NULL
,27468416269,FC21003677,2021-09-14 00:45:00.0000000,Male,Black,46,Medium,NULL,NULL,Not of Hispanic Origin,,0,MA,,0
,27468421864,FC21003678,2021-09-17 18:10:00.0000000,Male,Other,48,NULL,NULL,NULL,Unknown,,0,NULL,,NULL
,27468421864,FC21003678,2021-09-17 18:10:00.0000000,Male,Other,48,NULL,NULL,NULL,Unknown,,0,NULL,,0
,27468458675,FC21003679,2021-09-17 19:00:00.0000000,Male,Unknown,25,NULL,NULL,NULL,Unknown,,0,MA,Class D,1
,27468592522,FC21003680,2021-09-17 19:14:00.0000000,Male,Black,32,Medium,NULL,Dark Brown,Not of Hispanic Origin,,0,MA,,1
,27468712755,FC21003681,2021-09-17 15:32:00.0000000,Male,Black,27,Medium,NULL,NULL,Not of Hispanic Origin,,0,MA,Class D,0
,27468739832,FC21003681,2021-09-17 15:32:00.0000000,Female,Black,42,Medium,Braided,Light Brown,Not of Hispanic Origin,,0,MA,"ID - Had a License, now has ID",0
,27468781418,FC21003684,2021-09-17 19:21:00.0000000,Male,Black,32,Medium,NULL,Dark Brown,Not of Hispanic Origin,,0,MA,,1
,27468783224,FC21003684,2021-09-17 19:21:00.0000000,Female,Black,33,NULL,NULL,NULL,Not of Hispanic Origin,,0,MA,Class D,1
,27468787197,FC21003685,2021-09-17 21:15:00.0000000,Male,Black,34,Medium,Short,Medium Brown,Hispanic Origin,,0,MA,Class D,0
,27468788232,FC21003685,2021-09-17 21:15:00.0000000,Male,Black,30,Medium,Braided,Medium Brown,Hispanic Origin,,0,MA,Class D,0
,27468919967,FC21003686,2021-09-14 21:33:00.0000000,Male,American Indian or Alaskan Native,26,NULL,NULL,NULL,NULL,,0,NULL,,NULL
,27468920657,FC21003686,2021-09-14 21:33:00.0000000,Male,White,17,Thin,NULL,Medium Brown,NULL,,0,MA,,0
,27468929897,FC21003686,2021-09-14 21:33:00.0000000,Male,White,14,NULL,NULL,NULL,Hispanic Origin,,0,NULL,,0
,27468938535,FC21003686,2021-09-14 21:33:00.0000000,Male,Black,15,NULL,NULL,NULL,Not of Hispanic Origin,,0,NULL,,0
,27468967196,FC21003687,2021-09-17 10:30:00.0000000,Male,Black,23,NULL,NULL,NULL,Not of Hispanic Origin,,0,MA,,0
,27469016314,FC21003688,2021-09-17 21:46:00.0000000,Female,White,31,NULL,NULL,NULL,NULL,,0,NULL,,NULL
,27469020304,FC21003688,2021-09-17 21:46:00.0000000,Male,White,14,NULL,NULL,NULL,Hispanic Origin,,0,NULL,,0
,27469029872,FC21003688,2021-09-17 21:46:00.0000000,Male,Black,18,NULL,NULL,NULL,Not of Hispanic Origin,,0,NULL,,0
,27469037503,FC21003688,2021-09-17 21:46:00.0000000,Male,White,16,NULL,NULL,NULL,Hispanic Origin,,0,NULL,,0
,27473115341,FC21003689,2021-09-17 22:50:00.0000000,Male,White,41,Medium,Short,Medium,NULL,,0,MA,,0
,27469089888,FC21003690,2021-09-17 16:34:00.0000000,Male,Black,28,Thin,Short,NULL,Unknown,,0,MA,Class D,1
,27469965010,FC21003691,2021-09-18 04:08:00.0000000,Male,White,44,NULL,NULL,NULL,Not of Hispanic Origin,,0,MA,Class D,NULL
,27469965010,FC21003691,2021-09-18 04:08:00.0000000,Male,White,44,NULL,NULL,NULL,Not of Hispanic Origin,,0,MA,Class D,1
,27470205549,FC21003693,2021-09-18 06:19:00.0000000,Male,Black,34,Medium,Curly,Light,NULL,,0,MA,,0
,27471146977,FC21003694,2021-09-18 12:00:00.0000000,Male,Black,38,Thin,NULL,NULL,Not of Hispanic Origin,,0,MA,"ID - Had a License, now has ID",1
,27472090681,FC21003695,2021-09-18 17:45:00.0000000,Male,Black,33,Stocky,Bald or Balding,Light Brown,Hispanic Origin,,0,MA,Class D,0
,27472613196,FC21003696,2021-09-18 18:24:00.0000000,Male,Black,NULL,NULL,NULL,NULL,Unknown,,0,NULL,,0
,27473478127,FC21003697,2021-09-19 01:39:00.0000000,Male,NULL,17,NULL,NULL,NULL,NULL,,0,MA,Class D,0
,27474288511,FC21003699,2021-09-19 08:26:00.0000000,Male,Black,68,NULL,NULL,NULL,Unknown,,0,NULL,,0
,27474663766,FC21003700,2021-09-19 11:24:00.0000000,Male,White,17,NULL,NULL,NULL,Hispanic Origin,,0,NULL,,0
,27475266452,FC21003701,2021-09-19 00:00:00.0000000,Male,White,31,Medium,Short,Light,NULL,,0,MA,,1
,27475352000,FC21003701,2021-09-19 00:00:00.0000000,Female,White,30,Medium,Other,Light,Hispanic Origin,,0,MA,ID Only - Never had Personal Driver License,0
,27475716076,FC21003702,2021-09-19 18:08:00.0000000,Male,White,32,NULL,NULL,NULL,NULL,,0,NULL,,1
,27476104825,FC21003703,2021-09-19 20:00:00.0000000,Male,Black,29,Medium,NULL,NULL,Hispanic Origin,,0,MA,,0
,27476135440,FC21003704,2021-09-19 15:55:00.0000000,Male,White,60,Thin,NULL,NULL,Not of Hispanic Origin,,0,MA,,1
,27476240882,FC21003705,2021-09-19 20:37:00.0000000,Male,White,35,NULL,NULL,NULL,Unknown,,0,MA,Class D,1
,27477113892,FC21003706,2021-09-20 00:07:00.0000000,Male,White,39,Thin,Short,Medium,Not of Hispanic Origin,,0,MA,None,0
,27478630589,FC21003709,2021-09-19 14:52:00.0000000,Male,White,26,NULL,NULL,NULL,Hispanic Origin,,0,MA,Class D,1
,27478631216,FC21003709,2021-09-19 14:52:00.0000000,Male,Black,24,Thin,NULL,NULL,Hispanic Origin,,0,MA,,1
,27478632448,FC21003709,2021-09-19 14:52:00.0000000,Male,White,22,Medium,Short,Light,NULL,,0,MA,,NULL
,27479240999,FC21003710,2021-09-20 14:43:00.0000000,Male,Black,19,Thin,NULL,NULL,Not of Hispanic Origin,,0,MA,,0
,27479242892,FC21003710,2021-09-20 14:43:00.0000000,Male,Black,19,Medium,NULL,NULL,Not of Hispanic Origin,,0,MA,,0
,27479447774,FC21003711,2021-09-20 15:35:00.0000000,Male,White,49,Medium,NULL,NULL,Not of Hispanic Origin,,0,MA,,0
,27479631471,FC21003712,2021-09-20 10:40:00.0000000,Male,Black,35,Medium,Short,Medium Brown,NULL,,0,MA,,1
,27479812182,FC21003713,2021-09-20 16:40:00.0000000,Male,Black,19,Medium,Short,Dark Brown,Not of Hispanic Origin,,0,MA,,0
,27480289716,FC21003714,2021-09-20 18:00:00.0000000,Male,Black,26,Heavy,NULL,NULL,Not of Hispanic Origin,,0,MA,,1
,27480295341,FC21003714,2021-09-20 18:00:00.0000000,Male,Black,28,Medium,NULL,NULL,Not of Hispanic Origin,,0,MA,,1
,27480761310,FC21003716,2021-09-20 19:20:00.0000000,Male,Black,27,Thin,Short,Medium Brown,Not of Hispanic Origin,,0,MA,,0
,27480787376,FC21003717,2021-09-20 19:00:00.0000000,Male,Unknown,14,NULL,NULL,NULL,Hispanic Origin,,0,NULL,,1
,27480788411,FC21003717,2021-09-20 19:00:00.0000000,Male,White,23,Medium,NULL,NULL,Hispanic Origin,,0,MA,,1
,27480911796,FC21003718,2021-09-20 20:15:00.0000000,Male,Black,19,Heavy,Curly,Dark,NULL,,0,MA,Class D,0
,27480913655,FC21003718,2021-09-20 20:15:00.0000000,Male,Black,24,Thin,NULL,NULL,Not of Hispanic Origin,,0,MA,,0
,27481129392,FC21003719,2021-09-20 18:20:00.0000000,Female,Black,31,Heavy,Curly,Medium,Hispanic Origin,,0,MA,Class D,0
,27481410990,FC21003720,2021-09-20 22:40:00.0000000,Male,Black,36,Medium,Short,Light,Not of Hispanic Origin,,0,MA,,0
,27482398993,FC21003722,2021-09-21 01:08:00.0000000,Male,White,24,Medium,NULL,NULL,Hispanic Origin,,0,MA,Class D,0
,27482479355,FC21003723,2021-09-20 02:21:00.0000000,Male,White,22,NULL,NULL,NULL,Hispanic Origin,,0,MA,Class D,0
,27482487053,FC21003723,2021-09-20 02:21:00.0000000,Male,Black,39,Thin,NULL,NULL,Not of Hispanic Origin,,0,MA,,0
,27482492292,FC21003723,2021-09-20 02:21:00.0000000,Male,Black,24,Thin,NULL,NULL,Not of Hispanic Origin,,0,MA,,1
,27483579965,FC21003724,2021-09-21 08:58:00.0000000,Male,Black,36,Thin,Short,Dark,Not of Hispanic Origin,,0,MA,,0
,27483615796,FC21003725,2021-09-14 14:27:00.0000000,Male,White,27,NULL,NULL,NULL,Not of Hispanic Origin,,0,NULL,,1
,27486127700,FC21003726,2021-09-20 21:45:00.0000000,Male,Black,20,Thin,Afro,Light,Unknown,,0,MA,ID Only - Never had Personal Driver License,1
,27486329582,FC21003727,2021-09-20 22:45:00.0000000,Male,Black,21,Medium,NULL,NULL,Not of Hispanic Origin,,0,MA,,0
,27486331564,FC21003727,2021-09-20 22:45:00.0000000,Male,Black,22,Thin,NULL,NULL,Not of Hispanic Origin,,0,MA,Class D,1
,27486374033,FC21003728,2021-09-21 17:12:00.0000000,Male,Black,32,Thin,NULL,NULL,Not of Hispanic Origin,,0,MA,Class D,0
,27486417868,FC21003729,2021-09-21 16:26:00.0000000,Male,Black,37,Medium,NULL,NULL,Not of Hispanic Origin,,0,MA,Class D,0
,27486429555,FC21003730,2021-09-20 19:05:00.0000000,Male,Black,28,Heavy,Short,Medium Brown,Not of Hispanic Origin,,0,MA,Class D,0
,27486538470,FC21003731,2021-09-21 16:42:00.0000000,Male,White,NULL,NULL,NULL,NULL,NULL,,0,NULL,,NULL
,27486550772,FC21003731,2021-09-21 16:42:00.0000000,Male,White,40,NULL,NULL,NULL,NULL,,0,NULL,,1
,27486817973,FC21003733,2021-09-21 00:00:00.0000000,Male,Black,24,Thin,NULL,NULL,Not of Hispanic Origin,,0,MA,,0
,27487098934,FC21003734,2021-09-20 16:40:00.0000000,Male,Black,21,Thin,Short,Medium,Not of Hispanic Origin,,0,MA,,1
,27487099283,FC21003734,2021-09-20 16:40:00.0000000,Female,Black,27,Thin,Short,Dark,NULL,,0,MA,,1
,27487099881,FC21003734,2021-09-20 16:40:00.0000000,Male,Black,60,Thin,NULL,NULL,Not of Hispanic Origin,,0,MA,,1
,27487102027,FC21003734,2021-09-20 16:40:00.0000000,Male,Black,31,Medium,NULL,NULL,Not of Hispanic Origin,,0,MA,,1
,27487120317,FC21003734,2021-09-20 16:40:00.0000000,Male,Black,23,NULL,NULL,NULL,Not of Hispanic Origin,,0,MA,Class D,0
,27487125778,FC21003734,2021-09-20 16:40:00.0000000,Male,Unknown,18,NULL,NULL,NULL,Hispanic Origin,,0,NULL,,0
,27487139060,FC21003734,2021-09-20 16:40:00.0000000,Male,Black,28,Unknown,NULL,NULL,Not of Hispanic Origin,,0,MA,ID Only - Never had Personal Driver License,0
,27487152642,FC21003734,2021-09-20 16:40:00.0000000,Male,White,22,NULL,NULL,NULL,Not of Hispanic Origin,,0,MA,Class D,0
,27487156023,FC21003734,2021-09-20 16:40:00.0000000,Male,White,54,NULL,NULL,NULL,Not of Hispanic Origin,,0,MA,Class D,0
,27487159760,FC21003734,2021-09-20 16:40:00.0000000,Female,Black,50,Thin,NULL,NULL,Not of Hispanic Origin,,0,MA,,0
,27487164141,FC21003734,2021-09-20 16:40:00.0000000,Male,Black,42,Medium,Short,Dark,Not of Hispanic Origin,,0,MA,,0
,27487198359,FC21003734,2021-09-20 16:40:00.0000000,Male,White,55,NULL,NULL,NULL,Not of Hispanic Origin,,0,MA,Class D,0
,27489191267,FC21003735,2021-09-21 17:21:00.0000000,Male,Black,18,Thin,NULL,NULL,Hispanic Origin,,0,MA,,0
,27492716810,FC21003736,2021-09-21 16:50:00.0000000,Male,White,55,Medium,NULL,NULL,Not of Hispanic Origin,,0,MA,Class D,0
,27502303487,FC21003737,2021-09-22 01:30:00.0000000,Male,Black,22,Medium,NULL,Medium,NULL,,0,MA,,1
,27502686151,FC21003738,2021-09-22 01:45:00.0000000,Male,Black,28,Medium,Short,Light,Not of Hispanic Origin,,0,MA,,0
,27503279892,FC21003739,2021-09-22 05:06:00.0000000,Female,Black,63,Medium,NULL,NULL,Not of Hispanic Origin,,0,MA,,1
,27503282551,FC21003739,2021-09-22 05:06:00.0000000,Male,Black,55,NULL,NULL,NULL,Not of Hispanic Origin,,0,MA,Class D,1
,27504573823,FC21003740,2021-09-17 09:15:00.0000000,Male,White,58,Heavy,NULL,NULL,Not of Hispanic Origin,,0,MA,,0
,27504748928,FC21003741,2021-09-22 10:52:00.0000000,Male,White,22,NULL,NULL,NULL,Not of Hispanic Origin,,0,MA,Class D,1
,27507322802,FC21003742,2021-09-22 13:49:00.0000000,Male,White,50,NULL,NULL,NULL,Unknown,,0,MA,,NULL
,27507353659,FC21003742,2021-09-22 13:49:00.0000000,Female,White,44,Thin,NULL,NULL,Not of Hispanic Origin,,0,MA,,1
,27507810074,FC21003742,2021-09-22 13:49:00.0000000,Male,White,66,NULL,NULL,NULL,Unknown,,0,NULL,,NULL
,27507348283,FC21003743,2021-09-22 14:00:00.0000000,Male,Black,62,Medium,NULL,NULL,Not of Hispanic Origin,,0,NULL,,1
,27508015201,FC21003744,2021-09-22 14:28:00.0000000,Male,White,60,Thin,NULL,NULL,Not of Hispanic Origin,,0,MA,,0
,27508020199,FC21003744,2021-09-22 14:28:00.0000000,Male,White,29,Medium,NULL,NULL,Not of Hispanic Origin,,0,MA,Class D,1
,27508514928,FC21003745,2021-09-22 14:57:00.0000000,Male,White,51,NULL,NULL,NULL,Hispanic Origin,,0,MA,Class D,0
,27509092907,FC21003746,2021-09-22 00:00:00.0000000,Male,White,31,Heavy,Braided,Medium Brown,NULL,,0,MA,,0
,27510637064,FC21003747,2021-09-22 16:25:00.0000000,Male,Black,38,Medium,NULL,NULL,Not of Hispanic Origin,,0,MA,Class D,0
,27511159427,FC21003748,2021-09-22 16:52:00.0000000,Male,Black,56,NULL,NULL,NULL,Not of Hispanic Origin,,0,MA,Other: Suspended,0
,27514159074,FC21003749,2021-09-22 20:27:00.0000000,Male,Black,25,NULL,NULL,NULL,Not of Hispanic Origin,,0,MA,Class D,0
,27514604834,FC21003750,2021-09-23 01:37:00.0000000,Male,Black,34,Thin,NULL,NULL,Not of Hispanic Origin,,0,MA,,1
,27514849881,FC21003751,2021-09-23 02:21:00.0000000,Male,Black,26,NULL,NULL,NULL,NULL,,0,MA,Class D,0
,27514976302,FC21003752,2021-09-23 04:00:00.0000000,Male,White,38,Medium,Wavy,Light,Hispanic Origin,,0,MA,ID Only - Never had Personal Driver License,0
,27515054176,FC21003753,2021-09-23 03:16:00.0000000,Male,Black,24,Heavy,NULL,NULL,Not of Hispanic Origin,,0,MA,,1
,27515431069,FC21003754,2021-09-23 05:09:00.0000000,Male,White,54,Medium,NULL,NULL,Not of Hispanic Origin,,0,MA,Class D,NULL
,27515431069,FC21003754,2021-09-23 05:09:00.0000000,Male,White,54,Medium,NULL,NULL,Not of Hispanic Origin,,0,MA,Class D,0
,27520959817,FC21003755,2021-09-23 11:00:00.0000000,Male,Black,36,Thin,Short,Dark,Not of Hispanic Origin,,0,MA,,0
,27523002341,FC21003756,2021-09-23 09:00:00.0000000,Male,White,30,Medium,Short,Light,Not of Hispanic Origin,,0,MA,,0
,27523010298,FC21003756,2021-09-23 09:00:00.0000000,Male,Black,39,Medium,Other,NULL,Not of Hispanic Origin,,0,MA,,0
,27524955000,FC21003757,2021-09-16 14:32:00.0000000,Male,Black,26,NULL,NULL,NULL,Unknown,,0,MA,ID Only - Never had Personal Driver License,1
,27525945410,FC21003758,2021-09-23 14:34:00.0000000,Male,White,44,Thin,NULL,NULL,Not of Hispanic Origin,,0,MA,,0
,27528817785,FC21003759,2021-09-23 15:36:00.0000000,Male,Black,31,NULL,NULL,NULL,Not of Hispanic Origin,,0,MA,ID Only - Never had Personal Driver License,1
,27530426033,FC21003760,2021-09-23 17:00:00.0000000,Male,Black,62,Thin,Short,Light Brown,Not of Hispanic Origin,,0,MA,,1
,27537623955,FC21003761,2021-09-23 15:37:00.0000000,Male,White,32,NULL,NULL,NULL,Not of Hispanic Origin,,0,NULL,,0
,27536091029,FC21003762,2021-09-23 19:00:00.0000000,Male,White,21,Obese,Curly,Light,Not of Hispanic Origin,,0,MA,No License - Record Only,1
,27536099625,FC21003762,2021-09-23 19:00:00.0000000,Male,Black,24,NULL,NULL,NULL,Unknown,,0,MA,Class D,0
,27536100644,FC21003762,2021-09-23 19:00:00.0000000,Male,Black,41,Medium,Curly,Brown,Not of Hispanic Origin,,0,MA,,0
,27536103093,FC21003762,2021-09-23 19:00:00.0000000,Male,Black,24,Medium,Short,Medium,Not of Hispanic Origin,,0,MA,Class D,0
,27536106951,FC21003762,2021-09-23 19:00:00.0000000,Male,Black,19,Medium,Short,Dark Brown,Not of Hispanic Origin,,0,MA,,0
,27536191854,FC21003762,2021-09-23 19:00:00.0000000,Male,Black,26,Heavy,Short,Dark,NULL,,0,MA,,0
,27536296069,FC21003762,2021-09-23 19:00:00.0000000,Male,Black,28,Medium,Short,Light Brown,NULL,,0,MA,,0
,27537730974,FC21003763,2021-09-23 19:41:00.0000000,Male,Black,34,Thin,NULL,Medium Brown,Not of Hispanic Origin,,0,MA,,0
,27537985709,FC21003764,2021-09-23 20:56:00.0000000,Male,Black,57,Medium,NULL,NULL,Not of Hispanic Origin,,0,MA,,1
,27538002584,FC21003765,2021-09-23 19:52:00.0000000,Female,Black,19,Medium,Combed Back,Medium,Hispanic Origin,,0,MA,Class D,0
,27538348508,FC21003766,2021-09-23 22:59:00.0000000,Male,Black,55,Medium,Bald or Balding,Medium Brown,NULL,,0,MA,,1
,27539115534,FC21003768,2021-09-24 02:40:00.0000000,Male,Black,32,Medium,NULL,NULL,Not of Hispanic Origin,,0,MA,,0
,27539518667,FC21003769,2021-09-24 06:55:00.0000000,Male,White,42,Thin,Curly,Medium,Hispanic Origin,,0,MA,,0
,27544785309,FC21003771,2021-09-24 10:54:00.0000000,Male,Black,18,NULL,NULL,NULL,Unknown,,0,NULL,,0
,27545869375,FC21003772,2021-09-24 13:52:00.0000000,Male,Black,60,NULL,NULL,NULL,Unknown,,0,MA,ID Only - Never had Personal Driver License,0
,27546576736,FC21003773,2021-09-23 11:40:00.0000000,Male,White,57,Thin,Bald or Balding,Dark Brown,Hispanic Origin,,0,MA,,1
,27550652094,FC21003774,2021-09-24 08:41:00.0000000,Male,Black,49,Thin,Short,Light Brown,Hispanic Origin,,0,MA,ID Only - Never had Personal Driver License,0
,27576628099,FC21003775,2021-09-24 17:11:00.0000000,Female,Black,29,NULL,NULL,NULL,Not of Hispanic Origin,,0,MA,"ID - Had a License, now has ID",0
,27577562956,FC21003775,2021-09-24 17:11:00.0000000,Male,Black,31,Thin,NULL,NULL,Not of Hispanic Origin,,0,MA,ID Only - Never had Personal Driver License,0
,27581832803,FC21003776,2021-09-24 17:54:00.0000000,Male,Black,15,NULL,NULL,NULL,Not of Hispanic Origin,,0,NULL,,0
,27617319227,FC21003776,2021-09-24 17:54:00.0000000,Male,White,60,NULL,NULL,NULL,Hispanic Origin,,0,NULL,,0
,27600214951,FC21003777,2021-09-24 18:58:00.0000000,Male,White,21,Medium,NULL,NULL,Hispanic Origin,,0,MA,Class D,NULL
,27600214951,FC21003777,2021-09-24 18:58:00.0000000,Male,White,21,Medium,NULL,NULL,Hispanic Origin,,0,MA,Class D,0
,27600216973,FC21003777,2021-09-24 18:58:00.0000000,Male,White,44,Thin,NULL,NULL,Hispanic Origin,,0,MA,,0
,27600216973,FC21003777,2021-09-24 18:58:00.0000000,Male,White,44,Thin,NULL,NULL,Hispanic Origin,,0,MA,,NULL
,27600216995,FC21003777,2021-09-24 18:58:00.0000000,Male,White,52,NULL,NULL,NULL,Hispanic Origin,,0,MA,Class D,0
,27600216995,FC21003777,2021-09-24 18:58:00.0000000,Male,White,52,NULL,NULL,NULL,Hispanic Origin,,0,MA,Class D,NULL
,27604058004,FC21003779,2021-09-24 19:18:00.0000000,Male,White,30,NULL,NULL,NULL,NULL,,0,MA,Class D,0
,27604816938,FC21003780,2021-09-24 19:50:00.0000000,Female,Other,32,Medium,Straight,Dark,Not of Hispanic Origin,,0,MA,"ID - Had a License, now has ID",0
,27605658571,FC21003780,2021-09-24 19:50:00.0000000,Male,Black,26,NULL,NULL,NULL,Not of Hispanic Origin,,0,MA,Class D,0
,27615385111,FC21003781,2021-09-24 18:25:00.0000000,Female,White,41,Thin,NULL,NULL,Not of Hispanic Origin,,0,MA,,0
,27617531739,FC21003782,2021-09-24 21:45:00.0000000,Male,White,NULL,NULL,NULL,NULL,Not of Hispanic Origin,,0,NULL,,0
,27619281350,FC21003783,2021-09-24 22:00:00.0000000,Male,Black,28,NULL,NULL,NULL,Not of Hispanic Origin,,0,NH,Class D,0
,27621874605,FC21003784,2021-09-24 22:27:00.0000000,Male,Black,32,NULL,NULL,NULL,Not of Hispanic Origin,,0,MA,Class D,0
,27621888118,FC21003784,2021-09-24 22:27:00.0000000,Male,Black,32,Medium,NULL,NULL,Not of Hispanic Origin,,0,MA,,0
,27621906297,FC21003784,2021-09-24 22:27:00.0000000,Male,White,28,Thin,NULL,NULL,Hispanic Origin,,0,MA,,0
,27621947530,FC21003784,2021-09-24 22:27:00.0000000,Male,Black,33,Medium,NULL,NULL,Not of Hispanic Origin,,0,MA,,0
,27636132173,FC21003785,2021-09-25 02:00:00.0000000,Male,Black,22,NULL,NULL,NULL,Not of Hispanic Origin,,0,MA,Class D,1
,27636174017,FC21003786,2021-09-25 02:39:00.0000000,Female,Black,30,Thin,Braided,Medium,Not of Hispanic Origin,,0,MA,,NULL
,27636177402,FC21003786,2021-09-25 02:39:00.0000000,Male,Black,23,Heavy,Braided,Brown,Not of Hispanic Origin,,0,MA,,0
,27636183122,FC21003786,2021-09-25 02:39:00.0000000,Male,Black,37,Medium,Short,Dark Brown,Not of Hispanic Origin,,0,MA,Class D,0
,27636422941,FC21003787,2021-09-25 01:47:00.0000000,Male,Black,28,Thin,Short,Dark Brown,Not of Hispanic Origin,,0,MA,,1
,27636423486,FC21003787,2021-09-25 01:47:00.0000000,Male,Black,27,Medium,Curly,Medium Brown,Unknown,,0,MA,Personal Driver License,NULL
,27636557995,FC21003788,2021-09-24 01:20:00.0000000,Male,White,38,Medium,NULL,NULL,Not of Hispanic Origin,,0,MA,,1
,27636603208,FC21003789,2021-09-24 10:52:00.0000000,Male,Black,22,Medium,Corn Rows,Medium Brown,NULL,,0,MA,,1
,27636616387,FC21003790,2021-09-25 06:40:00.0000000,Male,Other,57,NULL,NULL,NULL,Hispanic Origin,,0,NULL,,0
,27638595929,FC21003791,2021-09-25 09:19:00.0000000,Male,White,42,Thin,Curly,Medium,Hispanic Origin,,0,MA,,0
,27639602935,FC21003792,2021-09-24 12:30:00.0000000,Male,Black,19,NULL,NULL,NULL,Not of Hispanic Origin,,0,MA,Class D,0
,27640033983,FC21003793,2021-09-25 01:15:00.0000000,Female,White,40,Medium,NULL,NULL,Not of Hispanic Origin,,0,MA,Class D,0
,27640064718,FC21003793,2021-09-25 01:15:00.0000000,Male,White,40,Thin,NULL,NULL,Not of Hispanic Origin,,0,MA,Class D,0
,27641095966,FC21003795,2021-09-25 12:00:00.0000000,Male,Black,NULL,NULL,NULL,NULL,NULL,,0,NULL,,NULL
,27641706938,FC21003795,2021-09-25 12:00:00.0000000,Male,Black,36,Thin,Short,Dark,Not of Hispanic Origin,,0,MA,,0
,27643229233,FC21003796,2021-09-25 00:00:00.0000000,Male,Black,21,Thin,Short,Medium Brown,Not of Hispanic Origin,,0,MA,ID Only - Never had Personal Driver License,1
,27643248163,FC21003796,2021-09-25 00:00:00.0000000,Male,Black,26,Heavy,Afro,Brown,Not of Hispanic Origin,,0,MA,ID Only - Never had Personal Driver License,1
,27643265265,FC21003796,2021-09-25 00:00:00.0000000,Male,Black,24,Stocky,Bald or Balding,Light Brown,Not of Hispanic Origin,,0,MA,,0
,27643928406,FC21003797,2021-09-25 00:00:00.0000000,Male,Black,16,Thin,Short,Dark Brown,Not of Hispanic Origin,,0,MA,,1
,27643951126,FC21003797,2021-09-25 00:00:00.0000000,Male,Black,16,NULL,NULL,NULL,NULL,,0,NULL,,1
,27643996761,FC21003797,2021-09-25 00:00:00.0000000,Male,Black,16,NULL,NULL,NULL,NULL,,0,NULL,,1
,27644628129,FC21003798,2021-09-25 19:00:00.0000000,Male,NULL,17,NULL,NULL,NULL,NULL,,0,NULL,,0
,27644645882,FC21003798,2021-09-25 19:00:00.0000000,Male,NULL,17,NULL,NULL,NULL,NULL,,0,NULL,,0
,27644686719,FC21003799,2021-09-25 19:30:00.0000000,Male,Black,29,Thin,Short,Medium Brown,Not of Hispanic Origin,,0,MA,Class D,0
,27646125092,FC21003800,2021-09-25 10:35:00.0000000,Male,White,25,Medium,Braided,Medium Brown,NULL,,0,MA,,0
,27646384498,FC21003801,2021-09-25 22:46:00.0000000,Male,Black,51,NULL,NULL,NULL,Not of Hispanic Origin,,0,MA,Class D,0
,27647481461,FC21003802,2021-09-26 02:16:00.0000000,Male,Black,40,Medium,NULL,NULL,Not of Hispanic Origin,,0,MA,,0
,27647485766,FC21003802,2021-09-26 02:16:00.0000000,Male,Black,35,Thin,NULL,NULL,Not of Hispanic Origin,,0,MA,,0
,27647582039,FC21003803,2021-09-26 01:34:00.0000000,Male,White,36,Medium,NULL,NULL,Not of Hispanic Origin,,0,MA,,0
,27647768241,FC21003804,2021-09-26 02:24:00.0000000,Male,White,26,NULL,NULL,NULL,Hispanic Origin,,0,MA,Class D,0
,27664691266,FC21003805,2021-09-26 00:00:00.0000000,Male,NULL,23,Thin,Wavy,Light Brown,NULL,,0,MA,None,1
,27664694056,FC21003805,2021-09-26 00:00:00.0000000,Male,Unknown,21,NULL,NULL,NULL,Hispanic Origin,,0,MA,Class D,1
,27665199281,FC21003806,2021-09-26 17:45:00.0000000,Male,Black,29,NULL,NULL,NULL,Hispanic Origin,,0,MA,Class D,0
,27665465318,FC21003807,2021-09-26 18:25:00.0000000,Female,White,41,NULL,NULL,NULL,Not of Hispanic Origin,,0,MA,"ID - Had a License, now has ID",1
,27667249366,FC21003808,2021-09-23 18:31:00.0000000,Male,White,22,Heavy,NULL,NULL,Not of Hispanic Origin,,0,MA,,1
,27667252974,FC21003808,2021-09-23 18:31:00.0000000,Male,White,24,Medium,Braided,Light,NULL,,0,MA,,1
,27667260504,FC21003808,2021-09-23 18:31:00.0000000,Male,White,24,NULL,NULL,NULL,Hispanic Origin,,0,MA,Class D,1
,27667279626,FC21003808,2021-09-23 18:31:00.0000000,Male,NULL,18,NULL,NULL,NULL,NULL,,0,NULL,,1
,27667316253,FC21003809,2021-09-26 20:54:00.0000000,Unknown,Unknown,50,NULL,NULL,NULL,Unknown,,0,MA,,1
,27667316760,FC21003809,2021-09-26 20:54:00.0000000,Male,White,34,Thin,Straight,NULL,Unknown,,0,MA,,1
,27667317948,FC21003809,2021-09-26 20:54:00.0000000,Male,Black,39,NULL,NULL,NULL,NULL,,0,NULL,,1
,27684983011,FC21003810,2021-09-27 12:00:00.0000000,Male,White,68,Medium,Unkempt,Light,Not of Hispanic Origin,,0,MA,ID Only - Never had Personal Driver License,0
,27694265229,FC21003811,2021-09-27 13:36:00.0000000,Male,Black,26,Medium,NULL,NULL,Not of Hispanic Origin,,0,MA,Class D,1
,27694273264,FC21003811,2021-09-27 13:36:00.0000000,Male,Black,27,Muscular,Dreadlocks,Medium Brown,Hispanic Origin,,0,MA,Class D,0
,27697968321,FC21003812,2021-09-27 16:39:00.0000000,Female,Black,30,NULL,NULL,NULL,Unknown,,0,MA,,0
,27698029660,FC21003812,2021-09-27 16:39:00.0000000,Male,Black,19,Medium,NULL,NULL,Not of Hispanic Origin,,0,MA,,0
,27701280086,FC21003813,2021-09-26 19:49:00.0000000,Female,Black,30,NULL,NULL,NULL,Not of Hispanic Origin,,0,AL,Class D,NULL
,27701352179,FC21003813,2021-09-26 19:49:00.0000000,Male,Black,40,Stocky,NULL,NULL,Not of Hispanic Origin,,0,MA,,1
,27703328046,FC21003814,2021-09-27 16:08:00.0000000,Male,Black,15,NULL,NULL,NULL,Unknown,,0,NULL,,1
,27703957021,FC21003815,2021-09-27 00:00:00.0000000,Male,Black,39,NULL,NULL,NULL,NULL,,0,MA,Class D,1
,27705898288,FC21003816,2021-09-27 19:15:00.0000000,Male,Black,25,Heavy,NULL,NULL,Hispanic Origin,,0,MA,,0
,27705944689,FC21003816,2021-09-27 19:15:00.0000000,Male,Black,22,Thin,NULL,NULL,Not of Hispanic Origin,,0,MA,,0
,27705951383,FC21003816,2021-09-27 19:15:00.0000000,Male,Black,21,Thin,Afro,Medium Brown,Not of Hispanic Origin,,0,MA,Class D,0
,27706265594,FC21003817,2021-09-27 19:35:00.0000000,Male,Unknown,22,NULL,NULL,NULL,Unknown,,0,MA,Class D,1
,27706276196,FC21003817,2021-09-27 19:35:00.0000000,Female,NULL,20,NULL,NULL,NULL,NULL,,0,NULL,,1
,27706683265,FC21003818,2021-09-27 09:27:00.0000000,Male,White,33,Thin,NULL,NULL,Hispanic Origin,,0,MA,,1
,27708045587,FC21003819,2021-09-27 21:16:00.0000000,Male,Black,38,Medium,Short,Medium,Hispanic Origin,,0,MA,,1
,27708051941,FC21003819,2021-09-27 21:16:00.0000000,Male,White,38,Medium,Wavy,Medium Brown,Hispanic Origin,,0,MA,Class D,0
,27719644420,FC21003820,2021-09-28 02:43:00.0000000,Male,Black,36,Medium,NULL,NULL,Not of Hispanic Origin,,0,MA,,0
,27723854155,FC21003821,2021-09-28 08:30:00.0000000,Male,White,36,Thin,NULL,NULL,Not of Hispanic Origin,,0,MA,,0
,27724341332,FC21003822,2021-09-28 09:31:00.0000000,Male,White,57,Medium,NULL,NULL,Not of Hispanic Origin,,0,MA,,0
,27724360221,FC21003822,2021-09-28 09:31:00.0000000,Male,White,50,NULL,NULL,NULL,Not of Hispanic Origin,,0,MA,"ID - Had a License, now has ID",0
,27736173039,FC21003824,2021-09-28 17:53:00.0000000,Female,White,34,Medium,NULL,NULL,Hispanic Origin,,0,MA,Class D,0
,27737960237,FC21003825,2021-09-28 02:00:00.0000000,Male,Black,29,NULL,NULL,NULL,Not of Hispanic Origin,,0,MA,Class D,0
,27737982535,FC21003825,2021-09-28 02:00:00.0000000,Male,Black,25,Thin,NULL,NULL,Not of Hispanic Origin,,0,MA,,0
,27738292622,FC21003826,2021-09-28 17:19:00.0000000,Female,Black,19,Medium,NULL,NULL,Not of Hispanic Origin,,0,MA,Class D,1
,27748875510,FC21003826,2021-09-28 17:19:00.0000000,Male,Black,19,NULL,NULL,NULL,Hispanic Origin,,0,MA,Class D,1
,27748885278,FC21003826,2021-09-28 17:19:00.0000000,Female,Black,20,NULL,NULL,NULL,Unknown,,0,MA,Class D,1
,27738591146,FC21003827,2021-09-27 23:40:00.0000000,Male,White,31,Medium,NULL,NULL,Not of Hispanic Origin,,0,MA,Class D,0
,27741742944,FC21003828,2021-09-28 17:17:00.0000000,Male,White,31,Medium,NULL,NULL,Hispanic Origin,,0,MA,,0
,27741759945,FC21003828,2021-09-28 17:17:00.0000000,Male,White,31,Thin,NULL,NULL,Hispanic Origin,,0,MA,,0
,27741769603,FC21003828,2021-09-28 17:17:00.0000000,Male,White,33,Thin,Short,Medium,Hispanic Origin,,0,MA,,0
,27741788212,FC21003828,2021-09-28 17:17:00.0000000,Male,White,17,Thin,Wavy,Light Brown,NULL,,0,MA,,0
,27756322584,FC21003829,2021-09-28 23:08:00.0000000,Male,White,24,Thin,Short,Medium,Hispanic Origin,,0,MA,,0
,27756365183,FC21003829,2021-09-28 23:08:00.0000000,Male,Black,30,Medium,NULL,NULL,Not of Hispanic Origin,,0,MA,Class D,0
,27760095279,FC21003830,2021-09-29 01:48:00.0000000,Female,White,47,NULL,NULL,NULL,NULL,,0,MA,,0
,27760827908,FC21003831,2021-09-29 00:20:00.0000000,Male,White,39,Medium,Unkempt,Light,NULL,,0,MA,,0
,27760830569,FC21003831,2021-09-29 00:20:00.0000000,Male,White,31,Thin,Short,Light,Not of Hispanic Origin,,0,MA,Class D,0
,28093274792,FC21003832,2021-09-25 00:00:00.0000000,Male,Black,27,Medium,Curly,Medium Brown,Unknown,,0,MA,Personal Driver License,NULL
,28093663949,FC21003832,2021-09-25 00:00:00.0000000,Male,Black,28,Thin,Short,Dark Brown,Not of Hispanic Origin,,0,MA,,0
,27794504102,FC21003833,2021-09-25 02:30:00.0000000,Male,Black,27,Medium,Curly,Medium Brown,Unknown,,0,MA,Personal Driver License,0
,27796976743,FC21003835,2021-09-29 07:24:00.0000000,Female,NULL,34,NULL,NULL,NULL,NULL,,0,NULL,,0
,27801867068,FC21003836,2021-09-29 10:32:00.0000000,Male,Black,35,NULL,NULL,NULL,NULL,,0,NULL,,1
,27802176025,FC21003837,2021-09-29 10:00:00.0000000,Male,White,46,NULL,NULL,NULL,Hispanic Origin,,0,NULL,,0
,27802213793,FC21003837,2021-09-29 10:00:00.0000000,Female,Unknown,28,NULL,NULL,NULL,Hispanic Origin,,0,MA,Class D,0
,27806898220,FC21003839,2021-09-29 14:27:00.0000000,Male,White,32,Thin,NULL,NULL,Hispanic Origin,,0,MA,,1
,27806940010,FC21003840,2021-09-29 13:00:00.0000000,Male,Black,28,Medium,NULL,NULL,Not of Hispanic Origin,,0,MA,,0
,27807523396,FC21003841,2021-09-29 15:10:00.0000000,Male,Black,21,NULL,NULL,NULL,Not of Hispanic Origin,,0,MA,,0
,27807709762,FC21003841,2021-09-29 15:10:00.0000000,Female,Black,18,NULL,NULL,NULL,Not of Hispanic Origin,,0,MA,Other: learner's permit ,0
,27809289251,FC21003842,2021-09-29 11:02:00.0000000,Male,Black,20,Thin,NULL,NULL,Not of Hispanic Origin,,0,MA,,0
,27809323471,FC21003842,2021-09-29 11:02:00.0000000,Male,Black,23,Medium,NULL,Light,Not of Hispanic Origin,,0,MA,ID Only - Never had Personal Driver License,0
,27813984157,FC21003843,2021-09-29 16:57:00.0000000,Male,White,62,NULL,NULL,NULL,NULL,,0,MA,,0
,27817925659,FC21003844,2021-09-29 17:16:00.0000000,Male,Black,32,NULL,NULL,NULL,Not of Hispanic Origin,,0,MA,Class D,0
,27817990748,FC21003844,2021-09-29 17:16:00.0000000,Female,Black,35,NULL,NULL,NULL,Hispanic Origin,,0,NULL,,0
,27823192754,FC21003845,2021-09-29 07:24:00.0000000,Male,White,27,Medium,Wavy,Light,NULL,,0,MA,,1
,27827967413,FC21003846,2021-09-29 20:40:00.0000000,Male,Black,42,Medium,NULL,NULL,Not of Hispanic Origin,,0,MA,Class D,0
,27830926275,FC21003847,2021-09-29 22:03:00.0000000,Male,Black,15,Thin,Afro,Dark,Unknown,,0,MA,,1
,27831197054,FC21003847,2021-09-29 22:03:00.0000000,Male,Other,19,NULL,NULL,NULL,Hispanic Origin,,0,MA,Class D,NULL
,27831844015,FC21003848,2021-09-29 18:18:00.0000000,Male,Black,22,Medium,Short,Light Brown,Unknown,,0,MA,Class D,0
,27831872870,FC21003848,2021-09-29 18:18:00.0000000,Male,Black,24,Thin,NULL,NULL,Not of Hispanic Origin,,0,MA,"ID - Had a License, now has ID",0
,27831883661,FC21003848,2021-09-29 18:18:00.0000000,Male,Black,22,Thin,NULL,NULL,Hispanic Origin,,0,MA,"ID - Had a License, now has ID",0
,27845201447,FC21003849,2021-09-29 23:41:00.0000000,Male,White,33,NULL,NULL,NULL,Hispanic Origin,,0,NULL,,NULL
,27845262269,FC21003849,2021-09-29 23:41:00.0000000,Male,White,33,Thin,NULL,OTHER,Hispanic Origin,,0,MA,,1
,27845386941,FC21003850,2021-09-30 01:24:00.0000000,Male,Black,34,Thin,NULL,NULL,Not of Hispanic Origin,,0,MA,,0
,27845862484,FC21003851,2021-09-30 02:20:00.0000000,NULL,NULL,NULL,NULL,NULL,NULL,NULL,,0,NULL,,0
,27848416226,FC21003852,2021-09-26 00:53:00.0000000,Male,Other,27,NULL,NULL,NULL,Unknown,,0,MA,Class D,0
,27857566839,FC21003854,2021-09-29 13:08:00.0000000,Male,Unknown,NULL,NULL,NULL,NULL,NULL,,0,NULL,,NULL
,27857566839,FC21003854,2021-09-29 13:08:00.0000000,Male,Unknown,NULL,NULL,NULL,NULL,NULL,,0,NULL,,NULL
,27857908591,FC21003854,2021-09-29 13:08:00.0000000,Male,Black,32,NULL,NULL,NULL,NULL,,0,MA,ID Only - Never had Personal Driver License,1
,27869838367,FC21003855,2021-09-30 17:49:00.0000000,Male,White,39,Medium,Short,Light,Hispanic Origin,,0,MA,,1
,27873408476,FC21003856,2021-09-30 19:44:00.0000000,Female,Black,52,NULL,NULL,NULL,Unknown,,0,MA,"ID - Had a License, now has ID",NULL
,27873412597,FC21003856,2021-09-30 19:44:00.0000000,Male,Black,17,NULL,NULL,NULL,Not of Hispanic Origin,,0,NULL,,0
,27877871177,FC21003857,2021-10-01 00:14:00.0000000,Female,Black,33,Obese,NULL,NULL,Not of Hispanic Origin,,0,MA,ID Only - Never had Personal Driver License,0
,27887379289,FC21003858,2021-10-01 11:29:00.0000000,Male,White,55,NULL,NULL,NULL,Not of Hispanic Origin,,0,NULL,,0
,27896909864,FC21003861,2021-10-01 18:40:00.0000000,Male,Black,25,Obese,Afro,NULL,Not of Hispanic Origin,,0,MA,,0
,27897379800,FC21003862,2021-10-01 18:40:00.0000000,Male,Black,12,Small,Afro,Black,Not of Hispanic Origin,,0,NULL,,0
,27897389727,FC21003863,2021-10-01 18:27:00.0000000,Male,White,35,Medium,NULL,NULL,Not of Hispanic Origin,,0,MA,Class D,1
,27897478852,FC21003864,2021-10-01 15:17:00.0000000,Male,White,36,NULL,NULL,NULL,Not of Hispanic Origin,,0,NULL,,0
,27897714569,FC21003865,2021-09-30 17:38:00.0000000,Male,Black,34,Muscular,Dreadlocks,Medium,Not of Hispanic Origin,,0,MA,,0
,27897714676,FC21003865,2021-09-30 17:38:00.0000000,Female,Black,61,NULL,NULL,NULL,Not of Hispanic Origin,,0,MA,Class D,0
,27898305492,FC21003866,2021-10-02 00:38:00.0000000,Female,Other,30,NULL,NULL,NULL,Unknown,,0,MA,,0
,27899736160,FC21003867,2021-10-02 12:00:00.0000000,Male,Black,31,Medium,Dreadlocks,Medium Brown,NULL,,0,MA,No License - Record Only,0
,27899736736,FC21003867,2021-10-02 12:00:00.0000000,Male,Black,31,Medium,NULL,Medium Brown,NULL,,0,MA,,0
,27899737536,FC21003867,2021-10-02 12:00:00.0000000,Male,Black,26,Muscular,NULL,NULL,Not of Hispanic Origin,,0,MA,,0
,27899834446,FC21003869,2021-10-02 12:21:00.0000000,Male,Black,26,Medium,Curly,Dark Brown,Not of Hispanic Origin,,0,MA,,1
,27899869535,FC21003870,2021-10-02 13:20:00.0000000,Male,Black,27,Thin,Short,Medium Brown,Not of Hispanic Origin,,0,MA,,0
,27899996370,FC21003871,2021-10-02 13:14:00.0000000,Male,White,31,NULL,Receding or Slightly Receding,NULL,Not of Hispanic Origin,,0,FL,Other: Class E,0
,27900001212,FC21003871,2021-10-02 13:14:00.0000000,Female,White,NULL,NULL,NULL,NULL,Unknown,,0,NULL,,0
,27900032614,FC21003872,2021-10-02 00:00:00.0000000,Male,Black,20,Thin,Braided,Medium Brown,Not of Hispanic Origin,,0,MA,ID Only - Never had Personal Driver License,1
,27900036638,FC21003872,2021-10-02 00:00:00.0000000,Male,Black,19,Thin,NULL,NULL,Not of Hispanic Origin,,0,MA,Class D,1
,27900704116,FC21003874,2021-10-02 15:35:00.0000000,Male,Black,27,NULL,NULL,NULL,Not of Hispanic Origin,,0,MA,Class D,0
,27900711522,FC21003875,2021-10-02 03:19:00.0000000,Male,Black,29,Medium,NULL,NULL,Not of Hispanic Origin,,0,MA,,1
,27900903756,FC21003876,2021-10-02 17:09:00.0000000,Female,White,59,NULL,NULL,NULL,Not of Hispanic Origin,,0,NULL,,1
,27900916655,FC21003876,2021-10-02 17:09:00.0000000,Male,Black,58,NULL,NULL,NULL,Hispanic Origin,,0,MA,Class D,0
,27901123674,FC21003877,2021-10-02 18:45:00.0000000,Female,Black,38,Thin,NULL,NULL,Hispanic Origin,,0,MA,,1
,27901124268,FC21003877,2021-10-02 18:45:00.0000000,Female,Black,29,Thin,Straight,Dark,Not of Hispanic Origin,,0,MA,,1
,27901802119,FC21003878,2021-10-01 00:25:00.0000000,Male,Unknown,18,Medium,Curly,Light Brown,Hispanic Origin,,0,MA,ID Only - Never had Personal Driver License,1
,27902184280,FC21003880,2021-10-02 18:15:00.0000000,Female,Other,37,NULL,NULL,NULL,Not of Hispanic Origin,,0,NULL,,0
,27902185426,FC21003880,2021-10-02 18:15:00.0000000,Male,White,37,Medium,Short,Light,Not of Hispanic Origin,,0,MA,Class D,0
,27902188560,FC21003881,2021-10-02 20:28:00.0000000,Male,Black,16,NULL,NULL,NULL,Not of Hispanic Origin,,0,NULL,,0
,27902199022,FC21003881,2021-10-02 20:28:00.0000000,Male,Black,18,NULL,NULL,NULL,Unknown,,0,NULL,,0
,27902185207,FC21003881,2021-10-02 20:28:00.0000000,Female,Black,46,Heavy,NULL,NULL,Not of Hispanic Origin,,0,MA,,NULL
,27902469723,FC21003882,2021-10-02 18:06:00.0000000,Male,Black,20,Medium,NULL,NULL,Not of Hispanic Origin,,0,MA,,1
,27902795278,FC21003883,2021-10-02 22:00:00.0000000,Male,Black,35,Medium,NULL,NULL,Not of Hispanic Origin,,0,MA,,0
,27904410381,FC21003884,2021-10-03 00:00:00.0000000,Male to Female Transgender,Black,24,NULL,NULL,NULL,Hispanic Origin,,0,MA,Class D,0
,27904421181,FC21003884,2021-10-03 00:00:00.0000000,Male,White,22,Medium,NULL,NULL,Hispanic Origin,,0,MA,,0
,27904614004,FC21003885,2021-10-02 23:16:00.0000000,Male,White,22,Medium,Short,Light,NULL,,0,MA,,1
,27904622624,FC21003885,2021-10-02 23:16:00.0000000,Male,White,19,Thin,Dreadlocks,Light,Hispanic Origin,,0,MA,ID Only - Never had Personal Driver License,1
,27904638192,FC21003885,2021-10-02 23:16:00.0000000,Male,Black,22,Thin,Short,Light,Not of Hispanic Origin,,0,MA,Class D,1
,27909479142,FC21003886,2021-10-03 10:53:00.0000000,Male,Black,28,Thin,Curly,Medium Brown,Not of Hispanic Origin,,0,MA,Class D,0
,27911059223,FC21003887,2021-10-03 10:46:00.0000000,Male,Black,64,Medium,Bald or Balding,Dark Brown,Not of Hispanic Origin,,0,MA,Class D,0
,27911075363,FC21003887,2021-10-03 10:46:00.0000000,Female,White,34,Thin,NULL,NULL,Not of Hispanic Origin,,0,MA,,0
,27911472956,FC21003888,2021-10-03 14:32:00.0000000,Male,Black,24,Thin,Braided,Medium Brown,Not of Hispanic Origin,,0,MA,,1
,27911473737,FC21003888,2021-10-03 14:32:00.0000000,Male,Black,26,Muscular,Braided,Dark,Not of Hispanic Origin,,0,MA,Class D,0
,27911573150,FC21003889,2021-10-03 00:00:00.0000000,Male,White,24,Thin,NULL,NULL,Not of Hispanic Origin,,0,MA,,1
,27911585300,FC21003889,2021-10-03 00:00:00.0000000,Male,Black,22,Heavy,Short,Dark,NULL,,0,MA,,1
,27911608002,FC21003889,2021-10-03 00:00:00.0000000,Male,Black,23,NULL,NULL,NULL,Hispanic Origin,,0,MA,Class D,1
,27911715819,FC21003890,2021-09-29 15:20:00.0000000,Male,Black,24,Thin,Curly,Medium,NULL,,0,MA,,0
,27911716534,FC21003890,2021-09-29 15:20:00.0000000,Male,Black,23,Medium,Short,Light Brown,Hispanic Origin,,0,MA,Class D,0
,27911716962,FC21003890,2021-09-29 15:20:00.0000000,Male,Black,23,Unknown,NULL,NULL,Not of Hispanic Origin,,0,MA,,0
,27912081145,FC21003891,2021-10-03 15:15:00.0000000,Male,Black,45,NULL,NULL,NULL,NULL,,0,MA,"ID - Had a License, now has ID",0
,27912094093,FC21003891,2021-10-03 15:15:00.0000000,Male,White,45,NULL,NULL,NULL,Unknown,,0,RI,,0
,27913359131,FC21003892,2021-10-03 17:45:00.0000000,Male,Other,19,NULL,NULL,NULL,NULL,,0,MA,Class D,0
,27913375598,FC21003892,2021-10-03 17:45:00.0000000,Male,Black,20,NULL,NULL,NULL,Hispanic Origin,,0,MA,Class D,0
,27913389165,FC21003892,2021-10-03 17:45:00.0000000,Male,White,26,NULL,NULL,NULL,Hispanic Origin,,0,MA,Class D,0
,27917247910,FC21003895,2021-10-03 22:35:00.0000000,Male,Other,15,NULL,NULL,NULL,Hispanic Origin,,0,NULL,,0
,27917295597,FC21003895,2021-10-03 22:35:00.0000000,Male,Black,15,NULL,NULL,NULL,Not of Hispanic Origin,,0,NULL,,0
,27917323330,FC21003895,2021-10-03 22:35:00.0000000,Male,Other,15,NULL,NULL,NULL,Hispanic Origin,,0,NULL,,1
,27917337012,FC21003895,2021-10-03 22:35:00.0000000,Male,Black,16,NULL,NULL,NULL,Hispanic Origin,,0,NULL,,1
,27921130594,FC21003896,2021-10-04 01:09:00.0000000,Male,Black,35,NULL,NULL,NULL,Unknown,,0,NULL,,0
,27921136989,FC21003896,2021-10-04 01:09:00.0000000,Male,Black,33,NULL,NULL,NULL,NULL,,0,NULL,,0
,27924211755,FC21003897,2021-10-04 10:27:00.0000000,Male,NULL,32,NULL,NULL,NULL,NULL,,0,NULL,,NULL
,27924225817,FC21003897,2021-10-04 10:27:00.0000000,Male,Black,53,NULL,NULL,NULL,Not of Hispanic Origin,,0,MA,Class D,0
,27929103171,FC21003898,2021-10-04 12:30:00.0000000,Male,Asian,29,Medium,Short,Light,Not of Hispanic Origin,,0,MA,,1
,27929105338,FC21003898,2021-10-04 12:30:00.0000000,Male,Black,31,Medium,NULL,NULL,Hispanic Origin,,0,MA,,0
,27929177504,FC21003898,2021-10-04 12:30:00.0000000,Male,Black,26,Muscular,Braided,Dark,Not of Hispanic Origin,,0,MA,Class D,0
,27929180704,FC21003898,2021-10-04 12:30:00.0000000,Male,Black,21,Medium,Short,Medium Brown,Not of Hispanic Origin,,0,MA,,0
,27929242033,FC21003898,2021-10-04 12:30:00.0000000,Male,Black,29,Medium,Short,Light Brown,Hispanic Origin,,0,MA,Class D,0
,27929130087,FC21003899,2021-10-04 13:45:00.0000000,Male,White,40,Thin,Dreadlocks,NULL,Hispanic Origin,,0,MA,Class D,1
,27929256655,FC21003900,2021-10-04 12:15:00.0000000,Male,Black,17,Thin,NULL,NULL,Not of Hispanic Origin,,0,MA,"ID - Had a License, now has ID",0
,27929257250,FC21003900,2021-10-04 12:15:00.0000000,Male,Black,20,Thin,Braided,Medium Brown,NULL,,0,MA,,0
,27929703460,FC21003901,2021-10-03 18:46:00.0000000,Male,White,21,Thin,NULL,NULL,Hispanic Origin,,0,MA,,1
,27929706893,FC21003901,2021-10-03 18:46:00.0000000,Male,Black,19,Thin,Afro,Light,NULL,,0,MA,,1
,27929917299,FC21003902,2021-10-04 18:44:00.0000000,Male,Black,39,Medium,NULL,NULL,Not of Hispanic Origin,,0,MA,,0
,27929931372,FC21003902,2021-10-04 18:44:00.0000000,Female,Black,51,NULL,NULL,NULL,Hispanic Origin,,0,MA,Class D,NULL
,27929997608,FC21003903,2021-10-04 19:10:00.0000000,Unknown,NULL,NULL,NULL,NULL,NULL,NULL,,0,NULL,,NULL
,27929999147,FC21003903,2021-10-04 19:10:00.0000000,Male,Black,33,Medium,NULL,NULL,Not of Hispanic Origin,,0,MA,Class D,1
,27930055476,FC21003903,2021-10-04 19:10:00.0000000,Female,Black,NULL,NULL,NULL,NULL,Unknown,,0,NULL,,0
,27930247289,FC21003904,2021-10-04 17:45:00.0000000,Male,Black,23,Thin,Short,Light Brown,Not of Hispanic Origin,,0,MA,,1
,27930247457,FC21003904,2021-10-04 17:45:00.0000000,Male,White,26,Stocky,Short,Light Brown,Not of Hispanic Origin,,0,MA,,1
,27930247629,FC21003904,2021-10-04 17:45:00.0000000,Male,White,35,Thin,NULL,Light,Not of Hispanic Origin,,0,MA,Class D,1
,27930248982,FC21003904,2021-10-04 17:45:00.0000000,Female,White,33,Medium,NULL,Light,Not of Hispanic Origin,,0,MA,"ID - Had a License, now has ID",0
,27931961636,FC21003905,2021-10-04 22:29:00.0000000,Male,Black,28,Medium,Braided,NULL,Not of Hispanic Origin,,0,MA,Class D,0
,27936400827,FC21003906,2021-10-03 06:25:00.0000000,Male,White,35,NULL,NULL,NULL,Unknown,,0,MA,Class D,0
,27935220649,FC21003907,2021-10-05 01:38:00.0000000,Male,Black,25,Medium,NULL,NULL,Not of Hispanic Origin,,0,MA,,0
,27936635337,FC21003908,2021-10-05 03:49:00.0000000,Male,Black,41,Thin,Short,Medium Brown,Not of Hispanic Origin,,0,MA,Personal Driver License,1
,27942066847,FC21003909,2021-10-05 10:22:00.0000000,Male,White,49,Thin,NULL,NULL,Not of Hispanic Origin,,0,MA,,0
,27942143581,FC21003909,2021-10-05 10:22:00.0000000,Male,White,32,NULL,NULL,NULL,Not of Hispanic Origin,,0,MA,Class D,0
,27948036289,FC21003910,2021-10-05 02:58:00.0000000,Male,Black,37,NULL,NULL,NULL,Not of Hispanic Origin,,0,MA,,0
,27948463836,FC21003911,2021-10-05 08:24:00.0000000,Male,White,41,Thin,NULL,NULL,Not of Hispanic Origin,,0,MA,,0
,27948478536,FC21003911,2021-10-05 08:24:00.0000000,Male,Black,37,Thin,NULL,NULL,Hispanic Origin,,0,MA,,0
,27956513037,FC21003912,2021-10-05 20:58:00.0000000,Male,Black,25,Thin,Short,NULL,Hispanic Origin,,0,MA,Class D,1
,27956535888,FC21003912,2021-10-05 20:58:00.0000000,Female,Black,31,Medium,NULL,NULL,Not of Hispanic Origin,,0,MA,Class D,1
,27956910416,FC21003913,2021-10-05 22:33:00.0000000,Male,White,17,NULL,NULL,NULL,Hispanic Origin,,0,MA,ID Only - Never had Personal Driver License,0
,27956912363,FC21003913,2021-10-05 22:33:00.0000000,Male,White,21,Obese,Curly,Light,Not of Hispanic Origin,,0,MA,No License - Record Only,0
,27956921398,FC21003913,2021-10-05 22:33:00.0000000,Male,Black,19,Medium,Short,Dark Brown,Not of Hispanic Origin,,0,MA,,0
,27957275160,FC21003914,2021-10-05 16:17:00.0000000,Female,White,42,Unknown,NULL,NULL,Not of Hispanic Origin,,0,MA,Class D,1
,27961311606,FC21003916,2021-10-05 20:26:00.0000000,Male,Black,38,Thin,NULL,NULL,Not of Hispanic Origin,,0,MA,,1
,27961738466,FC21003919,2021-10-06 01:35:00.0000000,Male,Black,30,Medium,NULL,NULL,Not of Hispanic Origin,,0,MA,,0
,27961869007,FC21003920,2021-10-06 01:20:00.0000000,Male,White,49,Thin,Wavy,Light,Not of Hispanic Origin,,0,MA,,1
,27965299204,FC21003921,2021-10-03 11:22:00.0000000,Male,Black,27,Medium,Afro,Dark Brown,Not of Hispanic Origin,,0,MA,,0
,27968368812,FC21003922,2021-10-06 07:56:00.0000000,Male,Black,14,NULL,NULL,NULL,Unknown,,0,NULL,,1
,27968388057,FC21003922,2021-10-06 07:56:00.0000000,Male,Black,16,NULL,NULL,NULL,Unknown,,0,NULL,,0
,27968426013,FC21003922,2021-10-06 07:56:00.0000000,Male,Unknown,14,NULL,NULL,NULL,Unknown,,0,NULL,,0
,27975871347,FC21003923,2021-10-06 14:24:00.0000000,Male,Black,21,Heavy,Braided,Medium Brown,Not of Hispanic Origin,,0,MA,Class D,0
,27976685059,FC21003924,2021-10-06 17:00:00.0000000,Male,Black,24,Medium,NULL,NULL,Not of Hispanic Origin,,0,MA,Class D,1
,27976698042,FC21003924,2021-10-06 17:00:00.0000000,Male,Black,26,Medium,NULL,NULL,Not of Hispanic Origin,,0,MA,Class D,0
,27976915777,FC21003925,2021-10-06 17:30:00.0000000,Male,Black,25,NULL,NULL,NULL,Unknown,,0,MA,ID Only - Never had Personal Driver License,0
,27978573975,FC21003926,2021-10-06 20:01:00.0000000,Female,White,29,NULL,NULL,NULL,Not of Hispanic Origin,,0,MA,Class D,NULL
,27978575206,FC21003926,2021-10-06 20:01:00.0000000,Male,Black,36,Thin,NULL,Medium Brown,Hispanic Origin,,0,MA,Class D,0
,27978992003,FC21003927,2021-10-06 19:30:00.0000000,Male,Black,25,Obese,Afro,NULL,Not of Hispanic Origin,,0,MA,,1
,27979046219,FC21003927,2021-10-06 19:30:00.0000000,Male,Black,25,Medium,Dreadlocks,NULL,Not of Hispanic Origin,,0,MA,,1
,27980128602,FC21003929,2021-10-06 00:00:00.0000000,Male,Black,32,Medium,Dreadlocks,Dark Brown,NULL,,0,MA,,0
,27985650279,FC21003930,2021-10-07 00:00:00.0000000,Male,White,30,Thin,Straight,Light,Not of Hispanic Origin,,0,MA,,NULL
,27985650279,FC21003930,2021-10-07 00:00:00.0000000,Male,White,30,Thin,Straight,Light,Not of Hispanic Origin,,0,MA,,0
,27985774728,FC21003930,2021-10-07 00:00:00.0000000,Female,Black,26,NULL,NULL,NULL,Unknown,,0,NULL,,NULL
,27988195129,FC21003931,2021-10-07 00:06:00.0000000,Male,Asian,22,NULL,NULL,NULL,Not of Hispanic Origin,,0,MA,Class D,0
,27992230812,FC21003932,2021-10-01 16:00:00.0000000,Male,Black,28,Stocky,NULL,NULL,Not of Hispanic Origin,,0,MA,Class D,0
,27993796626,FC21003933,2021-10-06 23:20:00.0000000,Male,White,29,Thin,NULL,Light Brown,NULL,,0,MA,,1
,27993797881,FC21003933,2021-10-06 23:20:00.0000000,Male,Black,65,Thin,Dreadlocks,Dark,Unknown,,0,MA,,0
,27998980099,FC21003935,2021-10-07 00:24:00.0000000,Male,White,39,Medium,NULL,NULL,Not of Hispanic Origin,,0,MA,,0
,28002905540,FC21003936,2021-10-06 16:50:00.0000000,Female,White,32,Thin,Curly,Light,Not of Hispanic Origin,,0,MA,ID Only - Never had Personal Driver License,NULL
,28002905540,FC21003936,2021-10-06 16:50:00.0000000,Female,White,32,Thin,Curly,Light,Not of Hispanic Origin,,0,MA,ID Only - Never had Personal Driver License,1
,28004930732,FC21003937,2021-10-07 17:05:00.0000000,Male,Black,21,Medium,NULL,Dark Brown,Not of Hispanic Origin,,0,MA,,0
,28004949812,FC21003937,2021-10-07 17:05:00.0000000,Male,Black,19,Thin,NULL,NULL,Not of Hispanic Origin,,0,MA,,0
,28005438939,FC21003938,2021-10-07 16:45:00.0000000,Male,Black,28,Medium,NULL,NULL,Not of Hispanic Origin,,0,MA,,1
,28005475820,FC21003938,2021-10-07 16:45:00.0000000,Male,Black,23,Unknown,NULL,NULL,Not of Hispanic Origin,,0,MA,,1
,28007439078,FC21003939,2021-10-05 10:55:00.0000000,Male,Black,52,NULL,NULL,NULL,Not of Hispanic Origin,,0,MA,Class D,NULL
,28007457131,FC21003939,2021-10-05 10:55:00.0000000,Female,Black,33,NULL,NULL,NULL,Not of Hispanic Origin,,0,NULL,,0
,28010476368,FC21003940,2021-10-07 20:30:00.0000000,Male,White,17,Thin,Short,NULL,Not of Hispanic Origin,,0,MA,,1
,28010861237,FC21003941,2021-10-07 20:45:00.0000000,Male,Black,29,Medium,NULL,NULL,Not of Hispanic Origin,,0,MA,,1
,28011806905,FC21003941,2021-10-07 20:45:00.0000000,Female,Black,30,NULL,NULL,NULL,Unknown,,0,MA,No License - Record Only,0
,28011734515,FC21003942,2021-10-07 21:40:00.0000000,Male,Black,23,Thin,Short,Medium Brown,Not of Hispanic Origin,,0,MA,,1
,28011762121,FC21003942,2021-10-07 21:40:00.0000000,Female,White,27,NULL,NULL,NULL,Not of Hispanic Origin,,0,MA,,1
,28015363259,FC21003943,2021-10-08 10:00:00.0000000,Female,Asian,30,NULL,NULL,NULL,NULL,,0,NULL,,NULL
,28015392694,FC21003943,2021-10-08 10:00:00.0000000,Male,Black,33,Medium,Short,Dark Brown,Not of Hispanic Origin,,0,MA,Class D,0
,28015455089,FC21003944,2021-10-08 11:30:00.0000000,Male,Black,27,NULL,NULL,NULL,Not of Hispanic Origin,,0,MA,Class D,0
,28039062231,FC21003945,2021-10-08 19:06:00.0000000,Male,Unknown,27,NULL,NULL,NULL,NULL,,0,WA,Class D,0
,28039433241,FC21003946,2021-10-08 20:50:00.0000000,Male,Black,31,NULL,NULL,NULL,Unknown,,0,MA,Class D,0
,28039436083,FC21003946,2021-10-08 20:50:00.0000000,Male,Black,30,Heavy,NULL,NULL,Not of Hispanic Origin,,0,MA,,0
,28039505533,FC21003947,2021-10-08 20:45:00.0000000,Male,Black,20,Medium,NULL,NULL,Not of Hispanic Origin,,0,MA,,1
,28039509732,FC21003947,2021-10-08 20:45:00.0000000,Male,Black,19,NULL,NULL,NULL,Unknown,,0,NULL,,1
,28039514207,FC21003947,2021-10-08 20:45:00.0000000,Male,Black,21,Thin,Braided,Dark Brown,Not of Hispanic Origin,,0,MA,ID Only - Never had Personal Driver License,1
,28039517784,FC21003947,2021-10-08 20:45:00.0000000,Male,Black,19,Medium,Short,Medium Brown,NULL,,0,MA,,1
,28039716487,FC21003948,2021-10-08 18:50:00.0000000,Male,White,39,NULL,NULL,NULL,Unknown,,0,MA,Class D,0
,28039865988,FC21003949,2021-10-08 23:01:00.0000000,Male,White,47,NULL,NULL,NULL,Not of Hispanic Origin,,0,MA,Class D,0
,28039918162,FC21003950,2021-10-08 23:00:00.0000000,Male,Black,27,Heavy,Braided,Medium Brown,Not of Hispanic Origin,,0,MA,Class D,0
,28039922382,FC21003950,2021-10-08 23:00:00.0000000,Female,Black,21,NULL,NULL,NULL,Not of Hispanic Origin,,0,MA,"ID - Had a License, now has ID",0
,28042794026,FC21003951,2021-10-08 22:51:00.0000000,Male,White,19,NULL,NULL,NULL,Hispanic Origin,,0,NULL,,1
,28042797481,FC21003951,2021-10-08 22:51:00.0000000,Male,Black,25,Thin,NULL,NULL,Not of Hispanic Origin,,0,MA,,1
,28042813615,FC21003952,2021-10-05 19:35:00.0000000,Male,Black,23,NULL,NULL,NULL,Not of Hispanic Origin,,0,MA,Class D,NULL
,28042813615,FC21003952,2021-10-05 19:35:00.0000000,Male,Black,23,NULL,NULL,NULL,Not of Hispanic Origin,,0,MA,Class D,1
,28042816823,FC21003952,2021-10-05 19:35:00.0000000,Male,Black,22,NULL,NULL,NULL,Hispanic Origin,,0,MA,Instruction Permit,1
,28042816823,FC21003952,2021-10-05 19:35:00.0000000,Male,Black,22,NULL,NULL,NULL,Hispanic Origin,,0,MA,Instruction Permit,NULL
,28042819764,FC21003952,2021-10-05 19:35:00.0000000,Male,Black,21,NULL,NULL,NULL,Unknown,,0,NULL,,1
,28042819764,FC21003952,2021-10-05 19:35:00.0000000,Male,Black,21,NULL,NULL,NULL,Unknown,,0,NULL,,NULL
,28042826485,FC21003953,2021-10-05 18:35:00.0000000,Male,Black,21,Medium,Short,Medium Brown,Not of Hispanic Origin,,0,MA,,0
,28043032924,FC21003955,2021-10-08 01:00:00.0000000,Female,White,32,Medium,NULL,NULL,Not of Hispanic Origin,,0,MA,,0
,28043035487,FC21003955,2021-10-08 01:00:00.0000000,Female,White,32,NULL,NULL,NULL,Unknown,,0,MA,,0
,28043036996,FC21003955,2021-10-08 01:00:00.0000000,Male,Black,34,Medium,Curly,Medium Brown,Not of Hispanic Origin,,0,MA,Class D,0
,28043037506,FC21003955,2021-10-08 01:00:00.0000000,Male,Black,23,Thin,NULL,NULL,Hispanic Origin,,0,MA,,0
,28043085186,FC21003956,2021-10-09 00:00:00.0000000,Male,White,26,Stocky,Short,Light Brown,Not of Hispanic Origin,,0,MA,,0
,28043087964,FC21003956,2021-10-09 00:00:00.0000000,Male,Black,23,Thin,NULL,NULL,Hispanic Origin,,0,MA,,0
,28043091904,FC21003956,2021-10-09 00:00:00.0000000,Male,Black,29,Medium,NULL,NULL,Not of Hispanic Origin,,0,MA,,0
,28043094076,FC21003956,2021-10-09 00:00:00.0000000,Male,Black,29,Thin,NULL,Dark Brown,Not of Hispanic Origin,,0,MA,Class D,0
,28043099004,FC21003956,2021-10-09 00:00:00.0000000,Male,Black,34,Medium,Curly,Medium Brown,Not of Hispanic Origin,,0,MA,Class D,0
,28043103423,FC21003956,2021-10-09 00:00:00.0000000,Male,White,16,NULL,NULL,NULL,Unknown,,0,NULL,,0
,28043189678,FC21003957,2021-10-09 03:45:00.0000000,Male,Black,29,Medium,NULL,NULL,Not of Hispanic Origin,,0,MA,Class D,0
,28043190630,FC21003957,2021-10-09 03:45:00.0000000,Male,Black,33,Thin,NULL,NULL,Not of Hispanic Origin,,0,MA,ID Only - Never had Personal Driver License,0
,28043193077,FC21003957,2021-10-09 03:45:00.0000000,Male,Black,38,Heavy,NULL,NULL,Not of Hispanic Origin,,0,MA,,0
,28043629467,FC21003958,2021-10-08 14:00:00.0000000,Male,White,23,Heavy,Dreadlocks,Medium Brown,Unknown,,0,MA,Class D,0
,28043629756,FC21003958,2021-10-08 14:00:00.0000000,Male,Black,36,Medium,NULL,NULL,Not of Hispanic Origin,,0,MA,,0
,28043630122,FC21003958,2021-10-08 14:00:00.0000000,Male,Black,23,Thin,Braided,Medium Brown,Not of Hispanic Origin,,0,MA,Class D,0
,28043630625,FC21003958,2021-10-08 14:00:00.0000000,Male,Black,36,Thin,NULL,NULL,Not of Hispanic Origin,,0,MA,Class D,0
,28043631319,FC21003958,2021-10-08 14:00:00.0000000,Male,Black,44,Thin,NULL,NULL,Not of Hispanic Origin,,0,MA,,0
,28043643457,FC21003959,2021-10-08 12:50:00.0000000,Male,Black,26,Medium,NULL,Dark,Not of Hispanic Origin,,0,MA,Class D,0
,28047762405,FC21003960,2021-10-09 00:00:00.0000000,Male,Black,29,Medium,NULL,NULL,Not of Hispanic Origin,,0,MA,None,1
,28047780119,FC21003960,2021-10-09 00:00:00.0000000,Male,Black,23,Thin,Bushy,Dark Brown,Hispanic Origin,,0,MA,,0
,28047787259,FC21003960,2021-10-09 00:00:00.0000000,Male,White,26,Stocky,Short,Light Brown,Not of Hispanic Origin,,0,MA,,0
,28047803472,FC21003960,2021-10-09 00:00:00.0000000,Male,Black,34,Medium,Braided,Medium Brown,Not of Hispanic Origin,,0,MA,Class D,0
,28047842986,FC21003960,2021-10-09 00:00:00.0000000,Male,Black,24,Medium,NULL,NULL,Not of Hispanic Origin,,0,MA,,1
,28047855049,FC21003960,2021-10-09 00:00:00.0000000,Male,White,16,Thin,Short,Light,Unknown,,0,MA,,1
,28044756921,FC21003962,2021-10-09 15:09:00.0000000,Male,Black,25,Medium,NULL,NULL,Not of Hispanic Origin,,0,MA,Class D,0
,28044757884,FC21003962,2021-10-09 15:09:00.0000000,Male,Black,21,Thin,Short,Medium Brown,Not of Hispanic Origin,,0,MA,ID Only - Never had Personal Driver License,0
,28044759056,FC21003962,2021-10-09 15:09:00.0000000,Male,Black,22,Medium,NULL,NULL,Not of Hispanic Origin,,0,MA,,0
,28044808925,FC21003963,2021-10-08 12:53:00.0000000,Male,Unknown,44,NULL,NULL,NULL,Unknown,,0,NULL,,NULL
,28044823395,FC21003963,2021-10-08 12:53:00.0000000,Male,Asian,49,NULL,NULL,NULL,Not of Hispanic Origin,,0,NULL,,NULL
,28044823395,FC21003963,2021-10-08 12:53:00.0000000,Male,Asian,49,NULL,NULL,NULL,Not of Hispanic Origin,,0,NULL,,1
,28044904300,FC21003964,2021-10-09 12:20:00.0000000,Male,Black,28,Thin,Braided,Dark Brown,Not of Hispanic Origin,,0,MA,No License - Record Only,0
,28044905279,FC21003964,2021-10-09 12:20:00.0000000,Male,Black,25,NULL,NULL,NULL,Not of Hispanic Origin,,0,MA,Class D,NULL
,28044986547,FC21003965,2021-10-09 16:43:00.0000000,Male,Black,41,Medium,Curly,Brown,Not of Hispanic Origin,,0,MA,,0
,28045045535,FC21003966,2021-10-09 14:41:00.0000000,Male,Black,24,Thin,NULL,NULL,Not of Hispanic Origin,,0,MA,Class D,0
,28045046170,FC21003966,2021-10-09 14:41:00.0000000,Male,Black,25,Medium,NULL,Medium Brown,Not of Hispanic Origin,,0,MA,Class D,0
,28045047656,FC21003966,2021-10-09 14:41:00.0000000,Male,Black,27,Medium,NULL,Medium Brown,Not of Hispanic Origin,,0,MA,Class D,0
,28045222196,FC21003967,2021-10-09 05:00:00.0000000,Male,Black,34,Medium,Curly,Medium Brown,Not of Hispanic Origin,,0,MA,Class D,0
,28045260329,FC21003968,2021-10-09 04:00:00.0000000,Male,Black,29,Thin,NULL,Dark Brown,Not of Hispanic Origin,,0,MA,Class D,0
,28045267670,FC21003968,2021-10-09 04:00:00.0000000,Male,White,16,NULL,NULL,NULL,NULL,,0,NULL,,0
,28045288615,FC21003969,2021-10-09 18:20:00.0000000,Male,Black,25,Thin,Short,Dark,Not of Hispanic Origin,,0,MA,Class D,0
,28045412230,FC21003970,2021-10-09 17:20:00.0000000,Male,White,43,Medium,Mohawk,NULL,Not of Hispanic Origin,,0,MA,,0
,28045414653,FC21003971,2021-10-09 18:05:00.0000000,Male,Black,22,Medium,NULL,NULL,Not of Hispanic Origin,,0,MA,,1
,28045418224,FC21003971,2021-10-09 18:05:00.0000000,Male,Black,21,Thin,Short,Medium Brown,Not of Hispanic Origin,,0,MA,ID Only - Never had Personal Driver License,1
,28045419962,FC21003971,2021-10-09 18:05:00.0000000,Male,Black,28,Medium,NULL,NULL,Not of Hispanic Origin,,0,MA,,1
,28045832686,FC21003972,2021-10-09 21:21:00.0000000,Male,Black,24,Medium,NULL,NULL,Not of Hispanic Origin,,0,MA,,0
,28045835905,FC21003972,2021-10-09 21:21:00.0000000,Male,Black,24,NULL,NULL,NULL,Unknown,,0,MA,Class D,0
,28046006565,FC21003973,2021-10-09 19:25:00.0000000,Male,Black,25,Medium,NULL,NULL,Not of Hispanic Origin,,0,MA,Class D,1
,28046205858,FC21003974,2021-10-09 23:02:00.0000000,Male,Black,39,Medium,NULL,NULL,Not of Hispanic Origin,,0,MA,,0
,28046220624,FC21003975,2021-10-09 22:23:00.0000000,Male,Black,25,Medium,Short,Dark Brown,Not of Hispanic Origin,,0,MA,Class D,0
,28046223420,FC21003976,2021-10-09 00:00:00.0000000,Male,White,28,Medium,NULL,Medium,Hispanic Origin,,0,MA,Class D,1
,28046840190,FC21003977,2021-10-10 01:44:00.0000000,Male,Black,23,Thin,NULL,NULL,Not of Hispanic Origin,,0,MA,,0
,28046844431,FC21003977,2021-10-10 01:44:00.0000000,Male,Black,23,NULL,NULL,NULL,Hispanic Origin,,0,NULL,,NULL
,28046869846,FC21003978,2021-10-10 02:51:00.0000000,Male,Black,24,Thin,NULL,NULL,Not of Hispanic Origin,,0,MA,,0
,28046900347,FC21003979,2021-10-10 01:13:00.0000000,Unknown,Other,37,NULL,NULL,NULL,NULL,,0,NULL,,0
,28048050284,FC21003980,2021-10-10 00:00:00.0000000,Male,Black,29,Medium,Short,Medium Brown,NULL,,0,MA,,0
,28048056965,FC21003980,2021-10-10 00:00:00.0000000,Male,Black,23,Thin,Bushy,Dark Brown,Hispanic Origin,,0,MA,,0
,28048079654,FC21003980,2021-10-10 00:00:00.0000000,Male,White,16,NULL,NULL,NULL,Unknown,,0,NULL,,0
,28047068183,FC21003981,2021-10-10 02:23:00.0000000,Male,Black,22,NULL,NULL,NULL,NULL,,0,MA,,1
,28047614827,FC21003982,2021-10-09 14:40:00.0000000,Male,Black,25,Medium,NULL,Medium Brown,Not of Hispanic Origin,,0,MA,Class D,0
,28047615378,FC21003982,2021-10-09 14:40:00.0000000,Male,Black,27,Medium,NULL,Medium Brown,Not of Hispanic Origin,,0,MA,Class D,0
,28047615884,FC21003982,2021-10-09 14:40:00.0000000,Male,Black,24,Thin,NULL,NULL,Not of Hispanic Origin,,0,MA,Class D,0
,28047642232,FC21003984,2021-10-09 15:55:00.0000000,Male,Black,17,Thin,Dreadlocks,Dark,NULL,,0,MA,,1
,28047642335,FC21003984,2021-10-09 15:55:00.0000000,Male,Black,16,Thin,NULL,Light Brown,Hispanic Origin,,0,MA,,1
,28047739975,FC21003985,2021-10-10 09:16:00.0000000,Male,Black,29,NULL,NULL,NULL,Not of Hispanic Origin,,0,MA,Class D,0
,28048489329,FC21003986,2021-10-10 03:10:00.0000000,Female,Black,26,Heavy,Braided,NULL,Not of Hispanic Origin,,0,MA,,0
,28048816126,FC21003986,2021-10-10 03:10:00.0000000,Female,Black,21,Thin,Wavy,Medium Brown,NULL,,0,MA,,0
,28048943008,FC21003986,2021-10-10 03:10:00.0000000,Male,Black,39,Medium,NULL,NULL,Not of Hispanic Origin,,0,MA,ID Only - Never had Personal Driver License,1
,28048615592,FC21003987,2021-10-08 09:30:00.0000000,Male,Black,27,Thin,NULL,NULL,Not of Hispanic Origin,,0,MA,ID Only - Never had Personal Driver License,0
,28048622864,FC21003987,2021-10-08 09:30:00.0000000,Male,Black,29,Thin,NULL,Light Brown,Not of Hispanic Origin,,0,MA,,0
,28049478648,FC21003988,2021-10-07 15:15:00.0000000,Male,Black,22,Heavy,NULL,NULL,Hispanic Origin,,0,MA,Class D,1
,28049479808,FC21003988,2021-10-07 15:15:00.0000000,Male,Black,39,NULL,NULL,NULL,NULL,,0,NULL,,1
,28049529638,FC21003989,2021-10-10 11:19:00.0000000,Male,Black,21,Thin,NULL,NULL,Not of Hispanic Origin,,0,MA,,1
,28049511092,FC21003990,2021-10-10 10:55:00.0000000,Male,White,33,NULL,NULL,NULL,Hispanic Origin,,0,NULL,,0
,28051037191,FC21003992,2021-10-10 15:30:00.0000000,Male,White,35,Medium,Bushy,NULL,Not of Hispanic Origin,,0,MA,,1
,28051138344,FC21003993,2021-10-10 15:27:00.0000000,Male,Unknown,30,Thin,Bushy,Light,Unknown,,0,NULL,,0
,28051365581,FC21003994,2021-10-10 15:29:00.0000000,Male,Black,31,NULL,NULL,NULL,Not of Hispanic Origin,,0,MA,Class D,1
,28051384296,FC21003995,2021-10-10 17:31:00.0000000,Male,Black,24,Medium,NULL,NULL,Not of Hispanic Origin,,0,MA,Class D,1
,28051681878,FC21003995,2021-10-10 17:31:00.0000000,Male,Black,24,Medium,Short,Dark,Not of Hispanic Origin,,0,MA,,1
,28051754121,FC21003996,2021-10-10 19:30:00.0000000,Female,White,64,NULL,NULL,NULL,Not of Hispanic Origin,,0,MA,Class D,NULL
,28051515435,FC21003996,2021-10-10 19:30:00.0000000,Female,White,42,NULL,NULL,NULL,Not of Hispanic Origin,,0,RI,Class D,0
,28051540596,FC21003996,2021-10-10 19:30:00.0000000,Male,White,35,NULL,NULL,NULL,Hispanic Origin,,0,RI,Class D,0
,28051579799,FC21003996,2021-10-10 19:30:00.0000000,Female,White,51,NULL,NULL,NULL,Not of Hispanic Origin,,0,MA,Class D,NULL
,28051925325,FC21003997,2021-10-10 19:48:00.0000000,Male,Black,17,Thin,NULL,NULL,Not of Hispanic Origin,,0,MA,,1
,28052682094,FC21003998,2021-10-11 03:50:00.0000000,Male,White,37,NULL,NULL,NULL,Unknown,,0,MA,Class D,1
,28052706454,FC21003999,2021-10-11 02:57:00.0000000,Male,White,24,Medium,NULL,NULL,Hispanic Origin,,0,MA,"ID - Had a License, now has ID",1
,28053417333,FC21004000,2021-10-11 09:10:00.0000000,Female,Black,52,Heavy,Short,Dark,Not of Hispanic Origin,,0,MA,Class D,0
,28053422180,FC21004000,2021-10-11 09:10:00.0000000,Male,White,23,NULL,NULL,NULL,Unknown,,0,NULL,,NULL
,28057531668,FC21004001,2021-10-11 16:16:00.0000000,Male,Black,38,Muscular,Short,Light Brown,Hispanic Origin,,0,MA,,0
,28057540221,FC21004001,2021-10-11 16:16:00.0000000,Female,Black,28,NULL,NULL,NULL,Hispanic Origin,,0,MA,Class D,NULL
,28057623030,FC21004002,2021-10-11 17:35:00.0000000,Male,NULL,21,NULL,NULL,NULL,NULL,,0,NULL,,0
,28057638601,FC21004002,2021-10-11 17:35:00.0000000,Male,Black,22,Medium,Short,Medium Brown,Not of Hispanic Origin,,0,MA,,0
,28057925745,FC21004003,2021-10-11 17:32:00.0000000,Male,White,23,NULL,NULL,NULL,Not of Hispanic Origin,,0,NULL,,0
,28059316523,FC21004004,2021-10-11 00:00:00.0000000,Male,Black,24,Medium,Dreadlocks,Medium Brown,Not of Hispanic Origin,,0,MA,,0
,28061947931,FC21004005,2021-10-09 00:00:00.0000000,Male,Black,48,NULL,NULL,NULL,NULL,,0,RI,Class D,0
,28088440991,FC21004006,2021-10-12 01:48:00.0000000,Male,Black,31,Thin,Dreadlocks,Medium,Unknown,,0,MA,ID Only - Never had Personal Driver License,1
,28077523238,FC21004007,2021-10-12 02:04:00.0000000,Male,Black,32,Medium,NULL,NULL,Not of Hispanic Origin,,0,MA,,0
,28095711891,FC21004008,2021-10-10 15:15:00.0000000,Male,Black,19,Medium,Dreadlocks,Medium Brown,Unknown,,0,MA,,0
,28108885371,FC21004009,2021-10-12 11:45:00.0000000,Male,Black,31,Thin,NULL,NULL,Not of Hispanic Origin,,0,MA,,1
,28108955846,FC21004009,2021-10-12 11:45:00.0000000,Male,White,62,Heavy,NULL,NULL,Not of Hispanic Origin,,0,MA,,0
,28115023233,FC21004010,2021-10-12 12:56:00.0000000,Male,White,39,NULL,NULL,NULL,Hispanic Origin,,0,MA,Personal Driver License,0
,28115533995,FC21004011,2021-10-12 10:14:00.0000000,Male,Black,32,Thin,NULL,NULL,Not of Hispanic Origin,,0,MA,,1
,28118016148,FC21004012,2021-10-12 14:00:00.0000000,Male,White,18,Medium,Curly,Medium,Hispanic Origin,,0,MA,ID Only - Never had Personal Driver License,1
,28146580847,FC21004014,2021-10-12 19:35:00.0000000,Male,Black,25,Medium,NULL,NULL,Not of Hispanic Origin,,0,MA,ID Only - Never had Personal Driver License,1
,28146647306,FC21004014,2021-10-12 19:35:00.0000000,Male,Black,26,Medium,NULL,NULL,Not of Hispanic Origin,,0,MA,,1
,28149323085,FC21004015,2021-10-12 20:55:00.0000000,Male,Black,22,Medium,Corn Rows,Medium Brown,NULL,,0,MA,,0
,28179711868,FC21004016,2021-10-13 01:14:00.0000000,Male,Black,23,Heavy,Braided,Brown,Not of Hispanic Origin,,0,MA,,0
,28179748122,FC21004016,2021-10-13 01:14:00.0000000,Male,Black,25,Thin,NULL,Medium Brown,NULL,,0,MA,,0
,28179873120,FC21004016,2021-10-13 01:14:00.0000000,Male,Black,24,Thin,NULL,NULL,Not of Hispanic Origin,,0,MA,Class D,0
,28181925089,FC21004016,2021-10-13 01:14:00.0000000,Male,Black,24,Medium,NULL,NULL,Not of Hispanic Origin,,0,MA,,0
,28182134593,FC21004017,2021-10-13 02:04:00.0000000,Male,White,33,Stocky,NULL,Medium Brown,Hispanic Origin,,0,MA,,1
,28228186450,FC21004018,2021-10-13 09:02:00.0000000,Male,Black,24,Thin,Dreadlocks,Light,Hispanic Origin,,0,MA,Other: suspended,1
,28229108634,FC21004018,2021-10-13 09:02:00.0000000,Male,Black,NULL,NULL,NULL,NULL,Unknown,,0,MA,,NULL
,28254003837,FC21004019,2021-10-11 15:10:00.0000000,Male,Black,41,Thin,NULL,NULL,Not of Hispanic Origin,,0,MA,,0
,28263135353,FC21004020,2021-10-13 12:10:00.0000000,Male,White,29,NULL,NULL,NULL,Hispanic Origin,,0,MA,Class D,1
,28263660093,FC21004020,2021-10-13 12:10:00.0000000,Male,White,36,NULL,NULL,NULL,Not of Hispanic Origin,,0,NULL,,0
,28390844827,FC21004020,2021-10-13 12:10:00.0000000,Male,White,49,NULL,NULL,NULL,Unknown,,0,NULL,,0
,28271407218,FC21004021,2021-10-13 15:15:00.0000000,Male,Black,29,Medium,Short,Dark Brown,Not of Hispanic Origin,,0,MA,Class D,0
,28284749725,FC21004022,2021-10-13 15:35:00.0000000,Male,Black,55,Medium,Short,Medium Brown,Not of Hispanic Origin,,0,MA,,1
,28285305392,FC21004023,2021-10-13 17:10:00.0000000,Male,Black,25,Medium,NULL,NULL,Hispanic Origin,,0,MA,,0
,28288030342,FC21004024,2021-10-13 17:30:00.0000000,Male,Black,24,Medium,Corn Rows,Medium,Not of Hispanic Origin,,0,MA,Class D,1
,28288105665,FC21004024,2021-10-13 17:30:00.0000000,Female,Black,29,NULL,NULL,NULL,NULL,,0,MA,Class D,1
,28294972050,FC21004025,2021-10-11 12:40:00.0000000,Male,White,NULL,NULL,NULL,NULL,Not of Hispanic Origin,,0,NULL,,1
,28296766444,FC21004026,2021-10-13 00:00:00.0000000,Male,Black,35,NULL,NULL,NULL,Hispanic Origin,,0,MA,Class D,0
,28302065664,FC21004027,2021-10-13 18:56:00.0000000,Male,White,17,Thin,Dreadlocks,Light Brown,Hispanic Origin,,0,MA,,1
,28302596027,FC21004027,2021-10-13 18:56:00.0000000,Male,White,44,Thin,NULL,NULL,Hispanic Origin,,0,MA,,0
,28307229913,FC21004028,2021-10-13 12:06:00.0000000,Male,Black,69,NULL,NULL,NULL,Not of Hispanic Origin,,0,MA,Class D,0
,28307613251,FC21004028,2021-10-13 12:06:00.0000000,Male,Black,65,Thin,NULL,Dark,Unknown,,0,MA,Class D,0
,28317216003,FC21004029,2021-10-13 21:20:00.0000000,Male,Black,21,Thin,NULL,NULL,Not of Hispanic Origin,,0,MA,,1
,28317340418,FC21004029,2021-10-13 21:20:00.0000000,Female,Black,19,NULL,NULL,NULL,Unknown,,0,MA,Class D,NULL
,28330170952,FC21004030,2021-10-13 22:05:00.0000000,Male,White,45,NULL,NULL,NULL,Not of Hispanic Origin,,0,MA,,0
,28332166040,FC21004031,2021-10-13 21:57:00.0000000,Male,White,29,NULL,NULL,NULL,Unknown,,0,NULL,,0
,28351940741,FC21004032,2021-10-14 01:32:00.0000000,Male,White,35,NULL,NULL,NULL,NULL,,0,NH,Class D,1
,28366022445,FC21004033,2021-10-12 03:08:00.0000000,Male,American Indian or Alaskan Native,48,Heavy,NULL,NULL,Not of Hispanic Origin,,0,MA,,NULL
,28366022445,FC21004033,2021-10-12 03:08:00.0000000,Male,American Indian or Alaskan Native,48,Heavy,NULL,NULL,Not of Hispanic Origin,,0,MA,,0
,28368846390,FC21004034,2021-10-14 02:05:00.0000000,Male,Black,21,NULL,NULL,NULL,Unknown,,0,NULL,,NULL
,28368846390,FC21004034,2021-10-14 02:05:00.0000000,Male,Black,21,NULL,NULL,NULL,Unknown,,0,NULL,,0
,28368931177,FC21004034,2021-10-14 02:05:00.0000000,Male,Black,21,NULL,NULL,NULL,Unknown,,0,MA,Class D,NULL
,28368931177,FC21004034,2021-10-14 02:05:00.0000000,Male,Black,21,NULL,NULL,NULL,Unknown,,0,MA,Class D,0
,28368971697,FC21004034,2021-10-14 02:05:00.0000000,Male,Black,21,Thin,Braided,NULL,Unknown,,0,MA,ID Only - Never had Personal Driver License,0
,28368971697,FC21004034,2021-10-14 02:05:00.0000000,Male,Black,21,Thin,Braided,NULL,Unknown,,0,MA,ID Only - Never had Personal Driver License,NULL
,28372645305,FC21004035,2021-10-14 00:23:00.0000000,Male,Black,16,Thin,Braided,Light Brown,Not of Hispanic Origin,,0,MA,,1
,28409957732,FC21004036,2021-10-14 12:05:00.0000000,Male,White,37,Medium,NULL,NULL,Hispanic Origin,,0,MA,,0
,28410027994,FC21004036,2021-10-14 12:05:00.0000000,Female,White,32,Medium,Straight,Medium,Not of Hispanic Origin,,0,MA,Class D,0
,28417072131,FC21004037,2021-10-14 12:46:00.0000000,Female,Unknown,NULL,NULL,NULL,NULL,Hispanic Origin,,0,NULL,,0
,28417296286,FC21004037,2021-10-14 12:46:00.0000000,Male,Unknown,45,NULL,NULL,NULL,Hispanic Origin,,0,MA,,0
,28417388727,FC21004037,2021-10-14 12:46:00.0000000,Female,Unknown,53,NULL,NULL,NULL,Hispanic Origin,,0,MA,Class D,NULL
,28417448656,FC21004037,2021-10-14 12:46:00.0000000,Male,White,31,Thin,NULL,NULL,Hispanic Origin,,0,MA,,NULL
,28418174644,FC21004038,2021-10-14 13:50:00.0000000,Male,White,29,NULL,NULL,NULL,Not of Hispanic Origin,,0,NULL,,0
,28427122095,FC21004039,2021-10-14 13:57:00.0000000,Male,Black,19,Thin,NULL,Dark Brown,Not of Hispanic Origin,,0,MA,ID Only - Never had Personal Driver License,0
,28427196365,FC21004039,2021-10-14 13:57:00.0000000,Male,Black,32,Thin,NULL,NULL,Not of Hispanic Origin,,0,MA,Class D,0
,28427229207,FC21004039,2021-10-14 13:57:00.0000000,Male,Black,24,Medium,NULL,Dark Brown,Not of Hispanic Origin,,0,MA,ID Only - Never had Personal Driver License,0
,28430319740,FC21004040,2021-10-14 16:20:00.0000000,Male,White,72,NULL,NULL,NULL,NULL,,0,NULL,,0
,28700654781,FC21004041,2021-10-14 16:00:00.0000000,Female,White,53,Thin,NULL,NULL,Not of Hispanic Origin,,0,MA,,1
,28437308937,FC21004042,2021-10-12 21:30:00.0000000,Male,Black,36,Thin,NULL,NULL,Not of Hispanic Origin,,0,MA,,1
,28437333232,FC21004042,2021-10-12 21:30:00.0000000,Male,Black,42,Thin,NULL,NULL,Not of Hispanic Origin,,0,MA,,1
,28439309363,FC21004043,2021-10-14 18:04:00.0000000,Male,Black,28,Stocky,NULL,NULL,Not of Hispanic Origin,,0,MA,Class D,0
,28441372474,FC21004044,2021-10-14 00:00:00.0000000,Male,Black,16,Medium,Short,Dark,Not of Hispanic Origin,,0,MA,None,1
,28441399370,FC21004044,2021-10-14 00:00:00.0000000,Female,Black,20,NULL,NULL,NULL,Unknown,,0,RI,Other: Class 10 - RI,1
,28441595687,FC21004045,2021-10-14 02:30:00.0000000,Male,Black,NULL,NULL,NULL,NULL,Not of Hispanic Origin,,0,NULL,,0
,28442832580,FC21004046,2021-10-14 00:00:00.0000000,Male,White,22,Heavy,NULL,NULL,Hispanic Origin,,0,MA,,0
,28443070360,FC21004046,2021-10-14 00:00:00.0000000,Male,Other,23,NULL,NULL,NULL,Hispanic Origin,,0,NULL,,0
,28469960296,FC21004047,2021-10-15 01:30:00.0000000,Female,Black,19,NULL,NULL,NULL,Not of Hispanic Origin,,0,MA,Other: permit,NULL
,28469960296,FC21004047,2021-10-15 01:30:00.0000000,Female,Black,19,NULL,NULL,NULL,Not of Hispanic Origin,,0,MA,Other: permit,0
,28469980299,FC21004047,2021-10-15 01:30:00.0000000,Male,Black,21,Medium,Short,Medium,Not of Hispanic Origin,,0,MA,,0
,28477568613,FC21004048,2021-10-15 07:59:00.0000000,Male,White,17,Thin,Wavy,Light Brown,Hispanic Origin,,0,MA,,1
,28478612387,FC21004049,2021-10-15 09:01:00.0000000,Male,Black,22,Medium,Afro,Medium Brown,Not of Hispanic Origin,,0,MA,Class D,0
,28487611503,FC21004050,2021-10-15 12:21:00.0000000,Male,Black,27,Medium,Bald or Balding,Dark,Not of Hispanic Origin,,0,MA,,0
,28483573417,FC21004051,2021-10-15 12:30:00.0000000,Male,Black,50,Thin,Shaved Head,Medium Brown,Not of Hispanic Origin,,0,MA,Class D,0
,28485762229,FC21004052,2021-10-15 11:30:00.0000000,Male,Black,59,NULL,NULL,NULL,Not of Hispanic Origin,,0,NULL,,0
,28488002825,FC21004053,2021-10-10 12:39:00.0000000,Male,White,16,Thin,Short,Light,Unknown,,0,MA,,0
,28488766962,FC21004054,2021-10-15 18:16:00.0000000,Male,Black,29,Medium,NULL,NULL,Not of Hispanic Origin,,0,MA,Class D,0
,28490028002,FC21004055,2021-10-15 19:47:00.0000000,Male,Black,15,NULL,NULL,NULL,NULL,,0,NULL,,0
,28490771088,FC21004056,2021-10-15 15:08:00.0000000,Male,Black,19,Medium,Dreadlocks,Medium Brown,Unknown,,0,MA,,0
,28493040460,FC21004058,2021-10-15 19:13:00.0000000,Male,Black,15,Medium,Curly,Medium Brown,NULL,,0,MA,,1
,28493043338,FC21004058,2021-10-15 19:13:00.0000000,Male,Black,17,Thin,NULL,Dark,Unknown,,0,MA,,1
,28498550176,FC21004059,2021-10-15 23:53:00.0000000,Male,Black,16,Medium,NULL,NULL,Not of Hispanic Origin,,0,NULL,,1
,28498836202,FC21004059,2021-10-15 23:53:00.0000000,Male,White,17,NULL,NULL,NULL,Not of Hispanic Origin,,0,NULL,,1
,28499106170,FC21004059,2021-10-15 23:53:00.0000000,Male,White,15,NULL,NULL,NULL,Not of Hispanic Origin,,0,NULL,,1
,28515112247,FC21004060,2021-10-16 02:55:00.0000000,Male,Black,28,NULL,NULL,NULL,Not of Hispanic Origin,,0,MA,,0
,28515146939,FC21004060,2021-10-16 02:55:00.0000000,Male,Black,23,Thin,Bushy,Dark Brown,Hispanic Origin,,0,MA,,0
,28521325476,FC21004061,2021-10-16 03:00:00.0000000,Male,Black,22,NULL,NULL,NULL,Hispanic Origin,,0,MA,ID Only - Never had Personal Driver License,1
,28521417084,FC21004061,2021-10-16 03:00:00.0000000,Male,NULL,18,NULL,NULL,NULL,NULL,,0,NULL,,1
,28521454357,FC21004061,2021-10-16 03:00:00.0000000,Male,White,18,Thin,Straight,NULL,Hispanic Origin,,0,MA,Class D,1
,28522861291,FC21004062,2021-10-16 05:17:00.0000000,Male,White,33,Thin,Curly,Medium,Hispanic Origin,,0,MA,Class D,0
,28523354599,FC21004063,2021-10-16 04:56:00.0000000,Male,Black,31,Medium,Braided,Dark Brown,Not of Hispanic Origin,,0,MA,,1
,28543784950,FC21004064,2021-10-15 15:00:00.0000000,Male,Black,40,Medium,NULL,NULL,Not of Hispanic Origin,,0,MA,,0
,28562071415,FC21004065,2021-10-16 13:05:00.0000000,Male,Other,26,NULL,NULL,NULL,Unknown,,0,MA,Class D,1
,28572222474,FC21004066,2021-10-14 20:51:00.0000000,Male,White,21,Obese,Curly,Light,Not of Hispanic Origin,,0,MA,No License - Record Only,1
,28572257258,FC21004066,2021-10-14 20:51:00.0000000,Male,Other,21,NULL,NULL,NULL,Hispanic Origin,,0,MA,Class D,1
,28572282808,FC21004066,2021-10-14 20:51:00.0000000,Male,White,17,NULL,NULL,NULL,Hispanic Origin,,0,MA,ID Only - Never had Personal Driver License,1
,28572348739,FC21004066,2021-10-14 20:51:00.0000000,Male,Black,22,Medium,Braided,Medium Brown,Not of Hispanic Origin,,0,MA,ID Only - Never had Personal Driver License,1
,28572563124,FC21004067,2021-10-16 00:00:00.0000000,Male,Black,39,Medium,NULL,NULL,Not of Hispanic Origin,,0,MA,Class D,0
,28572565333,FC21004067,2021-10-16 00:00:00.0000000,Male,Black,37,Medium,Bald or Balding,Dark,Not of Hispanic Origin,,0,MA,,0
,28572568647,FC21004068,2021-10-14 22:20:00.0000000,Male,Black,24,NULL,NULL,NULL,Not of Hispanic Origin,,0,MA,Class D,1
,28572600042,FC21004069,2021-10-16 16:32:00.0000000,Male,White,41,Thin,NULL,NULL,Not of Hispanic Origin,,0,MA,,0
,28572600456,FC21004069,2021-10-16 16:32:00.0000000,Male,White,45,Medium,NULL,NULL,Not of Hispanic Origin,,0,MA,,0
,28572601288,FC21004069,2021-10-16 16:32:00.0000000,Male,White,44,Stocky,NULL,NULL,Not of Hispanic Origin,,0,MA,,0
,28572602190,FC21004069,2021-10-16 16:32:00.0000000,Male,White,51,Medium,NULL,NULL,Not of Hispanic Origin,,0,MA,,0
,28572602463,FC21004070,2021-10-15 19:30:00.0000000,Male,Black,33,Thin,Short,Medium Brown,Not of Hispanic Origin,,0,MA,Class D,0
,28572601597,FC21004070,2021-10-15 19:30:00.0000000,Male,Black,22,Thin,NULL,NULL,Not of Hispanic Origin,,0,MA,,1
,28572600113,FC21004070,2021-10-15 19:30:00.0000000,Female,White,28,NULL,NULL,NULL,Hispanic Origin,,0,MA,Personal Driver License,0
,28572599571,FC21004070,2021-10-15 19:30:00.0000000,Male,Black,24,Medium,Braided,Medium,Not of Hispanic Origin,,0,MA,ID Only - Never had Personal Driver License,1
,28572665954,FC21004071,2021-10-15 22:40:00.0000000,Male,Black,19,Medium,Short,Dark Brown,Not of Hispanic Origin,,0,MA,,1
,28572685784,FC21004072,2021-10-15 22:05:00.0000000,Male,Black,19,NULL,NULL,NULL,Not of Hispanic Origin,,0,MA,Class D,1
,28572702557,FC21004072,2021-10-15 22:05:00.0000000,Male,Black,30,NULL,NULL,NULL,Not of Hispanic Origin,,0,MA,Class D,1
,28572706841,FC21004072,2021-10-15 22:05:00.0000000,Male,NULL,41,Medium,NULL,Light,Hispanic Origin,,0,MA,,1
,28573061153,FC21004073,2021-10-16 16:53:00.0000000,Male,White,32,Thin,Short,Light,Not of Hispanic Origin,,0,NULL,,1
,28573061926,FC21004073,2021-10-16 16:53:00.0000000,Female,White,29,NULL,NULL,NULL,Not of Hispanic Origin,,0,NULL,,NULL
,28573063192,FC21004073,2021-10-16 16:53:00.0000000,Female,White,30,Medium,Straight,Light,NULL,,0,MA,,NULL
,28573064892,FC21004073,2021-10-16 16:53:00.0000000,Male,White,34,Thin,NULL,NULL,Not of Hispanic Origin,,0,MA,,NULL
,28573139918,FC21004074,2021-10-16 18:27:00.0000000,Male,White,30,Medium,Short,Light,Not of Hispanic Origin,,0,MA,,1
,28574472634,FC21004075,2021-10-16 22:00:00.0000000,Male,White,33,Muscular,Short,Light Brown,Hispanic Origin,,0,MA,Class D,0
,28574481792,FC21004075,2021-10-16 22:00:00.0000000,Male,Black,30,Medium,Braided,Medium Brown,Hispanic Origin,,0,MA,Class D,0
,28574492134,FC21004075,2021-10-16 22:00:00.0000000,Male,Other,31,NULL,NULL,NULL,Hispanic Origin,,0,MA,Class D,0
,28574494389,FC21004075,2021-10-16 22:00:00.0000000,Male,White,33,NULL,NULL,NULL,Hispanic Origin,,0,MA,,0
,28574564975,FC21004075,2021-10-16 22:00:00.0000000,Male,Black,47,Unknown,NULL,NULL,Hispanic Origin,,0,MA,,0
,28602328079,FC21004077,2021-10-16 21:50:00.0000000,Male,Black,31,Thin,Dreadlocks,Medium Brown,Not of Hispanic Origin,,0,MA,,1
,28614030689,FC21004078,2021-10-17 00:10:00.0000000,Male,Black,29,NULL,NULL,NULL,Not of Hispanic Origin,,0,NULL,,0
,28615657462,FC21004079,2021-10-16 14:58:00.0000000,Male,Black,20,Thin,Braided,Dark,NULL,,0,MA,Class D,1
,28615827737,FC21004080,2021-10-17 17:00:00.0000000,Male,Black,19,Medium,Short,Dark Brown,Not of Hispanic Origin,,0,MA,,0
,28615833110,FC21004080,2021-10-17 17:00:00.0000000,Male,White,21,Obese,Curly,Light,Not of Hispanic Origin,,0,MA,No License - Record Only,0
,28616182750,FC21004080,2021-10-17 17:00:00.0000000,Male,Black,44,NULL,NULL,NULL,Not of Hispanic Origin,,0,MA,Class D,0
,28616193149,FC21004080,2021-10-17 17:00:00.0000000,Male,Black,41,Medium,Curly,Brown,Not of Hispanic Origin,,0,MA,,0
,28616387686,FC21004080,2021-10-17 17:00:00.0000000,Male,Black,26,Heavy,Short,Dark Brown,Not of Hispanic Origin,,0,MA,ID Only - Never had Personal Driver License,0
,28616398512,FC21004080,2021-10-17 17:00:00.0000000,Male,Black,39,Thin,Short,Dark Brown,Not of Hispanic Origin,,0,MA,CDL Class B,0
,28618118867,FC21004081,2021-10-17 18:38:00.0000000,Male,Black,24,Medium,Braided,Dark Brown,Hispanic Origin,,0,MA,ID Only - Never had Personal Driver License,NULL
,28618118867,FC21004081,2021-10-17 18:38:00.0000000,Male,Black,24,Medium,Braided,Dark Brown,Hispanic Origin,,0,MA,ID Only - Never had Personal Driver License,0
,28619363927,FC21004082,2021-10-17 18:33:00.0000000,Male,Black,14,NULL,NULL,NULL,Unknown,,0,NULL,,1
,28619391878,FC21004082,2021-10-17 18:33:00.0000000,Male,White,14,NULL,NULL,NULL,Hispanic Origin,,0,NULL,,1
,28621744372,FC21004083,2021-10-17 10:09:00.0000000,Male,Black,22,Medium,Braided,Medium,Not of Hispanic Origin,,0,MA,No License - Record Only,0
,28621749968,FC21004083,2021-10-17 10:09:00.0000000,Male,Black,21,Thin,NULL,NULL,Not of Hispanic Origin,,0,MA,,0
,28631706777,FC21004084,2021-10-18 01:39:00.0000000,Male,White,31,Thin,Short,Light,Not of Hispanic Origin,,0,MA,Class D,0
,28658847779,FC21004085,2021-10-18 09:17:00.0000000,Male,Black,21,Thin,Dreadlocks,Medium Brown,Not of Hispanic Origin,,0,MA,Class D,1
,28672932954,FC21004086,2021-10-17 22:45:00.0000000,Male,Black,29,NULL,NULL,NULL,Not of Hispanic Origin,,0,MA,No License - Record Only,0
,28688736630,FC21004087,2021-10-18 14:28:00.0000000,Male,Black,40,Stocky,Short,Light Brown,Not of Hispanic Origin,,0,MA,Class D,0
,28691540229,FC21004088,2021-10-18 14:47:00.0000000,Male,Black,20,NULL,NULL,NULL,Not of Hispanic Origin,,0,NULL,,0
,28692495128,FC21004088,2021-10-18 14:47:00.0000000,Male,Black,22,NULL,NULL,NULL,Not of Hispanic Origin,,0,NULL,,0
,28692780116,FC21004088,2021-10-18 14:47:00.0000000,Unknown,Unknown,NULL,NULL,NULL,NULL,Unknown,,0,NULL,,0
,28696696436,FC21004089,2021-10-18 11:54:00.0000000,Male,White,20,NULL,NULL,NULL,Hispanic Origin,,0,MA,Class D,1
,28696745126,FC21004089,2021-10-18 11:54:00.0000000,Female,White,44,NULL,NULL,NULL,Hispanic Origin,,0,MA,Class D,NULL
,28697436002,FC21004089,2021-10-18 11:54:00.0000000,Male,White,22,Thin,NULL,NULL,Hispanic Origin,,0,MA,,0
,28700836390,FC21004090,2021-10-18 19:54:00.0000000,Male,Black,22,Thin,NULL,Medium Brown,Not of Hispanic Origin,,0,MA,,1
,28700866545,FC21004090,2021-10-18 19:54:00.0000000,Male,Black,17,Thin,Curly,Dark,Not of Hispanic Origin,,0,MA,,1
,28700942831,FC21004090,2021-10-18 19:54:00.0000000,Male,Black,16,NULL,NULL,NULL,Unknown,,0,NULL,,1
,28701908046,FC21004091,2021-10-18 00:00:00.0000000,Male,Black,27,Thin,Short,Medium Brown,Not of Hispanic Origin,,0,MA,,0
,28702399666,FC21004092,2021-10-18 17:30:00.0000000,Male,White,44,Heavy,NULL,NULL,Hispanic Origin,,0,MA,,0
,28702479424,FC21004093,2021-10-18 20:25:00.0000000,Male,Black,24,Thin,NULL,NULL,Not of Hispanic Origin,,0,MA,Class D,0
,28703574807,FC21004094,2021-10-19 00:00:00.0000000,Male,Black,30,Thin,Dreadlocks,Light,Not of Hispanic Origin,,0,MA,Class D,1
,28703576462,FC21004094,2021-10-19 00:00:00.0000000,Male,Black,27,Medium,Short,Medium Brown,Not of Hispanic Origin,,0,MA,Instruction Permit,1
,28703597879,FC21004094,2021-10-19 00:00:00.0000000,Male,Black,21,Heavy,NULL,NULL,Not of Hispanic Origin,,0,MA,,1
,28708488114,FC21004095,2021-10-18 23:57:00.0000000,Male,White,39,Thin,NULL,Light,Not of Hispanic Origin,,0,MA,,NULL
,28708488114,FC21004095,2021-10-18 23:57:00.0000000,Male,White,39,Thin,NULL,Light,Not of Hispanic Origin,,0,MA,,0
,28713927164,FC21004096,2021-10-13 08:38:00.0000000,Male,Black,19,Medium,Dreadlocks,Medium Brown,Unknown,,0,MA,,0
,28721087364,FC21004097,2021-10-19 08:24:00.0000000,Male,Black,34,Thin,NULL,NULL,Not of Hispanic Origin,,0,MA,Class D,1
,28745030682,FC21004098,2021-10-19 13:45:00.0000000,Male,Black,22,Thin,Afro,Medium Brown,Not of Hispanic Origin,,0,MA,Class D,1
,28747715979,FC21004099,2021-10-19 17:09:00.0000000,Male,Other,24,NULL,NULL,NULL,Not of Hispanic Origin,,0,NULL,,0
,28747719974,FC21004100,2021-10-18 22:43:00.0000000,Male,Black,20,Thin,Braided,Medium Brown,Not of Hispanic Origin,,0,MA,ID Only - Never had Personal Driver License,1
,28747825712,FC21004100,2021-10-18 22:43:00.0000000,Male,Black,18,Thin,Afro,Dark,Unknown,,0,MA,Class D,0
,28747890379,FC21004100,2021-10-18 22:43:00.0000000,Female,Black,19,Thin,NULL,NULL,Not of Hispanic Origin,,0,MA,Instruction Permit,1
,28748661055,FC21004100,2021-10-18 22:43:00.0000000,Male,Black,27,Medium,NULL,Dark Brown,Unknown,,0,MA,Class D,NULL
,28748370179,FC21004101,2021-10-19 17:51:00.0000000,Male,Black,25,NULL,NULL,NULL,Hispanic Origin,,0,NULL,,1
,28748375954,FC21004102,2021-10-19 18:15:00.0000000,Male,Black,41,Medium,Short,Dark Brown,Not of Hispanic Origin,,0,MA,Class D,0
,28749486529,FC21004103,2021-10-19 19:00:00.0000000,Male,Black,31,Medium,Afro,Medium,Not of Hispanic Origin,,0,MA,Class D,0
,28749494447,FC21004103,2021-10-19 19:00:00.0000000,Male,Black,27,Thin,Short,NULL,Not of Hispanic Origin,,0,MA,Class D,0
,28759267309,FC21004104,2021-10-19 22:15:00.0000000,Male,Black,28,Medium,Afro,NULL,Not of Hispanic Origin,,0,MA,,0
,28759599577,FC21004104,2021-10-19 22:15:00.0000000,Male,Black,16,Thin,NULL,Brown,Not of Hispanic Origin,,0,MA,,0
,28759666081,FC21004104,2021-10-19 22:15:00.0000000,Male,Black,33,Medium,NULL,NULL,Not of Hispanic Origin,,0,MA,,0
,28759701433,FC21004104,2021-10-19 22:15:00.0000000,Female,Black,35,NULL,NULL,NULL,Hispanic Origin,,0,NULL,,0
,28759801720,FC21004104,2021-10-19 22:15:00.0000000,Female,Black,22,NULL,NULL,NULL,Not of Hispanic Origin,,0,NULL,,0
,28762381338,FC21004105,2021-10-19 18:51:00.0000000,Male,Black,36,Medium,Dreadlocks,Medium,Not of Hispanic Origin,,0,MA,Class D,1
,28762481077,FC21004106,2021-10-19 22:56:00.0000000,Male,Black,27,Medium,Short,Dark,Not of Hispanic Origin,,0,MA,ID Only - Never had Personal Driver License,1
,28762499401,FC21004106,2021-10-19 22:56:00.0000000,Male,Black,55,NULL,NULL,NULL,Unknown,,0,MA,Other: MASS ID ,NULL
,28782261389,FC21004107,2021-10-20 02:20:00.0000000,Male,Unknown,19,NULL,NULL,NULL,Unknown,,0,NULL,,1
,28782286166,FC21004107,2021-10-20 02:20:00.0000000,Male,Black,20,Thin,Braided,Medium Brown,NULL,,0,MA,,1
,28784826476,FC21004110,2021-10-20 01:00:00.0000000,Male,White,28,Medium,NULL,NULL,Not of Hispanic Origin,,0,MA,,0
,28792959675,FC21004111,2021-10-20 09:11:00.0000000,Male,White,42,Thin,Short,Light,Not of Hispanic Origin,,0,MA,Class D,1
,28794592526,FC21004112,2021-10-20 10:15:00.0000000,Male,White,45,Medium,NULL,NULL,Hispanic Origin,,0,MA,,1
,28796291960,FC21004113,2021-10-20 10:07:00.0000000,Male,Black,39,Medium,Bald or Balding,Medium Brown,Not of Hispanic Origin,,0,MA,Class D,0
,28802479871,FC21004114,2021-10-20 11:35:00.0000000,Female,White,33,NULL,NULL,NULL,Not of Hispanic Origin,,0,MA,"ID - Had a License, now has ID",1
,28805955216,FC21004115,2021-10-18 11:20:00.0000000,Male,Black,32,Heavy,NULL,NULL,Not of Hispanic Origin,,0,MA,,0
,28807044107,FC21004116,2021-10-20 00:00:00.0000000,Female,Black,50,Medium,Short,NULL,Unknown,,0,MA,,1
,28810438631,FC21004117,2021-10-19 14:00:00.0000000,Male,White,41,NULL,NULL,NULL,Unknown,,0,NULL,,1
,28812826999,FC21004118,2021-10-20 00:00:00.0000000,Male,Black,29,Heavy,Short,Medium Brown,Not of Hispanic Origin,,0,MA,Class D,0
,28840936168,FC21004119,2021-10-16 17:30:00.0000000,Male,Black,33,Thin,Short,Medium Brown,Not of Hispanic Origin,,0,MA,Class D,1
,28841088403,FC21004119,2021-10-16 17:30:00.0000000,Male,Black,21,Thin,NULL,NULL,Not of Hispanic Origin,,0,MA,,1
,28859943281,FC21004122,2021-10-20 17:18:00.0000000,Male,Black,29,Obese,NULL,NULL,Not of Hispanic Origin,,0,MA,ID Only - Never had Personal Driver License,0
,28860070853,FC21004122,2021-10-20 17:18:00.0000000,Female,White,35,NULL,NULL,NULL,NULL,,0,NULL,,0
,28876611990,FC21004123,2021-10-20 20:30:00.0000000,Male,Black,16,Thin,Curly,NULL,NULL,,0,MA,,1
,28876790425,FC21004123,2021-10-20 20:30:00.0000000,Male,Black,22,Thin,NULL,Medium Brown,Not of Hispanic Origin,,0,MA,,1
,28876886770,FC21004123,2021-10-20 20:30:00.0000000,Male,Black,18,Medium,Short,Dark Brown,NULL,,0,MA,,1
,28883890385,FC21004124,2021-10-20 19:50:00.0000000,Male,Black,36,Medium,Dreadlocks,Medium,Not of Hispanic Origin,,0,MA,Class D,0
,28887604775,FC21004125,2021-10-20 04:25:00.0000000,Male,NULL,25,NULL,NULL,NULL,NULL,,0,NULL,,0
,28896610783,FC21004126,2021-10-18 04:00:00.0000000,Male,Black,56,NULL,NULL,NULL,Not of Hispanic Origin,,0,MA,Class D,NULL
,28896682909,FC21004126,2021-10-18 04:00:00.0000000,Male,Black,33,Heavy,NULL,NULL,Hispanic Origin,,0,MA,"ID - Had a License, now has ID",1
,28897040044,FC21004127,2021-10-19 19:55:00.0000000,Male,Other,17,NULL,NULL,NULL,Hispanic Origin,,0,NULL,,1
,28897109357,FC21004127,2021-10-19 19:55:00.0000000,Male,Black,16,Thin,NULL,Dark Brown,Not of Hispanic Origin,,0,MA,,1
,28898602279,FC21004128,2021-10-20 21:14:00.0000000,Male,Black,23,Heavy,Braided,Dark Brown,NULL,,0,MA,,1
,28924743085,FC21004129,2021-10-21 02:47:00.0000000,Female,Black,30,Stocky,NULL,NULL,Not of Hispanic Origin,,0,MA,Class D,NULL
,28924743879,FC21004129,2021-10-21 02:47:00.0000000,Male,Black,35,Medium,NULL,NULL,Not of Hispanic Origin,,0,MA,,1
,28924744517,FC21004129,2021-10-21 02:47:00.0000000,Male,Black,28,Medium,Afro,NULL,Not of Hispanic Origin,,0,MA,,0
,28924753420,FC21004129,2021-10-21 02:47:00.0000000,Female,Black,46,Medium,NULL,NULL,Not of Hispanic Origin,,0,MA,,0
,28924817135,FC21004129,2021-10-21 02:47:00.0000000,Male,Black,24,Medium,Dreadlocks,Dark Brown,Unknown,,0,MA,,0
,28924817929,FC21004129,2021-10-21 02:47:00.0000000,Male,Black,28,Medium,Short,Dark,Not of Hispanic Origin,,0,MA,,0
,28924829092,FC21004129,2021-10-21 02:47:00.0000000,Female,Black,16,Heavy,Braided,Dark Brown,NULL,,0,MA,,0
,28928471465,FC21004130,2021-10-21 01:55:00.0000000,Male,Black,24,Medium,NULL,NULL,Not of Hispanic Origin,,0,MA,Class D,1
,28935703603,FC21004131,2021-10-20 13:00:00.0000000,Male,White,42,NULL,NULL,NULL,Hispanic Origin,,0,MA,Class D,NULL
,28935705010,FC21004131,2021-10-20 13:00:00.0000000,Male,Black,41,Medium,Short,Light Brown,Not of Hispanic Origin,,0,MA,,0
,28948153574,FC21004132,2021-10-21 00:00:00.0000000,Male,White,37,Thin,NULL,NULL,Not of Hispanic Origin,,0,MA,,0
,28952504913,FC21004133,2021-10-21 10:22:00.0000000,Female,White,23,NULL,NULL,NULL,Hispanic Origin,,0,MA,Class D,NULL
,28952565534,FC21004133,2021-10-21 10:22:00.0000000,Male,Black,20,Thin,Braided,Medium Brown,Not of Hispanic Origin,,0,MA,ID Only - Never had Personal Driver License,0
,28952569199,FC21004133,2021-10-21 10:22:00.0000000,Female,Black,19,Thin,NULL,NULL,Not of Hispanic Origin,,0,MA,Instruction Permit,NULL
,28952569595,FC21004133,2021-10-21 10:22:00.0000000,Male,Black,27,Medium,NULL,Dark Brown,Unknown,,0,MA,Class D,NULL
,28972270654,FC21004134,2021-10-21 17:45:00.0000000,Male,Black,31,Medium,NULL,NULL,Not of Hispanic Origin,,0,MA,Class D,0
,28982453553,FC21004135,2021-10-21 20:14:00.0000000,Male,Black,38,Thin,Unkempt,Medium Brown,Not of Hispanic Origin,,0,MA,"ID - Had a License, now has ID",0
,28983925613,FC21004136,2021-10-21 10:43:00.0000000,Male,Black,33,Medium,Short,NULL,NULL,,0,MA,,0
,28984286089,FC21004138,2021-10-21 17:45:00.0000000,Female,Black,31,NULL,NULL,NULL,Unknown,,0,MA,Class D,0
,28984315968,FC21004138,2021-10-21 17:45:00.0000000,Female,Black,27,NULL,NULL,NULL,Unknown,,0,NULL,,0
,28992318070,FC21004139,2021-10-21 20:00:00.0000000,Male,Black,13,NULL,NULL,NULL,NULL,,0,NULL,,1
,28992319745,FC21004139,2021-10-21 20:00:00.0000000,Male,Black,13,NULL,NULL,NULL,NULL,,0,NULL,,1
,28992327072,FC21004139,2021-10-21 20:00:00.0000000,Male,Other,14,NULL,NULL,NULL,Hispanic Origin,,0,NULL,,1
,29002929704,FC21004140,2021-10-21 23:41:00.0000000,Female,Black,28,NULL,NULL,NULL,NULL,,0,MA,Other: No Status on Record,NULL
,29003102401,FC21004140,2021-10-21 23:41:00.0000000,Female,Black,30,Thin,Braided,Medium,Not of Hispanic Origin,,0,MA,,0
,29025969834,FC21004141,2021-10-22 00:00:00.0000000,Male,Black,42,NULL,NULL,NULL,Not of Hispanic Origin,,0,MA,Class D,1
,29026071827,FC21004141,2021-10-22 00:00:00.0000000,Male,Black,40,Unknown,NULL,NULL,Not of Hispanic Origin,,0,MA,,1
,29035804707,FC21004142,2021-10-21 23:29:00.0000000,Male,Black,22,Medium,Curly,Medium Brown,Not of Hispanic Origin,,0,MA,Class D,1
,29062698730,FC21004143,2021-10-21 10:55:00.0000000,Male,Black,27,Heavy,Braided,Medium,NULL,,0,MA,ID Only - Never had Personal Driver License,0
,29062707265,FC21004143,2021-10-21 10:55:00.0000000,Male,Black,28,Unknown,NULL,NULL,Not of Hispanic Origin,,0,MA,Class D,0
,29062719151,FC21004143,2021-10-21 10:55:00.0000000,Male,Black,24,Medium,Short,Dark,Not of Hispanic Origin,,0,MA,,0
,29063924565,FC21004144,2021-10-21 15:05:00.0000000,Male,Black,26,Medium,NULL,NULL,Not of Hispanic Origin,,0,MA,,0
,29063943522,FC21004144,2021-10-21 15:05:00.0000000,Male,Black,20,Thin,NULL,NULL,Not of Hispanic Origin,,0,MA,,0
,29063988187,FC21004144,2021-10-21 15:05:00.0000000,Male,Black,21,Thin,Short,Medium Brown,Not of Hispanic Origin,,0,MA,ID Only - Never had Personal Driver License,0
,29073356110,FC21004145,2021-10-22 00:00:00.0000000,Male,Black,33,NULL,NULL,NULL,NULL,,0,NULL,,NULL
,29073405502,FC21004145,2021-10-22 00:00:00.0000000,Male,White,47,Stocky,Short,Light,Not of Hispanic Origin,,0,MA,,1
,29090246100,FC21004146,2021-10-22 11:45:00.0000000,Male,Black,25,NULL,NULL,NULL,Not of Hispanic Origin,,0,MA,Class D,0
,29105518383,FC21004147,2021-10-21 21:18:00.0000000,Male,Black,66,Thin,Dreadlocks,Medium Brown,Not of Hispanic Origin,,0,MA,"ID - Had a License, now has ID",1
,29105532743,FC21004147,2021-10-21 21:18:00.0000000,Male,Black,58,Medium,NULL,Medium Brown,Not of Hispanic Origin,,0,MA,"ID - Had a License, now has ID",1
,29106980286,FC21004148,2021-10-21 23:01:00.0000000,Male,Black,22,Thin,Corn Rows,Dark,Hispanic Origin,,0,MA,Class D,1
,29107198008,FC21004148,2021-10-21 23:01:00.0000000,Male,NULL,20,NULL,NULL,NULL,NULL,,0,MA,Class D,1
,29111699056,FC21004150,2021-10-22 17:10:00.0000000,Male,Black,19,Thin,NULL,NULL,Not of Hispanic Origin,,0,MA,Class D,1
,29111699477,FC21004150,2021-10-22 17:10:00.0000000,Male,Black,20,NULL,NULL,NULL,NULL,,0,MA,,1
,29111699855,FC21004150,2021-10-22 17:10:00.0000000,Male,Black,19,NULL,NULL,NULL,Hispanic Origin,,0,MA,None,1
,29111706116,FC21004150,2021-10-22 17:10:00.0000000,Male,Black,18,Thin,Afro,Dark,Unknown,,0,MA,Class D,1
,29128136157,FC21004151,2021-10-22 18:38:00.0000000,Male,Black,25,Medium,Short,Dark,Not of Hispanic Origin,,0,MA,Class D,1
,29128512253,FC21004152,2021-10-22 22:00:00.0000000,Male,Black,15,Medium,NULL,Medium Brown,NULL,,0,MA,,1
,29132326770,FC21004153,2021-10-22 23:25:00.0000000,Male,Black,27,Heavy,Short,Dark Brown,Not of Hispanic Origin,,0,MA,,1
,29132328045,FC21004153,2021-10-22 23:25:00.0000000,Male,Black,28,NULL,NULL,NULL,Not of Hispanic Origin,,0,MA,Class D,1
,29148837224,FC21004154,2021-10-23 02:27:00.0000000,Male,Black,33,Thin,NULL,NULL,Not of Hispanic Origin,,0,MA,,0
,29180909806,FC21004155,2021-10-23 00:48:00.0000000,Male,Black,25,NULL,NULL,NULL,Not of Hispanic Origin,,0,MA,,0
,29181016967,FC21004155,2021-10-23 00:48:00.0000000,Female,Black,27,NULL,NULL,NULL,Not of Hispanic Origin,,0,MA,Class D,0
,29188177360,FC21004156,2021-10-20 11:00:00.0000000,Male,Black,23,NULL,NULL,NULL,Not of Hispanic Origin,,0,NULL,,NULL
,29188177360,FC21004156,2021-10-20 11:00:00.0000000,Male,Black,23,NULL,NULL,NULL,Not of Hispanic Origin,,0,NULL,,0
,29188276065,FC21004156,2021-10-20 11:00:00.0000000,Male,Black,49,Heavy,Bald or Balding,Medium,Not of Hispanic Origin,,0,MA,"ID - Had a License, now has ID",1
,29188297755,FC21004156,2021-10-20 11:00:00.0000000,Female,Black,36,NULL,NULL,NULL,Not of Hispanic Origin,,0,NULL,,0
,29188314429,FC21004156,2021-10-20 11:00:00.0000000,Male,Black,NULL,NULL,NULL,NULL,Not of Hispanic Origin,,0,NULL,,0
,29188323134,FC21004156,2021-10-20 11:00:00.0000000,Male,Black,31,NULL,NULL,NULL,Not of Hispanic Origin,,0,NULL,,0
,29202282944,FC21004157,2021-10-23 13:30:00.0000000,Male,Black,24,Medium,Braided,Light Brown,Not of Hispanic Origin,,0,MA,Class D,1
,29208538707,FC21004158,2021-10-22 00:00:00.0000000,Male,White,37,Thin,NULL,NULL,Not of Hispanic Origin,,0,MA,,0
,29221678884,FC21004159,2021-10-23 15:38:00.0000000,Male,Black,15,Medium,NULL,Dark Brown,NULL,,0,MA,,0
,29225556621,FC21004160,2021-10-23 17:47:00.0000000,Male,White,21,Thin,NULL,NULL,Not of Hispanic Origin,,0,MA,Class D,1
,29232380531,FC21004161,2021-10-23 20:43:00.0000000,Male,Black,30,Thin,NULL,NULL,Not of Hispanic Origin,,0,MA,,1
,29233023191,FC21004162,2021-10-23 17:36:00.0000000,Male,Black,31,Thin,NULL,NULL,Not of Hispanic Origin,,0,MA,Class D,NULL
,29233023191,FC21004162,2021-10-23 17:36:00.0000000,Male,Black,31,Thin,NULL,NULL,Not of Hispanic Origin,,0,MA,Class D,0
,29240713369,FC21004163,2021-10-23 22:45:00.0000000,Male,Black,59,Thin,NULL,NULL,Not of Hispanic Origin,,0,MA,,0
,29253711883,FC21004164,2021-10-24 02:26:00.0000000,Male,Black,31,Medium,NULL,NULL,Not of Hispanic Origin,,0,MA,,0
,29261637816,FC21004165,2021-10-23 18:54:00.0000000,Male,Black,19,Medium,Short,Medium,NULL,,0,MA,,1
,29261638232,FC21004165,2021-10-23 18:54:00.0000000,Male,Black,20,Thin,Afro,NULL,Not of Hispanic Origin,,0,MA,,1
,29261638300,FC21004165,2021-10-23 18:54:00.0000000,Female,Black,18,Medium,Braided,Medium,Not of Hispanic Origin,,0,MA,,1
,29261653670,FC21004165,2021-10-23 18:54:00.0000000,Male,Black,20,NULL,NULL,NULL,Not of Hispanic Origin,,0,VT,Other: ADULT,0
,29264461749,FC21004166,2021-10-24 17:04:00.0000000,Male,White,NULL,NULL,NULL,NULL,Unknown,,0,NULL,,0
,29265365433,FC21004168,2021-10-24 14:15:00.0000000,Male,White,27,Thin,Braided,Light,NULL,,0,MA,None,0
,29281366273,FC21004169,2021-10-25 09:50:00.0000000,Male,White,47,Stocky,Short,Light,Not of Hispanic Origin,,0,MA,,0
,29292217705,FC21004170,2021-10-25 18:05:00.0000000,Male,Black,32,Medium,Dreadlocks,Dark,Hispanic Origin,,0,MA,Class D,1
,29293110947,FC21004171,2021-10-25 18:15:00.0000000,Male,Black,27,Medium,NULL,NULL,Not of Hispanic Origin,,0,MA,,1
,29293492573,FC21004172,2021-10-25 19:57:00.0000000,Male,Native Hawaiian or Other Pacific Islander,28,NULL,NULL,NULL,Not of Hispanic Origin,,0,MA,Class D,0
,29293516443,FC21004172,2021-10-25 19:57:00.0000000,Male,Black,26,NULL,NULL,NULL,Not of Hispanic Origin,,0,MA,Class D,0
,29293530124,FC21004172,2021-10-25 19:57:00.0000000,Male,Black,23,NULL,NULL,NULL,Not of Hispanic Origin,,0,MA,Class D,0
,29293543572,FC21004172,2021-10-25 19:57:00.0000000,Male,Black,28,NULL,NULL,NULL,Not of Hispanic Origin,,0,MA,Class D,0
,29293909060,FC21004173,2021-10-25 20:45:00.0000000,Male,Black,23,Thin,NULL,NULL,Not of Hispanic Origin,,0,MA,,0
,29293925735,FC21004174,2021-10-25 19:30:00.0000000,Male,Black,37,NULL,NULL,NULL,Hispanic Origin,,0,MA,Class D,NULL
,29293950961,FC21004174,2021-10-25 19:30:00.0000000,Male,Other,16,Medium,Curly,Light,Hispanic Origin,,0,NULL,,0
,29294256260,FC21004175,2021-10-25 18:40:00.0000000,Male,White,24,NULL,NULL,NULL,Not of Hispanic Origin,,0,MA,,0
,29294859321,FC21004176,2021-10-26 00:17:00.0000000,Male,White,37,NULL,NULL,NULL,Unknown,,0,MA,Class D,0
,29295403784,FC21004177,2021-10-26 00:00:00.0000000,Male,Black,54,Medium,NULL,NULL,Not of Hispanic Origin,,0,MA,,0
,29300795287,FC21004178,2021-10-26 10:53:00.0000000,Male,Black,33,Heavy,NULL,NULL,Not of Hispanic Origin,,0,MA,,0
,29300804306,FC21004178,2021-10-26 10:53:00.0000000,Male,Black,35,NULL,NULL,NULL,Not of Hispanic Origin,,0,RI,,NULL
,29302349568,FC21004179,2021-10-26 12:02:00.0000000,Male,White,38,NULL,NULL,NULL,NULL,,0,MA,ID Only - Never had Personal Driver License,0
,29306716838,FC21004180,2021-10-25 22:00:00.0000000,Female,Black,41,Heavy,Short,Medium Brown,Not of Hispanic Origin,,0,MA,,0
,29307556829,FC21004181,2021-10-26 17:05:00.0000000,Male,Black,18,Medium,Braided,NULL,NULL,,0,MA,,0
,29308567219,FC21004182,2021-10-26 17:00:00.0000000,Male,Black,47,Medium,NULL,NULL,Not of Hispanic Origin,,0,MA,CDL Class B,NULL
,29308588192,FC21004182,2021-10-26 17:00:00.0000000,Male,Black,31,Medium,Short,Medium Brown,Not of Hispanic Origin,,0,MA,Class D,1
,29309872408,FC21004184,2021-10-26 00:00:00.0000000,Female,Black,51,Thin,NULL,NULL,Not of Hispanic Origin,,0,MA,Class D,NULL
,29309942423,FC21004184,2021-10-26 00:00:00.0000000,Male,Unknown,26,NULL,NULL,NULL,Hispanic Origin,,0,NULL,,1
,29309965332,FC21004184,2021-10-26 00:00:00.0000000,Male,Black,24,NULL,NULL,NULL,Not of Hispanic Origin,,0,MA,,1
,29310043056,FC21004184,2021-10-26 00:00:00.0000000,Male,Unknown,26,NULL,NULL,NULL,Hispanic Origin,,0,NULL,,1
,29312821868,FC21004186,2021-10-26 21:00:00.0000000,Female,White,37,Medium,NULL,NULL,Not of Hispanic Origin,,0,MA,,0
,29313884077,FC21004187,2021-10-26 22:21:00.0000000,Male,White,35,Thin,NULL,NULL,Hispanic Origin,,0,MA,,1
,29314834862,FC21004188,2021-10-26 22:46:00.0000000,Female,White,37,NULL,NULL,NULL,Hispanic Origin,,0,NULL,,NULL
,29314901018,FC21004188,2021-10-26 22:46:00.0000000,Male,Black,43,NULL,NULL,NULL,NULL,,0,MA,Class D,1
,29318295766,FC21004189,2021-10-23 21:32:00.0000000,Male,White,20,NULL,NULL,NULL,Hispanic Origin,,0,NULL,,0
,29318306749,FC21004189,2021-10-23 21:32:00.0000000,Male,Black,17,NULL,NULL,NULL,Unknown,,0,NULL,,0
,29318665946,FC21004190,2021-10-23 20:14:00.0000000,Male,Unknown,61,NULL,NULL,NULL,Hispanic Origin,,0,MA,Class D,0
,29320395023,FC21004191,2021-10-27 00:46:00.0000000,Male,White,32,Medium,Short,Light Brown,Hispanic Origin,,0,MA,,1
,29328760293,FC21004192,2021-10-27 10:44:00.0000000,Male,Black,52,Muscular,NULL,NULL,Not of Hispanic Origin,,0,MA,,0
,29348031728,FC21004193,2021-10-27 14:30:00.0000000,Male,Black,22,Medium,NULL,NULL,Not of Hispanic Origin,,0,MA,,0
,29348070245,FC21004193,2021-10-27 14:30:00.0000000,Male,Black,24,Stocky,Bald or Balding,Light Brown,Not of Hispanic Origin,,0,MA,,0
,29381817237,FC21004194,2021-10-27 17:56:00.0000000,Female,White,18,NULL,NULL,NULL,Not of Hispanic Origin,,0,NULL,,NULL
,29382168776,FC21004194,2021-10-27 17:56:00.0000000,Male,White,57,NULL,NULL,NULL,Not of Hispanic Origin,,0,MA,Class D,0
,29382417706,FC21004194,2021-10-27 17:56:00.0000000,Male,White,61,NULL,NULL,NULL,Not of Hispanic Origin,,0,MA,Class D,0
,29386836379,FC21004195,2021-10-27 18:23:00.0000000,Female,White,35,Thin,NULL,NULL,Not of Hispanic Origin,,0,MA,,1
,29389701551,FC21004195,2021-10-27 18:23:00.0000000,Male,Black,34,NULL,NULL,NULL,Hispanic Origin,,0,FL,"ID - Had a License, now has ID",1
,29389737370,FC21004195,2021-10-27 18:23:00.0000000,Male,White,31,Thin,Curly,Light,NULL,,0,MA,,0
,29397699368,FC21004196,2021-10-27 20:17:00.0000000,Male,Black,22,Thin,NULL,NULL,Not of Hispanic Origin,,0,MA,Class D,1
,29402426337,FC21004197,2021-10-27 20:30:00.0000000,Male,White,20,NULL,NULL,NULL,Not of Hispanic Origin,,0,MA,ID Only - Never had Personal Driver License,0
,29407355872,FC21004198,2021-10-27 21:34:00.0000000,Male,Black,38,NULL,NULL,NULL,Hispanic Origin,,0,MA,,0
,29408138592,FC21004199,2021-10-27 18:00:00.0000000,Male,Black,16,Thin,NULL,Dark Brown,Not of Hispanic Origin,,0,MA,,0
,29411304486,FC21004199,2021-10-27 18:00:00.0000000,Male,Black,23,Medium,Short,Dark Brown,Not of Hispanic Origin,,0,MA,ID Only - Never had Personal Driver License,0
,29411363036,FC21004199,2021-10-27 18:00:00.0000000,Male,Black,31,Thin,NULL,NULL,Not of Hispanic Origin,,0,MA,,0
,29418233053,FC21004200,2021-10-27 11:00:00.0000000,Male,Black,52,NULL,NULL,NULL,NULL,,0,NULL,,NULL
,29418381085,FC21004200,2021-10-27 11:00:00.0000000,Male,Black,44,Medium,Bald or Balding,Medium Brown,Not of Hispanic Origin,,0,MA,Other: Revoked,0
,29423567615,FC21004201,2021-10-28 02:46:00.0000000,Female,White,34,Thin,NULL,NULL,Not of Hispanic Origin,,0,MA,,0
,29443917226,FC21004203,2021-10-28 00:00:00.0000000,Male,Black,36,Medium,Short,Light,Not of Hispanic Origin,,0,MA,,0
,29448890868,FC21004204,2021-10-28 14:40:00.0000000,Male,Black,33,Obese,Short,Medium Brown,Hispanic Origin,,0,MA,Class D,0
,29449143357,FC21004205,2021-10-28 07:22:00.0000000,Male,Black,28,NULL,NULL,NULL,NULL,,0,MA,Class D,0
,29456692207,FC21004206,2021-10-28 17:40:00.0000000,Male,White,47,Thin,Bald or Balding,NULL,Not of Hispanic Origin,,0,MA,,0
,29460531629,FC21004207,2021-10-28 19:15:00.0000000,Male,Black,25,Medium,NULL,NULL,Hispanic Origin,,0,MA,Class D,1
,29461238719,FC21004208,2021-10-28 16:00:00.0000000,Male,White,29,Medium,Short,NULL,NULL,,0,MA,,1
,29471643872,FC21004209,2021-10-29 01:00:00.0000000,Male,Black,28,Stocky,Short,Dark Brown,Not of Hispanic Origin,,0,MA,Class D,0
,29473122112,FC21004210,2021-10-29 01:57:00.0000000,Female,White,34,Thin,NULL,NULL,Not of Hispanic Origin,,0,MA,,0
,29473135928,FC21004210,2021-10-29 01:57:00.0000000,Male,White,25,NULL,NULL,NULL,NULL,,0,NULL,,0
,29475022651,FC21004211,2021-10-29 03:00:00.0000000,Male,Black,51,Thin,Short,Medium Brown,Not of Hispanic Origin,,0,MA,,0
,29475023342,FC21004211,2021-10-29 03:00:00.0000000,Female,Black,46,Thin,NULL,NULL,Not of Hispanic Origin,,0,MA,,0
,29476491586,FC21004212,2021-10-29 02:00:00.0000000,Male,Black,31,Thin,NULL,NULL,Not of Hispanic Origin,,0,MA,,0
,29476516976,FC21004212,2021-10-29 02:00:00.0000000,Male,Black,27,NULL,NULL,NULL,Not of Hispanic Origin,,0,MI,Class D,0
,29482310803,FC21004213,2021-10-29 09:31:00.0000000,Female,Black,28,Medium,NULL,NULL,Not of Hispanic Origin,,0,MA,,1
,29483798835,FC21004214,2021-10-29 10:50:00.0000000,Male,Unknown,36,Thin,Short,Dark Brown,Unknown,,0,MA,Class D,0
,29483910336,FC21004214,2021-10-29 10:50:00.0000000,Female,White,NULL,NULL,NULL,NULL,Unknown,,0,NULL,,NULL
,29489850969,FC21004215,2021-10-29 13:42:00.0000000,Male,White,39,Medium,Short,Medium,Not of Hispanic Origin,,0,MA,,0
,29490549968,FC21004216,2021-10-29 13:29:00.0000000,Male,Black,21,Thin,NULL,Medium,Not of Hispanic Origin,,0,MA,,0
,29490766846,FC21004217,2021-10-29 11:55:00.0000000,Male,White,36,Medium,NULL,NULL,Hispanic Origin,,0,MA,,1
,29493189884,FC21004218,2021-10-29 15:00:00.0000000,Male,Black,34,Medium,Dreadlocks,Dark Brown,Not of Hispanic Origin,,0,MA,No License - Record Only,1
,29496778312,FC21004219,2021-10-29 17:47:00.0000000,Male,White,61,Medium,NULL,NULL,Not of Hispanic Origin,,0,MA,,1
,29496801225,FC21004219,2021-10-29 17:47:00.0000000,Male,Black,41,Heavy,Bald or Balding,Medium,Not of Hispanic Origin,,0,MA,Class D,1
,29499508640,FC21004220,2021-10-29 00:00:00.0000000,Male,Black,16,Thin,Short,Dark,Not of Hispanic Origin,,0,MA,,1
,29499630098,FC21004220,2021-10-29 00:00:00.0000000,Male,Unknown,15,NULL,NULL,NULL,Unknown,,0,NULL,,1
,29501121924,FC21004221,2021-10-29 19:30:00.0000000,Female,White,39,NULL,NULL,NULL,Not of Hispanic Origin,,0,NULL,,0
,29501209025,FC21004221,2021-10-29 19:30:00.0000000,Female,White,37,NULL,NULL,NULL,Not of Hispanic Origin,,0,NULL,,0
,29501392194,FC21004222,2021-10-29 20:15:00.0000000,Female,Black,41,Heavy,Short,Medium Brown,Not of Hispanic Origin,,0,MA,,0
,29501841792,FC21004223,2021-10-27 20:04:00.0000000,Female,White,34,NULL,NULL,NULL,NULL,,0,NULL,,0
,29501857669,FC21004223,2021-10-27 20:04:00.0000000,Male,Unknown,60,Medium,NULL,Medium,Hispanic Origin,,0,MA,,0
,29502161694,FC21004224,2021-10-27 22:00:00.0000000,Female,White,48,NULL,NULL,NULL,Unknown,,0,NULL,,0
,29504654666,FC21004225,2021-10-30 00:45:00.0000000,Male,White,34,Medium,NULL,NULL,Not of Hispanic Origin,,0,MA,"ID - Had a License, now has ID",1
,29504865522,FC21004226,2021-10-30 01:00:00.0000000,Male,Black,29,Medium,Short,Medium,Not of Hispanic Origin,,0,MA,Class D,0
,29509252425,FC21004227,2021-10-30 13:30:00.0000000,Female,Black,43,NULL,NULL,NULL,Not of Hispanic Origin,,0,MA,Class D,NULL
,29509253860,FC21004227,2021-10-30 13:30:00.0000000,Male,Black,60,Thin,NULL,NULL,NULL,,0,MA,,1
,29511121350,FC21004228,2021-10-30 14:52:00.0000000,Male,Black,23,NULL,NULL,NULL,Unknown,,0,NC,,1
,29511121452,FC21004228,2021-10-30 14:52:00.0000000,Male,Black,21,Medium,Dreadlocks,Dark,NULL,,0,NC,,1
,29512859978,FC21004229,2021-10-31 02:05:00.0000000,Male,Black,22,Medium,Short,Light Brown,Unknown,,0,MA,Class D,0
,29512869556,FC21004229,2021-10-31 02:05:00.0000000,Male,Black,22,NULL,NULL,NULL,Not of Hispanic Origin,,0,MA,,0
,29512870536,FC21004229,2021-10-31 02:05:00.0000000,Male,Black,23,Heavy,NULL,NULL,Not of Hispanic Origin,,0,MA,,0
,29514143163,FC21004230,2021-10-31 08:30:00.0000000,Male,White,22,Thin,NULL,NULL,Hispanic Origin,,0,MA,,0
,29514428086,FC21004231,2021-10-28 14:00:00.0000000,Male,Black,NULL,NULL,NULL,Medium,NULL,,0,NULL,,1
,29516474600,FC21004233,2021-10-31 09:30:00.0000000,Male,Black,30,Thin,Curly,Light Brown,Hispanic Origin,,0,MA,Other: Suspended,0
,29516919831,FC21004234,2021-10-31 14:39:00.0000000,Male,Black,19,Medium,Short,Light Brown,Hispanic Origin,,0,MA,,1
,29516921040,FC21004234,2021-10-31 14:39:00.0000000,Female,Black,22,Unknown,NULL,NULL,Not of Hispanic Origin,,0,MA,,1
,29516922368,FC21004234,2021-10-31 14:39:00.0000000,Male,Black,22,Medium,Short,Medium Brown,Not of Hispanic Origin,,0,MA,,1
,29516927325,FC21004234,2021-10-31 14:39:00.0000000,Female,Black,19,Medium,NULL,NULL,Not of Hispanic Origin,,0,MA,Class D,NULL
,29517620319,FC21004235,2021-10-31 17:30:00.0000000,Male,Black,33,Medium,NULL,NULL,Not of Hispanic Origin,,0,MA,,0
,29517673000,FC21004236,2021-10-31 17:45:00.0000000,Male,Black,26,NULL,NULL,NULL,Unknown,,0,MA,ID Only - Never had Personal Driver License,0
,29517825118,FC21004237,2021-10-31 18:05:00.0000000,Male,Black,25,Obese,Afro,NULL,Not of Hispanic Origin,,0,MA,,0
,29518568462,FC21004238,2021-10-31 17:04:00.0000000,Male,Black,23,Thin,Afro,NULL,Not of Hispanic Origin,,0,MA,,1
,29518572721,FC21004238,2021-10-31 17:04:00.0000000,Male,Black,25,Heavy,NULL,Dark Brown,NULL,,0,MA,"ID - Had a License, now has ID",1
,29518575272,FC21004238,2021-10-31 17:04:00.0000000,Female,Black,51,Thin,NULL,NULL,Not of Hispanic Origin,,0,MA,,1
,29518581550,FC21004238,2021-10-31 17:04:00.0000000,Male,Black,25,Medium,NULL,NULL,Not of Hispanic Origin,,0,MA,,NULL
,29518436865,FC21004239,2021-10-31 17:10:00.0000000,Male,Black,31,Thin,NULL,NULL,Not of Hispanic Origin,,0,MA,,1
,29519131170,FC21004240,2021-10-31 20:50:00.0000000,Male,Black,44,NULL,NULL,NULL,Not of Hispanic Origin,,0,MA,Class D,0
,29523232452,FC21004241,2021-11-01 02:55:00.0000000,Male,Black,41,Thin,NULL,NULL,Not of Hispanic Origin,,0,MA,,1
,29523247134,FC21004241,2021-11-01 02:55:00.0000000,Male,Black,39,Stocky,Dreadlocks,Medium Brown,NULL,,0,MA,,1
,29526140645,FC21004243,2021-11-01 03:02:00.0000000,Male,Black,19,Thin,Short,Dark,Not of Hispanic Origin,,0,MA,Class D,0
,29526149139,FC21004243,2021-11-01 03:02:00.0000000,Male,White,21,NULL,NULL,NULL,Hispanic Origin,,0,MA,Class D,0
,29526153687,FC21004243,2021-11-01 03:02:00.0000000,Female,NULL,19,NULL,NULL,NULL,NULL,,0,MA,Class D,0
,29526173338,FC21004243,2021-11-01 03:02:00.0000000,Male,Black,NULL,NULL,NULL,NULL,Unknown,,0,NULL,,0
,29533656328,FC21004244,2021-11-01 10:53:00.0000000,Male,White,55,Medium,NULL,NULL,Not of Hispanic Origin,,0,MA,,0
,29534629596,FC21004245,2021-11-01 11:30:00.0000000,Male,Black,19,NULL,NULL,NULL,Not of Hispanic Origin,,0,MA,,0
,29534651438,FC21004245,2021-11-01 11:30:00.0000000,Male,Black,20,Thin,Afro,NULL,Not of Hispanic Origin,,0,MA,,0
,29538090501,FC21004246,2021-11-01 11:56:00.0000000,Male,White,52,Thin,NULL,NULL,Not of Hispanic Origin,,0,MA,,1
,29538103874,FC21004247,2021-11-01 11:15:00.0000000,Male,White,30,Thin,Short,Light,Not of Hispanic Origin,,0,MA,,1
,29538104413,FC21004247,2021-11-01 11:15:00.0000000,Male,White,31,Thin,Short,Light,Not of Hispanic Origin,,0,MA,Class D,0
,29540891077,FC21004248,2021-11-01 14:30:00.0000000,Male,Other,39,NULL,NULL,NULL,Hispanic Origin,,0,MA,Class D,0
,29542876357,FC21004249,2021-11-01 00:00:00.0000000,Male,Black,33,Muscular,Braided,Medium Brown,Not of Hispanic Origin,,0,MA,,1
,29544500032,FC21004250,2021-10-31 20:15:00.0000000,Male,Black,17,NULL,NULL,NULL,Hispanic Origin,,0,NULL,,1
,29544741562,FC21004251,2021-10-31 08:29:00.0000000,Male,White,21,NULL,NULL,NULL,Not of Hispanic Origin,,0,NULL,,NULL
,29544741598,FC21004251,2021-10-31 08:29:00.0000000,Female,White,18,NULL,NULL,NULL,Not of Hispanic Origin,,0,MA,,NULL
,29544750271,FC21004251,2021-10-31 08:29:00.0000000,Male,Black,15,Thin,Afro,Medium Brown,Unknown,,0,MA,,1
,29544750512,FC21004251,2021-10-31 08:29:00.0000000,Male,White,16,Heavy,Curly,Light Brown,Hispanic Origin,,0,MA,,1
,29544967832,FC21004252,2021-11-01 18:00:00.0000000,Male,White,55,NULL,NULL,NULL,Not of Hispanic Origin,,0,MA,,0
,29545376060,FC21004253,2021-11-01 17:36:00.0000000,Male,White,19,NULL,NULL,NULL,Not of Hispanic Origin,,0,MA,Class D,1
,29545385931,FC21004253,2021-11-01 17:36:00.0000000,Male,Unknown,23,NULL,NULL,NULL,NULL,,0,NULL,,1
,29545401845,FC21004253,2021-11-01 17:36:00.0000000,Male,White,19,NULL,NULL,NULL,Not of Hispanic Origin,,0,MA,Class D,1
,29546275620,FC21004254,2021-11-01 17:30:00.0000000,Male,Black,31,Heavy,NULL,NULL,Not of Hispanic Origin,,0,MA,Class D,0
,29546813258,FC21004255,2021-11-01 19:40:00.0000000,Male,Black,39,NULL,NULL,NULL,Not of Hispanic Origin,,0,MA,Personal Driver License,1
,29547457276,FC21004256,2021-11-01 21:15:00.0000000,Female,White,39,NULL,NULL,NULL,NULL,,0,NULL,,0
,29548006143,FC21004257,2021-11-01 21:15:00.0000000,Male,Black,NULL,NULL,NULL,NULL,Not of Hispanic Origin,,0,NULL,,NULL
,29548009937,FC21004257,2021-11-01 21:15:00.0000000,Male,White,26,Medium,Short,Fair,Not of Hispanic Origin,,0,MA,Class D,0
,29548229270,FC21004258,2021-11-01 21:50:00.0000000,Female,White,40,NULL,NULL,NULL,Not of Hispanic Origin,,0,NULL,,1
,29548234779,FC21004258,2021-11-01 21:50:00.0000000,Male,White,51,NULL,NULL,NULL,Not of Hispanic Origin,,0,NULL,,1
,29548384495,FC21004258,2021-11-01 21:50:00.0000000,Male,White,25,NULL,NULL,NULL,Not of Hispanic Origin,,0,MA,,NULL
,29548894481,FC21004259,2021-11-01 22:55:00.0000000,Male,White,31,NULL,NULL,NULL,Not of Hispanic Origin,,0,NULL,,1
,29549018808,FC21004260,2021-11-01 18:50:00.0000000,Male,Black,18,Thin,Afro,Dark,Unknown,,0,MA,Class D,0
,29550947837,FC21004261,2021-11-02 00:00:00.0000000,Male,Black,50,NULL,NULL,NULL,NULL,,0,MA,,0
,29551315759,FC21004262,2021-11-02 00:56:00.0000000,Female,Black,24,Thin,NULL,NULL,Not of Hispanic Origin,,0,MA,,1
,29557862161,FC21004263,2021-11-02 11:00:00.0000000,Male,Black,20,NULL,NULL,NULL,Unknown,,0,MA,Class D,0
,29559806672,FC21004264,2021-11-01 17:10:00.0000000,Male,Black,18,NULL,NULL,NULL,Not of Hispanic Origin,,0,NULL,,NULL
,29559806672,FC21004264,2021-11-01 17:10:00.0000000,Male,Black,18,NULL,NULL,NULL,Not of Hispanic Origin,,0,NULL,,0
,29561327533,FC21004265,2021-11-02 10:45:00.0000000,Male,Black,19,Thin,NULL,NULL,Not of Hispanic Origin,,0,MA,,1
,29561328880,FC21004265,2021-11-02 10:45:00.0000000,Male,Black,19,Medium,NULL,NULL,Not of Hispanic Origin,,0,MA,,1
,29562798289,FC21004266,2021-11-02 17:30:00.0000000,Male,White,16,Thin,Short,Light,Unknown,,0,MA,,0
,29562151309,FC21004267,2021-11-02 18:45:00.0000000,Male,White,31,NULL,NULL,NULL,Hispanic Origin,,0,MA,None,0
,29562356100,FC21004268,2021-11-02 19:40:00.0000000,Male,White,21,Medium,NULL,NULL,Hispanic Origin,,0,MA,None,1
,29562438426,FC21004268,2021-11-02 19:40:00.0000000,Female,Asian,21,NULL,NULL,NULL,Not of Hispanic Origin,,0,MA,,NULL
,29562741470,FC21004269,2021-11-02 01:00:00.0000000,Female,White,24,Thin,Wavy,OTHER,Not of Hispanic Origin,,0,MA,,0
,29562960176,FC21004270,2021-11-02 19:40:00.0000000,Female,White,39,Heavy,NULL,NULL,Not of Hispanic Origin,,0,MA,,0
,29562960339,FC21004270,2021-11-02 19:40:00.0000000,Male,Black,71,NULL,NULL,NULL,Not of Hispanic Origin,,0,MA,,1
,29563670784,FC21004271,2021-11-03 01:30:00.0000000,Male,Black,30,Thin,Dreadlocks,Light,Not of Hispanic Origin,,0,MA,Class D,0
,29563733942,FC21004272,2021-11-02 19:30:00.0000000,Male,Black,36,NULL,NULL,NULL,NULL,,0,MA,Class D,0
,29571030471,FC21004275,2021-11-03 12:55:00.0000000,Female,White,31,Medium,Unkempt,Light,Not of Hispanic Origin,,0,MA,,0
,29575386223,FC21004276,2021-11-03 11:35:00.0000000,Male,White,23,NULL,NULL,NULL,NULL,,0,MA,Class D,NULL
,29575395162,FC21004276,2021-11-03 11:35:00.0000000,Male,White,38,NULL,NULL,NULL,Hispanic Origin,,0,MA,"ID - Had a License, now has ID",1
,29575395515,FC21004276,2021-11-03 11:35:00.0000000,Male,Black,31,Medium,NULL,NULL,Not of Hispanic Origin,,0,MA,,1
,29575395833,FC21004276,2021-11-03 11:35:00.0000000,Male,Black,26,NULL,Braided,NULL,NULL,,0,MA,,1
,29575498628,FC21004277,2021-11-03 14:10:00.0000000,Male,White,44,Heavy,NULL,NULL,Not of Hispanic Origin,,0,MA,,0
,29575613278,FC21004278,2021-11-03 10:03:00.0000000,Male,White,58,Medium,Bald or Balding,Light,Unknown,,0,MA,Class D,NULL
,29575614438,FC21004278,2021-11-03 10:03:00.0000000,Male,White,30,Thin,Short,Light,Hispanic Origin,,0,MA,,1
,29577812900,FC21004279,2021-11-03 16:25:00.0000000,Male,Black,25,NULL,NULL,NULL,NULL,,0,MA,Class D,1
,29578037478,FC21004280,2021-11-03 14:08:00.0000000,Male,White,19,NULL,NULL,NULL,Hispanic Origin,,0,NULL,,1
,29578439567,FC21004281,2021-11-03 13:52:00.0000000,Male,Black,21,Medium,Afro,Medium Brown,Not of Hispanic Origin,,0,MA,Class D,1
,29578450764,FC21004281,2021-11-03 13:52:00.0000000,Male,Black,19,Thin,NULL,NULL,Not of Hispanic Origin,,0,MA,,0
,29582474283,FC21004282,2021-10-29 21:19:00.0000000,Male,White,57,Medium,Short,Fair,Not of Hispanic Origin,,0,MA,ID Only - Never had Personal Driver License,0
,29585857724,FC21004283,2021-11-03 19:20:00.0000000,Male,White,36,Medium,Short,Light,Not of Hispanic Origin,,0,MA,Class D,0
,29588959838,FC21004284,2021-11-03 14:27:00.0000000,Female,White,28,Thin,Pony Tail,NULL,Not of Hispanic Origin,,0,MA,,0
,29590197083,FC21004284,2021-11-03 14:27:00.0000000,Male,Black,31,Medium,Braided,Light,Not of Hispanic Origin,,0,MA,Class D,0
,29595469429,FC21004285,2021-11-03 09:00:00.0000000,Male,White,50,NULL,NULL,NULL,Unknown,,0,MA,CDL Class C,0
,29596050176,FC21004286,2021-11-03 22:00:00.0000000,Male,White,24,Medium,Braided,Light,NULL,,0,MA,,1
,29596058687,FC21004286,2021-11-03 22:00:00.0000000,Male,White,22,Unknown,NULL,NULL,Hispanic Origin,,0,MA,Instruction Permit,1
,29596060014,FC21004286,2021-11-03 22:00:00.0000000,Male,White,24,Heavy,NULL,Light Brown,Not of Hispanic Origin,,0,MA,,1
,29598369751,FC21004287,2021-11-04 02:11:00.0000000,Male,White,31,Unknown,NULL,NULL,Not of Hispanic Origin,,0,MA,,0
,29598370475,FC21004287,2021-11-04 02:11:00.0000000,Male,Black,63,Medium,NULL,NULL,Not of Hispanic Origin,,0,MA,ID Only - Never had Personal Driver License,0
,29601324903,FC21004289,2021-11-04 08:30:00.0000000,Male,Black,61,Thin,NULL,NULL,Not of Hispanic Origin,,0,MA,,0
,29606978442,FC21004290,2021-11-04 11:25:00.0000000,Male,Black,22,Thin,Afro,Dark,Unknown,,0,MA,ID Only - Never had Personal Driver License,0
,29613038841,FC21004292,2021-11-04 12:27:00.0000000,Male,Unknown,31,NULL,NULL,NULL,Unknown,,0,NULL,,NULL
,29613953369,FC21004292,2021-11-04 12:27:00.0000000,Male,Unknown,20,NULL,NULL,NULL,Hispanic Origin,,0,NULL,,0
,29614957331,FC21004293,2021-11-03 21:37:00.0000000,Male,Black,30,NULL,NULL,NULL,Not of Hispanic Origin,,0,MA,Class D,0
,29614974937,FC21004293,2021-11-03 21:37:00.0000000,Male,Black,27,NULL,NULL,NULL,Not of Hispanic Origin,,0,MA,Class D,0
,29614977920,FC21004293,2021-11-03 21:37:00.0000000,Female,Black,28,NULL,NULL,NULL,Unknown,,0,MA,Class D,0
,29614988478,FC21004293,2021-11-03 21:37:00.0000000,Female,Black,24,NULL,NULL,NULL,Hispanic Origin,,0,MA,,0
,29619227622,FC21004294,2021-11-04 18:04:00.0000000,Male,Black,52,Unknown,NULL,NULL,Not of Hispanic Origin,,0,MA,,0
,29619690841,FC21004295,2021-11-04 19:17:00.0000000,Male,Black,22,Thin,NULL,Medium Brown,Not of Hispanic Origin,,0,MA,,1
,29619826831,FC21004295,2021-11-04 19:17:00.0000000,Male,White,24,Medium,Short,Dark,Not of Hispanic Origin,,0,MA,Instruction Permit,0
,29619901459,FC21004296,2021-11-04 18:50:00.0000000,Male,Black,39,Medium,NULL,NULL,Not of Hispanic Origin,,0,MA,Class D,0
,29625173144,FC21004298,2021-11-02 15:42:00.0000000,Male,White,36,Thin,NULL,NULL,Hispanic Origin,,0,MA,,0
,29625178495,FC21004298,2021-11-02 15:42:00.0000000,Male,White,43,Thin,Braided,NULL,NULL,,0,MA,,0
,29625183738,FC21004298,2021-11-02 15:42:00.0000000,Male,Black,34,Stocky,Short,Medium Brown,Not of Hispanic Origin,,0,MA,ID Only - Never had Personal Driver License,0
,29625189803,FC21004298,2021-11-02 15:42:00.0000000,Male,Other,31,NULL,NULL,NULL,Hispanic Origin,,0,MA,Class D,0
,29625965657,FC21004299,2021-11-05 10:22:00.0000000,Male,Black,17,Thin,Afro,Medium Brown,Not of Hispanic Origin,,0,NULL,,1
,29625969785,FC21004299,2021-11-05 10:22:00.0000000,Male,Black,17,Medium,Dreadlocks,Dark Brown,NULL,,0,MA,,NULL
,29625974061,FC21004299,2021-11-05 10:22:00.0000000,Male,Black,18,NULL,NULL,NULL,Not of Hispanic Origin,,0,MA,ID Only - Never had Personal Driver License,NULL
,29625975537,FC21004299,2021-11-05 10:22:00.0000000,Male,Black,18,NULL,NULL,NULL,Unknown,,0,NULL,,NULL
,29625978369,FC21004299,2021-11-05 10:22:00.0000000,Female,Black,16,Medium,Afro,Black,Not of Hispanic Origin,,0,NULL,,NULL
,29625988998,FC21004299,2021-11-05 10:22:00.0000000,Female,Black,17,NULL,NULL,NULL,Not of Hispanic Origin,,0,NULL,,NULL
,29626201608,FC21004300,2021-11-05 17:42:00.0000000,Male,Black,25,NULL,NULL,NULL,NULL,,0,MA,Class D,0
,29627138944,FC21004301,2021-11-05 19:15:00.0000000,Male,Black,29,NULL,NULL,NULL,Unknown,,0,SC,,0
,29627154088,FC21004302,2021-11-05 19:50:00.0000000,Female,Unknown,43,NULL,NULL,NULL,NULL,,0,NULL,,0
,29627179211,FC21004303,2021-11-05 19:22:00.0000000,Male,Black,43,Thin,Dreadlocks,NULL,Not of Hispanic Origin,,0,MA,Class D,0
,29627244993,FC21004304,2021-11-05 19:30:00.0000000,Male,Black,44,Thin,Braided,NULL,Hispanic Origin,,0,MA,,0
,29627558639,FC21004305,2021-11-05 17:50:00.0000000,Male,White,35,Medium,NULL,NULL,Hispanic Origin,,0,MA,,1
,29628384076,FC21004306,2021-11-05 22:28:00.0000000,Male,White,40,Thin,NULL,NULL,Not of Hispanic Origin,,0,MA,Class D,0
,29629682201,FC21004307,2021-11-06 02:40:00.0000000,Male,White,61,NULL,NULL,NULL,Not of Hispanic Origin,,0,MA,Class D,NULL
,29629686313,FC21004307,2021-11-06 02:40:00.0000000,Male,White,36,Medium,NULL,NULL,Not of Hispanic Origin,,0,MA,"ID - Had a License, now has ID",0
,29629942775,FC21004308,2021-11-06 00:45:00.0000000,Male,Black,37,Medium,NULL,NULL,Not of Hispanic Origin,,0,MA,"ID - Had a License, now has ID",1
,29629989436,FC21004308,2021-11-06 00:45:00.0000000,Male,Black,28,Muscular,NULL,NULL,Not of Hispanic Origin,,0,MA,,0
,29630193337,FC21004309,2021-11-06 02:10:00.0000000,Male,White,26,Medium,Braided,Medium,Hispanic Origin,,0,MA,,1
,29630199691,FC21004309,2021-11-06 02:10:00.0000000,Female,Black,30,Thin,NULL,NULL,Not of Hispanic Origin,,0,MA,,NULL
,29634014486,FC21004310,2021-11-06 14:25:00.0000000,Male,White,37,Thin,Straight,NULL,Not of Hispanic Origin,,0,MA,,0
,29635894485,FC21004312,2021-11-07 02:16:00.0000000,Male,Black,26,Medium,NULL,NULL,Not of Hispanic Origin,,0,MA,,0
,29637788600,FC21004313,2021-11-07 11:29:00.0000000,Male,White,47,NULL,NULL,NULL,NULL,,0,MA,,0
,29637789280,FC21004313,2021-11-07 11:29:00.0000000,Female,White,63,NULL,NULL,NULL,NULL,,0,MA,,0
,29638084331,FC21004314,2021-11-07 11:38:00.0000000,Male,Black,39,Medium,NULL,NULL,Not of Hispanic Origin,,0,MA,,1
,29638577941,FC21004315,2021-11-07 17:30:00.0000000,Male,Black,19,NULL,NULL,NULL,Not of Hispanic Origin,,0,MA,Class D,1
,29638594658,FC21004316,2021-11-07 18:00:00.0000000,Male,Other,28,NULL,NULL,NULL,NULL,,0,NULL,,1
,29638596116,FC21004316,2021-11-07 18:00:00.0000000,Male,White,28,NULL,NULL,NULL,Hispanic Origin,,0,MA,Class D,1
,29638598087,FC21004316,2021-11-07 18:00:00.0000000,Male,White,28,Thin,Braided,Light,Hispanic Origin,,0,MA,,1
,29638599749,FC21004316,2021-11-07 18:00:00.0000000,Male,Black,29,Unknown,NULL,NULL,Hispanic Origin,,0,MA,,NULL
,29638650284,FC21004317,2021-11-07 18:15:00.0000000,Male,Black,34,Medium,Bald or Balding,Medium,Hispanic Origin,,0,MA,Class D,0
,29638745217,FC21004318,2021-11-07 18:58:00.0000000,Male,White,38,Thin,NULL,NULL,Not of Hispanic Origin,,0,MA,Class D,0
,29639335149,FC21004319,2021-11-07 20:01:00.0000000,Male,Black,38,Medium,NULL,NULL,Not of Hispanic Origin,,0,MA,Class D,1
,29639335341,FC21004319,2021-11-07 20:01:00.0000000,Male,Black,32,Medium,NULL,NULL,Not of Hispanic Origin,,0,MA,Other: Supsended,1
,29639335491,FC21004319,2021-11-07 20:01:00.0000000,Male,Black,26,Medium,NULL,NULL,Not of Hispanic Origin,,0,MA,Class D,1
,29639335876,FC21004319,2021-11-07 20:01:00.0000000,Male,Black,23,Medium,NULL,NULL,Not of Hispanic Origin,,0,MA,Class D,1
,29639336104,FC21004319,2021-11-07 20:01:00.0000000,Male,Black,24,Medium,Corn Rows,Light Brown,Not of Hispanic Origin,,0,MA,Class D,1
,29640124198,FC21004320,2021-11-08 03:21:00.0000000,Male,Black,21,Thin,Short,Dark Brown,Not of Hispanic Origin,,0,MA,ID Only - Never had Personal Driver License,0
,29640124994,FC21004320,2021-11-08 03:21:00.0000000,Male,White,30,Thin,Curly,Light,Hispanic Origin,,0,MA,"ID - Had a License, now has ID",0
,29642093563,FC21004321,2021-11-08 08:30:00.0000000,Female,White,28,NULL,NULL,NULL,Unknown,,0,MA,Class D,NULL
,29642096596,FC21004321,2021-11-08 08:30:00.0000000,Male,Black,35,Medium,NULL,Dark Brown,Not of Hispanic Origin,,0,MA,Class D,1
,29642698575,FC21004322,2021-11-08 08:28:00.0000000,Male,White,35,Medium,Short,Light,NULL,,0,MA,Other: Suspended,1
,29643403333,FC21004323,2021-11-08 13:56:00.0000000,Male,White,63,Thin,NULL,NULL,Not of Hispanic Origin,,0,MA,,0
,29643786053,FC21004324,2021-11-08 13:06:00.0000000,Male,White,19,Thin,Straight,NULL,Not of Hispanic Origin,,0,NULL,,0
,29643790047,FC21004324,2021-11-08 13:06:00.0000000,Male,Unknown,21,NULL,NULL,NULL,Unknown,,0,NULL,,0
,29644177170,FC21004325,2021-11-08 00:00:00.0000000,Female,Black,26,NULL,NULL,NULL,Not of Hispanic Origin,,0,MA,Class D,0
,29644523803,FC21004326,2021-11-08 16:24:00.0000000,Female,Black,27,NULL,NULL,NULL,Not of Hispanic Origin,,0,MA,Class D,NULL
,29644526254,FC21004326,2021-11-08 16:24:00.0000000,Male,Black,32,Muscular,Dreadlocks,Dark Brown,Not of Hispanic Origin,,0,MA,,0
,29644608974,FC21004327,2021-11-08 16:59:00.0000000,Male,Black,27,Muscular,Short,Dark Brown,NULL,,0,MA,,NULL
,29644608974,FC21004327,2021-11-08 16:59:00.0000000,Male,Black,27,Muscular,Short,Dark Brown,NULL,,0,MA,,1
,29644619441,FC21004327,2021-11-08 16:59:00.0000000,Female,Black,32,NULL,NULL,NULL,NULL,,0,MA,,0
,29644636146,FC21004328,2021-11-08 16:20:00.0000000,Male,Black,25,Heavy,NULL,NULL,Hispanic Origin,,0,MA,,1
,29644636632,FC21004328,2021-11-08 16:20:00.0000000,Male,Black,26,Thin,NULL,NULL,Not of Hispanic Origin,,0,MA,"ID - Had a License, now has ID",1
,29644637280,FC21004328,2021-11-08 16:20:00.0000000,Male,White,19,NULL,NULL,NULL,Hispanic Origin,,0,NULL,,1
,29644638246,FC21004328,2021-11-08 16:20:00.0000000,Male,Black,18,Heavy,Corn Rows,Medium,Not of Hispanic Origin,,0,MA,,1
,29644639846,FC21004328,2021-11-08 16:20:00.0000000,Male,Black,17,Medium,Short,Dark,Not of Hispanic Origin,,0,MA,None,0
,29645177798,FC21004329,2021-11-08 19:50:00.0000000,Male,White,30,NULL,NULL,NULL,NULL,,0,NULL,,0
,29645596990,FC21004330,2021-11-08 21:25:00.0000000,Male,Black,33,NULL,NULL,NULL,NULL,,0,MA,Class D,0
,29645635255,FC21004330,2021-11-08 21:25:00.0000000,NULL,NULL,NULL,NULL,NULL,NULL,NULL,,0,NULL,,0
,29647149857,FC21004331,2021-11-09 01:45:00.0000000,Male,White,48,Thin,NULL,Light,Unknown,,0,MA,"ID - Had a License, now has ID",1
,29647172010,FC21004332,2021-11-09 00:47:00.0000000,Male,Black,37,NULL,NULL,NULL,Not of Hispanic Origin,,0,MA,,0
,29648261017,FC21004333,2021-11-09 00:00:00.0000000,Male,Black,44,NULL,NULL,NULL,Hispanic Origin,,0,MA,Class D,0
,29648375760,FC21004334,2021-11-08 22:08:00.0000000,Male,Other,45,NULL,NULL,NULL,Not of Hispanic Origin,,0,MA,Class D,0
,29650663730,FC21004335,2021-11-09 01:15:00.0000000,Female,Black,37,Thin,Afro,NULL,Not of Hispanic Origin,,0,MA,,0
,29651466790,FC21004336,2021-11-09 17:00:00.0000000,Male,White,31,Medium,NULL,NULL,Not of Hispanic Origin,,0,MA,,0
,29651468450,FC21004336,2021-11-09 17:00:00.0000000,Female,White,29,NULL,NULL,NULL,NULL,,0,NULL,,0
,29651805281,FC21004337,2021-11-09 00:00:00.0000000,Male,White,33,Thin,NULL,NULL,Hispanic Origin,,0,MA,,0
,29651970618,FC21004338,2021-11-09 17:38:00.0000000,Male,Black,23,Thin,NULL,NULL,Hispanic Origin,,0,MA,Class D,0
,29652728812,FC21004340,2021-11-09 19:39:00.0000000,Male,Black,25,Thin,Dreadlocks,Dark,Not of Hispanic Origin,,0,MA,Class D,0
,29652834946,FC21004340,2021-11-09 19:39:00.0000000,Female,Black,45,NULL,NULL,NULL,Unknown,,0,MA,Class D,NULL
,29652897374,FC21004341,2021-11-09 21:14:00.0000000,Male,Black,46,Medium,Short,Dark Brown,Not of Hispanic Origin,,0,MA,ID Only - Never had Personal Driver License,1
,29652938405,FC21004342,2021-11-09 20:15:00.0000000,Male,White,58,Medium,Unkempt,Fair,Not of Hispanic Origin,,0,MA,"ID - Had a License, now has ID",0
,29653110668,FC21004343,2021-11-09 21:00:00.0000000,Male,Black,29,Muscular,NULL,NULL,Not of Hispanic Origin,,0,MA,,0
,29653656880,FC21004344,2021-11-10 01:41:00.0000000,Female,White,27,NULL,NULL,NULL,NULL,,0,MA,,0
,29653649073,FC21004345,2021-11-10 00:56:00.0000000,Male,Black,36,Heavy,NULL,NULL,Not of Hispanic Origin,,0,MA,Class D,1
,29653650677,FC21004345,2021-11-10 00:56:00.0000000,Male,White,34,Medium,NULL,NULL,Hispanic Origin,,0,MA,,1
,29653709866,FC21004346,2021-11-10 01:45:00.0000000,Male,Black,38,Thin,NULL,NULL,Unknown,,0,MA,,1
,29653908854,FC21004347,2021-11-10 00:56:00.0000000,Male,Black,21,NULL,NULL,NULL,Unknown,,0,MA,Class D,1
,29654454301,FC21004348,2021-11-10 08:00:00.0000000,Male,White,42,Thin,Short,Light,Not of Hispanic Origin,,0,MA,Class D,0
,29655622085,FC21004349,2021-11-09 10:40:00.0000000,Male,White,59,Medium,Short,NULL,Not of Hispanic Origin,,0,MA,Class D,1
,29655622787,FC21004349,2021-11-09 10:40:00.0000000,Female,White,40,Medium,Unkempt,Light,Not of Hispanic Origin,,0,MA,,1
,29656075592,FC21004351,2021-11-10 07:37:00.0000000,Male,Black,30,Heavy,Afro,NULL,Not of Hispanic Origin,,0,MA,Class D,0
,29656879525,FC21004352,2021-11-10 10:21:00.0000000,Female,Black,32,Medium,Curly,NULL,Hispanic Origin,,0,MA,,0
,29657172756,FC21004353,2021-11-10 15:00:00.0000000,Male,Black,22,Medium,NULL,NULL,Not of Hispanic Origin,,0,MA,ID Only - Never had Personal Driver License,1
,29657826021,FC21004353,2021-11-10 15:00:00.0000000,Female,Black,19,Medium,NULL,NULL,Not of Hispanic Origin,,0,MA,,0
,29658508845,FC21004354,2021-11-10 14:52:00.0000000,Male,Black,17,Thin,Braided,Light Brown,Not of Hispanic Origin,,0,MA,,1
,29658560243,FC21004354,2021-11-10 14:52:00.0000000,Male,Black,17,Thin,Short,Dark Brown,Not of Hispanic Origin,,0,MA,,1
,29658665262,FC21004354,2021-11-10 14:52:00.0000000,Male,Black,22,Thin,NULL,Medium Brown,Not of Hispanic Origin,,0,MA,,1
,29660588079,FC21004355,2021-11-09 14:26:00.0000000,Male,Black,33,Medium,NULL,NULL,Not of Hispanic Origin,,0,MA,,NULL
,29660588079,FC21004355,2021-11-09 14:26:00.0000000,Male,Black,33,Medium,NULL,NULL,Not of Hispanic Origin,,0,MA,,0
,29660674651,FC21004356,2021-11-08 17:16:00.0000000,Female,White,60,NULL,NULL,NULL,Not of Hispanic Origin,,0,MA,Class D,0
,29661072538,FC21004357,2021-11-10 17:34:00.0000000,Male,White,44,Heavy,Bald or Balding,Light,Not of Hispanic Origin,,0,MA,,0
,29661532756,FC21004358,2021-11-10 21:15:00.0000000,Male,White,45,Muscular,Bald or Balding,Light,Not of Hispanic Origin,,0,MA,,0
,29661689720,FC21004359,2021-11-10 21:50:00.0000000,Male,White,38,NULL,NULL,NULL,Not of Hispanic Origin,,0,MA,,1
,29662331342,FC21004360,2021-11-11 01:45:00.0000000,Male,White,55,NULL,NULL,NULL,NULL,,0,MA,Class D,0
,29662339816,FC21004360,2021-11-11 01:45:00.0000000,Female,White,27,NULL,NULL,NULL,NULL,,0,MA,No License - Record Only,0
,29662556916,FC21004361,2021-11-10 00:43:00.0000000,Male,White,33,Medium,Bald or Balding,Light,Not of Hispanic Origin,,0,MA,,0
,29662609215,FC21004362,2021-11-10 01:12:00.0000000,Male,White,36,NULL,NULL,NULL,Hispanic Origin,,0,NULL,,0
,29662612509,FC21004362,2021-11-10 01:12:00.0000000,Male,Unknown,24,NULL,NULL,NULL,Hispanic Origin,,0,NULL,,0
,29662611078,FC21004363,2021-11-11 00:28:00.0000000,Male,Black,30,Medium,NULL,NULL,Not of Hispanic Origin,,0,MA,,0
,29662974363,FC21004364,2021-11-11 06:25:00.0000000,Female,Black,57,NULL,NULL,NULL,Unknown,,0,MA,,NULL
,29662975465,FC21004364,2021-11-11 06:25:00.0000000,Male,White,39,Medium,Wavy,NULL,NULL,,0,MA,,NULL
,29662975465,FC21004364,2021-11-11 06:25:00.0000000,Male,White,39,Medium,Wavy,NULL,NULL,,0,MA,,0
,29663123101,FC21004365,2021-11-04 17:15:00.0000000,Male,Black,15,Thin,Curly,Light Brown,Hispanic Origin,,0,MA,,1
,29663124350,FC21004365,2021-11-04 17:15:00.0000000,Male,Black,16,Thin,Curly,Light Brown,Hispanic Origin,,0,MA,,0
,29664509742,FC21004366,2021-11-11 11:43:00.0000000,Male,Black,31,Thin,NULL,NULL,Not of Hispanic Origin,,0,MA,,1
,29664512686,FC21004366,2021-11-11 11:43:00.0000000,Female,Black,34,Thin,NULL,NULL,Hispanic Origin,,0,MA,,NULL
,29665988880,FC21004367,2021-11-11 18:50:00.0000000,Male,Black,43,Medium,Bald or Balding,Brown,Not of Hispanic Origin,,0,MA,Class D,0
,29666371773,FC21004368,2021-11-11 19:47:00.0000000,Male,Black,14,NULL,NULL,NULL,NULL,,0,NULL,,NULL
,29666371773,FC21004368,2021-11-11 19:47:00.0000000,Male,Black,14,NULL,NULL,NULL,NULL,,0,NULL,,0
,29666765954,FC21004368,2021-11-11 19:47:00.0000000,Male,Black,14,NULL,NULL,NULL,NULL,,0,NULL,,NULL
,29667123292,FC21004368,2021-11-11 19:47:00.0000000,Male,Black,14,NULL,NULL,NULL,NULL,,0,NULL,,NULL
,29668466967,FC21004369,2021-11-11 21:00:00.0000000,Male,White,38,Medium,Corn Rows,Light,Not of Hispanic Origin,,0,MA,,1
,29668468617,FC21004369,2021-11-11 21:00:00.0000000,Male,Black,32,Thin,NULL,NULL,Not of Hispanic Origin,,0,MA,,1
,29673376420,FC21004370,2021-11-12 09:44:00.0000000,Male,Black,25,Thin,Short,Medium Brown,Not of Hispanic Origin,,0,MA,,0
,29674059958,FC21004371,2021-11-12 08:22:00.0000000,Male,White,36,Stocky,Receding or Slightly Receding,Medium,Hispanic Origin,,0,MA,,1
,29674061457,FC21004371,2021-11-12 08:22:00.0000000,Female,White,36,Medium,NULL,Light,Not of Hispanic Origin,,0,MA,,0
,29674142800,FC21004372,2021-11-12 10:11:00.0000000,Female,Asian,20,NULL,NULL,NULL,Unknown,,0,VA,Personal Driver License,0
,29674640387,FC21004373,2021-11-12 09:00:00.0000000,Male,White,39,Heavy,Curly,Medium,Hispanic Origin,,0,MA,,1
,29677448838,FC21004374,2021-11-12 14:11:00.0000000,Male,Black,15,Medium,NULL,NULL,NULL,,0,MA,,1
,29677450475,FC21004374,2021-11-12 14:11:00.0000000,Male,Black,21,NULL,NULL,NULL,Not of Hispanic Origin,,0,NULL,,NULL
,29680540670,FC21004375,2021-11-12 18:00:00.0000000,Female,White,24,Thin,Wavy,OTHER,Not of Hispanic Origin,,0,MA,,0
,29680542458,FC21004375,2021-11-12 18:00:00.0000000,Male,Black,52,Medium,NULL,NULL,Not of Hispanic Origin,,0,MA,,0
,29684329744,FC21004376,2021-11-13 00:30:00.0000000,Male,Black,33,Heavy,NULL,NULL,Not of Hispanic Origin,,0,MA,,1
,29684335275,FC21004376,2021-11-13 00:30:00.0000000,Female,Black,27,Thin,Straight,Light Brown,Hispanic Origin,,0,MA,Class D,0
,29684682889,FC21004377,2021-11-13 02:27:00.0000000,Male,Black,33,Medium,NULL,NULL,Not of Hispanic Origin,,0,MA,,0
,29684849184,FC21004378,2021-11-13 01:45:00.0000000,Male,White,42,Thin,NULL,NULL,Hispanic Origin,,0,MA,"ID - Had a License, now has ID",NULL
,29684849184,FC21004378,2021-11-13 01:45:00.0000000,Male,White,42,Thin,NULL,NULL,Hispanic Origin,,0,MA,"ID - Had a License, now has ID",0
,29686795809,FC21004379,2021-11-13 11:00:00.0000000,Male,Black,56,Thin,Short,Dark Brown,NULL,,0,MA,,0
,29687054298,FC21004382,2021-11-13 13:34:00.0000000,Male,White,31,Medium,NULL,NULL,Not of Hispanic Origin,,0,MA,,0
,29687732273,FC21004384,2021-11-13 16:45:00.0000000,Male,White,27,Thin,Unkempt,Medium Brown,NULL,,0,MA,,1
,29687734084,FC21004384,2021-11-13 16:45:00.0000000,Male,Black,24,Medium,Curly,Medium Brown,NULL,,0,MA,,1
,29687734269,FC21004384,2021-11-13 16:45:00.0000000,Male,White,56,Medium,NULL,NULL,Not of Hispanic Origin,,0,MA,,1
,29688444608,FC21004386,2021-11-13 22:00:00.0000000,Male,White,30,Thin,NULL,NULL,Not of Hispanic Origin,,0,MA,,1
,29689491231,FC21004387,2021-11-14 04:30:00.0000000,Male,White,24,Medium,NULL,NULL,Not of Hispanic Origin,,0,MA,,0
,29690067051,FC21004389,2021-11-13 13:23:00.0000000,Male,Other,24,Medium,NULL,Light Brown,Unknown,,0,MA,Class D,0
,29690069731,FC21004389,2021-11-13 13:23:00.0000000,Male,Asian,21,Medium,NULL,NULL,Not of Hispanic Origin,,0,MA,Class D,0
,29691924078,FC21004390,2021-11-14 18:15:00.0000000,Male,White,36,Medium,NULL,NULL,Hispanic Origin,,0,MA,,0
,29692077533,FC21004391,2021-11-14 19:28:00.0000000,Male,Black,24,Thin,NULL,NULL,Not of Hispanic Origin,,0,MA,,0
,29692590205,FC21004392,2021-11-14 22:25:00.0000000,Male,Black,48,Medium,NULL,NULL,Not of Hispanic Origin,,0,MA,Class D,0
,29693220171,FC21004393,2021-11-15 00:00:00.0000000,Male,Black,31,NULL,NULL,NULL,Unknown,,0,MA,Class D,1
,29694192371,FC21004395,2021-10-07 10:35:00.0000000,Male,Black,47,Medium,NULL,NULL,Not of Hispanic Origin,,0,MA,,0
,29694986927,FC21004396,2021-11-15 11:00:00.0000000,Male,Unknown,15,NULL,NULL,NULL,Hispanic Origin,,0,NULL,,0
,29694990046,FC21004396,2021-11-15 11:00:00.0000000,Male,Asian,15,Thin,NULL,Light Brown,Hispanic Origin,,0,MA,,0
,29694998408,FC21004396,2021-11-15 11:00:00.0000000,Female,Black,16,Medium,Straight,Light Brown,NULL,,0,MA,,0
,29695219086,FC21004398,2021-11-15 00:00:00.0000000,Male,White,38,Medium,NULL,NULL,Not of Hispanic Origin,,0,MA,,0
,29696434945,FC21004399,2021-11-15 12:58:00.0000000,Male,White,41,Thin,Short,Light,NULL,,0,MA,,0
,29698630664,FC21004400,2021-11-15 17:00:00.0000000,Male,Black,43,Medium,NULL,NULL,Not of Hispanic Origin,,0,MA,,0
,29703763816,FC21004401,2021-11-15 16:45:00.0000000,Male,White,37,Thin,NULL,NULL,Not of Hispanic Origin,,0,MA,,1
,29705932818,FC21004402,2021-11-15 20:27:00.0000000,Male,White,31,Thin,NULL,NULL,Hispanic Origin,,0,MA,,1
,29705945645,FC21004402,2021-11-15 20:27:00.0000000,Female,White,44,Medium,NULL,NULL,Not of Hispanic Origin,,0,MA,,0
,29707096929,FC21004403,2021-11-15 01:45:00.0000000,Male,Black,21,NULL,NULL,NULL,Not of Hispanic Origin,,0,NULL,,0
,29708685120,FC21004405,2021-11-15 10:02:00.0000000,Male,Black,40,NULL,NULL,NULL,NULL,,0,NULL,,0
,29718191253,FC21004406,2021-11-16 05:50:00.0000000,Male,White,49,Medium,Short,Light,Not of Hispanic Origin,,0,MA,"ID - Had a License, now has ID",0
,29718434339,FC21004407,2021-11-16 07:00:00.0000000,Male,Black,42,NULL,NULL,NULL,Not of Hispanic Origin,,0,NULL,,0
,29718515676,FC21004408,2021-11-15 11:00:00.0000000,Female,White,28,Thin,NULL,Light,Not of Hispanic Origin,,0,MA,,1
,29720705500,FC21004409,2021-11-16 10:26:00.0000000,Male,White,40,Medium,Straight,Light,NULL,,0,MA,,1
,29720705752,FC21004409,2021-11-16 10:26:00.0000000,Male,White,44,Medium,NULL,NULL,Not of Hispanic Origin,,0,MA,,1
,29721063673,FC21004410,2021-11-16 00:00:00.0000000,Male,Black,32,Thin,NULL,NULL,Not of Hispanic Origin,,0,MA,Class D,0
,29721437653,FC21004411,2021-11-16 11:06:00.0000000,Male,Black,40,NULL,NULL,NULL,Hispanic Origin,,0,MA,,0
,29721612782,FC21004412,2021-11-16 11:23:00.0000000,Male,Black,48,Medium,Short,Medium Brown,NULL,,0,MA,,0
,29721889613,FC21004414,2021-11-11 12:40:00.0000000,Female,White,38,Thin,NULL,NULL,Not of Hispanic Origin,,0,MA,,1
,29722574583,FC21004415,2021-11-15 22:17:00.0000000,Male,Black,32,NULL,NULL,NULL,Not of Hispanic Origin,,0,MA,Class D,1
,29722808154,FC21004416,2021-11-16 15:00:00.0000000,Male,White,NULL,NULL,NULL,NULL,Hispanic Origin,,0,NULL,,0
,29722813762,FC21004416,2021-11-16 15:00:00.0000000,Male,White,NULL,NULL,NULL,NULL,Hispanic Origin,,0,NULL,,0
,29723815491,FC21004417,2021-11-16 19:30:00.0000000,Male,Black,30,NULL,NULL,NULL,Not of Hispanic Origin,,0,NULL,,0
,29723864674,FC21004418,2021-11-16 22:15:00.0000000,Male,Black,28,Medium,NULL,NULL,Not of Hispanic Origin,,0,MA,,0
,29724287560,FC21004419,2021-11-17 00:00:00.0000000,Male,White,42,Unknown,NULL,NULL,Not of Hispanic Origin,,0,MA,,0
,29724314245,FC21004420,2021-11-16 20:03:00.0000000,Male,Black,26,Medium,Braided,Medium Brown,Not of Hispanic Origin,,0,MA,,1
,29724318014,FC21004420,2021-11-16 20:03:00.0000000,Female,Other,30,NULL,NULL,NULL,Unknown,,0,MA,,NULL
,29724363448,FC21004421,2021-11-16 01:30:00.0000000,Male,Black,25,Obese,Afro,NULL,Not of Hispanic Origin,,0,MA,,0
,29724459892,FC21004422,2021-11-17 00:00:00.0000000,Female,Black,21,NULL,NULL,NULL,Unknown,,0,MA,Class D,0
,29724718388,FC21004423,2021-11-17 00:00:00.0000000,Male,Black,20,NULL,NULL,NULL,NULL,,0,MA,,0
,29724721118,FC21004423,2021-11-17 00:00:00.0000000,Male,Black,19,Thin,NULL,NULL,Not of Hispanic Origin,,0,MA,Class D,0
,29724829347,FC21004424,2021-11-16 23:54:00.0000000,Male,White,38,Thin,Short,Light,Unknown,,0,MA,,1
,29724829620,FC21004424,2021-11-16 23:54:00.0000000,Male,White,52,Thin,NULL,NULL,Not of Hispanic Origin,,0,MA,,0
,29724829765,FC21004424,2021-11-16 23:54:00.0000000,Male,White,40,Thin,NULL,NULL,Not of Hispanic Origin,,0,MA,,0
,29724830039,FC21004424,2021-11-16 23:54:00.0000000,Female,White,24,NULL,NULL,NULL,Not of Hispanic Origin,,0,MA,,0
,29726811246,FC21004426,2021-11-17 00:00:00.0000000,Male,Black,32,Unknown,NULL,NULL,Not of Hispanic Origin,,0,MA,Class D,0
,29726825563,FC21004426,2021-11-17 00:00:00.0000000,Female,Black,19,NULL,NULL,NULL,Not of Hispanic Origin,,0,MA,ID Only - Never had Personal Driver License,0
,29727187275,FC21004427,2021-11-17 10:40:00.0000000,Male,Black,20,Thin,Braided,Dark Brown,Not of Hispanic Origin,,0,MA,Class D,1
,29727641352,FC21004429,2021-11-17 11:23:00.0000000,Male,Black,28,Heavy,NULL,NULL,Hispanic Origin,,0,MA,,1
,29730060722,FC21004430,2021-11-17 18:05:00.0000000,Male,White,20,NULL,NULL,NULL,Hispanic Origin,,0,NULL,,0
,29730291613,FC21004431,2021-11-17 13:00:00.0000000,Male,Black,31,Medium,Short,Medium Brown,Not of Hispanic Origin,,0,MA,Class D,0
,29740778410,FC21004432,2021-11-17 22:10:00.0000000,Male,Black,20,Thin,NULL,NULL,Not of Hispanic Origin,,0,MA,,1
,29740804464,FC21004432,2021-11-17 22:10:00.0000000,Male,Black,27,Heavy,Afro,Brown,Not of Hispanic Origin,,0,MA,ID Only - Never had Personal Driver License,1
,29740840659,FC21004432,2021-11-17 22:10:00.0000000,Female,Black,20,Medium,NULL,Dark Brown,NULL,,0,MA,,1
,29742601585,FC21004433,2021-11-17 21:43:00.0000000,Male,Black,31,NULL,NULL,NULL,Not of Hispanic Origin,,0,MA,Class D,0
,29756113178,FC21004434,2021-11-17 19:29:00.0000000,Male,Black,33,Medium,Short,Medium Brown,Not of Hispanic Origin,,0,MA,,1
,29766308510,FC21004435,2021-11-18 02:36:00.0000000,Female,White,21,NULL,NULL,NULL,Unknown,,0,NULL,,NULL
,29766311485,FC21004435,2021-11-18 02:36:00.0000000,Unknown,NULL,NULL,NULL,NULL,NULL,NULL,,0,NULL,,0
,29777923458,FC21004436,2021-11-18 12:20:00.0000000,Male,Black,24,Medium,Braided,Medium,Not of Hispanic Origin,,0,MA,ID Only - Never had Personal Driver License,1
,29777924624,FC21004436,2021-11-18 12:20:00.0000000,Female,White,29,NULL,NULL,NULL,Hispanic Origin,,0,MA,Personal Driver License,0
,29790360738,FC21004437,2021-11-18 15:00:00.0000000,Male,Black,16,NULL,NULL,NULL,Not of Hispanic Origin,,0,NULL,,0
,29790365138,FC21004437,2021-11-18 15:00:00.0000000,Male,Black,17,NULL,NULL,NULL,Unknown,,0,NULL,,0
,29790379868,FC21004437,2021-11-18 15:00:00.0000000,Male,Black,14,NULL,NULL,NULL,NULL,,0,NULL,,0
,29790425268,FC21004438,2021-11-18 16:15:00.0000000,Male,Other,17,NULL,NULL,NULL,Not of Hispanic Origin,,0,NULL,,1
,29790433559,FC21004438,2021-11-18 16:15:00.0000000,Male,Black,16,NULL,NULL,NULL,Unknown,,0,NULL,,1
,29790461231,FC21004438,2021-11-18 16:15:00.0000000,Male,Unknown,15,NULL,NULL,NULL,Hispanic Origin,,0,NULL,,1
,29791648299,FC21004439,2021-11-18 17:05:00.0000000,Male,Black,18,Heavy,Corn Rows,Medium,Not of Hispanic Origin,,0,MA,Instruction Permit,1
,29791681743,FC21004440,2021-11-18 16:40:00.0000000,Male,Black,20,Thin,Braided,Medium Brown,Hispanic Origin,,0,MA,,1
,29791848741,FC21004440,2021-11-18 16:40:00.0000000,Female,Black,22,NULL,NULL,NULL,Not of Hispanic Origin,,0,MA,Class D,0
,29791874848,FC21004441,2021-11-18 19:10:00.0000000,Male,White,18,Medium,Short,NULL,NULL,,0,MA,,0
,29792745145,FC21004442,2021-11-18 21:30:00.0000000,Male,White,37,Thin,NULL,NULL,Not of Hispanic Origin,,0,MA,,0
,29793950185,FC21004443,2021-11-19 03:21:00.0000000,Male,Black,22,Medium,NULL,NULL,Not of Hispanic Origin,,0,MA,,1
,29794159606,FC21004444,2021-11-19 06:01:00.0000000,Male,White,44,NULL,NULL,NULL,NULL,,0,MA,Class D,0
,29794161463,FC21004444,2021-11-19 06:01:00.0000000,Male,Black,42,Heavy,NULL,NULL,Not of Hispanic Origin,,0,MA,Class D,NULL
,29796426865,FC21004445,2021-11-18 14:32:00.0000000,Male,Black,56,Medium,NULL,NULL,Not of Hispanic Origin,,0,MA,,0
,29800957742,FC21004446,2021-11-19 09:44:00.0000000,Male,White,59,Thin,NULL,NULL,Not of Hispanic Origin,,0,MA,,0
,29802804208,FC21004448,2021-11-19 15:36:00.0000000,Male,Other,18,NULL,NULL,NULL,Hispanic Origin,,0,NULL,,0
,29802805695,FC21004448,2021-11-19 15:36:00.0000000,Male,Other,18,NULL,NULL,NULL,Hispanic Origin,,0,MA,Class D,1
,29802807050,FC21004448,2021-11-19 15:36:00.0000000,Male,Black,19,NULL,NULL,NULL,Not of Hispanic Origin,,0,MA,,0
,29807326421,FC21004449,2021-11-19 18:20:00.0000000,Male,Black,51,NULL,NULL,NULL,Not of Hispanic Origin,,0,MA,Class D,1
,29807417883,FC21004450,2021-11-19 17:30:00.0000000,Male,Black,30,NULL,NULL,NULL,Unknown,,0,MA,Class D,NULL
,29807420179,FC21004450,2021-11-19 17:30:00.0000000,Male,Black,21,Thin,Short,Medium Brown,NULL,,0,MA,,1
,29807420555,FC21004450,2021-11-19 17:30:00.0000000,Male,Black,20,NULL,NULL,NULL,Unknown,,0,CT,,1
,29807554859,FC21004451,2021-11-19 22:00:00.0000000,Male,White,49,Medium,NULL,NULL,Hispanic Origin,,0,MA,,0
,29816159210,FC21004452,2021-11-20 00:58:00.0000000,Male,Black,25,Obese,Afro,NULL,Not of Hispanic Origin,,0,MA,,0
,29816607577,FC21004453,2021-11-20 01:30:00.0000000,Male,Black,31,Medium,Braided,NULL,Not of Hispanic Origin,,0,MA,,1
,29816609454,FC21004453,2021-11-20 01:30:00.0000000,Male,Black,27,Thin,NULL,NULL,Not of Hispanic Origin,,0,MA,,1
,29816667442,FC21004454,2021-11-20 00:14:00.0000000,Female,White,38,Heavy,NULL,NULL,Not of Hispanic Origin,,0,MA,,0
,29816719989,FC21004454,2021-11-20 00:14:00.0000000,Male,Black,34,NULL,NULL,NULL,Unknown,,0,MA,Class D,0
,29816823883,FC21004455,2021-11-20 00:49:00.0000000,Male,Black,26,Medium,Dreadlocks,Dark Brown,Not of Hispanic Origin,,0,MA,Class D,0
,29818932719,FC21004456,2021-11-20 00:00:00.0000000,Male,Black,19,Medium,Short,Light Brown,Hispanic Origin,,0,MA,,0
,29818949196,FC21004456,2021-11-20 00:00:00.0000000,Female,Black,20,NULL,NULL,NULL,Unknown,,0,MA,No License - Record Only,NULL
,29829823355,FC21004457,2021-11-20 10:30:00.0000000,Male,Black,27,Stocky,NULL,NULL,Hispanic Origin,,0,MA,ID Only - Never had Personal Driver License,0
,29830725818,FC21004458,2021-11-20 11:17:00.0000000,Female,NULL,22,NULL,NULL,NULL,NULL,,0,MA,Class D,1
,29832064714,FC21004459,2021-11-20 15:50:00.0000000,Male,Black,23,Thin,Braided,Light,Not of Hispanic Origin,,0,MA,ID Only - Never had Personal Driver License,0
,29832308706,FC21004460,2021-11-20 01:00:00.0000000,Male,White,33,Muscular,NULL,Light,Hispanic Origin,,0,MA,Class D,1
,29832326701,FC21004460,2021-11-20 01:00:00.0000000,Male,Black,31,Medium,Short,Light,Hispanic Origin,,0,MA,Other: suspended,1
,29832338413,FC21004460,2021-11-20 01:00:00.0000000,Male,White,30,Medium,Short,Light,Hispanic Origin,,0,MA,,1
,29832344484,FC21004460,2021-11-20 01:00:00.0000000,Male,Black,33,Medium,Curly,Medium Brown,Not of Hispanic Origin,,0,MA,,1
,29832478630,FC21004460,2021-11-20 01:00:00.0000000,Male,White,35,NULL,NULL,NULL,Hispanic Origin,,0,MA,,1
,29832482190,FC21004460,2021-11-20 01:00:00.0000000,Male,Black,32,Unknown,NULL,NULL,Not of Hispanic Origin,,0,MA,,1
,29832512627,FC21004460,2021-11-20 01:00:00.0000000,Male,White,38,Thin,Short,NULL,Unknown,,0,MA,Class D,1
,29832556021,FC21004460,2021-11-20 01:00:00.0000000,Male,Black,38,Medium,Short,NULL,Not of Hispanic Origin,,0,MA,Class D,1
,29832562184,FC21004460,2021-11-20 01:00:00.0000000,Male,Black,34,Thin,Braided,Light Brown,Hispanic Origin,,0,MA,"ID - Had a License, now has ID",1
,29832569805,FC21004460,2021-11-20 01:00:00.0000000,Male,Black,32,NULL,NULL,NULL,Not of Hispanic Origin,,0,NULL,,1
,29832514671,FC21004461,2021-11-20 18:20:00.0000000,Male,Black,43,NULL,NULL,NULL,Not of Hispanic Origin,,0,MA,Class D,0
,29832515298,FC21004461,2021-11-20 18:20:00.0000000,Female,Black,31,Heavy,Braided,Medium Brown,Hispanic Origin,,0,MA,ID Only - Never had Personal Driver License,0
,29832530504,FC21004462,2021-11-20 14:00:00.0000000,Male,Other,21,NULL,NULL,NULL,Hispanic Origin,,0,NULL,,0
,29832736501,FC21004463,2021-11-20 02:30:00.0000000,Male,Black,25,Obese,Afro,NULL,Not of Hispanic Origin,,0,MA,,0
,29834106696,FC21004464,2021-11-20 19:30:00.0000000,Male,Black,39,Thin,Short,Dark Brown,Not of Hispanic Origin,,0,MA,,0
,29838260047,FC21004465,2021-11-20 20:04:00.0000000,Male,White,NULL,NULL,NULL,NULL,Not of Hispanic Origin,,0,NULL,,NULL
,29838261355,FC21004465,2021-11-20 20:04:00.0000000,Male,White,57,NULL,NULL,NULL,Not of Hispanic Origin,,0,MA,Class D,0
,29838404494,FC21004466,2021-11-20 21:45:00.0000000,Male,Black,38,Medium,Short,Medium Brown,Not of Hispanic Origin,,0,MA,,0
,29838492045,FC21004467,2021-11-20 21:52:00.0000000,Male,White,60,NULL,NULL,NULL,Not of Hispanic Origin,,0,MA,Other: SUS,NULL
,29838506001,FC21004467,2021-11-20 21:52:00.0000000,Male,White,32,NULL,NULL,NULL,NULL,,0,NULL,,NULL
,29838506001,FC21004467,2021-11-20 21:52:00.0000000,Male,White,32,NULL,NULL,NULL,NULL,,0,NULL,,0
,29838600351,FC21004468,2021-11-20 22:52:00.0000000,Male,Black,20,Medium,Braided,NULL,NULL,,0,MA,,0
,29838602383,FC21004468,2021-11-20 22:52:00.0000000,Male,Black,21,Medium,NULL,Dark Brown,Not of Hispanic Origin,,0,MA,,0
,29839030986,FC21004469,2021-11-21 00:40:00.0000000,Male,White,45,Muscular,NULL,NULL,Not of Hispanic Origin,,0,MA,,1
,29842491385,FC21004470,2021-11-21 17:30:00.0000000,Male,NULL,53,NULL,NULL,NULL,NULL,,0,MA,,0
,29843132587,FC21004471,2021-11-21 20:10:00.0000000,Female,White,49,NULL,NULL,NULL,Unknown,,0,MA,,1
,29851265971,FC21004472,2021-11-21 21:53:00.0000000,Male,Black,51,Medium,Receding or Slightly Receding,Medium,NULL,,0,MA,,0
,29864254209,FC21004473,2021-11-22 00:45:00.0000000,Male,Black,30,Heavy,NULL,NULL,Not of Hispanic Origin,,0,MA,,1
,29864299169,FC21004473,2021-11-22 00:45:00.0000000,Female,Black,34,Heavy,NULL,NULL,Not of Hispanic Origin,,0,MA,Class D,1
,29892013990,FC21004474,2021-11-22 10:40:00.0000000,Male,White,58,NULL,NULL,NULL,Not of Hispanic Origin,,0,MA,,0
,29894227951,FC21004475,2021-11-22 11:10:00.0000000,Male,Black,35,Medium,Short,Light Brown,NULL,,0,MA,Class D,0
,29899985111,FC21004476,2021-11-22 12:00:00.0000000,Male,White,62,NULL,NULL,NULL,Not of Hispanic Origin,,0,MA,Class D,0
,29901914169,FC21004477,2021-11-22 12:16:00.0000000,Male,Black,19,Medium,Short,Dark Brown,Not of Hispanic Origin,,0,MA,,1
,29902168980,FC21004477,2021-11-22 12:16:00.0000000,Male,Black,15,NULL,NULL,NULL,Not of Hispanic Origin,,0,NULL,,NULL
,29902351894,FC21004477,2021-11-22 12:16:00.0000000,Male,Black,19,Medium,Braided,Medium Brown,Not of Hispanic Origin,,0,MA,,NULL
,29902782429,FC21004477,2021-11-22 12:16:00.0000000,Male,Black,16,NULL,NULL,NULL,Unknown,,0,NULL,,NULL
,29901578105,FC21004478,2021-11-22 12:30:00.0000000,Male,Black,29,Thin,NULL,Light Brown,Not of Hispanic Origin,,0,MA,,0
,29901591886,FC21004478,2021-11-22 12:30:00.0000000,Male,Black,32,Thin,Short,Light Brown,Not of Hispanic Origin,,0,MA,,0
,29901600812,FC21004478,2021-11-22 12:30:00.0000000,Female,Other,33,NULL,NULL,NULL,Hispanic Origin,,0,MA,Class D,0
,29910442847,FC21004479,2021-11-22 03:30:00.0000000,Male,Black,17,Medium,NULL,NULL,Not of Hispanic Origin,,0,MA,,1
,29910500216,FC21004480,2021-11-22 03:30:00.0000000,Male,White,26,NULL,NULL,NULL,Unknown,,0,MA,Class D,1
,29910592684,FC21004482,2021-11-18 20:10:00.0000000,Female,White,35,NULL,NULL,NULL,NULL,,0,MA,Class D,0
,29910621402,FC21004482,2021-11-18 20:10:00.0000000,Male,Black,23,NULL,NULL,NULL,Hispanic Origin,,0,OTH,,0
,29911017822,FC21004483,2021-11-22 17:35:00.0000000,Female,White,42,NULL,NULL,NULL,Not of Hispanic Origin,,0,MA,ID Only - Never had Personal Driver License,0
,29911032920,FC21004483,2021-11-22 17:35:00.0000000,Male,White,53,Medium,NULL,NULL,Not of Hispanic Origin,,0,MA,,0
,29911105285,FC21004484,2021-11-22 18:25:00.0000000,Male,Black,23,Thin,Short,Medium Brown,Not of Hispanic Origin,,0,MA,,0
,29911110617,FC21004484,2021-11-22 18:25:00.0000000,Male,Black,34,Stocky,Short,Dark Brown,Not of Hispanic Origin,,0,MA,Class D,0
,29911112211,FC21004484,2021-11-22 18:25:00.0000000,Female,Black,23,Thin,NULL,NULL,Not of Hispanic Origin,,0,MA,,0
,29911287917,FC21004485,2021-11-19 08:30:00.0000000,Male,Black,19,Medium,Short,Medium,Not of Hispanic Origin,,0,MA,,0
,29911290454,FC21004485,2021-11-19 08:30:00.0000000,Male,Black,20,Thin,Afro,NULL,Not of Hispanic Origin,,0,MA,,0
,29911294688,FC21004485,2021-11-19 08:30:00.0000000,Female,Black,18,Medium,Braided,Medium,Not of Hispanic Origin,,0,MA,,0
,29911594034,FC21004486,2021-11-22 19:00:00.0000000,Male,White,25,NULL,NULL,NULL,Hispanic Origin,,0,MA,Class D,1
,29911731765,FC21004487,2021-11-22 20:10:00.0000000,Female,White,60,NULL,NULL,NULL,NULL,,0,NULL,,0
,29911770110,FC21004488,2021-11-22 18:47:00.0000000,Male,Unknown,38,NULL,NULL,NULL,NULL,,0,MD,CDL Class C,1
,29912895219,FC21004490,2021-11-23 01:16:00.0000000,Male,Black,22,Thin,Corn Rows,Dark,Hispanic Origin,,0,MA,Class D,0
,29912902168,FC21004491,2021-11-23 00:00:00.0000000,Male,White,19,NULL,NULL,NULL,Not of Hispanic Origin,,0,NULL,,0
,29913288712,FC21004492,2021-11-23 05:33:00.0000000,Male,Black,46,NULL,NULL,NULL,Not of Hispanic Origin,,0,MA,,0
,29936873668,FC21004493,2021-11-23 16:15:00.0000000,Male,White,62,NULL,NULL,NULL,Not of Hispanic Origin,,0,MA,Class D,1
,29937918546,FC21004494,2021-11-23 17:12:00.0000000,Male,Black,22,Heavy,NULL,NULL,Hispanic Origin,,0,MA,Class D,0
,29937922481,FC21004494,2021-11-23 17:12:00.0000000,Male,Black,30,Medium,NULL,Medium Brown,NULL,,0,MA,,NULL
,29938038743,FC21004495,2021-11-23 16:45:00.0000000,Male,White,26,Thin,NULL,NULL,Hispanic Origin,,0,MA,,0
,29938565474,FC21004496,2021-11-23 21:00:00.0000000,Male,White,18,NULL,NULL,NULL,Not of Hispanic Origin,,0,MA,,1
,29939060435,FC21004497,2021-11-23 23:01:00.0000000,Male,Black,19,Thin,Short,Dark,Not of Hispanic Origin,,0,MA,Class D,0
,29941641848,FC21004498,2021-11-24 09:54:00.0000000,Male,White,39,Thin,NULL,Light,Not of Hispanic Origin,,0,MA,,1
,29943316580,FC21004499,2021-11-24 09:08:00.0000000,Female,White,60,NULL,NULL,NULL,Not of Hispanic Origin,,0,NULL,,0
,29943610852,FC21004500,2021-11-24 14:41:00.0000000,Male,Black,48,Medium,Bald or Balding,Light Brown,Unknown,,0,MA,,1
,29944321169,FC21004501,2021-11-24 16:45:00.0000000,Male,Asian,51,Medium,NULL,NULL,Not of Hispanic Origin,,0,MA,,0
,29944327210,FC21004501,2021-11-24 16:45:00.0000000,Male,White,60,Heavy,NULL,NULL,Not of Hispanic Origin,,0,MA,,0
,29944625470,FC21004502,2021-11-24 16:00:00.0000000,Male,Unknown,26,NULL,NULL,NULL,Not of Hispanic Origin,,0,NULL,,NULL
,29944627551,FC21004502,2021-11-24 16:00:00.0000000,Male,Black,33,Medium,Short,Medium Brown,Not of Hispanic Origin,,0,MA,ID Only - Never had Personal Driver License,0
,29944892690,FC21004503,2021-11-24 19:50:00.0000000,Male,Black,30,Heavy,NULL,NULL,Not of Hispanic Origin,,0,MA,,0
,29949118947,FC21004504,2021-11-25 19:20:00.0000000,Male,Black,35,Heavy,NULL,NULL,Not of Hispanic Origin,,0,MA,,NULL
,29949119559,FC21004504,2021-11-25 19:20:00.0000000,Male,Black,42,Medium,Wavy,Light Brown,Not of Hispanic Origin,,0,MA,Class D,0
,29950334067,FC21004505,2021-11-26 04:30:00.0000000,Male,Black,40,Medium,Bushy,Dark Brown,Not of Hispanic Origin,,0,MA,,0
,29951882181,FC21004506,2021-11-26 11:44:00.0000000,Male,Unknown,48,NULL,NULL,NULL,Unknown,,0,NULL,,0
,29952394917,FC21004507,2021-11-26 14:30:00.0000000,Male,Black,41,Thin,NULL,NULL,Not of Hispanic Origin,,0,MA,Class D,0
,29952390511,FC21004508,2021-11-26 14:26:00.0000000,Male,White,44,Heavy,NULL,NULL,Not of Hispanic Origin,,0,MA,,0
,29953008217,FC21004509,2021-11-26 18:00:00.0000000,Male,Black,21,NULL,NULL,NULL,Hispanic Origin,,0,MA,No License - Record Only,1
,29953494680,FC21004510,2021-11-26 00:00:00.0000000,Male,White,35,NULL,NULL,NULL,Not of Hispanic Origin,,0,NULL,,0
,29953690934,FC21004511,2021-11-26 17:42:00.0000000,Male,Black,53,Medium,NULL,NULL,Not of Hispanic Origin,,0,MA,,0
,29953693700,FC21004511,2021-11-26 17:42:00.0000000,Female,Other,37,Heavy,Straight,Light Brown,Hispanic Origin,,0,MA,No License - Record Only,0
,29954239350,FC21004512,2021-11-27 00:05:00.0000000,Male,Other,22,NULL,NULL,NULL,Hispanic Origin,,0,NULL,,1
,29956217051,FC21004513,2021-11-27 09:42:00.0000000,Male,White,35,NULL,NULL,NULL,Hispanic Origin,,0,NULL,,0
,29956618222,FC21004514,2021-11-27 11:15:00.0000000,Male,Black,21,Medium,Short,Medium,Not of Hispanic Origin,,0,MA,,1
,29957066927,FC21004515,2021-11-27 15:55:00.0000000,Male,Black,17,Medium,NULL,Medium,NULL,,0,MA,,1
,29957067263,FC21004515,2021-11-27 15:55:00.0000000,Male,Black,17,Thin,Afro,Medium Brown,Not of Hispanic Origin,,0,MA,,1
,29957079244,FC21004516,2021-11-27 14:55:00.0000000,Female,Black,16,Medium,Straight,Light Brown,NULL,,0,MA,,1
,29957081515,FC21004516,2021-11-27 14:55:00.0000000,Male,Other,14,NULL,NULL,NULL,Hispanic Origin,,0,NULL,,1
,29957084549,FC21004517,2021-11-27 12:58:00.0000000,Male,Black,23,Medium,Short,Light Brown,Hispanic Origin,,0,MA,Class D,0
,29957085125,FC21004517,2021-11-27 12:58:00.0000000,Male,Black,27,Medium,NULL,NULL,Not of Hispanic Origin,,0,MA,,0
,29957085818,FC21004517,2021-11-27 12:58:00.0000000,Male,Black,22,NULL,NULL,NULL,Unknown,,0,MA,Class D,0
,29957086343,FC21004517,2021-11-27 12:58:00.0000000,Male,Black,32,Medium,NULL,NULL,Not of Hispanic Origin,,0,MA,Other: Supsended,0
,29957138981,FC21004518,2021-11-27 14:48:00.0000000,Male,White,38,NULL,NULL,NULL,Unknown,,0,MA,Class D,0
,29957115833,FC21004519,2021-11-27 14:25:00.0000000,Male,Black,31,Medium,NULL,NULL,Not of Hispanic Origin,,0,MA,Class D,0
,29957343309,FC21004520,2021-11-27 15:47:00.0000000,Male,Black,37,Medium,Dreadlocks,Medium Brown,Unknown,,0,MA,,0
,29957949049,FC21004521,2021-11-27 21:07:00.0000000,Male,Black,27,Thin,NULL,NULL,Hispanic Origin,,0,MA,,0
,29958483924,FC21004522,2021-11-27 18:28:00.0000000,Male,White,22,Thin,NULL,Light,NULL,,0,MA,ID Only - Never had Personal Driver License,1
,29958560416,FC21004523,2021-11-28 00:51:00.0000000,Male,Black,27,Heavy,Short,Dark Brown,Not of Hispanic Origin,,0,MA,,0
,29958899778,FC21004523,2021-11-28 00:51:00.0000000,Male,Black,28,NULL,NULL,NULL,Not of Hispanic Origin,,0,MA,Class D,0
,29959016170,FC21004524,2021-11-28 02:25:00.0000000,Male,Black,26,NULL,NULL,NULL,Not of Hispanic Origin,,0,NULL,,0
,29959743170,FC21004525,2021-11-28 10:00:00.0000000,Male,White,45,Medium,Short,Medium,Not of Hispanic Origin,,0,MA,No License - Record Only,0
,29960316543,FC21004526,2021-11-27 15:30:00.0000000,Male,Black,38,Medium,Crew Cut,Medium Brown,Not of Hispanic Origin,,0,MA,,1
,29960322107,FC21004526,2021-11-27 15:30:00.0000000,Female,Black,30,Stocky,NULL,NULL,Not of Hispanic Origin,,0,MA,Class D,1
,29960845156,FC21004527,2021-11-28 14:21:00.0000000,Male,White,22,Medium,NULL,NULL,Not of Hispanic Origin,,0,MA,Class D,0
,29960962061,FC21004528,2021-11-28 15:00:00.0000000,Male,White,39,Thin,Bald or Balding,Fair,Not of Hispanic Origin,,0,MA,Class D,NULL
,29960962061,FC21004528,2021-11-28 15:00:00.0000000,Male,White,39,Thin,Bald or Balding,Fair,Not of Hispanic Origin,,0,MA,Class D,0
,29961495803,FC21004529,2021-11-28 00:00:00.0000000,Male,Black,34,Medium,NULL,NULL,Not of Hispanic Origin,,0,MA,,0
,29963518886,FC21004530,2021-11-28 21:42:00.0000000,Male,White,46,Medium,Straight,Light,Hispanic Origin,,0,MA,,0
,29963543160,FC21004532,2021-11-28 21:42:00.0000000,Male,Black,42,NULL,NULL,NULL,Unknown,,0,NULL,,0
,29964108315,FC21004533,2021-11-25 02:00:00.0000000,Female,White,28,NULL,NULL,NULL,NULL,,0,MA,Class D,0
,29964260538,FC21004534,2021-11-29 03:10:00.0000000,Male,Black,29,Unknown,NULL,NULL,Not of Hispanic Origin,,0,MA,Class D,1
,29965721483,FC21004535,2021-11-29 09:37:00.0000000,Male,Black,60,Medium,NULL,NULL,Not of Hispanic Origin,,0,MA,,1
,29966234729,FC21004536,2021-11-29 11:10:00.0000000,Male,Black,19,Medium,Short,Dark Brown,Not of Hispanic Origin,,0,MA,,0
,29966236316,FC21004536,2021-11-29 11:10:00.0000000,Male,Black,19,Medium,Braided,Medium Brown,Not of Hispanic Origin,,0,MA,,0
,29966237096,FC21004536,2021-11-29 11:10:00.0000000,Male,Black,41,Medium,NULL,NULL,Not of Hispanic Origin,,0,MA,,0
,29967040999,FC21004537,2021-11-29 11:35:00.0000000,Male,Black,14,NULL,NULL,NULL,Not of Hispanic Origin,,0,NULL,,0
,29967058229,FC21004537,2021-11-29 11:35:00.0000000,Male,Black,14,NULL,NULL,NULL,Unknown,,0,NULL,,0
,29967064630,FC21004537,2021-11-29 11:35:00.0000000,Male,NULL,14,NULL,NULL,NULL,NULL,,0,NULL,,0
,29967069775,FC21004537,2021-11-29 11:35:00.0000000,Male,Black,15,NULL,NULL,NULL,Unknown,,0,NULL,,0
,29968941718,FC21004538,2021-11-29 19:00:00.0000000,Male,Black,29,NULL,NULL,NULL,Not of Hispanic Origin,,0,MA,Class D,NULL
,29968941718,FC21004538,2021-11-29 19:00:00.0000000,Male,Black,29,NULL,NULL,NULL,Not of Hispanic Origin,,0,MA,Class D,0
,29969151238,FC21004539,2021-11-29 19:03:00.0000000,Male,Unknown,45,NULL,NULL,NULL,Unknown,,0,MA,Class D,1
,29970354673,FC21004540,2021-11-29 21:39:00.0000000,Male,White,NULL,NULL,NULL,NULL,Not of Hispanic Origin,,0,NULL,,NULL
,29970357786,FC21004540,2021-11-29 21:39:00.0000000,Male,Black,57,Medium,Short,Medium Brown,NULL,,0,MA,,0
,29970684904,FC21004541,2021-11-30 02:36:00.0000000,Male,White,22,NULL,NULL,NULL,Not of Hispanic Origin,,0,MA,Class D,0
,29970693249,FC21004541,2021-11-30 02:36:00.0000000,Male,Black,21,NULL,NULL,NULL,Unknown,,0,MA,Class D,0
,29971311516,FC21004542,2021-11-29 13:00:00.0000000,Male,Black,25,Heavy,NULL,NULL,Not of Hispanic Origin,,0,MA,"ID - Had a License, now has ID",0
,29971336655,FC21004542,2021-11-29 13:00:00.0000000,Male,Black,25,Medium,NULL,NULL,Not of Hispanic Origin,,0,MA,,NULL
,29971420839,FC21004542,2021-11-29 13:00:00.0000000,Male,Black,34,NULL,NULL,NULL,Not of Hispanic Origin,,0,MA,Class D,NULL
,29978865514,FC21004543,2021-11-30 12:11:00.0000000,Male,White,31,Medium,NULL,NULL,Not of Hispanic Origin,,0,MA,,1
,29978877649,FC21004543,2021-11-30 12:11:00.0000000,Female,White,35,Medium,NULL,NULL,Not of Hispanic Origin,,0,MA,Class D,0
,29979746621,FC21004544,2021-11-30 14:30:00.0000000,Male,White,49,Medium,Short,Light,Not of Hispanic Origin,,0,MA,"ID - Had a License, now has ID",0
,29981512905,FC21004545,2021-11-30 12:11:00.0000000,Male,Other,43,NULL,NULL,NULL,Hispanic Origin,,0,MA,"ID - Had a License, now has ID",1
,29986040060,FC21004546,2021-11-30 16:15:00.0000000,Male,Other,28,NULL,NULL,NULL,Hispanic Origin,,0,NY,Personal Driver License,0
,29987740416,FC21004548,2021-11-30 19:15:00.0000000,Male,Black,30,Medium,NULL,NULL,Not of Hispanic Origin,,0,MA,,1
,29987745656,FC21004548,2021-11-30 19:15:00.0000000,Male,Black,28,Medium,NULL,NULL,Not of Hispanic Origin,,0,MA,,1
,29987756707,FC21004548,2021-11-30 19:15:00.0000000,Male,White,21,Medium,NULL,NULL,Hispanic Origin,,0,MA,ID Only - Never had Personal Driver License,1
,29987907005,FC21004549,2021-11-30 15:38:00.0000000,Male,Black,20,Medium,Corn Rows,Dark,Not of Hispanic Origin,,0,MA,,1
,29987936297,FC21004549,2021-11-30 15:38:00.0000000,Male,White,17,Thin,Dreadlocks,Light Brown,Hispanic Origin,,0,MA,,NULL
,29989345739,FC21004550,2021-11-30 18:30:00.0000000,Male,Black,34,Medium,NULL,NULL,Not of Hispanic Origin,,0,MA,,1
,29990077760,FC21004551,2021-12-01 00:57:00.0000000,Male,Black,18,Medium,Afro,Medium Brown,Not of Hispanic Origin,,0,MA,,0
,29992833892,FC21004554,2021-12-01 10:20:00.0000000,Male,Black,34,NULL,NULL,NULL,Unknown,,0,MA,Class D,1
,29992849043,FC21004554,2021-12-01 10:20:00.0000000,Male,White,34,NULL,NULL,NULL,NULL,,0,MA,,NULL
,29994742641,FC21004555,2021-12-01 12:00:00.0000000,Male,White,26,Thin,Short,NULL,Hispanic Origin,,0,MA,,0
,29995332707,FC21004556,2021-12-01 12:33:00.0000000,Male,White,22,Medium,Short,Medium,Not of Hispanic Origin,,0,MA,,0
,29995778933,FC21004557,2021-12-01 14:45:00.0000000,Male,Black,66,Thin,NULL,NULL,Not of Hispanic Origin,,0,MA,,0
,29995983806,FC21004558,2021-12-01 15:30:00.0000000,Male,Black,20,Thin,NULL,NULL,Not of Hispanic Origin,,0,MA,,1
,29995984944,FC21004558,2021-12-01 15:30:00.0000000,Female,Black,20,NULL,NULL,NULL,Not of Hispanic Origin,,0,NULL,,1
,29995986641,FC21004558,2021-12-01 15:30:00.0000000,Female,Black,31,Medium,NULL,NULL,Not of Hispanic Origin,,0,MA,Class D,0
,29995991235,FC21004558,2021-12-01 15:30:00.0000000,Female,Black,24,NULL,NULL,NULL,NULL,,0,MA,ID Only - Never had Personal Driver License,0
,29996650288,FC21004559,2021-12-01 16:05:00.0000000,Male,Black,34,Medium,Braided,Dark Brown,Not of Hispanic Origin,,0,MA,Class D,1
,29996710505,FC21004559,2021-12-01 16:05:00.0000000,Male,Black,43,NULL,NULL,NULL,Not of Hispanic Origin,,0,MA,Class D,0
,29996934208,FC21004560,2021-12-01 01:05:00.0000000,Male,White,52,Medium,NULL,NULL,Hispanic Origin,,0,MA,,1
,29996935643,FC21004560,2021-12-01 01:05:00.0000000,Male,White,26,Heavy,NULL,Light Brown,Hispanic Origin,,0,MA,,1
,29996936145,FC21004560,2021-12-01 01:05:00.0000000,Male,Unknown,21,NULL,NULL,NULL,Hispanic Origin,,0,NULL,,1
,29996936392,FC21004560,2021-12-01 01:05:00.0000000,Female,White,28,Obese,Straight,Light,Not of Hispanic Origin,,0,MA,,1
,29997580119,FC21004561,2021-11-30 23:15:00.0000000,Male,Black,19,Medium,Short,Medium Brown,Unknown,,0,MA,ID Only - Never had Personal Driver License,0
,29997665713,FC21004562,2021-12-01 18:30:00.0000000,Male,Unknown,20,NULL,NULL,NULL,NULL,,0,MA,Class D,1
,29997666343,FC21004562,2021-12-01 18:30:00.0000000,Male,Black,22,Thin,Corn Rows,Dark,Hispanic Origin,,0,MA,Class D,1
,29998126721,FC21004563,2021-12-01 20:43:00.0000000,Male,White,37,Thin,NULL,NULL,Not of Hispanic Origin,,0,MA,,0
,29999646365,FC21004564,2021-12-01 21:31:00.0000000,Male,Black,23,Thin,NULL,NULL,Not of Hispanic Origin,,0,MA,,1
,29999650237,FC21004564,2021-12-01 21:31:00.0000000,Male,Black,21,Thin,Braided,Light Brown,Not of Hispanic Origin,,0,MA,,1
,29999766827,FC21004565,2021-12-01 22:28:00.0000000,Male,Black,24,Medium,Short,Medium,Not of Hispanic Origin,,0,MA,Class D,0
,29999768848,FC21004565,2021-12-01 22:28:00.0000000,Male,Black,28,Muscular,Wavy,Medium,NULL,,0,MA,Class D,0
,30001265580,FC21004566,2021-12-01 21:20:00.0000000,Male,Black,24,Thin,Braided,NULL,NULL,,0,MA,Class D,1
,30001273914,FC21004566,2021-12-01 21:20:00.0000000,Male,Black,20,Heavy,Short,Dark Brown,Not of Hispanic Origin,,0,MA,,1
,30004216813,FC21004567,2021-12-02 01:52:00.0000000,Male,White,18,NULL,NULL,NULL,Not of Hispanic Origin,,0,NY,Class D,0
,30004227607,FC21004567,2021-12-02 01:52:00.0000000,Male,White,18,NULL,NULL,NULL,Hispanic Origin,,0,NY,Class D,0
,30004235237,FC21004567,2021-12-02 01:52:00.0000000,Male,White,18,NULL,NULL,NULL,Not of Hispanic Origin,,0,MA,,0
,30004229579,FC21004568,2021-12-02 00:40:00.0000000,Male,White,38,Medium,NULL,Brown,Hispanic Origin,,0,MA,,1
,30004651082,FC21004569,2021-12-02 04:10:00.0000000,Male,White,40,Medium,Short,Light,Not of Hispanic Origin,,0,MA,,0
,30004894372,FC21004570,2021-12-02 02:38:00.0000000,Female,White,31,NULL,NULL,NULL,Not of Hispanic Origin,,0,MA,Class D,NULL
,30004894881,FC21004570,2021-12-02 02:38:00.0000000,Male,Black,34,Medium,NULL,NULL,Unknown,,0,MA,Class D,1
,30007208307,FC21004571,2021-12-02 09:54:00.0000000,Female,Other,21,NULL,NULL,NULL,Hispanic Origin,,0,MA,Personal Driver License,0
,30007432619,FC21004572,2021-12-01 19:30:00.0000000,Male,Black,57,Medium,NULL,NULL,Not of Hispanic Origin,,0,MA,,0
,30007898892,FC21004573,2021-12-02 12:20:00.0000000,Male,Black,NULL,NULL,NULL,NULL,Unknown,,0,NULL,,1
,30008487373,FC21004574,2021-12-02 12:49:00.0000000,Male,White,58,Medium,Short,NULL,Hispanic Origin,,0,MA,"ID - Had a License, now has ID",0
,30008610256,FC21004575,2021-12-02 13:40:00.0000000,Female,White,23,NULL,NULL,NULL,Not of Hispanic Origin,,0,NULL,,NULL
,30008614743,FC21004575,2021-12-02 13:40:00.0000000,NULL,NULL,NULL,NULL,NULL,NULL,NULL,,0,NULL,,0
,30008721888,FC21004576,2021-12-02 14:32:00.0000000,Male,Black,23,Medium,NULL,NULL,Not of Hispanic Origin,,0,MA,,0
,30008723342,FC21004576,2021-12-02 14:32:00.0000000,Female,Black,26,NULL,NULL,NULL,Not of Hispanic Origin,,0,MA,Class D,0
,30009577219,FC21004577,2021-12-02 17:34:00.0000000,Male,White,37,Thin,Short,Light,Not of Hispanic Origin,,0,MA,,1
,30009579845,FC21004577,2021-12-02 17:34:00.0000000,Male,White,59,Thin,NULL,NULL,Not of Hispanic Origin,,0,MA,,0
,30009582408,FC21004577,2021-12-02 17:34:00.0000000,Male,White,42,Medium,NULL,NULL,Not of Hispanic Origin,,0,MA,,0
,30009861992,FC21004578,2021-12-02 16:57:00.0000000,Male,Black,26,NULL,NULL,NULL,Not of Hispanic Origin,,0,IL,,0
,30010037889,FC21004579,2021-12-02 18:35:00.0000000,Male,Black,20,NULL,NULL,NULL,Not of Hispanic Origin,,0,MA,,1
,30010230377,FC21004580,2021-12-02 15:58:00.0000000,Male,White,28,Thin,NULL,NULL,Not of Hispanic Origin,,0,MA,,1
,30010231215,FC21004580,2021-12-02 15:58:00.0000000,Female,White,23,NULL,NULL,NULL,Not of Hispanic Origin,,0,NULL,,NULL
,30010338822,FC21004581,2021-12-02 19:36:00.0000000,Male,Black,25,Stocky,Short,Dark Brown,Not of Hispanic Origin,,0,MA,,0
,30010894028,FC21004582,2021-12-02 21:00:00.0000000,Female,Black,28,Medium,NULL,NULL,Hispanic Origin,,0,MA,,0
,30011673079,FC21004583,2021-12-03 00:00:00.0000000,Male,Black,25,Stocky,Bald or Balding,Light Brown,Not of Hispanic Origin,,0,MA,,0
,30011673993,FC21004583,2021-12-03 00:00:00.0000000,Male,Black,28,Medium,NULL,NULL,Not of Hispanic Origin,,0,MA,,0
,30011678627,FC21004583,2021-12-03 00:00:00.0000000,Male,Black,17,Thin,Braided,Light Brown,Not of Hispanic Origin,,0,MA,,0
,30011680515,FC21004583,2021-12-03 00:00:00.0000000,Male,Black,22,Medium,NULL,NULL,Not of Hispanic Origin,,0,MA,,0
,30011780982,FC21004584,2021-12-03 02:05:00.0000000,Male,White,36,Thin,NULL,NULL,Not of Hispanic Origin,,0,MA,Class D,0
,30011789336,FC21004584,2021-12-03 02:05:00.0000000,Male,White,39,Thin,NULL,Light,Not of Hispanic Origin,,0,MA,Class D,0
,30011949576,FC21004585,2021-12-03 03:20:00.0000000,Male,Black,59,NULL,NULL,NULL,Not of Hispanic Origin,,0,NULL,,0
,30011951934,FC21004585,2021-12-03 03:20:00.0000000,Male,Black,55,NULL,NULL,NULL,NULL,,0,NULL,,0
,30011952818,FC21004585,2021-12-03 03:20:00.0000000,Male,Black,28,Unknown,NULL,NULL,Not of Hispanic Origin,,0,MA,,0
,30011953582,FC21004585,2021-12-03 03:20:00.0000000,Male,Black,59,Thin,Dreadlocks,Brown,Not of Hispanic Origin,,0,NULL,,0
,30011954514,FC21004585,2021-12-03 03:20:00.0000000,Male,White,34,Thin,Straight,Light,NULL,,0,MA,,0
,30011956182,FC21004585,2021-12-03 03:20:00.0000000,Male,Black,48,Medium,NULL,NULL,Not of Hispanic Origin,,0,MA,,0
,30011956926,FC21004585,2021-12-03 03:20:00.0000000,Male,Black,58,Medium,NULL,Medium Brown,Not of Hispanic Origin,,0,MA,"ID - Had a License, now has ID",0
,30012101985,FC21004586,2021-12-03 00:20:00.0000000,Male,Black,30,Medium,NULL,NULL,Not of Hispanic Origin,,0,MA,None,0
,30012106458,FC21004586,2021-12-03 00:20:00.0000000,Male,Black,24,Thin,Bushy,Dark Brown,Hispanic Origin,,0,MA,,0
,30012123908,FC21004586,2021-12-03 00:20:00.0000000,Male,White,26,Stocky,Short,Light Brown,Not of Hispanic Origin,,0,MA,,0
,30012170744,FC21004587,2021-12-03 01:32:00.0000000,Male,Black,19,NULL,NULL,NULL,Unknown,,0,MA,Class D,1
,30012177081,FC21004587,2021-12-03 01:32:00.0000000,Male,Unknown,19,NULL,NULL,NULL,Unknown,,0,MA,Class D,1
,30012188420,FC21004587,2021-12-03 01:32:00.0000000,Male,Black,19,NULL,NULL,NULL,Unknown,,0,MA,Class D,1
,30012200171,FC21004587,2021-12-03 01:32:00.0000000,Male,Black,21,NULL,NULL,NULL,Unknown,,0,MA,Class D,1
,30012409384,FC21004588,2021-12-03 05:52:00.0000000,Male to Female Transgender,Black,31,NULL,NULL,NULL,NULL,,0,MA,,1
,30012427462,FC21004589,2021-12-03 00:05:00.0000000,Male,Black,27,Muscular,Afro,Dark Brown,Not of Hispanic Origin,,0,MA,,1
,30012431449,FC21004589,2021-12-03 00:05:00.0000000,Male,White,25,Medium,Straight,NULL,NULL,,0,MA,,1
,30012435959,FC21004589,2021-12-03 00:05:00.0000000,Male,Black,41,Medium,NULL,NULL,Not of Hispanic Origin,,0,MA,,1
,30012437490,FC21004589,2021-12-03 00:05:00.0000000,Male,Black,51,Medium,Short,Medium,Not of Hispanic Origin,,0,MA,,1
,30012894545,FC21004590,2021-12-03 08:00:00.0000000,Male,White,39,Thin,Short,NULL,Not of Hispanic Origin,,0,MA,Class D,1
,30012976475,FC21004591,2021-12-03 09:20:00.0000000,Male,Black,34,Medium,Braided,Dark Brown,Not of Hispanic Origin,,0,MA,Class D,0
,30014238122,FC21004592,2021-12-03 11:30:00.0000000,Male,Black,62,Thin,Bald or Balding,Medium Brown,Not of Hispanic Origin,,0,MA,ID Only - Never had Personal Driver License,0
,30043262174,FC21004593,2021-12-03 12:38:00.0000000,Male,Black,16,Thin,Curly,NULL,NULL,,0,MA,,1
,30043262992,FC21004593,2021-12-03 12:38:00.0000000,Male,Black,28,Medium,NULL,NULL,Not of Hispanic Origin,,0,MA,,1
,30056242846,FC21004594,2021-12-03 19:29:00.0000000,Male,Black,29,Medium,NULL,NULL,Not of Hispanic Origin,,0,MA,Class D,0
,30056364335,FC21004595,2021-12-03 21:00:00.0000000,Male,Black,34,Medium,NULL,NULL,Not of Hispanic Origin,,0,MA,,0
,30056413990,FC21004595,2021-12-03 21:00:00.0000000,Female,Black,36,Thin,NULL,NULL,Not of Hispanic Origin,,0,MA,,NULL
,30057009096,FC21004596,2021-12-04 00:00:00.0000000,Male,Black,25,Medium,NULL,NULL,Not of Hispanic Origin,,0,MA,Class D,1
,30057020153,FC21004596,2021-12-04 00:00:00.0000000,Male,Black,25,Stocky,Bald or Balding,Light Brown,Not of Hispanic Origin,,0,MA,,1
,30057026135,FC21004596,2021-12-04 00:00:00.0000000,Male,Black,22,Medium,NULL,NULL,Not of Hispanic Origin,,0,MA,,1
,30057043963,FC21004597,2021-12-03 20:50:00.0000000,Male,White,25,NULL,NULL,NULL,Hispanic Origin,,0,MA,Class D,1
,30057048218,FC21004597,2021-12-03 20:50:00.0000000,Male,Black,26,Thin,NULL,NULL,Hispanic Origin,,0,MA,,1
,30057400687,FC21004598,2021-12-03 23:49:00.0000000,Male,Black,30,Medium,Braided,Medium Brown,Unknown,,0,MA,Class D,1
,30057623974,FC21004599,2021-12-04 00:00:00.0000000,Male,Black,30,Heavy,NULL,NULL,Not of Hispanic Origin,,0,MA,,1
,30057629066,FC21004599,2021-12-04 00:00:00.0000000,Female,Black,30,Medium,NULL,Dark Brown,Not of Hispanic Origin,,0,MA,,NULL
,30058376395,FC21004600,2021-12-04 08:18:00.0000000,Male,Black,35,Thin,Short,Medium Brown,NULL,,0,MA,,1
,30059183671,FC21004601,2021-12-04 10:40:00.0000000,Male,Black,56,NULL,NULL,NULL,Not of Hispanic Origin,,0,MA,Other: Suspended,0
,30059263053,FC21004602,2021-12-04 11:17:00.0000000,Male,White,39,Thin,Bald or Balding,Fair,Not of Hispanic Origin,,0,MA,Class D,0
,30059387321,FC21004603,2021-12-03 14:30:00.0000000,Male,Black,28,Medium,NULL,NULL,Not of Hispanic Origin,,0,MA,,1
,30059387852,FC21004603,2021-12-03 14:30:00.0000000,Female,Black,24,NULL,NULL,NULL,NULL,,0,MA,Class D,0
,30059468778,FC21004604,2021-12-04 11:45:00.0000000,Male,White,31,NULL,NULL,NULL,Hispanic Origin,,0,NULL,,0
,30059471084,FC21004604,2021-12-04 11:45:00.0000000,Male,Black,NULL,NULL,NULL,NULL,NULL,,0,NULL,,NULL
,30059762164,FC21004605,2021-12-04 10:43:00.0000000,Male,Black,33,Heavy,NULL,NULL,Not of Hispanic Origin,,0,MA,,1
,30059762736,FC21004605,2021-12-04 10:43:00.0000000,Female,Black,19,NULL,NULL,NULL,Unknown,,0,MA,ID Only - Never had Personal Driver License,1
,30060230762,FC21004607,2021-12-04 16:45:00.0000000,Male,Black,59,Heavy,Bald or Balding,NULL,Not of Hispanic Origin,,0,NULL,,0
,30060929162,FC21004608,2021-12-04 19:28:00.0000000,Male,White,48,NULL,NULL,NULL,Not of Hispanic Origin,,0,MA,Class D,0
,30061363037,FC21004609,2021-12-04 21:11:00.0000000,Male,Black,17,NULL,NULL,NULL,Unknown,,0,NULL,,1
,30061369667,FC21004609,2021-12-04 21:11:00.0000000,Male,Black,26,Heavy,Short,Dark,NULL,,0,MA,,0
,30061400276,FC21004609,2021-12-04 21:11:00.0000000,Male,Black,16,NULL,NULL,NULL,Unknown,,0,MA,ID Only - Never had Personal Driver License,1
,30061466799,FC21004610,2021-12-04 22:58:00.0000000,Male,Black,37,NULL,NULL,NULL,Not of Hispanic Origin,,0,MA,Class D,0
,30062238666,FC21004611,2021-12-05 02:06:00.0000000,Male,White,34,NULL,NULL,NULL,Unknown,,0,MA,,1
,30062375125,FC21004613,2021-12-04 23:44:00.0000000,Unknown,NULL,NULL,NULL,NULL,NULL,NULL,,0,NULL,,0
,30062375870,FC21004613,2021-12-04 23:44:00.0000000,Male,Other,11,NULL,NULL,NULL,NULL,,0,NULL,,NULL
,30063120017,FC21004614,2021-12-05 09:30:00.0000000,Female,Asian,28,Medium,Straight,Medium,Not of Hispanic Origin,,0,MA,Class D,0
,30063940752,FC21004615,2021-12-05 11:30:00.0000000,Male,White,68,Medium,Straight,Light,Not of Hispanic Origin,,0,MA,ID Only - Never had Personal Driver License,0
,30064178746,FC21004616,2021-12-05 12:57:00.0000000,Male,Black,31,NULL,NULL,NULL,Not of Hispanic Origin,,0,MA,Class D,0
,30064290593,FC21004617,2021-12-05 13:05:00.0000000,Male,Black,40,Medium,NULL,NULL,Not of Hispanic Origin,,0,MA,Class D,0
,30064604468,FC21004618,2021-12-04 13:10:00.0000000,Male,Black,42,Stocky,Afro,Brown,Not of Hispanic Origin,,0,MA,Class D,0
,30064605264,FC21004618,2021-12-04 13:10:00.0000000,Male,Black,35,Thin,NULL,NULL,Not of Hispanic Origin,,0,MA,,0
,30069456586,FC21004621,2021-12-06 00:00:00.0000000,Male,Black,31,NULL,NULL,NULL,Hispanic Origin,,0,NULL,,1
,30071491985,FC21004622,2021-12-06 14:00:00.0000000,Male,Black,26,NULL,NULL,NULL,Not of Hispanic Origin,,0,MA,Class D,0
,30071496347,FC21004622,2021-12-06 14:00:00.0000000,Male,Black,26,Medium,NULL,Medium Brown,NULL,,0,MA,,0
,30071590635,FC21004623,2021-12-06 14:51:00.0000000,Female,White,39,NULL,NULL,NULL,Not of Hispanic Origin,,0,MA,Class D,1
,30072461989,FC21004624,2021-12-06 15:15:00.0000000,Male,Black,30,Medium,Bald or Balding,Dark,Not of Hispanic Origin,,0,MA,Class D,0
,30072668503,FC21004625,2021-12-06 00:00:00.0000000,Male,Black,35,Medium,Short,Medium Brown,Hispanic Origin,,0,MA,Class D,1
,30072675054,FC21004625,2021-12-06 00:00:00.0000000,Female,Black,27,Thin,Straight,Light Brown,Hispanic Origin,,0,MA,Class D,1
,30072683066,FC21004625,2021-12-06 00:00:00.0000000,Male,Black,33,Heavy,NULL,NULL,Not of Hispanic Origin,,0,MA,,NULL
,30073147921,FC21004626,2021-12-06 17:24:00.0000000,Male,White,33,Thin,NULL,Light,Hispanic Origin,,0,MA,,0
,30073386948,FC21004627,2021-12-06 20:03:00.0000000,Male,White,37,Thin,NULL,NULL,Not of Hispanic Origin,,0,MA,,0
,30073583953,FC21004628,2021-12-06 09:35:00.0000000,Male,White,51,NULL,NULL,NULL,Unknown,,0,MA,Class D,0
,30073829099,FC21004629,2021-12-06 23:07:00.0000000,Male,Black,25,Stocky,NULL,NULL,Not of Hispanic Origin,,0,MA,,1
,30074507022,FC21004630,2021-12-07 02:51:00.0000000,Male,White,40,Medium,NULL,NULL,Not of Hispanic Origin,,0,MA,,0
,30074883352,FC21004631,2021-12-07 04:03:00.0000000,Male,White,29,Thin,NULL,NULL,Not of Hispanic Origin,,0,MA,"ID - Had a License, now has ID",0
,30074897380,FC21004632,2021-12-07 03:43:00.0000000,Male,White,46,Thin,Short,Light,Not of Hispanic Origin,,0,MA,"ID - Had a License, now has ID",0
,30074914267,FC21004633,2021-12-07 02:55:00.0000000,Male,Black,60,Medium,NULL,NULL,Not of Hispanic Origin,,0,MA,,0
,30075526207,FC21004634,2021-12-07 09:20:00.0000000,Male,White,37,Stocky,Receding or Slightly Receding,Medium,Hispanic Origin,,0,MA,,1
,30076037661,FC21004635,2021-12-07 00:00:00.0000000,Male,Black,27,Heavy,Short,Dark Brown,Not of Hispanic Origin,,0,MA,,0
,30076177898,FC21004636,2021-12-07 08:47:00.0000000,Male,White,26,Thin,Short,NULL,Hispanic Origin,,0,NULL,,1
,30076195287,FC21004636,2021-12-07 08:47:00.0000000,Female,White,53,Medium,NULL,NULL,Not of Hispanic Origin,,0,MA,,NULL
,30076211126,FC21004636,2021-12-07 08:47:00.0000000,Male,NULL,NULL,NULL,NULL,NULL,NULL,,0,NULL,,NULL
,30076358442,FC21004637,2021-11-29 12:28:00.0000000,Male,Black,37,NULL,NULL,NULL,Not of Hispanic Origin,,0,MA,Class D,NULL
,30076367426,FC21004637,2021-11-29 12:28:00.0000000,Male,Black,46,Thin,NULL,NULL,Not of Hispanic Origin,,0,MA,,0
,30076368583,FC21004637,2021-11-29 12:28:00.0000000,Female,Black,35,Thin,NULL,NULL,Hispanic Origin,,0,MA,,0
,30076979855,FC21004638,2021-12-07 12:20:00.0000000,Male,Black,28,Medium,Short,Dark Brown,NULL,,0,MA,Class D,0
,30076982779,FC21004638,2021-12-07 12:20:00.0000000,Female,Black,27,NULL,NULL,NULL,Unknown,,0,MA,Class D,0
,30077365049,FC21004639,2021-12-07 13:10:00.0000000,Male,White,NULL,NULL,NULL,NULL,NULL,,0,NULL,,NULL
,30077365049,FC21004639,2021-12-07 13:10:00.0000000,Male,White,NULL,NULL,NULL,NULL,NULL,,0,NULL,,NULL
,30077373337,FC21004639,2021-12-07 13:10:00.0000000,Male,Black,40,Medium,NULL,NULL,Not of Hispanic Origin,,0,MA,,0
,30078341353,FC21004640,2021-12-07 15:30:00.0000000,Male,Black,39,NULL,NULL,NULL,Hispanic Origin,,0,NULL,,NULL
,30078341353,FC21004640,2021-12-07 15:30:00.0000000,Male,Black,39,NULL,NULL,NULL,Hispanic Origin,,0,NULL,,0
,30078485953,FC21004641,2021-12-07 16:00:00.0000000,Male,Black,25,Muscular,NULL,NULL,Not of Hispanic Origin,,0,MA,Class D,0
,30078835448,FC21004642,2021-12-07 17:00:00.0000000,Male,Black,26,Thin,Dreadlocks,Medium Brown,Not of Hispanic Origin,,0,MA,,0
,30079024024,FC21004643,2021-12-07 15:45:00.0000000,Male,Black,30,Medium,NULL,NULL,Not of Hispanic Origin,,0,MA,,0
,30079314545,FC21004644,2021-12-07 11:46:00.0000000,Male,Other,51,NULL,NULL,NULL,Hispanic Origin,,0,NULL,,1
,30079315282,FC21004644,2021-12-07 11:46:00.0000000,Male,White,39,NULL,NULL,NULL,Hispanic Origin,,0,MA,Class D,NULL
,30079316035,FC21004644,2021-12-07 11:46:00.0000000,Male,White,51,NULL,NULL,NULL,Hispanic Origin,,0,MA,"ID - Had a License, now has ID",NULL
,30079795331,FC21004645,2021-12-07 18:00:00.0000000,Male,Black,NULL,NULL,NULL,NULL,Unknown,,0,NULL,,1
,30080071923,FC21004646,2021-12-07 15:18:00.0000000,Male,Black,24,Thin,Afro,Light,Not of Hispanic Origin,,0,MA,Class D,1
,30080334722,FC21004647,2021-12-06 22:00:00.0000000,Male,White,42,Medium,Short,Light,Not of Hispanic Origin,,0,MA,Class D,NULL
,30080334722,FC21004647,2021-12-06 22:00:00.0000000,Male,White,42,Medium,Short,Light,Not of Hispanic Origin,,0,MA,Class D,0
,30080351640,FC21004648,2021-12-07 20:30:00.0000000,Male,White,42,Medium,Short,Light,Not of Hispanic Origin,,0,MA,Class D,0
,30080420248,FC21004649,2021-12-07 21:50:00.0000000,Male,Black,23,NULL,NULL,NULL,Not of Hispanic Origin,,0,MA,None,1
,30080898659,FC21004650,2021-12-07 21:00:00.0000000,Male,Unknown,23,Heavy,Short,NULL,Hispanic Origin,,0,MA,,1
,30080898790,FC21004650,2021-12-07 21:00:00.0000000,Male,Other,21,NULL,NULL,NULL,Hispanic Origin,,0,MA,Class D,0
,30080899010,FC21004650,2021-12-07 21:00:00.0000000,Male,Black,24,Thin,Short,Medium,Hispanic Origin,,0,MA,,0
,30081180049,FC21004652,2021-12-08 00:50:00.0000000,Male,Black,33,Medium,NULL,NULL,Hispanic Origin,,0,MA,,1
,30083169274,FC21004654,2021-12-08 02:49:00.0000000,Male,White,31,Heavy,Receding or Slightly Receding,Light,Not of Hispanic Origin,,0,MA,"ID - Had a License, now has ID",NULL
,30083169274,FC21004654,2021-12-08 02:49:00.0000000,Male,White,31,Heavy,Receding or Slightly Receding,Light,Not of Hispanic Origin,,0,MA,"ID - Had a License, now has ID",0
,30084134175,FC21004655,2021-12-08 03:37:00.0000000,Male,White,45,NULL,NULL,NULL,NULL,,0,MA,Class D,0
,30084541716,FC21004656,2021-12-08 12:54:00.0000000,Male,White,34,Thin,Short,Light,Not of Hispanic Origin,,0,MA,,1
,30084570342,FC21004656,2021-12-08 12:54:00.0000000,Female,White,38,NULL,NULL,NULL,Unknown,,0,MA,Class D,1
,30084768732,FC21004657,2021-12-08 09:23:00.0000000,Male,Black,33,Medium,NULL,NULL,Not of Hispanic Origin,,0,MA,Class D,1
,30085167078,FC21004658,2021-12-08 14:38:00.0000000,Male,Black,29,NULL,NULL,NULL,Not of Hispanic Origin,,0,MA,Class D,0
,30085429244,FC21004659,2021-12-08 15:08:00.0000000,Male,Black,37,Medium,NULL,Fair,Not of Hispanic Origin,,0,MA,Class D,0
,30085434567,FC21004659,2021-12-08 15:08:00.0000000,Male,Black,31,Medium,Short,Medium Brown,Not of Hispanic Origin,,0,MA,Class D,0
,30085529755,FC21004661,2021-12-08 15:25:00.0000000,Male,Black,20,Medium,Corn Rows,Dark,Not of Hispanic Origin,,0,MA,,NULL
,30085433445,FC21004661,2021-12-08 15:25:00.0000000,Male,Black,16,Thin,Curly,Light Brown,Hispanic Origin,,0,MA,,1
,30086022915,FC21004662,2021-12-08 15:26:00.0000000,Male,Black,14,Thin,Afro,NULL,NULL,,0,MA,,1
,30086036203,FC21004662,2021-12-08 15:26:00.0000000,Male,Black,17,Thin,NULL,Dark,Unknown,,0,MA,,1
,30086045622,FC21004663,2021-12-08 17:00:00.0000000,Male,Black,22,Medium,NULL,NULL,Not of Hispanic Origin,,0,MA,,1
,30086061734,FC21004663,2021-12-08 17:00:00.0000000,Male,Black,23,Heavy,NULL,NULL,Not of Hispanic Origin,,0,MA,,1
,30086082489,FC21004663,2021-12-08 17:00:00.0000000,Male,Black,25,Thin,NULL,NULL,Not of Hispanic Origin,,0,MA,"ID - Had a License, now has ID",1
,30086409635,FC21004664,2021-12-08 17:35:00.0000000,Male,Black,52,Medium,Bald or Balding,NULL,Not of Hispanic Origin,,0,MA,,1
,30086420507,FC21004664,2021-12-08 17:35:00.0000000,Female,Unknown,22,NULL,NULL,NULL,Unknown,,0,MA,"ID - Had a License, now has ID",0
,30087075491,FC21004666,2021-12-08 20:35:00.0000000,Male,White,42,Medium,Short,Light,Not of Hispanic Origin,,0,MA,Class D,0
,30087094379,FC21004667,2021-12-08 20:40:00.0000000,Male,Black,46,Medium,NULL,NULL,Not of Hispanic Origin,,0,MA,,1
,30087266067,FC21004668,2021-12-08 20:55:00.0000000,Male,Other,NULL,NULL,NULL,NULL,Hispanic Origin,,0,NULL,,0
,30087459672,FC21004669,2021-12-07 18:00:00.0000000,Male,Black,15,Medium,NULL,NULL,Not of Hispanic Origin,,0,MA,,1
,30087498046,FC21004669,2021-12-07 18:00:00.0000000,Male,Black,14,NULL,NULL,NULL,Not of Hispanic Origin,,0,NULL,,1
,30087696692,FC21004669,2021-12-07 18:00:00.0000000,Male,Black,12,NULL,NULL,NULL,Hispanic Origin,,0,NULL,,1
,30087368061,FC21004670,2021-12-08 20:00:00.0000000,Male,Black,30,Thin,Bushy,Light Brown,Not of Hispanic Origin,,0,MA,,1
,30089736429,FC21004671,2021-12-09 02:15:00.0000000,Male,Black,36,NULL,NULL,NULL,Not of Hispanic Origin,,0,MA,,0
,30090022208,FC21004672,2021-12-09 03:25:00.0000000,Male,White,30,Medium,Unkempt,Light,Not of Hispanic Origin,,0,MA,,1
,30093990534,FC21004673,2021-12-09 12:00:00.0000000,Female,White,35,Medium,Straight,Light,Not of Hispanic Origin,,0,MA,,0
,30094891500,FC21004673,2021-12-09 12:00:00.0000000,Male,White,30,Medium,NULL,NULL,Not of Hispanic Origin,,0,MA,,0
,30097206662,FC21004674,2021-12-09 12:48:00.0000000,Male,Black,20,Thin,Dreadlocks,Dark Brown,Not of Hispanic Origin,,0,MA,Class D,1
,30097236321,FC21004674,2021-12-09 12:48:00.0000000,Male,Black,21,Thin,Braided,Light Brown,Not of Hispanic Origin,,0,MA,,1
,30119457042,FC21004675,2021-12-09 15:30:00.0000000,Male,Black,43,NULL,NULL,NULL,NULL,,0,MA,Class D,1
,30150338185,FC21004676,2021-12-08 15:39:00.0000000,Male,Black,43,NULL,NULL,NULL,NULL,,0,MA,Class D,1
,30153274370,FC21004677,2021-12-09 19:33:00.0000000,Male,Black,42,Thin,Short,Medium Brown,Not of Hispanic Origin,,0,MA,,0
,30157236468,FC21004678,2021-12-09 20:54:00.0000000,Male,Black,27,Heavy,Afro,Brown,Not of Hispanic Origin,,0,MA,ID Only - Never had Personal Driver License,0
,30166166777,FC21004679,2021-12-09 20:58:00.0000000,Female,Black,56,Medium,NULL,NULL,Not of Hispanic Origin,,0,MA,,0
,30170139865,FC21004680,2021-12-09 18:47:00.0000000,Male,Black,28,Thin,Short,Medium Brown,Unknown,,0,MA,,1
,30236590375,FC21004681,2021-12-10 08:02:00.0000000,Male,White,35,Heavy,Short,Light,NULL,,0,MA,,1
,30239746531,FC21004682,2021-12-09 10:30:00.0000000,Male,Black,50,Medium,NULL,NULL,Not of Hispanic Origin,,0,MA,,0
,30240220154,FC21004684,2021-12-10 12:21:00.0000000,Male,Black,27,Muscular,Braided,Dark,Not of Hispanic Origin,,0,MA,Class D,1
,30245285582,FC21004685,2021-12-10 13:16:00.0000000,Male,Black,19,Thin,Afro,Medium Brown,Not of Hispanic Origin,,0,MA,,1
,30245293092,FC21004685,2021-12-10 13:16:00.0000000,Male,Black,29,Thin,NULL,NULL,Not of Hispanic Origin,,0,MA,,NULL
,30245297144,FC21004685,2021-12-10 13:16:00.0000000,Male,Black,31,Stocky,Braided,Medium Brown,Not of Hispanic Origin,,0,MA,ID Only - Never had Personal Driver License,NULL
,30247315962,FC21004686,2021-12-10 14:30:00.0000000,Male,White,16,NULL,NULL,NULL,Hispanic Origin,,0,NULL,,0
,30251716838,FC21004687,2021-12-10 16:50:00.0000000,Male,Black,33,Medium,NULL,NULL,Hispanic Origin,,0,MA,Class D,0
,30251850848,FC21004688,2021-12-10 17:20:00.0000000,Male,Unknown,16,NULL,NULL,NULL,NULL,,0,NULL,,0
,30270185857,FC21004690,2021-12-10 20:30:00.0000000,Male,Black,25,Thin,Short,NULL,Hispanic Origin,,0,MA,Class D,0
,30270240935,FC21004690,2021-12-10 20:30:00.0000000,Male,White,25,Medium,Braided,Medium Brown,NULL,,0,MA,,0
,30273616147,FC21004691,2021-12-10 16:20:00.0000000,Male,White,25,Stocky,Braided,Light Brown,Hispanic Origin,,0,MA,Class D,0
,30273683791,FC21004691,2021-12-10 16:20:00.0000000,Male,Black,23,Obese,Short,Dark Brown,Not of Hispanic Origin,,0,NULL,,0
,30273790148,FC21004691,2021-12-10 16:20:00.0000000,Male,White,33,Muscular,Short,Light Brown,Hispanic Origin,,0,MA,Class D,0
,30278170971,FC21004692,2021-12-10 20:50:00.0000000,Male,Black,56,Thin,NULL,Medium Brown,Not of Hispanic Origin,,0,MA,,0
,30278298696,FC21004692,2021-12-10 20:50:00.0000000,Female,White,25,NULL,NULL,NULL,Unknown,,0,NULL,,0
,30283845723,FC21004692,2021-12-10 20:50:00.0000000,Female,White,39,Medium,Straight,NULL,Not of Hispanic Origin,,0,MA,Class D,0
,30440530703,FC21004694,2021-12-11 18:04:00.0000000,Male,Black,31,Thin,Dreadlocks,Light,Not of Hispanic Origin,,0,MA,Class D,0
,30442176379,FC21004695,2021-12-11 17:15:00.0000000,Female,Asian,35,Thin,Straight,Light Brown,Not of Hispanic Origin,,0,MA,Other: Passport,0
,30449307090,FC21004696,2021-12-11 21:00:00.0000000,Female,Black,20,Thin,Braided,Dark,Not of Hispanic Origin,,0,MA,Class D,0
,30449316309,FC21004696,2021-12-11 21:00:00.0000000,Male,Black,18,Thin,Afro,NULL,Unknown,,0,MA,ID Only - Never had Personal Driver License,0
,30449825675,FC21004696,2021-12-11 21:00:00.0000000,Male,NULL,NULL,NULL,NULL,NULL,NULL,,0,NULL,,0
,30452481042,FC21004697,2021-12-11 21:13:00.0000000,Male,Black,25,Medium,NULL,NULL,Not of Hispanic Origin,,0,MA,Class D,0
,30452488056,FC21004697,2021-12-11 21:13:00.0000000,Male,Black,37,Thin,NULL,NULL,Not of Hispanic Origin,,0,MA,Other: Suspended,0
,30450237764,FC21004698,2021-12-11 21:00:00.0000000,Male,Black,32,Medium,NULL,NULL,Not of Hispanic Origin,,0,MA,Other: Supsended,0
,30452615681,FC21004699,2021-12-11 22:30:00.0000000,Male,Black,32,Stocky,NULL,NULL,Not of Hispanic Origin,,0,MA,,0
,30452952906,FC21004700,2021-12-11 21:00:00.0000000,Male,Black,41,Thin,NULL,NULL,Not of Hispanic Origin,,0,MA,,0
,30455068592,FC21004701,2021-12-12 03:30:00.0000000,Male,White,36,NULL,NULL,NULL,Unknown,,0,NULL,,1
,30456000875,FC21004702,2021-12-12 02:36:00.0000000,Male,White,49,NULL,NULL,NULL,Not of Hispanic Origin,,0,MA,ID Only - Never had Personal Driver License,0
,30461210764,FC21004703,2021-12-12 09:02:00.0000000,Male,Black,35,Thin,Shaved Head,Medium,Unknown,,0,MA,,1
,30473365121,FC21004704,2021-12-12 13:32:00.0000000,Male,White,40,NULL,NULL,NULL,Unknown,,0,NULL,,0
,30476936329,FC21004705,2021-12-12 12:45:00.0000000,Female,Black,35,NULL,NULL,NULL,Not of Hispanic Origin,,0,NULL,,NULL
,30476965384,FC21004705,2021-12-12 12:45:00.0000000,Male,Unknown,28,NULL,NULL,NULL,NULL,,0,MA,Class D,1
,30485255438,FC21004706,2021-12-12 18:21:00.0000000,Male,Black,41,Average,Crew Cut,Dark,Not of Hispanic Origin,,0,MA,Class D,NULL
,30485255438,FC21004706,2021-12-12 18:21:00.0000000,Male,Black,41,Average,Crew Cut,Dark,Not of Hispanic Origin,,0,MA,Class D,1
,30505650495,FC21004707,2021-12-12 21:50:00.0000000,Male,White,39,NULL,NULL,NULL,Not of Hispanic Origin,,0,MA,Class D,0
,30508710259,FC21004708,2021-12-13 01:00:00.0000000,Male,White,15,Medium,Short,Light,Hispanic Origin,,0,MA,,1
,30508717897,FC21004708,2021-12-13 01:00:00.0000000,Male,Black,12,Thin,Braided,Dark,Not of Hispanic Origin,,0,MA,,1
,30509108704,FC21004709,2021-12-13 02:12:00.0000000,Male,Black,27,NULL,NULL,NULL,Not of Hispanic Origin,,0,MA,Class D,NULL
,30509197103,FC21004709,2021-12-13 02:12:00.0000000,Male,Black,24,NULL,NULL,NULL,Not of Hispanic Origin,,0,MA,,0
,30519828058,FC21004711,2021-12-13 11:25:00.0000000,Male,Black,58,Medium,Bald or Balding,Medium Brown,Not of Hispanic Origin,,0,MA,Class D,0
,30519832288,FC21004711,2021-12-13 11:25:00.0000000,Female,Black,27,Medium,Pony Tail,Medium,Not of Hispanic Origin,,0,MA,Class D,0
,30520086060,FC21004712,2021-12-13 11:21:00.0000000,Male,White,39,Medium,Short,Light Brown,Unknown,,0,MA,Class D,0
,30522041286,FC21004713,2021-12-13 00:00:00.0000000,Male,Black,26,Medium,NULL,NULL,Hispanic Origin,,0,MA,,0
,30522091217,FC21004713,2021-12-13 00:00:00.0000000,Male,White,18,NULL,NULL,NULL,Hispanic Origin,,0,NULL,,0
,30527417891,FC21004714,2021-12-10 15:20:00.0000000,Male,Black,28,Thin,Short,Medium Brown,Unknown,,0,MA,,1
,30527468165,FC21004714,2021-12-10 15:20:00.0000000,Female,Unknown,23,NULL,NULL,NULL,Unknown,,0,NULL,,NULL
,30531753326,FC21004715,2021-12-13 18:00:00.0000000,Male,White,41,Medium,Bald or Balding,Light,Not of Hispanic Origin,,0,MA,None,1
,30531844934,FC21004716,2021-12-13 17:57:00.0000000,Male,Black,34,Medium,NULL,NULL,Unknown,,0,MA,Class D,0
,30535883148,FC21004717,2021-12-13 19:43:00.0000000,Male,Black,26,Medium,NULL,NULL,Not of Hispanic Origin,,0,MA,Class D,0
,30536604155,FC21004718,2021-12-10 17:52:00.0000000,Male,Black,32,Medium,NULL,NULL,Not of Hispanic Origin,,0,MA,Other: Supsended,0
,30536626279,FC21004718,2021-12-10 17:52:00.0000000,Male,Black,24,Medium,Corn Rows,Light Brown,Not of Hispanic Origin,,0,MA,Class D,0
,30536663572,FC21004718,2021-12-10 17:52:00.0000000,Male,Black,27,Thin,NULL,NULL,Not of Hispanic Origin,,0,MA,Class D,0
,30536711156,FC21004718,2021-12-10 17:52:00.0000000,Male,Other,24,Medium,NULL,Light Brown,Unknown,,0,MA,Class D,0
,30537277121,FC21004719,2021-12-13 17:32:00.0000000,Male,White,16,Medium,Short,Light,NULL,,0,MA,,1
,30537291218,FC21004719,2021-12-13 17:32:00.0000000,Male,White,17,Medium,Braided,Light,NULL,,0,MA,,NULL
,30537780039,FC21004720,2021-12-13 19:45:00.0000000,Male,Black,18,Medium,NULL,Dark Brown,NULL,,0,MA,,1
,30537827669,FC21004720,2021-12-13 19:45:00.0000000,Male,Black,17,Thin,Braided,Light Brown,Not of Hispanic Origin,,0,MA,,1
,30537849525,FC21004720,2021-12-13 19:45:00.0000000,Male,Black,16,Thin,Short,Medium,Not of Hispanic Origin,,0,MA,,1
,30537773631,FC21004721,2021-12-13 19:45:00.0000000,Male,Black,32,Thin,NULL,NULL,Not of Hispanic Origin,,0,MA,Class D,1
,30547339779,FC21004722,2021-12-14 10:11:00.0000000,Male,White,33,Thin,NULL,NULL,Not of Hispanic Origin,,0,MA,,0
,30547340216,FC21004722,2021-12-14 10:11:00.0000000,Male,White,35,Medium,NULL,NULL,Not of Hispanic Origin,,0,MA,,0
,30548107441,FC21004723,2021-12-14 13:15:00.0000000,Male,Black,60,NULL,NULL,NULL,Not of Hispanic Origin,,0,MA,,0
,30548112830,FC21004723,2021-12-14 13:15:00.0000000,Male,White,36,Thin,Short,Light Brown,Hispanic Origin,,0,MA,No License - Record Only,1
,30549161447,FC21004724,2021-12-14 12:34:00.0000000,Male,Black,22,Thin,Dreadlocks,Dark Brown,NULL,,0,MA,,1
,30550917501,FC21004726,2021-12-14 14:20:00.0000000,Male,Black,18,Medium,Braided,Light Brown,NULL,,0,MA,,1
,30550917704,FC21004726,2021-12-14 14:20:00.0000000,Male,Black,24,Thin,Curly,Light Brown,Hispanic Origin,,0,MA,Other: suspended,1
,30550918101,FC21004726,2021-12-14 14:20:00.0000000,Female,White,22,NULL,NULL,NULL,Hispanic Origin,,0,MA,,1
,30551040123,FC21004727,2021-12-14 19:20:00.0000000,Male,Black,31,Thin,NULL,NULL,Not of Hispanic Origin,,0,MA,ID Only - Never had Personal Driver License,1
,30551690161,FC21004728,2021-12-14 20:30:00.0000000,NULL,NULL,NULL,NULL,NULL,NULL,NULL,,0,NULL,,0
,30552072574,FC21004729,2021-12-14 22:10:00.0000000,Male,Black,29,Medium,NULL,NULL,Not of Hispanic Origin,,0,MA,Class D,0
,30552188282,FC21004730,2021-12-14 22:02:00.0000000,Male,Black,21,Thin,NULL,NULL,Not of Hispanic Origin,,0,MA,,0
,30552198726,FC21004730,2021-12-14 22:02:00.0000000,Female,Black,22,NULL,NULL,NULL,Not of Hispanic Origin,,0,MA,,NULL
,30552223895,FC21004731,2021-12-14 21:25:00.0000000,Male,White,39,Medium,Short,NULL,Not of Hispanic Origin,,0,MA,Class D,1
,30553637733,FC21004732,2021-12-15 03:00:00.0000000,Male,Black,25,Obese,Curly,Medium Brown,Not of Hispanic Origin,,0,MA,,0
,30553640745,FC21004732,2021-12-15 03:00:00.0000000,Male,Black,19,Medium,Short,Light Brown,Hispanic Origin,,0,MA,,0
,30553714847,FC21004733,2021-12-15 03:16:00.0000000,Male,Black,23,NULL,NULL,NULL,Hispanic Origin,,0,NULL,,0
,30559091536,FC21004735,2021-12-15 17:40:00.0000000,Male,Black,16,Thin,NULL,NULL,Not of Hispanic Origin,,0,MA,,0
,30559099105,FC21004735,2021-12-15 17:40:00.0000000,Male,Black,15,NULL,NULL,NULL,Not of Hispanic Origin,,0,NULL,,0
,30559103532,FC21004735,2021-12-15 17:40:00.0000000,Male,White,39,Medium,Wavy,Medium Brown,Hispanic Origin,,0,MA,Class D,0
,30561214065,FC21004736,2021-12-15 22:02:00.0000000,NULL,NULL,NULL,NULL,NULL,NULL,NULL,,0,NULL,,NULL
,30561220496,FC21004736,2021-12-15 22:02:00.0000000,Female,Black,52,NULL,NULL,NULL,Unknown,,0,MA,"ID - Had a License, now has ID",0
,30561222695,FC21004736,2021-12-15 22:02:00.0000000,Male,Black,50,Medium,NULL,NULL,Not of Hispanic Origin,,0,MA,,1
,30561543003,FC21004737,2021-12-15 19:45:00.0000000,Male,Black,20,Thin,Dreadlocks,Light Brown,Not of Hispanic Origin,,0,MA,Class D,1
,30561617663,FC21004737,2021-12-15 19:45:00.0000000,Female,Black,18,NULL,NULL,NULL,Unknown,,0,NULL,,1
,30562741238,FC21004738,2021-12-16 01:49:00.0000000,Male,White,48,NULL,NULL,NULL,Not of Hispanic Origin,,0,MA,Class D,0
,30566369525,FC21004740,2021-12-16 00:00:00.0000000,Male,White,29,NULL,NULL,NULL,Not of Hispanic Origin,,0,NH,,1
,30567208420,FC21004741,2021-12-15 17:00:00.0000000,Male to Female Transgender,White,64,NULL,NULL,NULL,Not of Hispanic Origin,,0,NULL,,0
,30570153027,FC21004742,2021-12-16 17:00:00.0000000,Male,Black,29,NULL,NULL,NULL,Not of Hispanic Origin,,0,MA,Instruction Permit,0
,30571795987,FC21004743,2021-12-16 19:00:00.0000000,Male,Black,29,Medium,NULL,NULL,Not of Hispanic Origin,,0,MA,,0
,30571983656,FC21004744,2021-12-16 18:30:00.0000000,Male,Black,30,Thin,Dreadlocks,Medium,Not of Hispanic Origin,,0,MA,Other: Suspended,0
,30572224851,FC21004745,2021-12-16 19:00:00.0000000,Female,Asian,28,Medium,Straight,Medium,Not of Hispanic Origin,,0,MA,Class D,0
,30572229421,FC21004745,2021-12-16 19:00:00.0000000,Female,White,27,NULL,NULL,NULL,Not of Hispanic Origin,,0,MA,Class D,NULL
,30572239160,FC21004745,2021-12-16 19:00:00.0000000,Male,White,25,NULL,NULL,NULL,Not of Hispanic Origin,,0,MA,Class D,NULL
,30572287379,FC21004746,2021-12-16 18:10:00.0000000,Male,Black,18,Thin,Afro,NULL,Not of Hispanic Origin,,0,MA,Class D,NULL
,30572287379,FC21004746,2021-12-16 18:10:00.0000000,Male,Black,18,Thin,Afro,NULL,Not of Hispanic Origin,,0,MA,Class D,1
,30573279374,FC21004747,2021-12-16 21:40:00.0000000,Male,Black,34,NULL,NULL,NULL,Not of Hispanic Origin,,0,NULL,,1
,30573346818,FC21004748,2021-12-16 22:15:00.0000000,Male,Black,24,Medium,NULL,NULL,Not of Hispanic Origin,,0,MA,Class D,1
,30573382525,FC21004748,2021-12-16 22:15:00.0000000,Male,Black,51,Muscular,Short,Dark,NULL,,0,MA,,1
,30574828068,FC21004749,2021-12-17 00:30:00.0000000,Male,Black,19,Thin,Short,Dark,Not of Hispanic Origin,,0,MA,Class D,NULL
,30574828068,FC21004749,2021-12-17 00:30:00.0000000,Male,Black,19,Thin,Short,Dark,Not of Hispanic Origin,,0,MA,Class D,0
,30575088503,FC21004750,2021-12-17 04:13:00.0000000,Female,Black,32,Thin,Braided,Medium,Not of Hispanic Origin,,0,MA,Class D,0
,30575392112,FC21004751,2021-12-17 04:08:00.0000000,Male,White,59,NULL,NULL,NULL,Not of Hispanic Origin,,0,ME,,0
,30575392112,FC21004751,2021-12-17 04:08:00.0000000,Male,White,59,NULL,NULL,NULL,Not of Hispanic Origin,,0,ME,,NULL
,30576939375,FC21004752,2021-12-17 00:00:00.0000000,Male,White,56,Heavy,NULL,NULL,Not of Hispanic Origin,,0,MA,,0
,30578655548,FC21004753,2021-12-17 11:23:00.0000000,Female,Black,47,NULL,NULL,NULL,Not of Hispanic Origin,,0,NULL,,0
,30578655548,FC21004753,2021-12-17 11:23:00.0000000,Female,Black,47,NULL,NULL,NULL,Not of Hispanic Origin,,0,NULL,,NULL
,30578718157,FC21004753,2021-12-17 11:23:00.0000000,Female,White,33,Heavy,NULL,NULL,Not of Hispanic Origin,,0,MA,,NULL
,30579552277,FC21004754,2021-12-17 13:17:00.0000000,Male,Black,26,Thin,NULL,NULL,Not of Hispanic Origin,,0,MA,,0
,30580386591,FC21004755,2021-12-17 13:38:00.0000000,Male,White,33,Medium,Braided,Dark,NULL,,0,MA,Other: OUT OF STATE,1
,30580507942,FC21004756,2021-12-17 00:00:00.0000000,Male,Black,39,NULL,NULL,NULL,Not of Hispanic Origin,,0,MA,Class D,0
,30580511127,FC21004756,2021-12-17 00:00:00.0000000,Male,Black,33,Medium,NULL,NULL,Not of Hispanic Origin,,0,MA,,0
,30582960243,FC21004757,2021-12-17 19:05:00.0000000,Male,Other,33,NULL,NULL,NULL,Hispanic Origin,,0,NULL,,0
,30583357318,FC21004758,2021-12-17 18:00:00.0000000,Male,Unknown,19,NULL,NULL,NULL,Hispanic Origin,,0,MA,Class D,0
,30583375278,FC21004758,2021-12-17 18:00:00.0000000,Male,Unknown,19,NULL,NULL,NULL,Hispanic Origin,,0,MA,Class D,0
,30583868822,FC21004759,2021-12-17 20:41:00.0000000,Male,White,31,Medium,NULL,NULL,Not of Hispanic Origin,,0,MA,,0
,30585802163,FC21004761,2021-12-18 02:12:00.0000000,Male,Black,35,Medium,NULL,NULL,Not of Hispanic Origin,,0,MA,Class D,NULL
,30585802163,FC21004761,2021-12-18 02:12:00.0000000,Male,Black,35,Medium,NULL,NULL,Not of Hispanic Origin,,0,MA,Class D,0
,30587744355,FC21004762,2021-12-18 08:37:00.0000000,Male,White,47,Stocky,Short,Light,Not of Hispanic Origin,,0,MA,Class D,0
,30587747698,FC21004762,2021-12-18 08:37:00.0000000,Female,White,32,Medium,Curly,Pale,Not of Hispanic Origin,,0,MA,"ID - Had a License, now has ID",0
,30589156735,FC21004763,2021-12-18 11:30:00.0000000,Male,White,20,NULL,NULL,NULL,Not of Hispanic Origin,,0,NC,CDL Class C,0
,30589655507,FC21004764,2021-12-18 11:15:00.0000000,Male,White,60,Medium,NULL,NULL,Not of Hispanic Origin,,0,MA,Class D,0
,30591495558,FC21004765,2021-12-18 19:45:00.0000000,Male,Black,21,Heavy,Afro,Dark Brown,Not of Hispanic Origin,,0,MA,Class D,0
,30594120491,FC21004766,2021-12-19 03:06:00.0000000,Male,White,33,NULL,NULL,NULL,NULL,,0,MA,Class D,0
,30594120491,FC21004766,2021-12-19 03:06:00.0000000,Male,White,33,NULL,NULL,NULL,NULL,,0,MA,Class D,NULL
,30594125530,FC21004766,2021-12-19 03:06:00.0000000,Female,White,26,NULL,NULL,NULL,Not of Hispanic Origin,,0,NULL,,NULL
,30594125530,FC21004766,2021-12-19 03:06:00.0000000,Female,White,26,NULL,NULL,NULL,Not of Hispanic Origin,,0,NULL,,NULL
,30596253040,FC21004767,2021-12-19 02:13:00.0000000,Male,Black,21,Heavy,Afro,Dark Brown,Not of Hispanic Origin,,0,MA,Class D,0
,30598405455,FC21004768,2021-12-17 11:15:00.0000000,NULL,NULL,NULL,NULL,NULL,NULL,NULL,,0,NULL,,0
,30598936545,FC21004769,2021-12-19 19:50:00.0000000,Male,White,36,NULL,NULL,NULL,Unknown,,0,NULL,,NULL
,30598938475,FC21004769,2021-12-19 19:50:00.0000000,Male,White,57,NULL,NULL,NULL,Unknown,,0,NULL,,1
,30599054229,FC21004770,2021-12-19 19:39:00.0000000,Male,Black,23,NULL,NULL,NULL,Not of Hispanic Origin,,0,MA,Class D,0
,30599056307,FC21004770,2021-12-19 19:39:00.0000000,Male,White,16,Thin,Short,Light,Unknown,,0,MA,,0
,30599059048,FC21004770,2021-12-19 19:39:00.0000000,Male,Black,26,Medium,Afro,Light,Not of Hispanic Origin,,0,MA,,0
,30599156818,FC21004770,2021-12-19 19:39:00.0000000,Male,Black,23,Thin,Short,Dark,Not of Hispanic Origin,,0,MA,,0
,30599112173,FC21004771,2021-12-19 20:11:00.0000000,Male,Black,32,Heavy,Short,Medium Brown,Not of Hispanic Origin,,0,MA,,1
,30599371570,FC21004772,2021-12-19 21:24:00.0000000,Male,White,39,NULL,NULL,NULL,Unknown,,0,NULL,,NULL
,30599377099,FC21004772,2021-12-19 21:24:00.0000000,Male,White,52,Medium,NULL,NULL,Hispanic Origin,,0,MA,,0
,30600003252,FC21004773,2021-12-19 19:40:00.0000000,Male,Black,30,Medium,NULL,Medium Brown,Not of Hispanic Origin,,0,MA,Class D,1
,30600006463,FC21004773,2021-12-19 19:40:00.0000000,Male,Black,38,Thin,NULL,NULL,Not of Hispanic Origin,,0,MA,,1
,30600575597,FC21004774,2021-12-20 00:00:00.0000000,Male,Black,43,Medium,NULL,Brown,Hispanic Origin,,0,MA,Class D,0
,30601583975,FC21004775,2021-12-20 08:00:00.0000000,Male,White,59,Thin,NULL,NULL,Not of Hispanic Origin,,0,MA,,0
,30601806860,FC21004776,2021-12-20 08:00:00.0000000,Male,White,41,Thin,Unkempt,Light,Not of Hispanic Origin,,0,MA,,1
,30605070103,FC21004777,2021-12-20 10:20:00.0000000,Male,Black,24,Thin,Dreadlocks,Light,Not of Hispanic Origin,,0,MA,"ID - Had a License, now has ID",1
,30605199863,FC21004778,2021-12-20 14:55:00.0000000,Female,Black,37,NULL,NULL,NULL,Not of Hispanic Origin,,0,MA,"ID - Had a License, now has ID",0
,30607197856,FC21004779,2021-12-20 15:50:00.0000000,Male,Black,24,Thin,NULL,NULL,Not of Hispanic Origin,,0,MA,,1
,30607572253,FC21004780,2021-12-20 14:38:00.0000000,Male,Black,29,Thin,Short,Medium,Not of Hispanic Origin,,0,MA,Class D,0
,30607572253,FC21004780,2021-12-20 14:38:00.0000000,Male,Black,29,Thin,Short,Medium,Not of Hispanic Origin,,0,MA,Class D,NULL
,30607573427,FC21004780,2021-12-20 14:38:00.0000000,Male,Black,30,Medium,Dreadlocks,NULL,Hispanic Origin,,0,MA,Class D,0
,30607609466,FC21004780,2021-12-20 14:38:00.0000000,Female,Black,30,NULL,NULL,NULL,Hispanic Origin,,0,MA,Class D,0
,30608264455,FC21004781,2021-12-20 00:00:00.0000000,Male,Black,19,Heavy,Curly,Dark,NULL,,0,MA,Class D,1
,30608289181,FC21004781,2021-12-20 00:00:00.0000000,Male,Black,18,Thin,Dreadlocks,Dark,NULL,,0,MA,,1
,30628925211,FC21004783,2021-12-20 18:10:00.0000000,Female,Black,28,Medium,NULL,NULL,Not of Hispanic Origin,,0,MA,,0
,30633836891,FC21004784,2021-12-20 19:50:00.0000000,Male,White,22,Obese,Curly,Light,Not of Hispanic Origin,,0,MA,No License - Record Only,0
,30633838873,FC21004784,2021-12-20 19:50:00.0000000,Male,Black,21,Thin,NULL,NULL,Not of Hispanic Origin,,0,MA,,0
,30633844816,FC21004784,2021-12-20 19:50:00.0000000,Female,Black,18,Thin,Braided,Dark Brown,Not of Hispanic Origin,,0,MA,Class D,0
,30637557169,FC21004785,2021-12-21 00:25:00.0000000,Male,Black,21,Medium,NULL,NULL,Not of Hispanic Origin,,0,MA,Class D,0
,30637558702,FC21004785,2021-12-21 00:25:00.0000000,Male,Black,20,Thin,NULL,NULL,Not of Hispanic Origin,,0,MA,,0
,30637841460,FC21004786,2021-12-21 02:00:00.0000000,Male,Black,32,Medium,Short,Dark,Not of Hispanic Origin,,0,MA,,0
,30647259086,FC21004788,2021-12-21 11:35:00.0000000,Male,Black,33,Medium,NULL,NULL,Not of Hispanic Origin,,0,MA,Class D,0
,30650932757,FC21004789,2021-12-21 15:00:00.0000000,Male,Black,18,Thin,Short,Light,Not of Hispanic Origin,,0,MA,,0
,30650943745,FC21004789,2021-12-21 15:00:00.0000000,Male,Black,25,NULL,NULL,NULL,Unknown,,0,MA,Class D,0
,30650955397,FC21004789,2021-12-21 15:00:00.0000000,Male,Black,19,Medium,Short,Dark Brown,Not of Hispanic Origin,,0,MA,,0
,30651642265,FC21004790,2021-12-21 14:55:00.0000000,Male,Black,18,Thin,Afro,Dark,Unknown,,0,MA,Class D,0
,30651645267,FC21004790,2021-12-21 14:55:00.0000000,Male,Black,19,NULL,NULL,NULL,Hispanic Origin,,0,MA,None,0
,30651906682,FC21004791,2021-12-21 17:07:00.0000000,Male,Other,19,NULL,NULL,NULL,Hispanic Origin,,0,NULL,,0
,30652688300,FC21004792,2021-12-20 12:35:00.0000000,Male,Black,45,Heavy,NULL,NULL,Not of Hispanic Origin,,0,MA,,0
,30652860903,FC21004792,2021-12-20 12:35:00.0000000,Female,White,34,Heavy,NULL,NULL,Not of Hispanic Origin,,0,MA,,0
,30659617502,FC21004793,2021-12-21 21:22:00.0000000,Male,Black,23,Medium,NULL,NULL,Not of Hispanic Origin,,0,MA,Class D,1
,30659696083,FC21004793,2021-12-21 21:22:00.0000000,Male,White,33,Medium,NULL,NULL,Hispanic Origin,,0,MA,ID Only - Never had Personal Driver License,1
,30660216013,FC21004793,2021-12-21 21:22:00.0000000,Male,Black,22,NULL,NULL,NULL,Unknown,,0,MA,Class D,NULL
,30665723566,FC21004795,2021-12-22 02:18:00.0000000,Male,Black,22,Thin,Corn Rows,Dark,Hispanic Origin,,0,MA,Class D,0
,30665701249,FC21004796,2021-12-21 21:17:00.0000000,Male,White,23,Thin,Curly,Light Brown,NULL,,0,MA,,1
,30665942813,FC21004797,2021-12-21 23:32:00.0000000,Male,Black,25,Unknown,NULL,NULL,Not of Hispanic Origin,,0,MA,,1
,30665943990,FC21004797,2021-12-21 23:32:00.0000000,Male,Black,23,Thin,Short,Medium Brown,Not of Hispanic Origin,,0,MA,Class D,1
,30665982776,FC21004798,2021-12-22 01:39:00.0000000,Male,Black,24,NULL,NULL,NULL,Not of Hispanic Origin,,0,MA,Class D,1
,30665996740,FC21004798,2021-12-22 01:39:00.0000000,Male,White,23,NULL,NULL,NULL,Not of Hispanic Origin,,0,NULL,,1
,30665999885,FC21004798,2021-12-22 01:39:00.0000000,Male,White,23,NULL,NULL,NULL,Not of Hispanic Origin,,0,NULL,,1
,30666009486,FC21004798,2021-12-22 01:39:00.0000000,Male,Black,22,NULL,NULL,NULL,Not of Hispanic Origin,,0,NULL,,1
,30666013444,FC21004798,2021-12-22 01:39:00.0000000,Female,Black,22,NULL,NULL,NULL,Not of Hispanic Origin,,0,MA,,1
,30666017067,FC21004798,2021-12-22 01:39:00.0000000,Female,White,22,NULL,NULL,NULL,Not of Hispanic Origin,,0,NULL,,NULL
,30667654532,FC21004799,2021-12-21 13:45:00.0000000,Male,Black,25,Medium,Dreadlocks,Medium,Not of Hispanic Origin,,0,MA,,1
,30668277188,FC21004800,2021-12-22 11:31:00.0000000,Male,Unknown,16,NULL,NULL,NULL,NULL,,0,NULL,,1
,30668280227,FC21004800,2021-12-22 11:31:00.0000000,Male,Black,14,NULL,NULL,NULL,Unknown,,0,NULL,,0
,30668484943,FC21004801,2021-12-22 11:20:00.0000000,Male,Black,15,Medium,Short,Medium Brown,Not of Hispanic Origin,,0,MA,,1
,30668485701,FC21004801,2021-12-22 11:20:00.0000000,Male,Black,23,Medium,Short,Medium Brown,Not of Hispanic Origin,,0,MA,ID Only - Never had Personal Driver License,0
,30668519927,FC21004802,2021-12-22 11:21:00.0000000,Male,White,33,NULL,NULL,NULL,Not of Hispanic Origin,,0,MA,Class D,0
,30668523896,FC21004802,2021-12-22 11:21:00.0000000,Female,Black,35,Medium,Braided,NULL,Not of Hispanic Origin,,0,MA,,0
,30668533676,FC21004802,2021-12-22 11:21:00.0000000,Female,White,42,Thin,Wavy,Light Brown,Hispanic Origin,,0,MA,,0
,30676168348,FC21004803,2021-12-22 16:59:00.0000000,Male,Black,29,Medium,Bald or Balding,Dark Brown,Not of Hispanic Origin,,0,MA,,1
,30676500745,FC21004804,2021-12-22 17:20:00.0000000,Male,Black,35,Medium,Dreadlocks,Medium,Not of Hispanic Origin,,0,MA,Class D,0
,30683656946,FC21004805,2021-12-23 00:00:00.0000000,Male,White,29,Heavy,NULL,NULL,Hispanic Origin,,0,MA,,0
,30683665397,FC21004805,2021-12-23 00:00:00.0000000,Male,NULL,35,NULL,NULL,NULL,NULL,,0,NULL,,0
,30684762259,FC21004806,2021-12-23 01:18:00.0000000,Male,Black,54,NULL,NULL,NULL,Not of Hispanic Origin,,0,MA,Class D,0
,30684766600,FC21004806,2021-12-23 01:18:00.0000000,Male,Unknown,68,NULL,NULL,NULL,Unknown,,0,MA,,NULL
,30686204757,FC21004807,2021-12-22 23:19:00.0000000,Female,Black,35,NULL,NULL,NULL,Not of Hispanic Origin,,0,MA,,NULL
,30686204757,FC21004807,2021-12-22 23:19:00.0000000,Female,Black,35,NULL,NULL,NULL,Not of Hispanic Origin,,0,MA,,0
,30686207104,FC21004807,2021-12-22 23:19:00.0000000,Male,Black,32,Medium,Short,Dark,Not of Hispanic Origin,,0,MA,"ID - Had a License, now has ID",0
,30686467359,FC21004808,2021-12-22 21:23:00.0000000,Male,Black,27,Medium,NULL,NULL,Not of Hispanic Origin,,0,MA,Class D,0
,30686469727,FC21004808,2021-12-22 21:23:00.0000000,Female,Black,22,NULL,NULL,NULL,NULL,,0,MA,Personal Driver License,0
,30686613939,FC21004809,2021-12-23 08:51:00.0000000,Male,White,39,NULL,NULL,NULL,Hispanic Origin,,0,MA,"ID - Had a License, now has ID",1
,30686713201,FC21004810,2021-12-22 12:47:00.0000000,Male,Black,32,Medium,Short,Light Brown,Not of Hispanic Origin,,0,MA,,1
,30687377201,FC21004811,2021-12-23 11:59:00.0000000,Male,White,48,NULL,NULL,NULL,Not of Hispanic Origin,,0,MA,Class D,0
,30688680525,FC21004812,2021-12-23 14:33:00.0000000,Female,White,25,NULL,NULL,NULL,Not of Hispanic Origin,,0,MA,Other: Suspended,0
,30689314397,FC21004813,2021-12-23 14:07:00.0000000,Male,Black,21,Thin,NULL,Dark Brown,Not of Hispanic Origin,,0,MA,Class D,0
,30689431248,FC21004813,2021-12-23 14:07:00.0000000,Male,Black,24,Thin,NULL,NULL,Not of Hispanic Origin,,0,MA,,0
,30690464226,FC21004814,2021-12-23 19:45:00.0000000,Male,White,60,Thin,Unkempt,Fair,Not of Hispanic Origin,,0,MA,,1
,30690843370,FC21004815,2021-12-23 00:00:00.0000000,Male,Black,24,Medium,Dreadlocks,NULL,Not of Hispanic Origin,,0,MA,,0
,30690895296,FC21004816,2021-12-23 19:06:00.0000000,Male,Unknown,32,NULL,NULL,NULL,Unknown,,0,MA,Class D,1
,30691167216,FC21004817,2021-12-23 21:24:00.0000000,Male,Black,44,Muscular,NULL,NULL,Not of Hispanic Origin,,0,MA,,1
,30691338267,FC21004818,2021-12-23 20:49:00.0000000,Male,Black,33,Muscular,Braided,Medium Brown,Not of Hispanic Origin,,0,MA,Class D,0
,30691419583,FC21004819,2021-12-17 22:21:00.0000000,Male,White,32,Thin,Receding or Slightly Receding,Fair,Not of Hispanic Origin,,0,MA,Class D,1
,30691451166,FC21004820,2021-12-19 13:43:00.0000000,Male,White,32,Thin,Receding or Slightly Receding,Fair,Not of Hispanic Origin,,0,MA,Class D,0
,30693559063,FC21004821,2021-12-24 02:15:00.0000000,Male,Black,36,Medium,Curly,Medium Brown,Not of Hispanic Origin,,0,MA,Class D,1
,30693562542,FC21004821,2021-12-24 02:15:00.0000000,Male,Black,25,Medium,Braided,Light Brown,Hispanic Origin,,0,MA,,1
,30693652684,FC21004822,2021-12-24 01:04:00.0000000,Male,Black,60,Medium,NULL,NULL,Not of Hispanic Origin,,0,MA,,1
,30693652881,FC21004822,2021-12-24 01:04:00.0000000,Male,White,59,Medium,NULL,NULL,Not of Hispanic Origin,,0,MA,"ID - Had a License, now has ID",1
,30697033009,FC21004823,2021-12-24 18:42:00.0000000,Male,Unknown,21,NULL,NULL,NULL,NULL,,0,NULL,,0
,30700577870,FC21004824,2021-12-25 09:47:00.0000000,Male,Black,31,NULL,NULL,NULL,Not of Hispanic Origin,,0,NULL,,0
,30702903190,FC21004825,2021-12-25 21:27:00.0000000,Male,White,47,NULL,NULL,NULL,Hispanic Origin,,0,NULL,,0
,30703719832,FC21004826,2021-12-26 00:19:00.0000000,Male,Black,21,Medium,Dreadlocks,Light,Not of Hispanic Origin,,0,MA,Class D,1
,30703728017,FC21004826,2021-12-26 00:19:00.0000000,Female,White,18,NULL,NULL,NULL,Hispanic Origin,,0,MA,Class D,NULL
,30707118143,FC21004827,2021-12-26 16:20:00.0000000,Male,White,23,Thin,Curly,Light Brown,NULL,,0,MA,,0
,30708692915,FC21004829,2021-12-26 10:33:00.0000000,Male,Black,60,Thin,NULL,NULL,Not of Hispanic Origin,,0,MA,,1
,30710260735,FC21004830,2021-12-27 00:00:00.0000000,Unknown,Unknown,NULL,NULL,NULL,NULL,Unknown,,0,NULL,,0
,30714364849,FC21004832,2021-12-27 17:45:00.0000000,Male,Black,28,Medium,Short,Medium,Not of Hispanic Origin,,0,MA,"ID - Had a License, now has ID",0
,30716131602,FC21004833,2021-12-28 00:15:00.0000000,Male,White,39,Medium,Short,Light,Not of Hispanic Origin,,0,MA,Personal Driver License,0
,30719719708,FC21004834,2021-12-28 13:31:00.0000000,Male,Black,23,NULL,NULL,NULL,Not of Hispanic Origin,,0,MO,,NULL
,30719719708,FC21004834,2021-12-28 13:31:00.0000000,Male,Black,23,NULL,NULL,NULL,Not of Hispanic Origin,,0,MO,,NULL
,30719728656,FC21004834,2021-12-28 13:31:00.0000000,Male,Black,34,Stocky,Short,Medium Brown,Not of Hispanic Origin,,0,MA,ID Only - Never had Personal Driver License,0
,30719871538,FC21004835,2021-12-28 12:22:00.0000000,Male,Black,17,Medium,Short,Dark,Not of Hispanic Origin,,0,MA,None,0
,30719972751,FC21004836,2021-12-27 12:05:00.0000000,Male,Black,NULL,NULL,NULL,NULL,NULL,,0,NULL,,1
,30720697632,FC21004837,2021-12-27 14:31:00.0000000,Male,NULL,52,Medium,NULL,Dark Brown,Not of Hispanic Origin,,0,MA,,1
,30722230299,FC21004838,2021-12-28 18:30:00.0000000,Male,Black,30,Medium,Short,Dark Brown,Not of Hispanic Origin,,0,MA,,1
,30722324367,FC21004839,2021-12-28 19:18:00.0000000,Male,NULL,NULL,NULL,NULL,NULL,NULL,,0,NULL,,NULL
,30722374239,FC21004839,2021-12-28 19:18:00.0000000,Male,White,41,Medium,NULL,NULL,Not of Hispanic Origin,,0,MA,,0
,30722369620,FC21004840,2021-12-28 17:30:00.0000000,Male,Black,36,Thin,NULL,NULL,Not of Hispanic Origin,,0,MA,,0
,30722956403,FC21004842,2021-12-28 21:40:00.0000000,Male,White,27,Thin,NULL,NULL,Not of Hispanic Origin,,0,MA,Class D,0
,30723731570,FC21004844,2021-12-29 00:36:00.0000000,Female,Black,18,NULL,NULL,NULL,Not of Hispanic Origin,,0,MA,ID Only - Never had Personal Driver License,0
,30723736230,FC21004844,2021-12-29 00:36:00.0000000,Male,Black,21,Thin,Afro,Medium Brown,Not of Hispanic Origin,,0,MA,Class D,0
,30724017434,FC21004845,2021-12-28 21:23:00.0000000,Female,Black,42,Thin,NULL,NULL,Not of Hispanic Origin,,0,MA,,0
,30724018713,FC21004845,2021-12-28 21:23:00.0000000,Male,Black,37,Stocky,Dreadlocks,Medium Brown,Not of Hispanic Origin,,0,MA,,NULL
,30724270212,FC21004846,2021-12-28 21:00:00.0000000,Male,Black,44,Medium,NULL,NULL,Not of Hispanic Origin,,0,MA,Class D,1
,30724529804,FC21004848,2021-12-29 04:38:00.0000000,Female,White,35,Medium,NULL,NULL,Not of Hispanic Origin,,0,MA,,0
,30724531392,FC21004848,2021-12-29 04:38:00.0000000,Female,White,52,Medium,NULL,NULL,Not of Hispanic Origin,,0,MA,,0
,30724534739,FC21004848,2021-12-29 04:38:00.0000000,Female,White,30,Medium,NULL,NULL,Not of Hispanic Origin,,0,MA,,0
,30724540894,FC21004848,2021-12-29 04:38:00.0000000,Male,White,54,NULL,NULL,NULL,NULL,,0,MA,,0
,30725332272,FC21004849,2021-12-29 07:56:00.0000000,Male,Black,32,NULL,NULL,NULL,Not of Hispanic Origin,,0,MA,Class D,0
,30725480583,FC21004850,2021-12-28 20:57:00.0000000,Male,Other,43,NULL,NULL,NULL,Not of Hispanic Origin,,0,MA,Class D,NULL
,30725494200,FC21004850,2021-12-28 20:57:00.0000000,Male,Black,35,Medium,Short,Light Brown,Not of Hispanic Origin,,0,MA,"ID - Had a License, now has ID",1
,30725496697,FC21004850,2021-12-28 20:57:00.0000000,Male,Black,34,Thin,Braided,Dark Brown,Not of Hispanic Origin,,0,MA,,0
,30726186666,FC21004851,2021-12-29 10:06:00.0000000,Male,White,37,Medium,Braided,Medium Brown,Hispanic Origin,,0,MA,ID Only - Never had Personal Driver License,1
,30726581776,FC21004852,2021-12-28 16:39:00.0000000,Male,Black,35,NULL,NULL,NULL,NULL,,0,NULL,,0
,30726708146,FC21004853,2021-12-29 12:29:00.0000000,Male,Black,32,NULL,NULL,NULL,Not of Hispanic Origin,,0,IL,ID Only - Never had Personal Driver License,0
,30726790861,FC21004854,2021-12-29 10:50:00.0000000,Male,Black,29,Medium,Short,Medium Brown,NULL,,0,MA,,0
,30727009141,FC21004855,2021-12-29 13:26:00.0000000,Male,Black,53,Medium,NULL,NULL,Not of Hispanic Origin,,0,MA,,0
,30729866132,FC21004856,2021-12-29 21:40:00.0000000,Male,White,39,Medium,Wavy,NULL,NULL,,0,MA,,1
,30730090227,FC21004857,2021-12-29 00:00:00.0000000,Male,Black,18,Heavy,NULL,Dark Brown,Not of Hispanic Origin,,0,MA,,0
,30730091322,FC21004857,2021-12-29 00:00:00.0000000,Male,Black,16,Thin,Wavy,Light Brown,NULL,,0,MA,,0
,30730092367,FC21004857,2021-12-29 00:00:00.0000000,Male,White,17,NULL,NULL,NULL,Hispanic Origin,,0,NULL,,0
,30730095426,FC21004857,2021-12-29 00:00:00.0000000,Male,Black,20,Thin,Dreadlocks,Light Brown,Hispanic Origin,,0,MA,ID Only - Never had Personal Driver License,0
,30731733514,FC21004858,2021-12-30 01:16:00.0000000,Male,White,49,NULL,NULL,NULL,Not of Hispanic Origin,,0,MA,ID Only - Never had Personal Driver License,0
,30733123599,FC21004859,2021-12-30 09:50:00.0000000,Male,Black,55,Heavy,NULL,NULL,Not of Hispanic Origin,,0,MA,,0
,30733477518,FC21004860,2021-12-30 09:35:00.0000000,Male,White,59,Heavy,Short,NULL,Unknown,,0,MA,,1
,30734250850,FC21004861,2021-12-30 00:00:00.0000000,Female,White,53,NULL,NULL,NULL,Not of Hispanic Origin,,0,MA,Class D,0
,30734263618,FC21004861,2021-12-30 00:00:00.0000000,Male,White,NULL,NULL,NULL,NULL,Not of Hispanic Origin,,0,NULL,,0
,30735687854,FC21004862,2021-12-30 10:34:00.0000000,Male,Black,24,Thin,NULL,NULL,Not of Hispanic Origin,,0,MA,Class D,0
,30736324741,FC21004863,2021-12-30 16:18:00.0000000,Female,Black,53,Medium,NULL,NULL,Hispanic Origin,,0,MA,,1
,30736324972,FC21004863,2021-12-30 16:18:00.0000000,Male,Black,24,Thin,Braided,Light,Not of Hispanic Origin,,0,MA,ID Only - Never had Personal Driver License,0
,30736325305,FC21004863,2021-12-30 16:18:00.0000000,Male,NULL,34,Thin,Wavy,Light Brown,Hispanic Origin,,0,MA,ID Only - Never had Personal Driver License,1
,30736672320,FC21004864,2021-12-30 18:10:00.0000000,Male,White,39,NULL,NULL,NULL,Unknown,,0,NULL,,NULL
,30736695774,FC21004864,2021-12-30 18:10:00.0000000,Female,White,28,Medium,Straight,Light,Not of Hispanic Origin,,0,MA,,1
,30737032312,FC21004865,2021-12-30 20:25:00.0000000,Male,Black,64,Thin,Curly,Brown,Hispanic Origin,,0,MA,,0
,30737032466,FC21004865,2021-12-30 20:25:00.0000000,Female,White,35,Thin,Straight,Light,Not of Hispanic Origin,,0,MA,,0
,30739688800,FC21004866,2021-12-31 01:07:00.0000000,Male,Black,32,NULL,NULL,NULL,Not of Hispanic Origin,,0,MA,None,0
,30739714094,FC21004867,2021-12-31 02:27:00.0000000,Male,White,35,Thin,Short,Light,NULL,,0,MA,,0
,30739715701,FC21004867,2021-12-31 02:27:00.0000000,Male,White,63,NULL,NULL,NULL,Not of Hispanic Origin,,0,NULL,,0
,30739718618,FC21004867,2021-12-31 02:27:00.0000000,Female,White,30,NULL,NULL,NULL,Not of Hispanic Origin,,0,MA,Class D,0
,30739722018,FC21004867,2021-12-31 02:27:00.0000000,Female,White,31,Thin,NULL,NULL,NULL,,0,MA,,0
,30742404188,FC21004869,2021-12-31 00:00:00.0000000,Male,Unknown,25,NULL,NULL,NULL,Unknown,,0,NULL,,0
,30742729761,FC21004870,2021-12-31 18:33:00.0000000,Male,Black,38,Medium,Curly,Medium,Not of Hispanic Origin,,0,MA,,0
,30743455900,FC21004871,2021-12-31 22:35:00.0000000,Male,Black,22,Medium,Short,Light Brown,Unknown,,0,MA,Class D,0
,30743460080,FC21004871,2021-12-31 22:35:00.0000000,Male,Black,24,NULL,NULL,NULL,Not of Hispanic Origin,,0,MA,,0
,30743465416,FC21004871,2021-12-31 22:35:00.0000000,Male,Black,24,Thin,NULL,NULL,Not of Hispanic Origin,,0,MA,,0
,30743470538,FC21004871,2021-12-31 22:35:00.0000000,Male,Black,22,Thin,NULL,NULL,Hispanic Origin,,0,MA,"ID - Had a License, now has ID",0
,30743483750,FC21004871,2021-12-31 22:35:00.0000000,Male,Black,24,Thin,Unkempt,NULL,NULL,,0,MA,,0
,30745985183,FC22000002,2021-12-31 01:30:00.0000000,Male,White,65,Thin,NULL,NULL,Not of Hispanic Origin,,0,MA,,0
,30752806987,FC22000011,2021-12-30 14:00:00.0000000,Male,Black,48,NULL,NULL,NULL,NULL,,0,NULL,,0
,30770196016,FC22000027,2021-12-30 12:00:00.0000000,Male,White,27,Medium,NULL,NULL,Hispanic Origin,,0,MA,Class D,0
,30774788389,FC22000033,2021-12-29 12:14:00.0000000,Male,Black,64,Stocky,NULL,NULL,Not of Hispanic Origin,,0,MA,,1
,30774794840,FC22000033,2021-12-29 12:14:00.0000000,Female,Black,38,Thin,NULL,NULL,Not of Hispanic Origin,,0,MA,,1
,30774809775,FC22000033,2021-12-29 12:14:00.0000000,Male,Black,48,NULL,NULL,NULL,Not of Hispanic Origin,,0,NULL,,1
,31065591501,FC22000072,2021-12-24 13:29:00.0000000,Female,Black,33,NULL,NULL,NULL,Unknown,,0,MA,Class D,NULL
,31065595131,FC22000072,2021-12-24 13:29:00.0000000,Male,Black,35,Medium,NULL,NULL,Not of Hispanic Origin,,0,MA,Class D,0
