recnum,person_id,fc_num,contact_date,sex,race,age,build,hair_style,skin_tone,ethnicity,otherclothing,deceased,license_state,license_type,was_frisked
,60190773916,FC24004237,11:00.0,Male,Black,42,NULL,NULL,NULL,Not of Hispanic Origin,,0,MA,Class D,0
,60193617661,FC24004240,59:00.0,Male,Black,36,NULL,NULL,NULL,Not of Hispanic Origin,,0,MA,Class D,0
,60197515405,FC24004242,40:00.0,Female,Black,45,NULL,NULL,NULL,Not of Hispanic Origin,,0,MA,ID Only - Never had Personal Driver License,0
,60201396297,FC24004248,30:00.0,Male,Black,37,Medium,Braided,Light Brown,Hispanic Origin,,0,MA,,NULL
,60201398347,FC24004248,30:00.0,Male,Black,15,NULL,NULL,NULL,Not of Hispanic Origin,,0,NULL,,0
,60201398920,FC24004248,30:00.0,Male,Black,18,Heavy,Short,Medium Brown,Not of Hispanic Origin,,0,MA,,0
,60201615812,FC24004249,00:00.0,Male,Black,36,Medium,Short,Dark,Not of Hispanic Origin,,0,MA,Class D,0
,60216085889,FC24004258,00:00.0,Male,Black,36,Medium,NULL,NULL,Not of Hispanic Origin,,0,MA,,0
,60217654227,FC24004264,00:00.0,Male,White,43,Thin,Short,OTHER,Not of Hispanic Origin,,0,MA,Class D,1
,60218687238,FC24004265,00:00.0,Male,Black,32,Thin,Short,Dark Brown,Not of Hispanic Origin,,0,MA,Class D,0
,60218692452,FC24004265,00:00.0,Male,Black,29,Medium,Dreadlocks,Dark Brown,Not of Hispanic Origin,,0,MA,,0
,60219161221,FC24004267,00:00.0,Male,White,14,NULL,NULL,NULL,Hispanic Origin,,0,NULL,,1
,60219162167,FC24004267,00:00.0,Male,Black,16,Thin,NULL,Dark Brown,Unknown,,0,NULL,,1
,60227770268,FC24004267,00:00.0,Male,Black,NULL,NULL,NULL,NULL,NULL,,0,NULL,,1
,60219838384,FC24004272,51:00.0,Male,Black,35,Thin,Braided,NULL,Not of Hispanic Origin,,0,MA,Class D,1
,60222380252,FC24004274,09:00.0,Male,White,42,NULL,NULL,NULL,NULL,,0,MA,,1
,60222383635,FC24004274,09:00.0,Female,White,31,NULL,NULL,NULL,Not of Hispanic Origin,,0,MA,Class D,0
,60227086790,FC24004277,25:00.0,Male,Asian,67,Medium,Straight,Medium,Not of Hispanic Origin,,0,NULL,,0
,60228921764,FC24004279,38:00.0,Male,White,41,Medium,NULL,NULL,Not of Hispanic Origin,,0,MA,,0
,60228924672,FC24004279,38:00.0,Female,White,36,NULL,NULL,NULL,Not of Hispanic Origin,,0,MA,Class D,0
,60229271983,FC24004280,27:00.0,Male,White,53,Medium,Short,Light,Not of Hispanic Origin,,0,MA,,0
,60229271983,FC24004280,27:00.0,Male,White,53,Medium,Short,Light,Not of Hispanic Origin,,0,MA,,NULL
,60249992995,FC24004288,54:00.0,Female,Black,38,NULL,NULL,NULL,Hispanic Origin,,0,MA,Class D,0
,60250790181,FC24004291,30:00.0,Male,Black,36,Medium,Curly,NULL,Unknown,,0,MA,,1
,60264889211,FC24004295,00:00.0,Male,Black,20,NULL,NULL,NULL,NULL,,0,NULL,,1
,60299537018,FC24004296,59:00.0,Male,White,43,Thin,Short,OTHER,Not of Hispanic Origin,,0,MA,Class D,0
,60299010525,FC24004301,00:00.0,Male,Black,24,Medium,Dreadlocks,Dark,Not of Hispanic Origin,,0,MA,,1
,60299019695,FC24004301,00:00.0,Male,Black,24,Thin,NULL,NULL,Not of Hispanic Origin,,0,MA,Class D,1
,60299051114,FC24004301,00:00.0,Male,Black,22,Thin,NULL,Medium Brown,Not of Hispanic Origin,,0,MA,ID Only - Never had Personal Driver License,1
,60299067817,FC24004301,00:00.0,Male,Black,28,Heavy,Unkempt,Medium Brown,Not of Hispanic Origin,,0,MA,,1
,60299089006,FC24004301,00:00.0,Male,Black,25,Medium,Short,Medium Brown,Not of Hispanic Origin,,0,MA,,NULL
,60311032796,FC24004307,30:00.0,Female,White,43,NULL,NULL,NULL,Unknown,,0,MA,Class D,1
,60311047073,FC24004307,30:00.0,Male,White,33,Thin,NULL,NULL,Hispanic Origin,,0,MA,,0
,60311163933,FC24004309,00:00.0,Male,Black,25,Thin,Short,NULL,Not of Hispanic Origin,,0,MA,Class D,0
,60311164800,FC24004309,00:00.0,Male,Black,25,Medium,NULL,NULL,Not of Hispanic Origin,,0,MA,Class D,0
,60317005347,FC24004312,04:00.0,Male,Unknown,53,NULL,NULL,NULL,Hispanic Origin,,0,MA,Class D,0
,60317065411,FC24004312,04:00.0,Male,Unknown,42,NULL,NULL,NULL,Hispanic Origin,,0,OTH,Other: unknown,0
,60317095671,FC24004312,04:00.0,Female,Unknown,46,NULL,NULL,NULL,Hispanic Origin,,0,NULL,,0
,60325330482,FC24004315,35:00.0,Male,Black,25,Heavy,NULL,NULL,Hispanic Origin,,0,MA,,0
,60328107607,FC24004320,13:00.0,Male,White,33,Medium,NULL,NULL,Hispanic Origin,,0,MA,,0
,60328133294,FC24004320,13:00.0,Male,White,27,Medium,NULL,NULL,Hispanic Origin,,0,MA,Class D,0
,60328142564,FC24004320,13:00.0,Male,White,31,Thin,Braided,Light,Hispanic Origin,,0,MA,Class D,0
,60328103652,FC24004321,00:00.0,Male,White,38,Medium,Straight,Light,Not of Hispanic Origin,,0,MA,,1
,60328111219,FC24004321,00:00.0,Male,White,33,Medium,Short,Light,NULL,,0,MA,,1
,60328609540,FC24004322,37:00.0,Male,Black,17,Thin,NULL,Light Brown,Hispanic Origin,,0,MA,,0
,60328610248,FC24004322,37:00.0,Male,White,20,NULL,NULL,NULL,Hispanic Origin,,0,MA,Instruction Permit,NULL
,60349024763,FC24004327,15:00.0,Male,White,45,NULL,NULL,NULL,Unknown,,0,NULL,,0
,60356759934,FC24004332,00:00.0,Male,White,41,NULL,NULL,NULL,Unknown,,0,MA,"ID - Had a License, now has ID",1
,60226264239,FC24004276,00:00.0,Male,White,36,Thin,NULL,NULL,Not of Hispanic Origin,,0,MA,,NULL
,60237621039,FC24004283,00:00.0,Male,Asian,18,Thin,NULL,Light Brown,Hispanic Origin,,0,MA,,0
,60237627296,FC24004283,00:00.0,Male,Black,24,Thin,Short,Dark,Unknown,,0,MA,,0
,60239060355,FC24004285,23:00.0,Male,Black,23,NULL,NULL,NULL,Not of Hispanic Origin,,0,MA,ID Only - Never had Personal Driver License,1
,60239102128,FC24004285,23:00.0,Male,Black,22,NULL,NULL,NULL,Not of Hispanic Origin,,0,MA,Instruction Permit,1
,60249916129,FC24004287,15:00.0,Female,Black,32,Medium,Braided,Medium Brown,Not of Hispanic Origin,,0,MA,,0
,60250113102,FC24004290,41:00.0,Male,Unknown,12,NULL,NULL,NULL,Unknown,,0,NULL,,1
,60250113793,FC24004290,41:00.0,Male,White,17,Medium,NULL,NULL,Hispanic Origin,,0,MA,,1
,60250928733,FC24004292,00:00.0,Male,Black,34,NULL,NULL,NULL,Not of Hispanic Origin,,0,NULL,,NULL
,60250981193,FC24004292,00:00.0,Male,Black,42,Medium,NULL,NULL,Not of Hispanic Origin,,0,MA,,0
,60261304603,FC24004293,10:00.0,Male,Unknown,21,NULL,NULL,NULL,Hispanic Origin,,0,VT,Class D,0
,60273227115,FC24004298,56:00.0,Male,White,40,Medium,Short,Light,Not of Hispanic Origin,,0,MA,,0
,60316992506,FC24004311,06:00.0,Male,Black,31,Heavy,Braided,Dark,Not of Hispanic Origin,,0,MA,,0
,60317011645,FC24004311,06:00.0,Male,Black,30,Medium,NULL,NULL,Not of Hispanic Origin,,0,MA,Class D,0
,60317212605,FC24004313,14:00.0,Male,Unknown,42,NULL,NULL,NULL,Unknown,,0,MA,,1
,60208819335,FC24004253,00:00.0,Male,White,20,NULL,NULL,NULL,Unknown,,0,NULL,,0
,60216097954,FC24004259,46:00.0,Male,Black,18,Heavy,Short,Medium Brown,Not of Hispanic Origin,,0,MA,,0
,60216099113,FC24004259,46:00.0,Female,Black,21,NULL,NULL,NULL,NULL,,0,MA,,0
,60216100150,FC24004259,46:00.0,Male,White,16,Thin,Curly,Light,Hispanic Origin,,0,MA,None,0
,60216101026,FC24004259,46:00.0,Female,Black,15,NULL,NULL,NULL,Not of Hispanic Origin,,0,NULL,,0
,60216156574,FC24004259,46:00.0,Male,White,67,Medium,NULL,NULL,Not of Hispanic Origin,,0,MA,,NULL
,60216170205,FC24004259,46:00.0,Female,Black,38,Stocky,NULL,NULL,Not of Hispanic Origin,,0,MA,,NULL
,60216791619,FC24004261,45:00.0,Male,Black,26,Thin,Braided,NULL,Not of Hispanic Origin,,0,MA,,0
,60237591260,FC24004282,51:00.0,Male,Black,21,Medium,Braided,Medium Brown,Not of Hispanic Origin,,0,MA,Class D,0
,60239456726,FC24004286,53:00.0,Male,Unknown,29,NULL,NULL,NULL,Unknown,,0,NY,Other: E,0
,60239493010,FC24004286,53:00.0,Male,Unknown,33,NULL,NULL,NULL,Unknown,,0,NY,Class D,0
,60250054018,FC24004289,59:00.0,Male,Black,26,Thin,NULL,NULL,Not of Hispanic Origin,,0,MA,,1
,60273959395,FC24004299,36:00.0,Male,Black,20,Thin,Dreadlocks,Medium Brown,Not of Hispanic Origin,,0,MA,,0
,60273960593,FC24004299,36:00.0,Male,Black,23,Medium,Dreadlocks,Light Brown,Hispanic Origin,,0,MA,ID Only - Never had Personal Driver License,0
,60274041345,FC24004300,00:00.0,Male,Black,48,Heavy,Bald or Balding,Medium Brown,Not of Hispanic Origin,,0,MA,,1
,60308645043,FC24004302,30:00.0,Male,Black,35,Thin,Braided,NULL,Not of Hispanic Origin,,0,MA,Class D,0
,60308564454,FC24004303,11:00.0,Male,Black,27,NULL,NULL,NULL,Unknown,,0,MA,Class D,1
,60308571371,FC24004303,11:00.0,Male,Black,36,Medium,NULL,NULL,Not of Hispanic Origin,,0,MA,,NULL
,60308847716,FC24004303,11:00.0,Male,Black,21,NULL,NULL,NULL,Unknown,,0,MA,Class D,NULL
,60309785038,FC24004304,00:00.0,Male,NULL,27,Thin,Dreadlocks,Medium,Not of Hispanic Origin,,0,MA,,0
,60310901890,FC24004306,30:00.0,Male,Black,31,Medium,NULL,NULL,Not of Hispanic Origin,,0,MA,Class D,0
,60311067709,FC24004308,00:00.0,Male,Black,15,Thin,Short,NULL,Not of Hispanic Origin,,0,MA,,0
,60325372245,FC24004316,30:00.0,Male,Black,21,Thin,Afro,Light Brown,Not of Hispanic Origin,,0,MA,ID Only - Never had Personal Driver License,0
,60325375576,FC24004316,30:00.0,Male,Black,18,Medium,Afro,NULL,Unknown,,0,MA,,0
,60325379364,FC24004316,30:00.0,Male,Asian,18,Thin,NULL,Light Brown,Hispanic Origin,,0,MA,,0
,60325383269,FC24004316,30:00.0,Male,Black,33,Thin,NULL,Medium,Not of Hispanic Origin,,0,MA,,0
,60325387251,FC24004316,30:00.0,Male,White,20,Thin,Wavy,Fair,Unknown,,0,MA,,0
,60325395740,FC24004316,30:00.0,Male,White,27,Thin,NULL,NULL,Hispanic Origin,,0,MA,ID Only - Never had Personal Driver License,0
,60325399296,FC24004316,30:00.0,Male,Black,19,Thin,Curly,NULL,NULL,,0,MA,ID Only - Never had Personal Driver License,0
,60384501843,FC24004318,45:00.0,Male,Black,25,Thin,Short,Dark Brown,Not of Hispanic Origin,,0,MA,Class D,0
,60384505013,FC24004318,45:00.0,Male,White,25,Thin,Afro,Light Brown,Hispanic Origin,,0,MA,"ID - Had a License, now has ID",0
,60384505852,FC24004318,45:00.0,Male,Black,25,Thin,Short,NULL,Not of Hispanic Origin,,0,MA,Class D,0
,60384512669,FC24004318,45:00.0,Male,NULL,16,NULL,NULL,NULL,NULL,,0,NULL,,0
,60355208956,FC24004331,46:00.0,Female,White,39,Medium,Curly,Light,NULL,,0,MA,,1
,60355215708,FC24004331,46:00.0,Male,White,43,Medium,Short,Light,Not of Hispanic Origin,,0,MA,,1
,60357945329,FC24004333,04:00.0,Male,White,20,NULL,NULL,NULL,NULL,,0,NULL,,1
,60380947350,FC24004361,01:00.0,Male,Unknown,20,NULL,NULL,NULL,NULL,,0,MA,No License - Record Only,1
,60380959472,FC24004361,01:00.0,Male,Unknown,18,NULL,NULL,NULL,NULL,,0,MA,Class D,1
,60424265505,FC24004387,31:00.0,Female,Black,34,NULL,NULL,NULL,Unknown,,0,NULL,,0
,60481060821,FC24004392,30:00.0,Male,Black,47,Thin,Short,Dark Brown,Not of Hispanic Origin,,0,MA,"ID - Had a License, now has ID",0
,60481912524,FC24004392,30:00.0,Male,Black,50,Muscular,NULL,NULL,Not of Hispanic Origin,,0,MA,,0
,60491796046,FC24004393,30:00.0,Male,Black,34,Average,Short,Dark,Not of Hispanic Origin,,0,MA,,1
,60491830845,FC24004393,30:00.0,Male,Black,46,Stocky,NULL,NULL,Not of Hispanic Origin,,0,MA,,NULL
,60499758874,FC24004394,38:00.0,Male,Black,53,Medium,NULL,NULL,Not of Hispanic Origin,,0,MA,,0
,60325407655,FC24004316,30:00.0,Male,Black,24,Thin,Afro,Dark,Not of Hispanic Origin,,0,MA,,0
,60325409080,FC24004316,30:00.0,Male,Black,16,Thin,NULL,Light,NULL,,0,MA,,0
,60325413077,FC24004316,30:00.0,Male,Black,30,Medium,Short,Light Brown,Not of Hispanic Origin,,0,MA,ID Only - Never had Personal Driver License,0
,60325433982,FC24004317,15:00.0,Female,White,NULL,NULL,NULL,NULL,Hispanic Origin,,0,NULL,,NULL
,60325443015,FC24004317,15:00.0,Male,White,49,Medium,NULL,NULL,Not of Hispanic Origin,,0,MA,,0
,60330556000,FC24004323,20:00.0,Male,Black,19,NULL,NULL,NULL,Not of Hispanic Origin,,0,NULL,,1
,60335757481,FC24004325,20:00.0,Male,Black,40,Stocky,NULL,NULL,Not of Hispanic Origin,,0,MA,,1
,60354885445,FC24004330,30:00.0,Male,Black,18,Heavy,Short,Medium Brown,Not of Hispanic Origin,,0,MA,,0
,60354894224,FC24004330,30:00.0,Male,White,16,Thin,Curly,Light,Hispanic Origin,,0,MA,None,0
,60359210143,FC24004335,50:00.0,Female,White,36,Thin,Straight,Light,Not of Hispanic Origin,,0,MA,Class D,0
,60359221528,FC24004335,50:00.0,Male,White,42,Thin,NULL,Light,Not of Hispanic Origin,,0,MA,"ID - Had a License, now has ID",0
,60359550422,FC24004338,15:00.0,Male,Black,17,NULL,NULL,NULL,Hispanic Origin,,0,NULL,,1
,60359552206,FC24004338,15:00.0,Male,Black,17,NULL,NULL,NULL,Not of Hispanic Origin,,0,NULL,,1
,60359553676,FC24004338,15:00.0,Male,Black,18,NULL,NULL,NULL,NULL,,0,NULL,,1
,60360168452,FC24004341,30:00.0,Male,Black,21,Thin,Dreadlocks,Dark Brown,Not of Hispanic Origin,,0,MA,,0
,60310802927,FC24004305,38:00.0,Male,Black,22,NULL,NULL,NULL,Not of Hispanic Origin,,0,MA,,0
,60310803408,FC24004305,38:00.0,Female,Black,20,Medium,Braided,Medium Brown,Not of Hispanic Origin,,0,MA,,0
,60316155518,FC24004310,00:00.0,Male,White,64,Medium,Bald or Balding,Light,Not of Hispanic Origin,,0,MA,,0
,60316722861,FC24004310,00:00.0,Male,Black,33,Thin,Short,Light Brown,Hispanic Origin,,0,MA,Class D,0
,60318618248,FC24004314,00:00.0,Male,White,18,Thin,Curly,Light,Hispanic Origin,,0,MA,,1
,60318621334,FC24004314,00:00.0,Male,Black,17,NULL,NULL,NULL,Not of Hispanic Origin,,0,MA,,1
,60318630589,FC24004314,00:00.0,Male,Black,18,Thin,NULL,Medium Brown,NULL,,0,MA,,0
,60326991195,FC24004319,00:00.0,Male,White,39,Thin,Receding or Slightly Receding,Light,Not of Hispanic Origin,,0,MA,Class D,1
,60334734575,FC24004324,00:00.0,Male,Unknown,31,NULL,NULL,NULL,NULL,,0,NULL,,1
,60349234936,FC24004328,00:00.0,Male,White,44,NULL,NULL,NULL,NULL,,0,NULL,,0
,60352848504,FC24004329,00:00.0,Male,Black,21,Thin,Afro,Light Brown,Not of Hispanic Origin,,0,MA,ID Only - Never had Personal Driver License,0
,60359214797,FC24004336,05:00.0,Male,White,46,NULL,NULL,NULL,NULL,,0,NULL,,1
,60359368728,FC24004337,50:00.0,Male,White,32,NULL,NULL,NULL,Not of Hispanic Origin,,0,MA,Class D,1
,60359991290,FC24004339,15:00.0,Male,Black,54,Medium,Short,Medium Brown,Not of Hispanic Origin,,0,MA,Class D,0
,60368875641,FC24004349,22:00.0,Male,White,39,Thin,NULL,NULL,Not of Hispanic Origin,,0,MA,,0
,60368877466,FC24004349,22:00.0,Female,White,38,Heavy,NULL,NULL,Unknown,,0,MA,,1
,60378363200,FC24004357,20:00.0,Male,Black,35,Medium,Short,Dark,NULL,,0,MA,,0
,60378364622,FC24004357,20:00.0,Male,Black,27,Thin,Braided,Medium Brown,Not of Hispanic Origin,,0,MA,,0
,60378430776,FC24004358,30:00.0,Male,Black,21,Thin,Curly,Light,Not of Hispanic Origin,,0,MA,,0
,60378445531,FC24004358,30:00.0,Male,Black,19,Thin,Afro,Light Brown,Hispanic Origin,,0,MA,,0
,60379138404,FC24004358,30:00.0,Male,Black,18,Thin,Afro,Light Brown,NULL,,0,MA,ID Only - Never had Personal Driver License,0
,60379140725,FC24004358,30:00.0,Male,White,19,Thin,Curly,Light,NULL,,0,MA,,0
,60389500106,FC24004368,13:00.0,Male,Black,31,Thin,Short,Medium Brown,Unknown,,0,MA,,1
,60389517022,FC24004368,13:00.0,Male,Black,37,Thin,NULL,NULL,Hispanic Origin,,0,MA,,1
,60389518942,FC24004368,13:00.0,Male,White,45,Thin,Short,Light,Not of Hispanic Origin,,0,MA,Class D,1
,60389752416,FC24004368,13:00.0,Female,White,39,Medium,Straight,Light,Not of Hispanic Origin,,0,MA,,1
,60389769430,FC24004368,13:00.0,Male,White,38,NULL,NULL,NULL,Not of Hispanic Origin,,0,NULL,,1
,60390300868,FC24004371,00:00.0,Male,NULL,27,Thin,Dreadlocks,Medium,Not of Hispanic Origin,,0,MA,,0
,60396771463,FC24004373,42:00.0,Male,Black,27,Medium,Dreadlocks,Medium Brown,Not of Hispanic Origin,,0,MA,Class D,0
,60356776271,FC24004332,00:00.0,Female,White,50,Thin,Straight,Light,Not of Hispanic Origin,,0,MA,,1
,60358188959,FC24004334,00:00.0,Male,Black,20,Thin,Curly,Medium Brown,NULL,,0,MA,Class D,0
,60358200320,FC24004334,00:00.0,Male,White,23,NULL,NULL,NULL,Hispanic Origin,,0,MA,ID Only - Never had Personal Driver License,0
,60358202523,FC24004334,00:00.0,Female,White,16,Thin,Wavy,Medium,NULL,,0,MA,,1
,60358225065,FC24004334,00:00.0,Female,Other,42,NULL,NULL,NULL,NULL,,0,MA,Class D,0
,60360107630,FC24004340,40:00.0,Male,Black,29,Medium,Corn Rows,Dark Brown,Not of Hispanic Origin,,0,MA,"ID - Had a License, now has ID",1
,60360133808,FC24004340,40:00.0,Female,Unknown,21,NULL,NULL,NULL,Unknown,,0,MA,Class D,NULL
,60361059422,FC24004342,30:00.0,Male,Black,25,Thin,Dreadlocks,Light Brown,Not of Hispanic Origin,,0,MA,Other: Suspended ,0
,60362550144,FC24004343,42:00.0,Male,Black,NULL,NULL,NULL,NULL,NULL,,0,NULL,,0
,60362986322,FC24004344,16:00.0,Male,Black,23,Thin,NULL,NULL,Not of Hispanic Origin,,0,MA,,1
,60362989391,FC24004344,16:00.0,Male,Black,26,Thin,NULL,NULL,Not of Hispanic Origin,,0,MA,,1
,60365983447,FC24004346,00:00.0,Male,Asian,36,Medium,Short,Light,Not of Hispanic Origin,,0,MA,ID Only - Never had Personal Driver License,0
,60365984573,FC24004346,00:00.0,Male,White,66,Average,Combed Back,Fair,Not of Hispanic Origin,,0,MA,Class D,0
,60365987489,FC24004346,00:00.0,Male,Black,50,Heavy,Bald or Balding,Medium Brown,Not of Hispanic Origin,,0,MA,,0
,60529736386,FC24004398,33:00.0,Male,Black,24,Medium,Short,Medium Brown,Not of Hispanic Origin,,0,MA,ID Only - Never had Personal Driver License,1
,60529751670,FC24004398,33:00.0,Male,Black,23,Thin,NULL,NULL,Not of Hispanic Origin,,0,MA,,1
,60529780515,FC24004398,33:00.0,Female,Black,22,NULL,NULL,NULL,Unknown,,0,MA,Class D,0
,60646040994,FC24004424,46:00.0,Male,NULL,42,Unknown,NULL,NULL,Not of Hispanic Origin,,0,NY,,1
,60662411974,FC24004426,42:00.0,Male,Black,35,Medium,NULL,NULL,Not of Hispanic Origin,,0,MA,,0
,60686945409,FC24004429,00:00.0,Male,White,32,NULL,NULL,NULL,Hispanic Origin,,0,NULL,,0
,60698608071,FC24004430,45:00.0,Male,Black,59,Thin,Short,Dark Brown,Not of Hispanic Origin,,0,MA,ID Only - Never had Personal Driver License,0
,60738648398,FC24004444,00:00.0,Male,Black,53,Medium,NULL,NULL,Not of Hispanic Origin,,0,MA,,NULL
,60738648398,FC24004444,00:00.0,Male,Black,53,Medium,NULL,NULL,Not of Hispanic Origin,,0,MA,,1
,60756359284,FC24004448,25:00.0,Male,Black,36,Thin,Dreadlocks,Dark Brown,Not of Hispanic Origin,,0,MA,Class D,0
,60758276393,FC24004453,30:00.0,Male,Black,28,NULL,NULL,NULL,Not of Hispanic Origin,,0,MA,None,1
,60758304897,FC24004453,30:00.0,Male,Black,30,Medium,Short,Medium Brown,Not of Hispanic Origin,,0,MA,,1
,60758338122,FC24004453,30:00.0,Male,Black,28,Thin,Short,Dark,Not of Hispanic Origin,,0,MA,Class D,1
,60770615933,FC24004458,00:00.0,Male,Black,43,Medium,Short,Medium Brown,Not of Hispanic Origin,,0,MA,,0
,60397676904,FC24004375,56:00.0,Male,White,55,NULL,NULL,NULL,NULL,,0,NULL,,0
,60397719745,FC24004375,56:00.0,Male,NULL,18,NULL,NULL,NULL,NULL,,0,MA,,0
,60398265135,FC24004377,10:00.0,Male,Black,21,Thin,Curly,Light,Not of Hispanic Origin,,0,MA,,0
,60398275659,FC24004377,10:00.0,Male,Black,22,Medium,Short,Dark Brown,Not of Hispanic Origin,,0,MA,Class D,0
,60398586546,FC24004379,15:00.0,Male,Black,30,Medium,Short,Light Brown,Not of Hispanic Origin,,0,MA,ID Only - Never had Personal Driver License,0
,60398588983,FC24004379,15:00.0,Male,Black,27,Thin,Braided,Medium Brown,Not of Hispanic Origin,,0,MA,,0
,60398594351,FC24004379,15:00.0,Male,Black,30,Medium,Short,Light,Not of Hispanic Origin,,0,MA,,0
,60398600732,FC24004379,15:00.0,Male,White,27,Thin,NULL,NULL,Hispanic Origin,,0,MA,ID Only - Never had Personal Driver License,0
,60398612038,FC24004379,15:00.0,Female,White,23,Thin,NULL,Light,Hispanic Origin,,0,MA,,0
,60420969083,FC24004385,20:00.0,Male,Black,36,NULL,NULL,NULL,Unknown,,0,NULL,,0
,60421181814,FC24004385,20:00.0,Male,Black,55,Medium,NULL,NULL,Not of Hispanic Origin,,0,MA,"ID - Had a License, now has ID",0
,60421309697,FC24004385,20:00.0,Male,Black,61,Medium,NULL,NULL,Not of Hispanic Origin,,0,NULL,,0
,60444340055,FC24004388,38:00.0,Male,Black,62,Medium,NULL,NULL,Not of Hispanic Origin,,0,MA,Class D,1
,60444340139,FC24004388,38:00.0,Male,Black,38,Thin,NULL,NULL,Not of Hispanic Origin,,0,MA,Class D,1
,60359999635,FC24004339,15:00.0,Female,White,30,Thin,NULL,NULL,Not of Hispanic Origin,,0,MA,"ID - Had a License, now has ID",0
,60363901796,FC24004345,56:00.0,Male,Black,30,Thin,NULL,NULL,Not of Hispanic Origin,,0,MA,ID Only - Never had Personal Driver License,1
,60363937626,FC24004345,56:00.0,Male,Black,23,NULL,NULL,NULL,NULL,,0,MA,Class D,NULL
,60368574148,FC24004348,30:00.0,Male,White,NULL,NULL,NULL,NULL,Not of Hispanic Origin,,0,NULL,,0
,60371968257,FC24004351,01:00.0,Male,NULL,22,NULL,NULL,NULL,NULL,,0,MA,Class D,0
,60371969468,FC24004351,01:00.0,Male,Black,23,NULL,NULL,NULL,Unknown,,0,MA,ID Only - Never had Personal Driver License,0
,60371970473,FC24004351,01:00.0,Male,Black,22,Thin,NULL,NULL,Not of Hispanic Origin,,0,MA,Class D,0
,60371973001,FC24004351,01:00.0,Male,Black,21,NULL,NULL,NULL,Unknown,,0,MA,,0
,60372234545,FC24004353,30:00.0,Male,Black,19,NULL,NULL,NULL,Hispanic Origin,,0,MA,,0
,60378916122,FC24004359,30:00.0,Male,Black,20,NULL,NULL,NULL,Hispanic Origin,,0,MA,,1
,60378916947,FC24004359,30:00.0,Male,Black,15,Thin,Short,Medium Brown,Not of Hispanic Origin,,0,MA,,1
,60378917638,FC24004359,30:00.0,Male,Black,15,Thin,Short,Dark,Not of Hispanic Origin,,0,MA,,1
,60379952931,FC24004360,05:00.0,Male,Black,28,NULL,NULL,NULL,Unknown,,0,MA,ID Only - Never had Personal Driver License,0
,60388825969,FC24004365,45:00.0,Male,Black,55,Stocky,NULL,NULL,Not of Hispanic Origin,,0,MA,Class D,0
,60389475369,FC24004367,30:00.0,Male,Black,19,Thin,Afro,Light Brown,Hispanic Origin,,0,MA,,0
,60389479262,FC24004367,30:00.0,Male,Black,18,Thin,Afro,Light Brown,NULL,,0,MA,ID Only - Never had Personal Driver License,0
,60389481899,FC24004367,30:00.0,Male,Black,21,Thin,Curly,Light,Not of Hispanic Origin,,0,MA,,0
,60389485311,FC24004367,30:00.0,Male,Black,19,Thin,Curly,Medium Brown,Not of Hispanic Origin,,0,MA,,0
,60397457330,FC24004374,00:00.0,Male,Black,32,Thin,NULL,NULL,Not of Hispanic Origin,,0,MA,,0
,60407357600,FC24004382,55:00.0,Male,Black,57,Muscular,Short,Dark,Not of Hispanic Origin,,0,MA,Class D,1
,60420398442,FC24004384,00:00.0,Male,White,39,Thin,Short,Light,Unknown,,0,MA,ID Only - Never had Personal Driver License,0
,60527563748,FC24004396,30:00.0,Male,Black,33,Thin,Crew Cut,Black,Not of Hispanic Origin,,0,MA,,0
,60528916322,FC24004396,30:00.0,Male,Black,41,Medium,Short,Brown,Not of Hispanic Origin,,0,MA,,0
,60528983152,FC24004396,30:00.0,Male,Black,43,Thin,NULL,NULL,Hispanic Origin,,0,MA,"ID - Had a License, now has ID",0
,60539526922,FC24004400,50:00.0,Male,White,35,Medium,Wavy,Light,Hispanic Origin,,0,MA,,0
,60540500874,FC24004401,40:00.0,Male,White,35,NULL,NULL,NULL,NULL,,0,NULL,,0
,60540463028,FC24004402,16:00.0,Male,Black,13,Obese,NULL,Dark Brown,NULL,,0,MA,,1
,60540477351,FC24004402,16:00.0,Male,Black,13,Thin,Dreadlocks,Light,Not of Hispanic Origin,,0,MA,,0
,60540500857,FC24004402,16:00.0,Male,Black,13,Thin,Afro,NULL,Unknown,,0,MA,,0
,60473948656,FC24004391,31:00.0,Male,White,64,Medium,Bald or Balding,Light,Not of Hispanic Origin,,0,MA,,0
,60474191540,FC24004391,31:00.0,Female,White,47,NULL,NULL,NULL,Not of Hispanic Origin,,0,MA,Class D,0
,60527613080,FC24004397,58:00.0,Male,Black,26,Medium,Braided,Medium Brown,Not of Hispanic Origin,,0,MA,Class D,0
,60552450953,FC24004403,20:00.0,Male,Black,23,Muscular,Braided,Medium,Not of Hispanic Origin,,0,MA,Class D,1
,60552494328,FC24004403,20:00.0,Male,Black,21,NULL,NULL,NULL,Not of Hispanic Origin,,0,MA,Instruction Permit,NULL
,60556943755,FC24004404,40:00.0,Male,Black,23,Thin,Braided,Dark Brown,NULL,,0,MA,,1
,60557237408,FC24004405,32:00.0,Male,Black,43,NULL,NULL,NULL,Not of Hispanic Origin,,0,MA,,0
,60633417741,FC24004414,15:00.0,Male,Black,33,Medium,NULL,NULL,Not of Hispanic Origin,,0,MA,Class D,0
,60638009820,FC24004415,50:00.0,Female,White,32,Medium,Straight,Light,Hispanic Origin,,0,MA,,0
,60637932278,FC24004416,30:00.0,Male,Black,44,Medium,Short,Medium Brown,Not of Hispanic Origin,,0,MA,CDL Class A,0
,60664086848,FC24004427,11:00.0,Male,Black,18,NULL,NULL,NULL,NULL,,0,NULL,,1
,60664133793,FC24004427,11:00.0,Male,Unknown,30,NULL,NULL,NULL,Hispanic Origin,,0,NULL,,NULL
,60709548468,FC24004431,30:00.0,Male,Unknown,18,NULL,NULL,NULL,Hispanic Origin,,0,NULL,,1
,60709556101,FC24004431,30:00.0,Male,Black,17,NULL,NULL,NULL,Hispanic Origin,,0,OTH,ID Only - Never had Personal Driver License,1
,60540538129,FC24004402,16:00.0,Male,Black,13,NULL,NULL,NULL,Unknown,,0,NULL,,0
,60580717942,FC24004407,00:00.0,Male,White,40,Medium,Bald or Balding,NULL,NULL,,0,MA,,0
,60596245402,FC24004409,35:00.0,Male,White,31,NULL,NULL,NULL,Hispanic Origin,,0,NULL,,0
,60628990165,FC24004413,53:00.0,Male,Black,36,Medium,Dreadlocks,Medium Brown,Not of Hispanic Origin,,0,MA,,0
,60629089449,FC24004413,53:00.0,Female,White,65,NULL,NULL,NULL,Not of Hispanic Origin,,0,NULL,,0
,60629156190,FC24004413,53:00.0,Male,Black,38,Heavy,Short,Medium Brown,Not of Hispanic Origin,,0,MA,,0
,60641600203,FC24004419,30:00.0,Male,Black,42,Thin,NULL,NULL,Not of Hispanic Origin,,0,MA,,0
,60641623610,FC24004419,30:00.0,Female,Black,22,Thin,NULL,NULL,Hispanic Origin,,0,MA,"ID - Had a License, now has ID",0
,60641637993,FC24004419,30:00.0,Male,Black,27,Thin,Braided,Medium Brown,Not of Hispanic Origin,,0,MA,,0
,60641656136,FC24004419,30:00.0,Male,Black,30,Medium,Short,Light,Not of Hispanic Origin,,0,MA,,0
,60644416879,FC24004423,30:00.0,Male,White,32,Medium,NULL,Light,Not of Hispanic Origin,,0,MA,"ID - Had a License, now has ID",0
,60660393325,FC24004425,17:00.0,Male,Black,38,Medium,NULL,NULL,Not of Hispanic Origin,,0,MA,Class D,1
,60731402714,FC24004437,00:00.0,Male,Black,33,Thin,NULL,Medium,Not of Hispanic Origin,,0,MA,,0
,60731446795,FC24004437,00:00.0,Male,Black,27,Thin,Braided,Medium Brown,Not of Hispanic Origin,,0,MA,,0
,60366928249,FC24004347,21:00.0,Male,Black,51,NULL,NULL,NULL,NULL,,0,NULL,,0
,60366930262,FC24004347,21:00.0,Male,Black,46,Thin,Short,Medium Brown,Unknown,,0,MA,Class D,0
,60369450214,FC24004350,30:00.0,Male,Black,15,Thin,Dreadlocks,Dark,NULL,,0,MA,,1
,60369460515,FC24004350,30:00.0,Male,Black,14,NULL,NULL,NULL,Not of Hispanic Origin,,0,NULL,,1
,60369462053,FC24004350,30:00.0,Male,Black,14,NULL,NULL,NULL,Not of Hispanic Origin,,0,NULL,,1
,60371969249,FC24004352,10:00.0,Male,White,23,NULL,NULL,NULL,Hispanic Origin,,0,MA,,1
,60371973263,FC24004352,10:00.0,Male,Black,22,Heavy,NULL,Dark,Not of Hispanic Origin,,0,MA,,1
,60374330659,FC24004354,17:00.0,Male,Black,33,Medium,NULL,NULL,Not of Hispanic Origin,,0,MA,Class D,0
,60374330775,FC24004354,17:00.0,Male,Black,35,Medium,Dreadlocks,Medium Brown,NULL,,0,MA,Class D,0
,60376741973,FC24004355,25:00.0,Male,White,44,Muscular,NULL,NULL,Not of Hispanic Origin,,0,MA,,NULL
,60376741973,FC24004355,25:00.0,Male,White,44,Muscular,NULL,NULL,Not of Hispanic Origin,,0,MA,,0
,60377670186,FC24004356,57:00.0,Male,Black,44,Medium,NULL,NULL,Not of Hispanic Origin,,0,MA,,0
,60377723764,FC24004356,57:00.0,Male,Black,35,Thin,Bald or Balding,Medium Brown,Not of Hispanic Origin,,0,MA,,0
,60381751804,FC24004362,01:00.0,Female,White,36,NULL,NULL,NULL,NULL,,0,MA,Class D,0
,60387138426,FC24004363,54:00.0,Male,Black,45,NULL,NULL,NULL,NULL,,0,MA,Class D,0
,60733782239,FC24004439,45:00.0,Male,Black,47,Thin,NULL,NULL,Not of Hispanic Origin,,0,MA,,0
,60736705121,FC24004442,45:00.0,Female,White,46,NULL,NULL,NULL,NULL,,0,MA,,0
,60736705121,FC24004442,45:00.0,Female,White,46,NULL,NULL,NULL,NULL,,0,MA,,NULL
,60738066986,FC24004443,12:00.0,Male,Unknown,32,NULL,NULL,NULL,Unknown,,0,MA,Class D,1
,60749794771,FC24004449,50:00.0,Male,Black,28,NULL,NULL,NULL,Hispanic Origin,,0,MA,Class D,1
,60758060483,FC24004451,46:00.0,Male,Black,35,Thin,Dreadlocks,Dark Brown,Not of Hispanic Origin,,0,MA,No License - Record Only,0
,60758234787,FC24004452,00:00.0,Male,White,40,Medium,Short,NULL,Not of Hispanic Origin,,0,MA,Class D,0
,60767737598,FC24004454,19:00.0,Male,White,45,Medium,NULL,NULL,Not of Hispanic Origin,,0,MA,,0
,60768982505,FC24004455,45:00.0,Female,White,38,Medium,NULL,NULL,Not of Hispanic Origin,,0,MA,"ID - Had a License, now has ID",0
,60768975002,FC24004455,45:00.0,Male,White,39,Thin,NULL,Medium,Not of Hispanic Origin,,0,MA,,0
,60769196566,FC24004456,56:00.0,Male,NULL,NULL,NULL,NULL,NULL,NULL,,0,NULL,,NULL
,60769198934,FC24004456,56:00.0,Male,White,40,Medium,Short,Light,Not of Hispanic Origin,,0,MA,,1
,60769574333,FC24004457,37:00.0,Female,White,19,NULL,NULL,NULL,Hispanic Origin,,0,NULL,,1
,60769572716,FC24004457,37:00.0,Male,White,19,Thin,Curly,Light,NULL,,0,MA,,1
,60769572951,FC24004457,37:00.0,Female,White,18,NULL,NULL,NULL,Not of Hispanic Origin,,0,NULL,,1
,60389337916,FC24004366,49:00.0,Male,Black,16,Thin,Braided,Light Brown,NULL,,0,MA,,1
,60390073583,FC24004369,20:00.0,Male,Black,19,Medium,Braided,Medium,Unknown,,0,MA,,1
,60390085711,FC24004369,20:00.0,Male,Black,21,Thin,Curly,Light,Not of Hispanic Origin,,0,MA,,1
,60390122278,FC24004369,20:00.0,Male,White,20,Thin,Wavy,Light Brown,Hispanic Origin,,0,MA,,1
,60394930149,FC24004372,07:00.0,Female,White,64,Heavy,NULL,NULL,Not of Hispanic Origin,,0,MA,,1
,60398069017,FC24004376,53:00.0,Male,White,32,Medium,Dreadlocks,Light,Not of Hispanic Origin,,0,MA,,0
,60398080741,FC24004376,53:00.0,Male,Black,41,Medium,Braided,Dark,Unknown,,0,MA,Personal Driver License,0
,60398528294,FC24004378,30:00.0,Male,Black,29,Medium,Dreadlocks,Dark Brown,Not of Hispanic Origin,,0,MA,Class D,0
,60398535831,FC24004378,30:00.0,Male,Black,25,Medium,Dreadlocks,Medium Brown,Not of Hispanic Origin,,0,MA,ID Only - Never had Personal Driver License,0
,60398544876,FC24004378,30:00.0,Male,NULL,27,Medium,Short,Medium,Not of Hispanic Origin,,0,MA,,0
,60398546444,FC24004378,30:00.0,Male,Black,28,Stocky,Short,Dark Brown,Not of Hispanic Origin,,0,MA,,0
,60398687752,FC24004380,21:00.0,Male,Black,39,NULL,NULL,NULL,Not of Hispanic Origin,,0,MA,Class D,0
,60398687752,FC24004380,21:00.0,Male,Black,39,NULL,NULL,NULL,Not of Hispanic Origin,,0,MA,Class D,NULL
,60398695596,FC24004380,21:00.0,Female,White,39,NULL,NULL,NULL,Unknown,,0,NULL,,NULL
,60769573838,FC24004457,37:00.0,Male,White,24,NULL,NULL,NULL,Not of Hispanic Origin,,0,NULL,,1
,60770218964,FC24004459,10:00.0,Male,Black,22,Heavy,Dreadlocks,Dark Brown,Not of Hispanic Origin,,0,MA,Class D,0
,60770922970,FC24004463,10:00.0,Male,Black,22,Medium,Dreadlocks,Dark,NULL,,0,MA,,0
,60770925635,FC24004463,10:00.0,Male,Black,20,Thin,NULL,Light Brown,Hispanic Origin,,0,MA,,0
,60771212398,FC24004467,00:00.0,Male,NULL,25,Thin,Dreadlocks,Dark Brown,Not of Hispanic Origin,,0,MA,,1
,60771221687,FC24004467,00:00.0,Male,Black,21,NULL,NULL,NULL,Not of Hispanic Origin,,0,MA,Class D,1
,60771233093,FC24004467,00:00.0,Male,Black,23,Stocky,NULL,NULL,Hispanic Origin,,0,MA,Class D,1
,60771235549,FC24004467,00:00.0,Male,Black,27,Medium,Dreadlocks,Dark Brown,Not of Hispanic Origin,,0,MA,,1
,60772986578,FC24004472,55:00.0,Male,Black,26,Thin,NULL,NULL,Not of Hispanic Origin,,0,MA,Class D,0
,60781091157,FC24004478,43:00.0,Male,Black,46,Stocky,NULL,NULL,Not of Hispanic Origin,,0,MA,,0
,60781093717,FC24004478,43:00.0,Female,White,30,NULL,NULL,NULL,Unknown,,0,MA,,0
,60781405482,FC24004479,30:00.0,Male,Black,23,Thin,Braided,Dark Brown,NULL,,0,MA,,0
,60782247546,FC24004484,55:00.0,Male,White,45,Thin,Short,Light,Not of Hispanic Origin,,0,MA,Class D,1
,60782868186,FC24004487,14:00.0,Male,Black,21,NULL,NULL,NULL,Unknown,,0,NULL,,1
,60789842152,FC24004493,35:00.0,Male,Black,37,Medium,Curly,Light Brown,Not of Hispanic Origin,,0,MA,Class D,0
,60398695596,FC24004380,21:00.0,Female,White,39,NULL,NULL,NULL,Unknown,,0,NULL,,0
,60398698363,FC24004380,21:00.0,Male,Black,67,Thin,NULL,NULL,Not of Hispanic Origin,,0,MA,,NULL
,60398698363,FC24004380,21:00.0,Male,Black,67,Thin,NULL,NULL,Not of Hispanic Origin,,0,MA,,0
,60402260846,FC24004381,00:00.0,Male,Black,16,Thin,Curly,Medium,Not of Hispanic Origin,,0,MA,,1
,60410708517,FC24004383,12:00.0,Male,White,64,Medium,Bald or Balding,Light,Not of Hispanic Origin,,0,MA,,0
,60410708517,FC24004383,12:00.0,Male,White,64,Medium,Bald or Balding,Light,Not of Hispanic Origin,,0,MA,,NULL
,60411447984,FC24004383,12:00.0,Male,White,39,NULL,NULL,NULL,NULL,,0,NULL,,NULL
,60411636365,FC24004383,12:00.0,Female,White,41,NULL,NULL,NULL,Unknown,,0,MA,Class D,NULL
,60444580035,FC24004389,00:00.0,Male,Black,33,Medium,Short,Dark,Not of Hispanic Origin,,0,MA,Class D,1
,60461817063,FC24004390,10:00.0,Male,White,61,NULL,NULL,NULL,Hispanic Origin,,0,NULL,,0
,60503959171,FC24004395,15:00.0,Male,White,40,NULL,NULL,NULL,NULL,,0,MA,,0
,60537492123,FC24004399,25:00.0,Male,White,26,NULL,NULL,NULL,Hispanic Origin,,0,MA,Class D,1
,60558552918,FC24004406,00:00.0,Male,Black,25,Thin,Short,NULL,Not of Hispanic Origin,,0,MA,Class D,0
,60558644575,FC24004406,00:00.0,Male,Black,25,Thin,Short,Dark Brown,Not of Hispanic Origin,,0,MA,Class D,0
,60558772120,FC24004406,00:00.0,Male,Black,25,Thin,Afro,Light Brown,Hispanic Origin,,0,MA,"ID - Had a License, now has ID",0
,60559102852,FC24004406,00:00.0,Male,Black,18,Medium,Dreadlocks,Medium Brown,Unknown,,0,MA,,0
,60589650615,FC24004408,23:00.0,Male,Black,22,Thin,NULL,NULL,Not of Hispanic Origin,,0,MA,"ID - Had a License, now has ID",0
,60602071047,FC24004410,05:00.0,Unknown,Unknown,NULL,NULL,NULL,NULL,Unknown,,0,NULL,,1
,60606661777,FC24004411,30:00.0,Female,Black,37,Thin,Braided,Medium Brown,Not of Hispanic Origin,,0,MA,,0
,60626862985,FC24004412,18:00.0,Male,White,14,Thin,Short,Medium,NULL,,0,MA,,1
,60626867471,FC24004412,18:00.0,Male,Black,15,Thin,Short,NULL,NULL,,0,MA,,1
,60626872284,FC24004412,18:00.0,Male,White,13,Thin,Curly,NULL,Hispanic Origin,,0,MA,,1
,60626882358,FC24004412,18:00.0,Female,Black,17,NULL,NULL,NULL,Not of Hispanic Origin,,0,NULL,,1
,60640226780,FC24004418,35:00.0,Male,White,30,Thin,NULL,NULL,Hispanic Origin,,0,MA,,0
,60642252050,FC24004420,55:00.0,Male,White,27,Thin,NULL,NULL,Hispanic Origin,,0,MA,,1
,60643036691,FC24004421,20:00.0,Male,White,24,NULL,NULL,NULL,Not of Hispanic Origin,,0,MA,Class D,1
,60643065543,FC24004421,20:00.0,Male,White,21,NULL,NULL,NULL,Hispanic Origin,,0,MA,ID Only - Never had Personal Driver License,1
,60666736671,FC24004428,53:00.0,Female,Black,32,Heavy,NULL,NULL,Not of Hispanic Origin,,0,MA,,0
,60711538431,FC24004432,06:00.0,Male,White,44,Thin,Straight,Light,Not of Hispanic Origin,,0,MA,,0
,60715186048,FC24004433,45:00.0,Male,White,46,Thin,Short,Medium,Not of Hispanic Origin,,0,MA,"ID - Had a License, now has ID",0
,60715473765,FC24004433,45:00.0,Male,White,40,Medium,Short,NULL,Not of Hispanic Origin,,0,MA,Class D,0
,60720676069,FC24004435,30:00.0,Female,White,20,NULL,NULL,NULL,Not of Hispanic Origin,,0,NULL,,1
,60720714870,FC24004435,30:00.0,Female,Black,18,Small,NULL,Light Brown,Hispanic Origin,,0,MA,ID Only - Never had Personal Driver License,0
,60720838407,FC24004435,30:00.0,Male,Black,23,NULL,NULL,NULL,Not of Hispanic Origin,,0,MA,,0
,60720868544,FC24004435,30:00.0,Female,Unknown,18,NULL,NULL,NULL,NULL,,0,MA,,0
,60720985138,FC24004435,30:00.0,Male,Black,16,NULL,NULL,NULL,Unknown,,0,MA,,0
,60721038842,FC24004435,30:00.0,Male,White,19,Medium,Curly,Light Brown,Hispanic Origin,,0,MA,ID Only - Never had Personal Driver License,0
,60732953381,FC24004438,30:00.0,Male,White,59,Medium,Short,Medium,Hispanic Origin,,0,MA,Class D,0
,60738649583,FC24004445,30:00.0,Male,Black,18,NULL,NULL,NULL,NULL,,0,NULL,,0
,60738675875,FC24004445,30:00.0,Male,Unknown,14,NULL,NULL,NULL,NULL,,0,NULL,,0
,60742365341,FC24004446,30:00.0,Male,Black,32,NULL,NULL,NULL,Unknown,,0,MA,,1
,60771288762,FC24004468,38:00.0,Male,Black,22,Medium,Short,Dark Brown,Not of Hispanic Origin,,0,MA,Class D,0
,60771290216,FC24004468,38:00.0,Male,Black,20,NULL,Afro,Medium Brown,NULL,,0,MA,,0
,60771318820,FC24004469,20:00.0,Male,Black,24,Medium,Short,NULL,Unknown,,0,MA,Class D,0
,60771321488,FC24004469,20:00.0,Male,Black,29,Medium,NULL,NULL,Not of Hispanic Origin,,0,MA,Class D,0
,60771323862,FC24004469,20:00.0,Male,Black,27,NULL,NULL,NULL,Hispanic Origin,,0,MA,Instruction Permit,0
,60772421430,FC24004470,10:00.0,Female,White,33,Heavy,Curly,NULL,Hispanic Origin,,0,MA,Class D,0
,60772460813,FC24004471,00:00.0,Male,Black,25,Thin,Short,Dark Brown,Not of Hispanic Origin,,0,MA,Class D,0
,60772460813,FC24004471,00:00.0,Male,Black,25,Thin,Short,Dark Brown,Not of Hispanic Origin,,0,MA,Class D,NULL
,60772462427,FC24004471,00:00.0,Male,Black,25,Thin,Short,NULL,Not of Hispanic Origin,,0,MA,Class D,NULL
,60772462427,FC24004471,00:00.0,Male,Black,25,Thin,Short,NULL,Not of Hispanic Origin,,0,MA,Class D,0
,60772464020,FC24004471,00:00.0,Male,Black,18,Medium,Dreadlocks,Medium Brown,Unknown,,0,MA,,0
,60772464020,FC24004471,00:00.0,Male,Black,18,Medium,Dreadlocks,Medium Brown,Unknown,,0,MA,,NULL
,60772464825,FC24004471,00:00.0,Male,Black,25,Thin,Afro,Light Brown,Hispanic Origin,,0,MA,"ID - Had a License, now has ID",0
,60772464825,FC24004471,00:00.0,Male,Black,25,Thin,Afro,Light Brown,Hispanic Origin,,0,MA,"ID - Had a License, now has ID",NULL
,60780065768,FC24004474,20:00.0,Male,White,18,NULL,NULL,NULL,Hispanic Origin,,0,NULL,,1
,60782015153,FC24004481,00:00.0,Female,White,49,Thin,NULL,NULL,Not of Hispanic Origin,,0,MA,,0
,60782015850,FC24004481,00:00.0,Male,Black,53,Medium,NULL,NULL,Not of Hispanic Origin,,0,MA,,0
,60782016823,FC24004481,00:00.0,Male,Black,35,NULL,NULL,NULL,Hispanic Origin,,0,MA,Class D,0
,60782077298,FC24004482,45:00.0,Male,Black,35,Medium,Short,Dark,NULL,,0,MA,,0
,60782079670,FC24004482,45:00.0,Male,Asian,18,Thin,NULL,Light Brown,Hispanic Origin,,0,MA,,0
,60782081271,FC24004482,45:00.0,Male,Black,27,Thin,Braided,NULL,NULL,,0,MA,Class D,0
,60782082224,FC24004482,45:00.0,Male,Black,30,Medium,Short,Light Brown,Not of Hispanic Origin,,0,MA,ID Only - Never had Personal Driver License,0
,60782083937,FC24004482,45:00.0,Male,Black,33,Thin,NULL,Medium,Not of Hispanic Origin,,0,MA,,0
,60782088596,FC24004482,45:00.0,Male,White,20,Thin,Wavy,Fair,Unknown,,0,MA,,0
,60782090098,FC24004482,45:00.0,Male,Black,17,Thin,Short,Medium Brown,Unknown,,0,MA,Class D,0
,60782091918,FC24004482,45:00.0,Male,Black,16,Thin,Dreadlocks,Light Brown,Unknown,,0,MA,,0
,60782093836,FC24004482,45:00.0,Male,Black,42,Thin,NULL,NULL,Not of Hispanic Origin,,0,MA,,0
,60782151236,FC24004483,42:00.0,Male,Black,33,Medium,NULL,Medium Brown,Not of Hispanic Origin,,0,MA,Class D,1
,60782151557,FC24004483,42:00.0,Male,Black,28,Stocky,Short,Dark,Not of Hispanic Origin,,0,MA,,1
,60782964972,FC24004489,22:00.0,Male,Black,43,Medium,Dreadlocks,Dark,Not of Hispanic Origin,,0,MA,Class D,0
,60782967010,FC24004489,22:00.0,Female,White,37,NULL,NULL,NULL,NULL,,0,MA,Class D,0
,60782969237,FC24004489,22:00.0,Female,Black,33,Medium,Wig/hair Piece,Dark Brown,Not of Hispanic Origin,,0,MA,Class D,0
,60782977956,FC24004489,22:00.0,Female,Black,36,Thin,Braided,Medium Brown,Not of Hispanic Origin,,0,MA,"ID - Had a License, now has ID",0
,60785296365,FC24004491,00:00.0,Male,Black,27,Muscular,NULL,NULL,Not of Hispanic Origin,,0,MA,,0
,60790385044,FC24004497,40:00.0,Male,Black,48,Stocky,NULL,NULL,Not of Hispanic Origin,,0,MA,"ID - Had a License, now has ID",0
,60793628480,FC24004500,00:00.0,Male,Black,31,Thin,Short,Dark Brown,Not of Hispanic Origin,,0,MA,Class D,1
,60793648709,FC24004500,00:00.0,Male,Black,24,NULL,NULL,NULL,Not of Hispanic Origin,,0,MA,,1
,60795167744,FC24004504,30:00.0,Male,White,16,Thin,Curly,Light Brown,NULL,,0,MA,,1
,60795169187,FC24004504,30:00.0,Male,Black,30,Thin,Short,Dark,Unknown,,0,MA,Class D,0
,60795208507,FC24004504,30:00.0,Female,White,28,NULL,NULL,NULL,Hispanic Origin,,0,MA,Class D,0
,60795210853,FC24004504,30:00.0,Male,Black,19,Heavy,Short,Medium,NULL,,0,MA,,0
,60800640092,FC24004512,42:00.0,Female,Black,31,NULL,NULL,NULL,Unknown,,0,MA,Class D,0
,60800650373,FC24004512,42:00.0,Female,Black,30,Thin,NULL,NULL,Not of Hispanic Origin,,0,MA,Class D,0
,60802043868,FC24004514,01:00.0,Male,White,35,NULL,NULL,NULL,Not of Hispanic Origin,,0,MA,Class D,0
,60807643968,FC24004519,00:00.0,Male,Black,32,Medium,Bald or Balding,Dark Brown,Not of Hispanic Origin,,0,MA,Class D,0
,60807659066,FC24004520,00:00.0,Male,Black,55,Medium,Curly,Brown,Not of Hispanic Origin,,0,MA,"ID - Had a License, now has ID",0
,60807664943,FC24004520,00:00.0,Female,Black,49,Thin,Short,Medium Brown,Not of Hispanic Origin,,0,MA,Class D,0
,60808074365,FC24004521,00:00.0,Male,White,18,Medium,Afro,Light Brown,Unknown,,0,MA,ID Only - Never had Personal Driver License,0
,60815104525,FC24004533,00:00.0,Male,Black,44,Muscular,Curly,Medium Brown,Not of Hispanic Origin,,0,MA,"ID - Had a License, now has ID",0
,60818033337,FC24004538,06:00.0,Male,Unknown,36,NULL,NULL,NULL,NULL,,0,NULL,,NULL
,60818049440,FC24004538,06:00.0,Male,White,22,NULL,NULL,NULL,Not of Hispanic Origin,,0,MA,,1
,60818067955,FC24004538,06:00.0,Male,Black,24,NULL,NULL,NULL,NULL,,0,MA,Other: MASS ID ONLY,1
,60818896189,FC24004542,35:00.0,Male,White,35,NULL,NULL,NULL,Hispanic Origin,,0,MA,,0
,60819010744,FC24004543,00:00.0,Male,White,59,Medium,Bald or Balding,Light,Not of Hispanic Origin,,0,MA,,0
,60819013157,FC24004543,00:00.0,Female,White,42,Thin,Short,Light,Not of Hispanic Origin,,0,MA,"ID - Had a License, now has ID",0
,60819014087,FC24004543,00:00.0,Male,Black,45,Medium,Short,Dark Brown,Not of Hispanic Origin,,0,MA,,0
,60819188068,FC24004547,37:00.0,Male,Black,30,NULL,NULL,NULL,Not of Hispanic Origin,,0,MA,Class D,1
,60819188068,FC24004547,37:00.0,Male,Black,30,NULL,NULL,NULL,Not of Hispanic Origin,,0,MA,Class D,NULL
,60819182400,FC24004548,30:00.0,Male,Black,27,Medium,Braided,Light Brown,Hispanic Origin,,0,MA,Class D,0
,60819183432,FC24004548,30:00.0,Male,Black,34,Medium,NULL,NULL,Not of Hispanic Origin,,0,MA,Class D,0
,60819195454,FC24004549,45:00.0,Male,Black,25,Thin,Dreadlocks,Light Brown,Not of Hispanic Origin,,0,MA,Other: Suspended ,0
,60819214514,FC24004550,00:00.0,Male,Black,27,Thin,Dreadlocks,Dark Brown,Not of Hispanic Origin,,0,MA,,0
,60819307066,FC24004552,30:00.0,Male,White,30,NULL,NULL,NULL,Hispanic Origin,,0,MA,Class D,1
,60819324065,FC24004552,30:00.0,Male,White,32,Medium,Short,Light,Unknown,,0,MA,,0
,60820630947,FC24004553,50:00.0,Male,Black,39,Thin,NULL,NULL,Not of Hispanic Origin,,0,MA,Class D,0
,60831527300,FC24004560,20:00.0,Male,White,38,Thin,Short,Light,Hispanic Origin,,0,MA,,1
,60837026183,FC24004569,15:00.0,Male,Black,40,Thin,Braided,NULL,Not of Hispanic Origin,,0,MA,Class D,0
,60837777279,FC24004570,10:00.0,Male,White,24,Medium,Braided,Light,Unknown,,0,MA,ID Only - Never had Personal Driver License,0
,60837779093,FC24004570,10:00.0,Male,Black,19,Thin,Afro,Light Brown,Hispanic Origin,,0,MA,,0
,60837783396,FC24004570,10:00.0,Male,Black,18,Thin,Afro,Light Brown,NULL,,0,MA,ID Only - Never had Personal Driver License,0
,60837787258,FC24004570,10:00.0,Male,Black,27,NULL,NULL,NULL,Not of Hispanic Origin,,0,MA,No License - Record Only,0
,60837790380,FC24004570,10:00.0,Male,White,19,Thin,Curly,Light,Unknown,,0,MA,,0
,60840504786,FC24004577,20:00.0,Female,Black,23,Medium,NULL,NULL,Not of Hispanic Origin,,0,MA,,0
,60840604603,FC24004577,20:00.0,Female,White,30,NULL,NULL,NULL,Unknown,,0,MA,,NULL
,60840573108,FC24004579,18:00.0,Male,Black,29,Medium,NULL,NULL,Hispanic Origin,,0,MA,,0
,60840811654,FC24004581,40:00.0,Female,White,52,Medium,Straight,Light,Unknown,,0,MA,,0
,60846460689,FC24004587,35:00.0,Male,Black,21,Heavy,Corn Rows,Medium,Not of Hispanic Origin,,0,NULL,,0
,60847863509,FC24004590,25:00.0,Male,White,55,NULL,NULL,NULL,Hispanic Origin,,0,NULL,,0
,60847870002,FC24004590,25:00.0,Male,Black,27,NULL,NULL,NULL,Hispanic Origin,,0,NULL,,0
,60847878867,FC24004590,25:00.0,Male,White,39,NULL,NULL,NULL,Hispanic Origin,,0,NULL,,0
,60847881460,FC24004590,25:00.0,Male,White,28,NULL,NULL,NULL,Hispanic Origin,,0,NULL,,0
,60847886424,FC24004590,25:00.0,Male,White,35,Medium,Short,Medium,Hispanic Origin,,0,MA,,0
,60847948541,FC24004590,25:00.0,Female,White,25,NULL,NULL,NULL,Hispanic Origin,,0,MA,Class D,NULL
,60848778193,FC24004592,18:00.0,Male,Black,19,NULL,NULL,NULL,Not of Hispanic Origin,,0,MA,ID Only - Never had Personal Driver License,0
,60848779405,FC24004592,18:00.0,Male,Black,18,Stocky,Dreadlocks,Medium Brown,Not of Hispanic Origin,,0,MA,,0
,60848884329,FC24004593,13:00.0,Male,Other,18,NULL,NULL,NULL,Hispanic Origin,,0,NULL,,1
,60848889147,FC24004593,13:00.0,Female,White,16,Thin,Wavy,Medium,NULL,,0,MA,,0
,60848892624,FC24004593,13:00.0,Male,Unknown,18,NULL,NULL,NULL,Hispanic Origin,,0,MA,,NULL
,60848893751,FC24004593,13:00.0,Male,White,18,NULL,NULL,NULL,Hispanic Origin,,0,NULL,,NULL
,60849408567,FC24004598,44:00.0,Male,NULL,49,NULL,NULL,NULL,NULL,,0,NULL,,0
,60849412911,FC24004598,44:00.0,Female,Black,39,NULL,NULL,NULL,Unknown,,0,MA,No License - Record Only,0
,60857416066,FC24004606,00:00.0,Female,Black,38,Thin,Wavy,Medium Brown,Hispanic Origin,,0,MA,,0
,60857530032,FC24004607,00:00.0,Male,NULL,41,NULL,NULL,NULL,NULL,,0,MA,Class D,0
,60864146945,FC24004614,53:00.0,Male,White,61,Medium,NULL,NULL,Not of Hispanic Origin,,0,MA,,0
,60864161274,FC24004614,53:00.0,Male,Black,50,Medium,Curly,Dark Brown,Not of Hispanic Origin,,0,MA,ID Only - Never had Personal Driver License,NULL
,60864343089,FC24004615,17:00.0,Male,Black,32,Medium,Short,Medium,Not of Hispanic Origin,,0,MA,ID Only - Never had Personal Driver License,0
,60867233581,FC24004623,00:00.0,Male,Unknown,20,NULL,NULL,NULL,NULL,,0,NULL,,1
,60867304290,FC24004623,00:00.0,Male,White,20,NULL,NULL,NULL,NULL,,0,MA,,1
,60867707610,FC24004624,15:00.0,Male,White,19,NULL,NULL,NULL,Hispanic Origin,,0,MA,ID Only - Never had Personal Driver License,0
,60867726098,FC24004624,15:00.0,Male,Black,17,NULL,NULL,NULL,Unknown,,0,NULL,,0
,60867790257,FC24004624,15:00.0,Male,Black,16,NULL,NULL,NULL,Not of Hispanic Origin,,0,NULL,,0
,60867797600,FC24004624,15:00.0,Male,Black,15,NULL,NULL,NULL,Unknown,,0,NULL,,0
,60874206843,FC24004630,40:00.0,Male,Black,30,Medium,Short,Light,Hispanic Origin,,0,MA,Class D,1
,60892115843,FC24004632,30:00.0,Male,Black,52,Medium,NULL,NULL,Hispanic Origin,,0,MA,,1
,60896458621,FC24004636,24:00.0,Male,Black,27,Medium,Dreadlocks,Medium Brown,Not of Hispanic Origin,,0,MA,Class D,0
,60898694004,FC24004641,00:00.0,Male,White,37,Thin,NULL,NULL,Not of Hispanic Origin,,0,MA,Intermediate Driver License,0
,60898801554,FC24004641,00:00.0,Male,Black,67,NULL,NULL,NULL,Not of Hispanic Origin,,0,MA,Other: ID only,0
,60906036652,FC24004642,51:00.0,Male,Black,35,Medium,NULL,NULL,Not of Hispanic Origin,,0,MA,Class D,0
,60918127509,FC24004646,34:00.0,Male to Female Transgender,Black,29,Medium,Braided,Light Brown,Unknown,,0,MA,None,0
,60919905415,FC24004647,38:00.0,Male,Black,13,Medium,Braided,Dark Brown,Not of Hispanic Origin,,0,MA,,1
,60919906494,FC24004647,38:00.0,Male,Black,16,NULL,NULL,NULL,Not of Hispanic Origin,,0,NULL,,1
,60933720985,FC24004649,30:00.0,Male,White,58,NULL,NULL,NULL,Unknown,,0,NULL,,0
,60934984144,FC24004650,32:00.0,Male,Unknown,18,NULL,NULL,NULL,Hispanic Origin,,0,NULL,,1
,60935151497,FC24004651,00:00.0,Male,Black,38,Thin,Afro,Dark,Hispanic Origin,,0,MA,Class D,0
,60935176695,FC24004652,34:00.0,Male,Black,17,Medium,Short,Medium,Not of Hispanic Origin,,0,NULL,,0
,60935179285,FC24004652,34:00.0,Male,Black,14,Thin,NULL,NULL,NULL,,0,MA,,0
,60935180477,FC24004652,34:00.0,Male,Black,20,Medium,NULL,Medium Brown,Not of Hispanic Origin,,0,MA,,0
,60935311412,FC24004652,34:00.0,Male,Black,27,Medium,Short,Medium Brown,Not of Hispanic Origin,,0,MA,Class D,0
,60935464042,FC24004654,00:00.0,Male,White,41,Thin,Curly,Light,NULL,,0,MA,,0
,60966755716,FC24004686,50:00.0,Male,White,28,NULL,NULL,NULL,Not of Hispanic Origin,,0,MA,Class D,0
,60967002993,FC24004687,58:00.0,Male,White,28,NULL,NULL,NULL,Not of Hispanic Origin,,0,MA,Class D,1
,60968029665,FC24004689,59:00.0,Female,White,45,Thin,Straight,Light,Not of Hispanic Origin,,0,MA,,0
,60970228157,FC24004691,15:00.0,Male,Black,29,Medium,NULL,NULL,Not of Hispanic Origin,,0,MA,Class D,1
,60972926445,FC24004697,00:00.0,Male,Black,37,Thin,Bald or Balding,Medium Brown,Not of Hispanic Origin,,0,MA,Class D,0
,60977287188,FC24004702,00:00.0,Male,White,31,Medium,Unkempt,Light,Not of Hispanic Origin,,0,MA,Class D,0
,60978734097,FC24004703,00:00.0,Male,White,20,Thin,Curly,Light Brown,Hispanic Origin,,0,MA,ID Only - Never had Personal Driver License,0
,60978736289,FC24004703,00:00.0,Male,Unknown,17,NULL,NULL,NULL,NULL,,0,NULL,,0
,60987448518,FC24004706,08:00.0,Male,Black,15,NULL,Curly,Dark,Unknown,,0,NULL,,1
,60987388922,FC24004707,46:00.0,Male,Black,73,NULL,NULL,NULL,Not of Hispanic Origin,,0,NULL,,0
,60989964039,FC24004713,00:00.0,Male,Black,22,Medium,NULL,NULL,Not of Hispanic Origin,,0,MA,,0
,60989980860,FC24004713,00:00.0,Male,Black,39,Muscular,Short,Medium Brown,Not of Hispanic Origin,,0,MA,,0
,60990479805,FC24004719,01:00.0,Male,Black,26,NULL,NULL,NULL,Unknown,,0,MA,Class D,0
,60719620910,FC24004434,06:00.0,Male,Black,38,Thin,NULL,NULL,Not of Hispanic Origin,,0,MA,,1
,60743447035,FC24004447,17:00.0,Male,Black,33,NULL,NULL,NULL,Not of Hispanic Origin,,0,MA,Class D,1
,60758006407,FC24004450,20:00.0,Male,Black,43,Medium,NULL,NULL,Not of Hispanic Origin,,0,MA,,0
,60758235097,FC24004450,20:00.0,Female,NULL,41,NULL,NULL,NULL,NULL,,0,MA,Class D,0
,60770643063,FC24004461,45:00.0,Male,Black,32,Medium,NULL,Light,Not of Hispanic Origin,,0,MA,,0
,60770678603,FC24004462,16:00.0,Male,Black,36,Muscular,Dreadlocks,Medium Brown,Hispanic Origin,,0,MA,Class D,0
,60780212401,FC24004475,28:00.0,Male,White,51,Thin,NULL,NULL,Hispanic Origin,,0,MA,,0
,60780212401,FC24004475,28:00.0,Male,White,51,Thin,NULL,NULL,Hispanic Origin,,0,MA,,NULL
,60782282066,FC24004485,00:00.0,Male,White,44,NULL,NULL,NULL,Not of Hispanic Origin,,0,MA,,0
,60782284908,FC24004485,00:00.0,Male,White,39,Thin,NULL,NULL,Not of Hispanic Origin,,0,MA,,0
,60785406954,FC24004492,00:00.0,Male,White,40,NULL,NULL,NULL,Not of Hispanic Origin,,0,MA,,0
,60785411724,FC24004492,00:00.0,Male,White,50,Medium,Short,Light,Unknown,,0,MA,Class D,0
,60790061882,FC24004495,05:00.0,Female,Black,58,Unknown,NULL,NULL,Not of Hispanic Origin,,0,MA,,0
,60801712591,FC24004513,00:00.0,Male,Black,20,Thin,NULL,Medium Brown,Hispanic Origin,,0,MA,Class D,0
,60801712591,FC24004513,00:00.0,Male,Black,20,Thin,NULL,Medium Brown,Hispanic Origin,,0,MA,Class D,NULL
,60990840192,FC24004720,45:00.0,Male,Black,20,NULL,NULL,NULL,Not of Hispanic Origin,,0,MA,,1
,60990842400,FC24004720,45:00.0,Male,Black,19,NULL,NULL,NULL,Unknown,,0,NULL,,NULL
,60990873691,FC24004721,00:00.0,Male,Black,23,Heavy,Dreadlocks,Dark,Hispanic Origin,,0,MA,ID Only - Never had Personal Driver License,0
,60990877656,FC24004721,00:00.0,Male,Black,24,Thin,Braided,Medium Brown,Not of Hispanic Origin,,0,MA,,0
,60991000050,FC24004722,00:00.0,Male,White,39,Thin,Short,Light,Unknown,,0,MA,ID Only - Never had Personal Driver License,0
,60991000050,FC24004722,00:00.0,Male,White,39,Thin,Short,Light,Unknown,,0,MA,ID Only - Never had Personal Driver License,NULL
,60996492113,FC24004723,30:00.0,Male,White,33,Medium,Short,Light,NULL,,0,MA,,0
,60998060155,FC24004725,15:00.0,Male,White,47,Thin,Short,Medium,Not of Hispanic Origin,,0,MA,"ID - Had a License, now has ID",0
,61001233384,FC24004728,50:00.0,Male,Black,46,Stocky,Short,Dark,Unknown,,0,MA,,0
,61001243792,FC24004728,50:00.0,Male,Black,36,Medium,NULL,Light,NULL,,0,MA,,0
,61001665412,FC24004732,53:00.0,Male,NULL,34,NULL,NULL,NULL,NULL,,0,NULL,,NULL
,61001665412,FC24004732,53:00.0,Male,NULL,34,NULL,NULL,NULL,NULL,,0,NULL,,0
,61001971890,FC24004734,26:00.0,Male,Black,25,Thin,Short,Dark Brown,Not of Hispanic Origin,,0,MA,Class D,1
,61001973537,FC24004734,26:00.0,Male,Black,25,Thin,Short,Dark Brown,Not of Hispanic Origin,,0,MA,Class D,1
,60801761857,FC24004513,00:00.0,Male,Black,21,Thin,Afro,Dark,NULL,,0,MA,,0
,60804023823,FC24004516,15:00.0,Male,Black,32,Thin,Dreadlocks,NULL,Not of Hispanic Origin,,0,MA,,0
,60804395420,FC24004518,10:00.0,Female,Black,30,NULL,NULL,NULL,Unknown,,0,MA,"ID - Had a License, now has ID",1
,60809177758,FC24004525,35:00.0,Male,White,43,Thin,NULL,Light,Unknown,,0,MA,,1
,60810103946,FC24004525,35:00.0,Male,White,50,Thin,NULL,NULL,Not of Hispanic Origin,,0,MA,,1
,60813030421,FC24004528,10:00.0,Male,Black,20,Thin,NULL,Medium Brown,Hispanic Origin,,0,MA,Class D,0
,60814031971,FC24004531,30:00.0,Male,Black,49,Medium,NULL,NULL,Not of Hispanic Origin,,0,MA,Class D,1
,60817703429,FC24004536,18:00.0,Male,White,36,Thin,Short,Light,NULL,,0,MA,,0
,60818407960,FC24004539,51:00.0,Male,Black,13,Thin,Afro,NULL,Unknown,,0,MA,,0
,60818411117,FC24004539,51:00.0,Male,Black,13,Thin,Dreadlocks,Light,Not of Hispanic Origin,,0,MA,,0
,60818419042,FC24004539,51:00.0,Male,Black,33,Thin,NULL,Medium,Not of Hispanic Origin,,0,MA,,0
,60818423377,FC24004539,51:00.0,Male,Black,39,Heavy,NULL,NULL,Hispanic Origin,,0,MA,,0
,60818425091,FC24004539,51:00.0,Male,Black,41,Thin,NULL,NULL,Not of Hispanic Origin,,0,MA,,0
,60818380064,FC24004540,46:00.0,Male,Black,48,Stocky,NULL,NULL,Not of Hispanic Origin,,0,MA,"ID - Had a License, now has ID",0
,60819057002,FC24004545,07:00.0,Male,Black,22,Medium,Short,Dark Brown,Not of Hispanic Origin,,0,MA,Class D,1
,60770619722,FC24004458,00:00.0,Female,Black,43,NULL,NULL,NULL,Not of Hispanic Origin,,0,MA,Class D,0
,60770681816,FC24004460,14:00.0,Male,Black,36,Medium,NULL,NULL,Not of Hispanic Origin,,0,MA,,0
,60770681816,FC24004460,14:00.0,Male,Black,36,Medium,NULL,NULL,Not of Hispanic Origin,,0,MA,,NULL
,60771005396,FC24004464,20:00.0,Male,Black,25,Thin,Short,Dark Brown,Not of Hispanic Origin,,0,MA,Class D,1
,60771011202,FC24004464,20:00.0,Female,Unknown,24,NULL,NULL,NULL,NULL,,0,NULL,,0
,60771030699,FC24004465,50:00.0,Male,Black,20,Thin,NULL,NULL,NULL,,0,MA,,1
,60773031757,FC24004473,15:00.0,Male,Black,28,Thin,NULL,NULL,Not of Hispanic Origin,,0,MA,,1
,60773037399,FC24004473,15:00.0,Male,Black,35,Medium,NULL,NULL,Not of Hispanic Origin,,0,MA,,1
,60780606832,FC24004476,33:00.0,Female,White,NULL,NULL,NULL,NULL,Unknown,,0,NULL,,NULL
,60780611212,FC24004476,33:00.0,Female,Unknown,20,NULL,NULL,NULL,Unknown,,0,NULL,,0
,60780796678,FC24004477,51:00.0,Male,White,35,NULL,NULL,NULL,Not of Hispanic Origin,,0,MA,,1
,60781538473,FC24004480,05:00.0,Male,Black,27,Thin,Braided,NULL,NULL,,0,MA,Class D,0
,60782915811,FC24004488,30:00.0,Male,Black,29,Medium,NULL,NULL,Not of Hispanic Origin,,0,MA,Class D,1
,60790131629,FC24004496,15:00.0,Male,Black,65,NULL,NULL,NULL,Not of Hispanic Origin,,0,MA,ID Only - Never had Personal Driver License,0
,60794588234,FC24004501,01:00.0,Male,Black,27,Medium,Braided,Light Brown,Hispanic Origin,,0,MA,Class D,1
,60819058655,FC24004545,07:00.0,Male,Black,25,Thin,NULL,NULL,Hispanic Origin,,0,MA,Class D,1
,60819059886,FC24004545,07:00.0,Male,Black,31,Muscular,Wavy,Medium,Unknown,,0,MA,Class D,1
,60826325968,FC24004556,53:00.0,Male,White,32,Thin,Short,Light,NULL,,0,MA,,1
,60830455258,FC24004558,20:00.0,Male,Black,29,Medium,NULL,NULL,Not of Hispanic Origin,,0,MA,,1
,60830456345,FC24004558,20:00.0,Male,Black,26,Thin,Short,Dark Brown,Not of Hispanic Origin,,0,MA,Class D,0
,60836156541,FC24004566,40:00.0,Male,White,29,Medium,NULL,Medium,Hispanic Origin,,0,MA,,0
,60840401713,FC24004576,30:00.0,Male,Black,18,Medium,NULL,Dark Brown,Not of Hispanic Origin,,0,MA,,0
,60840403978,FC24004576,30:00.0,Male,Black,17,Thin,Braided,Dark,Not of Hispanic Origin,,0,MA,,0
,60841135334,FC24004584,11:00.0,Male,White,22,Heavy,Curly,Light,Unknown,,0,MA,ID Only - Never had Personal Driver License,1
,60841136507,FC24004584,11:00.0,Male,Unknown,17,NULL,NULL,NULL,Unknown,,0,NULL,,1
,60841451909,FC24004584,11:00.0,Male,Black,13,NULL,NULL,NULL,Unknown,,0,NULL,,1
,60849056857,FC24004595,12:00.0,Male,White,58,Thin,Bald or Balding,Medium,Hispanic Origin,,0,MA,,0
,60856313944,FC24004603,01:00.0,Male,Black,60,NULL,NULL,NULL,Not of Hispanic Origin,,0,MA,Class D,1
,60864119026,FC24004613,01:00.0,Female,White,42,Thin,Straight,Light,Not of Hispanic Origin,,0,MA,Class D,0
,60794589930,FC24004501,01:00.0,Male,White,27,Thin,Straight,Light,Hispanic Origin,,0,MA,,1
,60794592013,FC24004501,01:00.0,Male,White,26,Thin,Curly,Light Brown,NULL,,0,MA,,1
,60795316712,FC24004505,30:00.0,Male,Black,20,NULL,NULL,NULL,Not of Hispanic Origin,,0,MA,,0
,60795317560,FC24004505,30:00.0,Male,Black,20,Thin,Dreadlocks,Medium Brown,Not of Hispanic Origin,,0,MA,,0
,60795319079,FC24004505,30:00.0,Male,Black,17,Thin,NULL,Light Brown,Hispanic Origin,,0,MA,,0
,60795330422,FC24004505,30:00.0,Male,White,19,NULL,NULL,NULL,Hispanic Origin,,0,NULL,,0
,60795353436,FC24004507,00:00.0,Male,White,24,NULL,NULL,NULL,Hispanic Origin,,0,MA,,0
,60795367224,FC24004507,00:00.0,Male,Black,21,Medium,NULL,Dark Brown,Not of Hispanic Origin,,0,MA,ID Only - Never had Personal Driver License,0
,60795372941,FC24004507,00:00.0,Male,Black,24,Thin,Short,Light Brown,NULL,,0,MA,,1
,60795368815,FC24004508,45:00.0,Male,Black,20,Thin,NULL,NULL,Not of Hispanic Origin,,0,MA,,0
,60795405556,FC24004508,45:00.0,Male,Black,21,Heavy,NULL,Dark Brown,Not of Hispanic Origin,,0,MA,"ID - Had a License, now has ID",0
,60795564852,FC24004509,18:00.0,Male,White,40,Medium,Curly,Light Brown,NULL,,0,MA,,0
,60795566762,FC24004509,18:00.0,Female,White,35,Heavy,Unkempt,Light,Unknown,,0,MA,,0
,60795569664,FC24004509,18:00.0,Female,Black,43,Thin,NULL,NULL,Unknown,,0,MA,,0
,60800556601,FC24004511,00:00.0,Male,Black,29,Medium,Dreadlocks,Medium Brown,Hispanic Origin,,0,MA,Class D,0
,61001974465,FC24004734,26:00.0,Male,Black,25,Thin,Short,NULL,Not of Hispanic Origin,,0,MA,Class D,1
,61001975826,FC24004734,26:00.0,Male,Black,19,Medium,Dreadlocks,Medium Brown,Unknown,,0,MA,,1
,61002182752,FC24004735,12:00.0,Male,White,59,NULL,NULL,NULL,NULL,,0,MA,,1
,61007863933,FC24004743,49:00.0,Male,Black,18,NULL,NULL,NULL,Not of Hispanic Origin,,0,NULL,,0
,61059971365,FC24004755,29:00.0,Female,Black,19,NULL,NULL,NULL,Not of Hispanic Origin,,0,MA,ID Only - Never had Personal Driver License,0
,61168835631,FC24004758,52:00.0,Male,White,56,NULL,NULL,NULL,Not of Hispanic Origin,,0,MA,,0
,61183327749,FC24004759,01:00.0,Male,White,30,NULL,NULL,NULL,Not of Hispanic Origin,,0,FL,,0
,61183706571,FC24004760,00:00.0,Male,White,66,NULL,NULL,NULL,Not of Hispanic Origin,,0,MA,"ID - Had a License, now has ID",0
,61183869115,FC24004760,00:00.0,Male,White,40,NULL,NULL,NULL,Not of Hispanic Origin,,0,MA,Class D,NULL
,61189195419,FC24004762,26:00.0,Male,Black,24,NULL,NULL,NULL,Not of Hispanic Origin,,0,FL,Class D,0
,61197243538,FC24004767,36:00.0,Male,Black,64,Thin,Dreadlocks,NULL,Unknown,,0,MA,,0
,61248963872,FC24004769,45:00.0,Male,Black,30,Thin,Short,Medium Brown,Not of Hispanic Origin,,0,MA,Class D,0
,61249222810,FC24004770,00:00.0,Male,Black,44,Thin,NULL,NULL,Not of Hispanic Origin,,0,MA,"ID - Had a License, now has ID",0
,61249255191,FC24004770,00:00.0,Male,Black,65,Medium,NULL,NULL,Not of Hispanic Origin,,0,MA,Class D,0
,60790050957,FC24004494,50:00.0,Male,Black,30,Medium,NULL,Medium Brown,Not of Hispanic Origin,,0,MA,Class D,0
,60791606700,FC24004498,30:00.0,Male,White,56,Stocky,NULL,NULL,Not of Hispanic Origin,,0,MA,,0
,60791622823,FC24004498,30:00.0,Male,Black,53,NULL,NULL,NULL,Hispanic Origin,,0,MA,,0
,60792368216,FC24004499,05:00.0,Male,Black,17,NULL,NULL,NULL,Unknown,,0,NULL,,1
,60792370011,FC24004499,05:00.0,Female,Black,37,Medium,NULL,NULL,Not of Hispanic Origin,,0,MA,Class D,0
,60794730899,FC24004502,30:00.0,Male,Black,29,NULL,NULL,NULL,Not of Hispanic Origin,,0,MA,Class D,0
,60795115676,FC24004503,15:00.0,Male,White,18,NULL,NULL,NULL,Hispanic Origin,,0,NULL,,0
,60795120699,FC24004503,15:00.0,Male,Unknown,18,NULL,NULL,NULL,Hispanic Origin,,0,MA,,0
,60808832091,FC24004524,30:00.0,Male,Black,56,NULL,NULL,NULL,Unknown,,0,NULL,,0
,60810311111,FC24004526,00:00.0,Female,Unknown,25,NULL,NULL,NULL,NULL,,0,NULL,,0
,60815299446,FC24004534,15:00.0,Male,White,35,NULL,NULL,NULL,Hispanic Origin,,0,MA,,0
,60819228447,FC24004551,30:00.0,Male,Black,26,Stocky,NULL,NULL,Not of Hispanic Origin,,0,MA,Class D,0
,60823876983,FC24004554,52:00.0,Male,White,40,NULL,NULL,NULL,Not of Hispanic Origin,,0,MA,,0
,60823881898,FC24004554,52:00.0,Male,White,28,NULL,NULL,NULL,Not of Hispanic Origin,,0,NULL,,0
,60830974184,FC24004559,45:00.0,Male,Black,26,NULL,NULL,NULL,Not of Hispanic Origin,,0,MA,Class D,0
,60832043107,FC24004563,06:00.0,Male,White,41,Heavy,NULL,NULL,Not of Hispanic Origin,,0,MA,,0
,60864125264,FC24004613,01:00.0,Female,White,35,NULL,NULL,NULL,Unknown,,0,MA,,0
,60869578226,FC24004628,32:00.0,Male,Black,27,Medium,Braided,Dark,Not of Hispanic Origin,,0,MA,Class D,1
,60869585271,FC24004628,32:00.0,Male,Black,41,NULL,NULL,NULL,Not of Hispanic Origin,,0,MA,Class D,NULL
,60892345590,FC24004634,40:00.0,Male,Black,33,Medium,Corn Rows,Dark Brown,Not of Hispanic Origin,,0,MA,Class D,1
,60927667267,FC24004648,05:00.0,Male,Black,28,Thin,Braided,NULL,Unknown,,0,MA,ID Only - Never had Personal Driver License,0
,60927669836,FC24004648,05:00.0,Male,White,33,Heavy,NULL,NULL,Hispanic Origin,,0,MA,"ID - Had a License, now has ID",0
,60937035874,FC24004659,10:00.0,Male,Black,28,Heavy,Short,Dark,Not of Hispanic Origin,,0,MA,Class D,0
,60937747909,FC24004660,15:00.0,Male,Black,48,Thin,Short,Dark Brown,Not of Hispanic Origin,,0,MA,,0
,60943562280,FC24004665,30:00.0,Male,Black,34,NULL,NULL,NULL,Hispanic Origin,,0,MA,,0
,60947192716,FC24004666,00:00.0,Male,White,38,NULL,NULL,NULL,NULL,,0,NULL,,NULL
,60947220499,FC24004666,00:00.0,Female,White,33,NULL,NULL,NULL,Unknown,,0,NULL,,1
,60952581056,FC24004670,45:00.0,Male,Black,22,NULL,NULL,NULL,Not of Hispanic Origin,,0,MA,Class D,0
,60952592424,FC24004671,58:00.0,Male,Black,43,Medium,Dreadlocks,Dark,Not of Hispanic Origin,,0,MA,Class D,0
,60952595538,FC24004671,58:00.0,Male,Black,31,NULL,NULL,NULL,Unknown,,0,MA,Class D,0
,60804221031,FC24004517,36:00.0,Male,White,41,Thin,NULL,NULL,Not of Hispanic Origin,,0,MA,,0
,60804224445,FC24004517,36:00.0,Female,White,39,Thin,Straight,Light,NULL,,0,MA,Class D,NULL
,60813300217,FC24004529,33:00.0,Male,Black,15,NULL,NULL,NULL,Not of Hispanic Origin,,0,NULL,,0
,60815449344,FC24004535,54:00.0,Male,Black,27,Muscular,NULL,NULL,Not of Hispanic Origin,,0,MA,,1
,60815465131,FC24004535,54:00.0,Female,Black,21,NULL,NULL,NULL,Unknown,,0,MA,Class D,0
,60817819746,FC24004537,05:00.0,Female,Unknown,25,NULL,NULL,NULL,Unknown,,0,MA,Class D,NULL
,60817872949,FC24004537,05:00.0,Female,White,42,NULL,NULL,NULL,Not of Hispanic Origin,,0,NJ,Class D,1
,60817936940,FC24004537,05:00.0,Female,Black,40,NULL,NULL,NULL,Not of Hispanic Origin,,0,MA,Class D,0
,60818651636,FC24004541,23:00.0,Male,Black,52,Muscular,Bald or Balding,Dark Brown,Not of Hispanic Origin,,0,MA,ID Only - Never had Personal Driver License,0
,60818653500,FC24004541,23:00.0,Male,Black,66,Heavy,NULL,Light,Hispanic Origin,,0,MA,,1
,60818655372,FC24004541,23:00.0,Male,White,33,Thin,Curly,Medium,Hispanic Origin,,0,MA,,0
,60818664378,FC24004541,23:00.0,Male,White,28,NULL,NULL,NULL,Hispanic Origin,,0,NULL,,0
,60819078510,FC24004544,30:00.0,Male,White,NULL,NULL,NULL,NULL,NULL,,0,NULL,,0
,60819188723,FC24004546,32:00.0,Male,Black,47,NULL,NULL,NULL,NULL,,0,MA,Class D,0
,60824877293,FC24004555,30:00.0,Male,Black,25,Medium,NULL,NULL,Hispanic Origin,,0,MA,Class D,1
,60952598226,FC24004671,58:00.0,Male,Black,35,Medium,Short,Medium,Unknown,,0,MA,,0
,60952602818,FC24004671,58:00.0,Male,Unknown,23,NULL,NULL,NULL,Unknown,,0,MA,,0
,60955050089,FC24004673,10:00.0,Male,White,52,Medium,NULL,NULL,Not of Hispanic Origin,,0,MA,,0
,60958393266,FC24004677,10:00.0,Male,Black,22,Thin,NULL,NULL,Not of Hispanic Origin,,0,MA,,0
,60959190062,FC24004679,22:00.0,Male,Black,24,Heavy,NULL,NULL,Hispanic Origin,,0,MA,Class D,1
,60960141357,FC24004680,25:00.0,Male,Black,18,Medium,Curly,Medium Brown,NULL,,0,MA,,1
,60961658069,FC24004682,35:00.0,Male,Black,32,NULL,NULL,NULL,Hispanic Origin,,0,NULL,,0
,60961662927,FC24004682,35:00.0,Male,White,32,Medium,NULL,Medium,Hispanic Origin,,0,MA,,0
,60961688779,FC24004682,35:00.0,Male,White,22,NULL,Wavy,Medium,Hispanic Origin,,0,MA,,0
,60961693689,FC24004682,35:00.0,Male,White,22,NULL,NULL,NULL,Hispanic Origin,,0,NULL,,1
,60961706710,FC24004682,35:00.0,Male,White,31,NULL,NULL,NULL,Not of Hispanic Origin,,0,MA,Class D,0
,60969699540,FC24004690,25:00.0,Male,White,18,NULL,NULL,NULL,Hispanic Origin,,0,NULL,,0
,60969700375,FC24004690,25:00.0,Male,Unknown,18,NULL,NULL,NULL,Hispanic Origin,,0,MA,,0
,60969709211,FC24004690,25:00.0,Male,Unknown,14,NULL,NULL,NULL,NULL,,0,NULL,,0
,60975675077,FC24004698,00:00.0,Male,Unknown,38,NULL,NULL,NULL,Hispanic Origin,,0,NULL,,0
,60975827440,FC24004700,30:00.0,Female,White,62,Thin,NULL,Light,Not of Hispanic Origin,,0,MA,"ID - Had a License, now has ID",0
,60824880220,FC24004555,30:00.0,Male,White,24,Medium,NULL,Medium Brown,NULL,,0,MA,Class D,1
,60824896118,FC24004555,30:00.0,Male,Black,25,Thin,Braided,Medium,NULL,,0,MA,,1
,60829096316,FC24004557,45:00.0,Male,Black,30,Heavy,NULL,Dark Brown,NULL,,0,MA,,0
,60829121962,FC24004557,45:00.0,Male,White,55,NULL,NULL,NULL,Not of Hispanic Origin,,0,MA,Class D,0
,60829125966,FC24004557,45:00.0,Male,White,35,Thin,Short,Light,Unknown,,0,MA,,0
,60829129775,FC24004557,45:00.0,Male,Black,50,Heavy,Bald or Balding,Medium Brown,Not of Hispanic Origin,,0,MA,,0
,60831855000,FC24004561,25:00.0,Male,Unknown,21,NULL,NULL,NULL,NULL,,0,MA,Class D,0
,60831876135,FC24004561,25:00.0,Male,Black,36,Medium,Short,Light Brown,Not of Hispanic Origin,,0,MA,,0
,60831890701,FC24004561,25:00.0,Male,Unknown,21,NULL,NULL,NULL,NULL,,0,MA,,0
,60831895756,FC24004562,03:00.0,Male,Black,35,Heavy,NULL,NULL,Not of Hispanic Origin,,0,MA,,0
,60837798330,FC24004571,15:00.0,Female,Black,34,Medium,Wavy,Light Brown,Not of Hispanic Origin,,0,MA,,0
,60838811619,FC24004572,00:00.0,Female,White,33,Thin,Wavy,Light,Not of Hispanic Origin,,0,MA,,0
,60838811619,FC24004572,00:00.0,Female,White,33,Thin,Wavy,Light,Not of Hispanic Origin,,0,MA,,NULL
,60839323864,FC24004574,12:00.0,Male,Black,42,Thin,NULL,NULL,Not of Hispanic Origin,,0,MA,"ID - Had a License, now has ID",0
,60840522472,FC24004578,40:00.0,Male,White,25,NULL,NULL,NULL,Hispanic Origin,,0,MA,"ID - Had a License, now has ID",0
,60833052531,FC24004564,38:00.0,Male,Black,33,Medium,Short,Dark,Not of Hispanic Origin,,0,MA,Class D,0
,60836874008,FC24004568,53:00.0,Male,Black,48,Medium,NULL,NULL,Not of Hispanic Origin,,0,NULL,,0
,60836890484,FC24004568,53:00.0,Male,Black,26,Medium,NULL,Medium,NULL,,0,MA,,0
,60836902996,FC24004568,53:00.0,Male,Black,22,Thin,Short,Medium,Not of Hispanic Origin,,0,MA,,0
,60838841365,FC24004573,00:00.0,Male,Black,30,NULL,NULL,NULL,Unknown,,0,NULL,,1
,60840320500,FC24004575,56:00.0,Male,Black,20,Thin,Braided,Light Brown,Not of Hispanic Origin,,0,MA,Class D,1
,60840328948,FC24004575,56:00.0,Female,Black,54,Medium,NULL,NULL,Not of Hispanic Origin,,0,MA,Class D,NULL
,60840895203,FC24004582,26:00.0,Male,White,50,Medium,NULL,NULL,Not of Hispanic Origin,,0,MA,,1
,60847254072,FC24004588,18:00.0,Male,Black,18,Stocky,Dreadlocks,Medium Brown,Not of Hispanic Origin,,0,MA,,1
,60847509894,FC24004589,59:00.0,Male,Black,19,Thin,Afro,Light Brown,Hispanic Origin,,0,MA,,1
,60847510076,FC24004589,59:00.0,Male,Black,18,Thin,Afro,Light Brown,NULL,,0,MA,ID Only - Never had Personal Driver License,1
,60849030770,FC24004594,30:00.0,Female,White,58,Medium,NULL,NULL,Not of Hispanic Origin,,0,MA,,0
,60849318169,FC24004597,00:00.0,Male,White,30,Thin,NULL,NULL,Hispanic Origin,,0,MA,,0
,60849321633,FC24004597,00:00.0,Female,Black,28,NULL,NULL,NULL,Hispanic Origin,,0,MA,,NULL
,60840720032,FC24004580,00:00.0,Male,White,28,Thin,Wavy,Light,Hispanic Origin,,0,MA,Class D,0
,60840720032,FC24004580,00:00.0,Male,White,28,Thin,Wavy,Light,Hispanic Origin,,0,MA,Class D,NULL
,60840951871,FC24004583,15:00.0,Male,Black,19,Thin,Braided,Dark Brown,Unknown,,0,MA,Class D,1
,60840958595,FC24004583,15:00.0,Male,Black,20,NULL,NULL,NULL,Not of Hispanic Origin,,0,MA,Class D,1
,60842023346,FC24004585,03:00.0,Male,Black,30,Thin,Dreadlocks,Dark Brown,Not of Hispanic Origin,,0,MA,,1
,60842023756,FC24004585,03:00.0,Male,Black,29,Thin,NULL,Medium Brown,Not of Hispanic Origin,,0,MA,,1
,60842023950,FC24004585,03:00.0,Male,Black,23,NULL,NULL,NULL,Not of Hispanic Origin,,0,NULL,,1
,60844619532,FC24004586,00:00.0,Male,Black,25,Medium,Curly,Medium Brown,Not of Hispanic Origin,,0,MA,No License - Record Only,0
,60847856230,FC24004591,04:00.0,Male,Other,33,NULL,NULL,NULL,Unknown,,0,MA,None,1
,60847857461,FC24004591,04:00.0,Male,Black,34,Medium,Bushy,Light Brown,Not of Hispanic Origin,,0,MA,"ID - Had a License, now has ID",1
,60849314648,FC24004596,00:00.0,Male,Black,32,Thin,NULL,NULL,Not of Hispanic Origin,,0,MA,Class D,0
,60855134255,FC24004600,36:00.0,Male,Black,15,Thin,Afro,Medium Brown,Hispanic Origin,,0,NULL,,1
,60855134581,FC24004600,36:00.0,Male,Black,16,NULL,NULL,NULL,Hispanic Origin,,0,NULL,,1
,60855135134,FC24004600,36:00.0,Male,Black,20,Thin,NULL,Medium Brown,Hispanic Origin,,0,MA,Class D,0
,60850851302,FC24004599,07:00.0,Male,Black,25,Medium,Corn Rows,Medium,Not of Hispanic Origin,,0,MA,,1
,60850851502,FC24004599,07:00.0,Male,Black,28,Thin,Braided,Medium,Hispanic Origin,,0,MA,Class D,1
,60855295857,FC24004601,07:00.0,Male,Black,33,Medium,Short,Medium Brown,Hispanic Origin,,0,MA,,0
,60855677972,FC24004602,08:00.0,Male,Black,19,NULL,NULL,NULL,NULL,,0,NULL,,1
,60857165132,FC24004604,00:00.0,Male,White,30,NULL,NULL,NULL,Hispanic Origin,,0,MA,Class D,0
,60857385529,FC24004605,41:00.0,Female,Black,39,NULL,Short,Dark,Unknown,,0,MA,,0
,60863914985,FC24004612,15:00.0,Male,White,35,Thin,Unkempt,Light,NULL,,0,MA,,0
,60865916314,FC24004620,39:00.0,Male,Black,20,Medium,NULL,Medium,NULL,,0,MA,,1
,60865917655,FC24004620,39:00.0,Male,Black,20,Medium,Afro,Dark Brown,NULL,,0,MA,ID Only - Never had Personal Driver License,1
,60865927024,FC24004620,39:00.0,Male,Black,17,Thin,Braided,Medium,Not of Hispanic Origin,,0,MA,,1
,60865933343,FC24004620,39:00.0,Male,Black,30,NULL,NULL,NULL,Not of Hispanic Origin,,0,MA,Class D,1
,60868792627,FC24004626,20:00.0,Male,Black,26,Stocky,NULL,NULL,Not of Hispanic Origin,,0,MA,Class D,0
,60868792627,FC24004626,20:00.0,Male,Black,26,Stocky,NULL,NULL,Not of Hispanic Origin,,0,MA,Class D,NULL
,60892253857,FC24004633,00:00.0,Male,Black,16,Thin,NULL,Medium,Unknown,,0,MA,,1
,60892259662,FC24004633,00:00.0,Male,Black,18,NULL,NULL,NULL,Unknown,,0,NULL,,1
,60977281996,FC24004701,00:00.0,Male,Black,18,Thin,Braided,Medium Brown,NULL,,0,MA,,0
,60977304330,FC24004701,00:00.0,Male,Black,20,NULL,NULL,NULL,Not of Hispanic Origin,,0,NH,,0
,60979274709,FC24004704,00:00.0,Male,Black,24,Heavy,NULL,NULL,Not of Hispanic Origin,,0,MA,,1
,60979276540,FC24004704,00:00.0,Male,NULL,25,Thin,Dreadlocks,Dark Brown,Unknown,,0,MA,,1
,60989709639,FC24004711,44:00.0,Male,Black,23,Thin,Dreadlocks,Dark Brown,Not of Hispanic Origin,,0,MA,Class D,0
,60989710600,FC24004711,44:00.0,Male,Black,35,Medium,Dreadlocks,Dark Brown,Not of Hispanic Origin,,0,MA,,0
,60989711504,FC24004711,44:00.0,Male,Black,36,NULL,NULL,NULL,Unknown,,0,NULL,,0
,60989713223,FC24004711,44:00.0,Male,Black,37,Thin,NULL,NULL,Not of Hispanic Origin,,0,MA,Class D,0
,60990215001,FC24004717,43:00.0,Male,Black,17,NULL,NULL,NULL,NULL,,0,NULL,,0
,60990404986,FC24004718,30:00.0,Male,Black,39,Thin,NULL,NULL,Hispanic Origin,,0,MA,,0
,60990405928,FC24004718,30:00.0,Male,White,34,Medium,NULL,Light Brown,Hispanic Origin,,0,MA,Class D,0
,61000730433,FC24004726,00:00.0,Male,Black,36,Thin,Short,Dark,Not of Hispanic Origin,,0,MA,ID Only - Never had Personal Driver License,0
,61001558128,FC24004729,50:00.0,Male,Black,36,Medium,Curly,Medium Brown,Not of Hispanic Origin,,0,MA,,0
,61002296327,FC24004736,00:00.0,Male,Black,61,Thin,Short,Medium,Unknown,,0,MA,,0
,61007731141,FC24004742,30:00.0,Male,Black,36,Thin,Braided,Dark Brown,Not of Hispanic Origin,,0,MA,,0
,61285174433,FC24004777,30:00.0,Female,Black,23,Thin,Afro,Medium Brown,Not of Hispanic Origin,,0,MA,ID Only - Never had Personal Driver License,0
,61285236849,FC24004777,30:00.0,Male,Unknown,45,Medium,Short,Light,Hispanic Origin,,0,MA,CDL Class A,1
,61297938402,FC24004781,56:00.0,Male,Black,27,NULL,NULL,NULL,Not of Hispanic Origin,,0,TN,ID Only - Never had Personal Driver License,0
,61370983424,FC24004787,36:00.0,Male,White,25,NULL,NULL,NULL,Hispanic Origin,,0,MA,ID Only - Never had Personal Driver License,0
,61372131072,FC24004788,07:00.0,Male,Black,29,Medium,NULL,Dark,Not of Hispanic Origin,,0,MA,Class D,1
,61372319249,FC24004792,00:00.0,Male,Black,35,NULL,NULL,NULL,Unknown,,0,MA,Class D,0
,61372320928,FC24004792,00:00.0,Male,Black,29,Thin,NULL,NULL,Not of Hispanic Origin,,0,MA,,0
,61372580099,FC24004793,33:00.0,Male,Black,34,Medium,NULL,NULL,Not of Hispanic Origin,,0,MA,,1
,61378775394,FC24004797,00:00.0,Female,Black,59,NULL,NULL,NULL,Hispanic Origin,,0,MA,ID Only - Never had Personal Driver License,0
,61378780323,FC24004797,00:00.0,Female,Black,39,NULL,Short,Dark,Unknown,,0,MA,,0
,61378791419,FC24004797,00:00.0,Male,White,41,NULL,NULL,NULL,Not of Hispanic Origin,,0,MA,Class D,0
,61378865288,FC24004798,00:00.0,Male,Unknown,28,NULL,NULL,NULL,Unknown,,0,NULL,,1
,61380814096,FC24004800,15:00.0,Male,Black,31,Muscular,Curly,Medium Brown,Unknown,,0,MA,,1
,61381330793,FC24004801,00:00.0,Male,White,52,Medium,NULL,NULL,Hispanic Origin,,0,MA,Class D,0
,60892261666,FC24004633,00:00.0,Male,White,16,Thin,Curly,Light,Hispanic Origin,,0,MA,None,0
,60896476767,FC24004637,00:00.0,Male,Black,19,Thin,Braided,Light Brown,Not of Hispanic Origin,,0,MA,None,0
,60897396530,FC24004639,20:00.0,Female,White,38,NULL,NULL,NULL,Hispanic Origin,,0,MA,Class D,0
,60910901602,FC24004644,14:00.0,Male,White,26,Medium,Unkempt,Medium,Unknown,,0,MA,"ID - Had a License, now has ID",1
,60935224320,FC24004653,30:00.0,Male,White,54,Medium,Bald or Balding,Medium,NULL,,0,MA,,0
,60935503182,FC24004655,40:00.0,Female,NULL,32,NULL,NULL,NULL,NULL,,0,NULL,,NULL
,60935517233,FC24004655,40:00.0,Male,NULL,22,NULL,NULL,NULL,Hispanic Origin,,0,NULL,,1
,60935521878,FC24004655,40:00.0,Male,NULL,18,NULL,NULL,NULL,Hispanic Origin,,0,NULL,,1
,60935525116,FC24004655,40:00.0,Male,NULL,17,NULL,NULL,NULL,Hispanic Origin,,0,NULL,,1
,60935529347,FC24004655,40:00.0,Male,NULL,18,NULL,NULL,NULL,Hispanic Origin,,0,NULL,,1
,60935521604,FC24004656,05:00.0,Male,Black,38,Thin,NULL,NULL,Hispanic Origin,,0,MA,,0
,60935604773,FC24004658,10:00.0,Male,Black,37,Medium,Dreadlocks,Dark Brown,Not of Hispanic Origin,,0,MA,Class D,1
,60950492030,FC24004669,50:00.0,Male,White,30,Thin,NULL,NULL,Hispanic Origin,,0,MA,Class D,0
,60950494704,FC24004669,50:00.0,Male,White,27,Thin,NULL,NULL,Hispanic Origin,,0,MA,,NULL
,60957663644,FC24004675,00:00.0,Male,Black,34,Medium,Afro,Medium Brown,Not of Hispanic Origin,,0,MA,,0
,60863192440,FC24004611,15:00.0,Male,White,46,Thin,NULL,NULL,Not of Hispanic Origin,,0,MA,CDL Class B,0
,60864478063,FC24004616,00:00.0,Female,Unknown,NULL,NULL,NULL,NULL,Unknown,,0,NULL,,0
,60864478063,FC24004616,00:00.0,Female,Unknown,NULL,NULL,NULL,NULL,Unknown,,0,NULL,,NULL
,60865819926,FC24004617,57:00.0,Male,White,43,Heavy,Short,Light,Unknown,,0,MA,,0
,60865904588,FC24004617,57:00.0,Male,White,36,NULL,NULL,NULL,Not of Hispanic Origin,,0,MA,ID Only - Never had Personal Driver License,NULL
,60865854520,FC24004618,45:00.0,Male,Black,33,NULL,NULL,NULL,Hispanic Origin,,0,OTH,Other: n/a,0
,60865858615,FC24004618,45:00.0,Male,White,34,Stocky,NULL,NULL,Hispanic Origin,,0,MA,"ID - Had a License, now has ID",0
,60865909620,FC24004619,00:00.0,Male,Black,23,NULL,NULL,NULL,Not of Hispanic Origin,,0,MA,Class D,1
,60866216092,FC24004621,00:00.0,Male,White,21,NULL,NULL,NULL,Unknown,,0,MA,Class D,1
,60867193178,FC24004622,01:00.0,Male,Black,25,Heavy,Afro,Medium,Hispanic Origin,,0,MA,,0
,60867222555,FC24004622,01:00.0,Male,Black,40,Thin,NULL,NULL,Not of Hispanic Origin,,0,MA,,0
,60868069962,FC24004625,07:00.0,Male,White,40,Medium,Bald or Balding,NULL,NULL,,0,MA,,0
,60870516606,FC24004629,11:00.0,Male,Black,45,Medium,Short,Medium Brown,NULL,,0,MA,,1
,60870527504,FC24004629,11:00.0,Female,Unknown,24,NULL,NULL,NULL,Hispanic Origin,,0,MA,,NULL
,60876160572,FC24004631,30:00.0,Male,Black,31,NULL,NULL,NULL,Not of Hispanic Origin,,0,MA,Class D,0
,61007739508,FC24004742,30:00.0,Male,White,33,Thin,Straight,Light,NULL,,0,MA,,0
,61007744298,FC24004742,30:00.0,Male,Black,31,NULL,NULL,NULL,Not of Hispanic Origin,,0,MA,Class D,0
,61007751330,FC24004742,30:00.0,Female,White,37,Thin,NULL,NULL,Hispanic Origin,,0,MA,Other: M,0
,61007757098,FC24004742,30:00.0,Female,White,30,Medium,Straight,Light,Not of Hispanic Origin,,0,MA,,0
,61008254558,FC24004744,50:00.0,Male,White,28,Medium,Short,Light,Not of Hispanic Origin,,0,MA,Class D,0
,61008936397,FC24004746,03:00.0,Male,Black,16,NULL,NULL,NULL,Not of Hispanic Origin,,0,NULL,,1
,61009011582,FC24004746,03:00.0,Male,Black,16,NULL,NULL,NULL,Not of Hispanic Origin,,0,NULL,,1
,61009017782,FC24004746,03:00.0,Male,Black,16,Thin,Short,NULL,NULL,,0,MA,,1
,61009110533,FC24004746,03:00.0,Male,Black,15,NULL,NULL,NULL,Not of Hispanic Origin,,0,NULL,,1
,61011675584,FC24004749,30:00.0,Female,White,55,Thin,NULL,Light,Not of Hispanic Origin,,0,MA,,0
,61013448379,FC24004750,30:00.0,Female,Black,45,Thin,NULL,NULL,Not of Hispanic Origin,,0,MA,,0
,61013539535,FC24004750,30:00.0,Male,Black,22,Medium,Short,Dark,Not of Hispanic Origin,,0,MA,Class D,1
,61155617769,FC24004757,33:00.0,Female,White,45,Average,Straight,Fair,Not of Hispanic Origin,,0,MA,,1
,61155953309,FC24004757,33:00.0,Male,White,41,NULL,NULL,NULL,Not of Hispanic Origin,,0,MA,,1
,61251990756,FC24004772,39:00.0,Male,Other,21,NULL,NULL,NULL,Hispanic Origin,,0,NULL,,0
,60957671773,FC24004675,00:00.0,Female,White,65,Thin,NULL,NULL,Not of Hispanic Origin,,0,MA,ID Only - Never had Personal Driver License,NULL
,60957903778,FC24004676,08:00.0,Male,White,22,NULL,NULL,NULL,Not of Hispanic Origin,,0,MA,,1
,60957926445,FC24004676,08:00.0,Male,White,NULL,NULL,NULL,NULL,Not of Hispanic Origin,,0,NULL,,NULL
,60960414421,FC24004681,03:00.0,Male,White,NULL,NULL,NULL,NULL,Not of Hispanic Origin,,0,NULL,,0
,60960416138,FC24004681,03:00.0,Male,White,25,Heavy,Wavy,Light,Not of Hispanic Origin,,0,MA,,0
,60965563183,FC24004685,52:00.0,Male,Black,39,Medium,NULL,NULL,Hispanic Origin,,0,MA,,0
,60970534779,FC24004694,00:00.0,Female,White,24,Thin,Straight,Light,Hispanic Origin,,0,MA,,1
,60970538139,FC24004694,00:00.0,Male,Black,14,Thin,Afro,Light Brown,Unknown,,0,MA,,1
,60970541881,FC24004694,00:00.0,Male,White,16,Thin,Curly,Light,Hispanic Origin,,0,MA,None,1
,60970550182,FC24004694,00:00.0,Female,Unknown,16,NULL,NULL,NULL,NULL,,0,NULL,,0
,60971938147,FC24004696,01:00.0,Male,White,41,Medium,Short,Light,NULL,,0,MA,,0
,60988943666,FC24004709,00:00.0,Male,Black,50,Medium,NULL,NULL,Hispanic Origin,,0,MA,,1
,60989601390,FC24004710,44:00.0,Male,Black,34,Thin,NULL,NULL,Not of Hispanic Origin,,0,MA,Class D,0
,60989666442,FC24004710,44:00.0,Female,White,32,NULL,NULL,NULL,NULL,,0,MA,,0
,60989995038,FC24004714,53:00.0,Male,Black,38,Thin,Afro,Dark,Hispanic Origin,,0,MA,Class D,0
,61252051572,FC24004772,39:00.0,Male,Black,33,NULL,NULL,NULL,Hispanic Origin,,0,OTH,Other: n/a,0
,61259768099,FC24004775,36:00.0,Male,Black,32,Thin,NULL,Medium Brown,Not of Hispanic Origin,,0,MA,Class D,1
,61259781571,FC24004775,36:00.0,Male,Black,22,Thin,Afro,Medium Brown,Not of Hispanic Origin,,0,MA,,1
,61259791999,FC24004775,36:00.0,Male,Black,21,Medium,Corn Rows,NULL,NULL,,0,MA,,1
,61259795803,FC24004775,36:00.0,Male,Black,27,Medium,Braided,Light,Not of Hispanic Origin,,0,MA,,1
,61291497259,FC24004779,10:00.0,Male,White,36,Muscular,Short,Light Brown,Hispanic Origin,,0,MA,Class D,0
,61305560893,FC24004782,00:00.0,Male,Black,33,Heavy,Bald or Balding,Medium,Not of Hispanic Origin,,0,MA,Class D,0
,61305752389,FC24004782,00:00.0,Female,White,59,Medium,NULL,NULL,Not of Hispanic Origin,,0,MA,"ID - Had a License, now has ID",NULL
,61305984019,FC24004782,00:00.0,Male,Black,45,Medium,NULL,NULL,Not of Hispanic Origin,,0,MA,,NULL
,61306557218,FC24004782,00:00.0,Female,Black,20,Medium,Short,Medium,Hispanic Origin,,0,MA,,NULL
,61306573645,FC24004782,00:00.0,Male,White,19,Thin,Curly,Light,Hispanic Origin,,0,MA,,NULL
,61331112544,FC24004783,30:00.0,Male,Black,22,NULL,NULL,NULL,Unknown,,0,MA,Class D,0
,61331294079,FC24004783,30:00.0,Male,Black,22,NULL,NULL,NULL,Unknown,,0,MA,Class D,0
,61367430927,FC24004785,30:00.0,Female,Black,16,Medium,NULL,NULL,NULL,,0,MA,,1
,60876163135,FC24004631,30:00.0,Male,Black,19,NULL,NULL,NULL,NULL,,0,MA,Class D,0
,60876167795,FC24004631,30:00.0,Male,Black,31,Medium,Short,Dark Brown,Not of Hispanic Origin,,0,MA,Class D,0
,60894170765,FC24004635,03:00.0,Male,Black,56,Heavy,Bald or Balding,Medium Brown,Not of Hispanic Origin,,0,MA,,0
,60894241907,FC24004635,03:00.0,Female,NULL,34,NULL,NULL,NULL,NULL,,0,NULL,,0
,60894261411,FC24004635,03:00.0,Male,Black,45,Medium,NULL,NULL,Not of Hispanic Origin,,0,MA,,0
,60894284079,FC24004635,03:00.0,Male,Asian,35,Medium,NULL,NULL,Not of Hispanic Origin,,0,MA,,0
,60897424714,FC24004638,05:00.0,Male,NULL,46,NULL,NULL,NULL,NULL,,0,MA,Class D,NULL
,60897424714,FC24004638,05:00.0,Male,NULL,46,NULL,NULL,NULL,NULL,,0,MA,Class D,0
,60897416215,FC24004640,36:00.0,Male,Black,20,Thin,NULL,NULL,NULL,,0,MA,,1
,60897417418,FC24004640,36:00.0,Male,Black,21,Heavy,Short,Dark Brown,NULL,,0,MA,,1
,60906438026,FC24004643,00:00.0,Male,Black,29,Heavy,NULL,NULL,Not of Hispanic Origin,,0,MA,,1
,60906583162,FC24004643,00:00.0,Female,Black,30,NULL,NULL,NULL,Not of Hispanic Origin,,0,MA,Class D,NULL
,60914978429,FC24004645,30:00.0,Male,Black,35,Heavy,Dreadlocks,Dark,Not of Hispanic Origin,,0,MA,Class D,0
,60935528325,FC24004657,51:00.0,Male,White,37,Thin,Braided,Medium Brown,Hispanic Origin,,0,MA,ID Only - Never had Personal Driver License,0
,60942377634,FC24004662,00:00.0,Male,Black,45,Medium,Short,Medium Brown,Not of Hispanic Origin,,0,MA,"ID - Had a License, now has ID",0
,61381659812,FC24004806,45:00.0,Male,Black,40,Thin,Braided,NULL,Not of Hispanic Origin,,0,MA,Class D,0
,61382374276,FC24004807,30:00.0,Female,White,43,NULL,NULL,NULL,Unknown,,0,NULL,,0
,61387646070,FC24004814,08:00.0,Male,Black,22,Medium,Corn Rows,Light Brown,Not of Hispanic Origin,,0,MA,Class D,0
,61390548295,FC24004822,30:00.0,Male,Black,25,Medium,Curly,Medium Brown,Hispanic Origin,,0,MA,ID Only - Never had Personal Driver License,1
,61390907134,FC24004823,24:00.0,Male,Black,32,Medium,Dreadlocks,Medium Brown,Not of Hispanic Origin,,0,MA,,0
,61390955342,FC24004824,00:00.0,Male,White,59,Medium,Bald or Balding,Light,Not of Hispanic Origin,,0,MA,,1
,61398117531,FC24004827,30:00.0,Male,Black,29,Thin,Short,Dark,NULL,,0,MA,,0
,61400101449,FC24004828,45:00.0,Male,White,33,Thin,Short,Light,Not of Hispanic Origin,,0,MA,,0
,61406944792,FC24004833,00:00.0,Male,Black,31,Thin,Short,Medium Brown,Unknown,,0,MA,,0
,61406970001,FC24004833,00:00.0,Male,White,38,Medium,NULL,Light,Not of Hispanic Origin,,0,MA,Class D,0
,61407001872,FC24004834,10:00.0,Male,Black,25,Heavy,Corn Rows,Medium Brown,NULL,,0,MA,,0
,61407003224,FC24004834,10:00.0,Male,Black,20,Thin,NULL,NULL,NULL,,0,MA,,0
,61407005634,FC24004834,10:00.0,Male,Black,21,Heavy,Afro,Dark,Not of Hispanic Origin,,0,MA,,0
,61407007981,FC24004834,10:00.0,Male,Black,19,Thin,NULL,Brown,Not of Hispanic Origin,,0,MA,,0
,60997866463,FC24004724,15:00.0,Male,Black,57,Thin,NULL,NULL,Not of Hispanic Origin,,0,MA,ID Only - Never had Personal Driver License,0
,61002809724,FC24004738,37:00.0,Male,Black,14,NULL,Corn Rows,Dark,Not of Hispanic Origin,,0,NULL,,1
,61008624586,FC24004745,48:00.0,Male,Unknown,20,NULL,NULL,NULL,NULL,,0,CT,,0
,61008636619,FC24004745,48:00.0,Male,Unknown,19,NULL,NULL,NULL,NULL,,0,CT,,0
,61008646990,FC24004745,48:00.0,Male,Unknown,21,NULL,NULL,NULL,NULL,,0,CT,,0
,61011063100,FC24004748,45:00.0,Male,White,20,Thin,Corn Rows,Light,Hispanic Origin,,0,MA,ID Only - Never had Personal Driver License,0
,61011067418,FC24004748,45:00.0,Female,White,15,NULL,NULL,NULL,Hispanic Origin,,0,NULL,,NULL
,61018622372,FC24004751,00:00.0,Male,Black,16,Thin,Curly,NULL,NULL,,0,MA,,1
,61018691704,FC24004751,00:00.0,Male,Other,18,NULL,NULL,NULL,Hispanic Origin,,0,NULL,,NULL
,61028516121,FC24004752,47:00.0,Male,White,33,Thin,Pony Tail,Medium,Unknown,,0,MA,,1
,61194045717,FC24004765,00:00.0,Male,Black,31,Thin,Short,Light Brown,Not of Hispanic Origin,,0,MA,,0
,61266895647,FC24004776,55:00.0,Male,Unknown,25,NULL,NULL,NULL,Unknown,,0,NULL,,1
,61369741678,FC24004786,01:00.0,Male,Black,42,Medium,Short,Medium,Not of Hispanic Origin,,0,MA,,1
,61372145457,FC24004789,40:00.0,Male,Black,39,Thin,Short,Light Brown,Not of Hispanic Origin,,0,MA,Class D,0
,61372149241,FC24004789,40:00.0,Male,Black,32,Medium,Afro,Dark,Not of Hispanic Origin,,0,MA,,0
,61373353121,FC24004794,05:00.0,Male,Unknown,25,Heavy,Short,Light,Unknown,,0,MA,Class D,0
,61373357744,FC24004794,05:00.0,Female,White,27,NULL,NULL,NULL,Hispanic Origin,,0,MA,Class D,0
,61376859287,FC24004795,10:00.0,Male,Unknown,18,Thin,Curly,Light Brown,Hispanic Origin,,0,MA,Instruction Permit,0
,61376862706,FC24004795,10:00.0,Male,Black,49,NULL,NULL,NULL,Not of Hispanic Origin,,0,MA,Class D,NULL
,61380773069,FC24004799,00:00.0,Male,White,24,Thin,NULL,NULL,Hispanic Origin,,0,MA,Class D,0
,61380781880,FC24004799,00:00.0,Female,Black,24,NULL,NULL,NULL,Hispanic Origin,,0,MA,Class D,0
,61381409215,FC24004803,24:00.0,Male,White,31,Thin,Curly,Light,Hispanic Origin,,0,MA,Personal Driver License,0
,61387092010,FC24004812,52:00.0,Unknown,Unknown,NULL,NULL,NULL,NULL,Unknown,,0,NULL,,0
,61387412471,FC24004813,45:00.0,Male,White,60,Medium,Short,Light,Not of Hispanic Origin,,0,MA,Class D,1
,61390479909,FC24004821,05:00.0,Male,Black,22,NULL,NULL,NULL,Not of Hispanic Origin,,0,NULL,,1
,61390482543,FC24004821,05:00.0,Male,Black,24,Thin,Short,Medium,Not of Hispanic Origin,,0,MA,ID Only - Never had Personal Driver License,1
,61404783292,FC24004832,30:00.0,Male,Black,33,NULL,NULL,NULL,Unknown,,0,MA,ID Only - Never had Personal Driver License,1
,61407262131,FC24004835,59:00.0,Male,Black,53,Medium,Bald or Balding,Light Brown,NULL,,0,MA,,1
,61416270865,FC24004840,00:00.0,Male,Black,31,Thin,NULL,NULL,Not of Hispanic Origin,,0,MA,,1
,60942379011,FC24004662,00:00.0,Male,Black,48,Stocky,NULL,NULL,Not of Hispanic Origin,,0,MA,"ID - Had a License, now has ID",0
,60942381417,FC24004662,00:00.0,Male,Black,35,Medium,NULL,NULL,Not of Hispanic Origin,,0,MA,ID Only - Never had Personal Driver License,0
,60942389833,FC24004662,00:00.0,Male,Black,36,Medium,NULL,Medium Brown,Not of Hispanic Origin,,0,MA,,0
,60942752895,FC24004663,25:00.0,Male,Black,34,Thin,Bald or Balding,Light Brown,Not of Hispanic Origin,,0,MA,"ID - Had a License, now has ID",0
,60942755918,FC24004663,25:00.0,Male,Black,48,Stocky,NULL,NULL,Not of Hispanic Origin,,0,MA,,0
,60943456992,FC24004664,02:00.0,Male,Black,36,Medium,NULL,NULL,Hispanic Origin,,0,MA,,1
,60950384533,FC24004668,00:00.0,Male,Black,14,Thin,Afro,Dark Brown,NULL,,0,MA,,1
,60953130585,FC24004672,17:00.0,Male,Black,36,Medium,NULL,Light,NULL,,0,MA,,1
,60953131617,FC24004672,17:00.0,Female,White,39,Thin,Curly,Light,Not of Hispanic Origin,,0,MA,,0
,60955171955,FC24004674,00:00.0,Male,White,50,Medium,Short,Light,Unknown,,0,MA,Class D,0
,60959066266,FC24004678,14:00.0,Male,Black,32,Medium,NULL,Light,Not of Hispanic Origin,,0,MA,,0
,60962608613,FC24004683,29:00.0,Male,Black,30,Heavy,Braided,Medium,Hispanic Origin,,0,MA,,1
,60962610890,FC24004683,29:00.0,Male,NULL,50,Medium,NULL,NULL,Not of Hispanic Origin,,0,MA,,NULL
,60964488683,FC24004684,43:00.0,Male,Black,36,Muscular,Braided,Medium Brown,Not of Hispanic Origin,,0,MA,Class D,0
,61381326120,FC24004802,10:00.0,Male,Black,26,Medium,NULL,NULL,Not of Hispanic Origin,,0,MA,Class D,1
,61381333595,FC24004802,10:00.0,Female,Black,20,NULL,NULL,NULL,Unknown,,0,MA,ID Only - Never had Personal Driver License,0
,61381491749,FC24004805,00:00.0,Female,White,39,Thin,Curly,Light,Not of Hispanic Origin,,0,MA,,0
,61386479406,FC24004809,15:00.0,Male,Black,31,Thin,Dreadlocks,Light Brown,Hispanic Origin,,0,MA,Class D,0
,61386481427,FC24004809,15:00.0,Male,Black,35,Heavy,Dreadlocks,Medium Brown,Not of Hispanic Origin,,0,MA,"ID - Had a License, now has ID",0
,61386483238,FC24004809,15:00.0,Male,Black,31,Medium,Short,Dark,Not of Hispanic Origin,,0,MA,,0
,61386849570,FC24004810,55:00.0,Male,Black,22,Medium,Short,Dark Brown,Not of Hispanic Origin,,0,MA,Class D,0
,61388005242,FC24004815,51:00.0,Male,White,33,Thin,Straight,Light,NULL,,0,MA,,0
,61402574266,FC24004831,06:00.0,Male,Unknown,16,NULL,NULL,NULL,Unknown,,0,NULL,,1
,61402575860,FC24004831,06:00.0,Male,Unknown,18,Thin,Braided,Medium,Hispanic Origin,,0,MA,,0
,61413509732,FC24004838,00:00.0,Male,Black,33,Thin,Wavy,Medium Brown,Not of Hispanic Origin,,0,MA,,0
,61413516713,FC24004838,00:00.0,Male,Black,33,Medium,Curly,NULL,Not of Hispanic Origin,,0,MA,,0
,61413521802,FC24004838,00:00.0,Male,Black,25,Medium,Short,NULL,Unknown,,0,MA,Class D,0
,61416242358,FC24004839,27:00.0,Female,Black,33,Thin,Curly,Light Brown,Not of Hispanic Origin,,0,MA,,0
,61418365197,FC24004842,57:00.0,Male,Black,43,Thin,NULL,NULL,Hispanic Origin,,0,MA,,1
,61420905714,FC24004845,32:00.0,Male,NULL,13,NULL,NULL,NULL,NULL,,0,NULL,,0
,61420914999,FC24004845,32:00.0,Male,NULL,14,NULL,NULL,NULL,NULL,,0,NULL,,0
,61420919272,FC24004845,32:00.0,Male,White,12,NULL,NULL,NULL,Hispanic Origin,,0,NULL,,0
,61421002324,FC24004846,16:00.0,Male,Black,44,Medium,NULL,NULL,Not of Hispanic Origin,,0,MA,ID Only - Never had Personal Driver License,0
,61427927877,FC24004855,00:00.0,Male,Black,35,Medium,Corn Rows,Dark Brown,Not of Hispanic Origin,,0,MA,,0
,61427939219,FC24004856,00:00.0,Male,Black,26,Medium,Short,Medium,Not of Hispanic Origin,,0,MA,,0
,61428845706,FC24004859,05:00.0,Male,White,20,NULL,NULL,NULL,Hispanic Origin,,0,MA,Class D,0
,61428846488,FC24004859,05:00.0,Male,White,19,Heavy,Afro,Light,NULL,,0,MA,,1
,61429024203,FC24004861,52:00.0,Male,White,23,Thin,Short,Light,NULL,,0,MA,,0
,61429575444,FC24004864,58:00.0,Male,White,18,Medium,Afro,Light Brown,Unknown,,0,MA,ID Only - Never had Personal Driver License,1
,61433767957,FC24004864,58:00.0,Female,NULL,40,NULL,NULL,NULL,Hispanic Origin,,0,MA,,0
,61438978111,FC24004871,58:00.0,Male,White,60,NULL,NULL,NULL,Not of Hispanic Origin,,0,MA,Class D,0
,61438985159,FC24004871,58:00.0,Female,White,43,NULL,NULL,NULL,Not of Hispanic Origin,,0,MA,,0
,61444015258,FC24004877,57:00.0,Male,White,19,NULL,NULL,NULL,Hispanic Origin,,0,NULL,,1
,61407728937,FC24004836,04:00.0,Male,Black,37,Medium,NULL,NULL,Not of Hispanic Origin,,0,MA,,1
,61427300002,FC24004853,11:00.0,Male,White,50,Thin,Straight,Light Brown,Not of Hispanic Origin,,0,MA,,1
,61428580685,FC24004857,30:00.0,Male,Unknown,18,NULL,NULL,NULL,Unknown,,0,NULL,,0
,61428668099,FC24004857,30:00.0,Female,Unknown,37,NULL,NULL,NULL,Unknown,,0,NULL,,NULL
,61428702482,FC24004858,45:00.0,Male,Black,39,NULL,NULL,NULL,Not of Hispanic Origin,,0,MA,Class D,0
,61428714028,FC24004858,45:00.0,Male,Black,21,Thin,Curly,Light Brown,Hispanic Origin,,0,MA,,0
,61437284259,FC24004867,15:00.0,Male,Black,15,Medium,Corn Rows,Medium Brown,NULL,,0,MA,,0
,61437289062,FC24004867,15:00.0,Male,Black,14,Thin,Short,Dark,NULL,,0,NULL,,1
,61437438941,FC24004868,00:00.0,Female,Black,57,NULL,NULL,NULL,NULL,,0,MA,,1
,61437441654,FC24004868,00:00.0,Male,Black,58,Stocky,NULL,NULL,Not of Hispanic Origin,,0,MA,,1
,61437442746,FC24004868,00:00.0,Male,Black,53,Stocky,NULL,NULL,Not of Hispanic Origin,,0,MA,,1
,61438741819,FC24004870,42:00.0,Male,Black,25,Thin,Short,Dark Brown,Not of Hispanic Origin,,0,MA,Class D,0
,61438850099,FC24004870,42:00.0,Male,NULL,16,NULL,NULL,NULL,NULL,,0,MA,Class D,0
,61438851159,FC24004870,42:00.0,Male,Black,19,Medium,Dreadlocks,Medium Brown,Unknown,,0,MA,,0
,61438851592,FC24004870,42:00.0,Male,Black,25,Thin,Short,Dark Brown,Not of Hispanic Origin,,0,MA,Class D,0
,61416245668,FC24004839,27:00.0,Female,Black,34,Heavy,NULL,NULL,Not of Hispanic Origin,,0,MA,Class D,0
,61418643092,FC24004843,42:00.0,Male,Unknown,35,NULL,NULL,NULL,NULL,,0,MA,Class D,0
,61420513934,FC24004844,50:00.0,Female,White,28,NULL,NULL,NULL,Not of Hispanic Origin,,0,RI,Class D,0
,61422114099,FC24004847,42:00.0,Male,White,23,NULL,NULL,NULL,Hispanic Origin,,0,NULL,,1
,61422127873,FC24004847,42:00.0,Male,White,21,NULL,NULL,NULL,Hispanic Origin,,0,NULL,,1
,61422151138,FC24004847,42:00.0,Male,White,18,NULL,NULL,NULL,Hispanic Origin,,0,NULL,,1
,61422163266,FC24004850,24:00.0,Unknown,Unknown,NULL,NULL,NULL,NULL,Unknown,,0,NULL,,1
,61422175638,FC24004850,24:00.0,Male,White,NULL,NULL,NULL,NULL,Unknown,,0,NULL,,NULL
,61433191850,FC24004854,00:00.0,Male,Black,14,NULL,NULL,NULL,NULL,,0,NULL,,1
,61428890556,FC24004860,00:00.0,Male,Black,29,Medium,NULL,NULL,Not of Hispanic Origin,,0,MA,Class D,0
,61429517453,FC24004862,19:00.0,Male,Black,26,NULL,NULL,NULL,Unknown,,0,MA,Class D,0
,61429677873,FC24004862,19:00.0,Male,White,20,NULL,NULL,NULL,Hispanic Origin,,0,MA,Class D,0
,61429567346,FC24004863,29:00.0,Male,Black,16,Muscular,Afro,NULL,Not of Hispanic Origin,,0,MA,,1
,61429570186,FC24004863,29:00.0,Male,Black,16,NULL,NULL,NULL,Unknown,,0,NULL,,1
,61437098252,FC24004866,45:00.0,Male,Black,72,NULL,NULL,NULL,Not of Hispanic Origin,,0,MA,Class D,0
,61437496526,FC24004869,13:00.0,Male,White,51,Medium,NULL,NULL,Not of Hispanic Origin,,0,MA,,1
,60967345807,FC24004688,04:00.0,Male,White,28,Thin,Wavy,Light,Hispanic Origin,,0,MA,Class D,0
,60970364884,FC24004692,00:00.0,Male,Unknown,27,NULL,NULL,NULL,Hispanic Origin,,0,NULL,,1
,60970392367,FC24004693,35:00.0,Male,Black,33,Muscular,NULL,NULL,Not of Hispanic Origin,,0,MA,,0
,60975793197,FC24004699,00:00.0,Female,White,35,NULL,NULL,NULL,Not of Hispanic Origin,,0,MA,,0
,60975796967,FC24004699,00:00.0,Male,White,36,Thin,Short,Light,NULL,,0,MA,,0
,60988053018,FC24004708,35:00.0,Male,Black,25,Thin,Short,NULL,Not of Hispanic Origin,,0,MA,Class D,1
,60988055557,FC24004708,35:00.0,Male,Black,19,Medium,Dreadlocks,Medium Brown,Unknown,,0,MA,,1
,60988059998,FC24004708,35:00.0,Male,Black,25,Thin,Short,Dark Brown,Not of Hispanic Origin,,0,MA,Class D,1
,60988068462,FC24004708,35:00.0,Male,Black,25,Thin,Afro,Light Brown,Hispanic Origin,,0,MA,"ID - Had a License, now has ID",1
,60989918210,FC24004712,58:00.0,Male,Black,25,NULL,NULL,NULL,Not of Hispanic Origin,,0,MA,ID Only - Never had Personal Driver License,0
,60990157484,FC24004715,00:00.0,Male,White,34,NULL,NULL,NULL,Not of Hispanic Origin,,0,NULL,,0
,60990199913,FC24004716,54:00.0,Female,Black,43,Medium,NULL,NULL,Not of Hispanic Origin,,0,MA,,1
,60990199913,FC24004716,54:00.0,Female,Black,43,Medium,NULL,NULL,Not of Hispanic Origin,,0,MA,,NULL
,60990201766,FC24004716,54:00.0,Male,Black,36,Medium,Curly,Medium Brown,Not of Hispanic Origin,,0,MA,,1
,61001230751,FC24004727,30:00.0,Male,Black,32,Medium,Dreadlocks,Dark Brown,Not of Hispanic Origin,,0,MA,,0
,61001572060,FC24004730,00:00.0,Male,Black,20,Medium,NULL,NULL,Unknown,,0,MA,,1
,61001572962,FC24004730,00:00.0,Male,Black,19,Thin,Braided,Light Brown,Not of Hispanic Origin,,0,MA,,1
,61001574557,FC24004730,00:00.0,Male,NULL,20,Thin,Braided,Medium,Unknown,,0,MA,,1
,61001656393,FC24004733,30:00.0,Male,White,22,NULL,NULL,NULL,Not of Hispanic Origin,,0,MA,,0
,61001666405,FC24004733,30:00.0,Male,White,50,NULL,NULL,NULL,Not of Hispanic Origin,,0,MA,,0
,61001731487,FC24004733,30:00.0,Male,White,36,NULL,NULL,NULL,Not of Hispanic Origin,,0,MA,,0
,61001732244,FC24004733,30:00.0,Male,White,22,Thin,Wavy,Light,NULL,,0,MA,,0
,61001630358,FC24004733,30:00.0,Male,White,36,Medium,Short,Light,Not of Hispanic Origin,,0,MA,,0
,61001638270,FC24004733,30:00.0,Male,Black,35,Medium,Unkempt,Light,Not of Hispanic Origin,,0,MA,Class D,0
,61001639367,FC24004733,30:00.0,Male,White,39,Thin,Short,Light,NULL,,0,MA,,0
,61001648691,FC24004733,30:00.0,Male,White,33,NULL,NULL,NULL,Not of Hispanic Origin,,0,MA,,0
,61001650135,FC24004733,30:00.0,Male,White,42,NULL,NULL,NULL,Not of Hispanic Origin,,0,MA,,0
,61002557632,FC24004737,35:00.0,Male,Black,29,Medium,Afro,Medium Brown,Not of Hispanic Origin,,0,MA,,1
,61005751033,FC24004739,36:00.0,Male,Black,NULL,NULL,NULL,NULL,NULL,,0,NULL,,0
,61005752045,FC24004739,36:00.0,Female,Black,NULL,NULL,NULL,NULL,NULL,,0,NULL,,0
,61007671582,FC24004741,00:00.0,Male,Black,64,NULL,NULL,NULL,Not of Hispanic Origin,,0,MA,Class D,0
,61009158429,FC24004747,04:00.0,Male,Black,36,Medium,Short,Dark,Not of Hispanic Origin,,0,MA,,1
,61051870798,FC24004753,20:00.0,Male,Black,17,NULL,NULL,NULL,Unknown,,0,NULL,,1
,61054685016,FC24004754,05:00.0,Male,Black,34,Medium,Braided,Medium,Not of Hispanic Origin,,0,MA,,1
,61184044797,FC24004761,15:00.0,Male,Black,19,NULL,NULL,NULL,Not of Hispanic Origin,,0,MA,,0
,61205231867,FC24004768,06:00.0,Male,Unknown,18,NULL,NULL,NULL,Not of Hispanic Origin,,0,TX,Personal Driver License,0
,61258528752,FC24004773,11:00.0,Male,Black,16,Thin,Straight,Light,Hispanic Origin,,0,MA,,1
,61258530960,FC24004773,11:00.0,Unknown,Unknown,NULL,NULL,NULL,NULL,Unknown,,0,NULL,,0
,61372205337,FC24004791,00:00.0,Male,Black,20,NULL,NULL,NULL,Not of Hispanic Origin,,0,MA,,0
,61381448947,FC24004804,10:00.0,Male,White,26,NULL,NULL,NULL,Hispanic Origin,,0,MA,Class D,1
,61386376151,FC24004808,30:00.0,Male,Black,31,Muscular,Curly,Medium Brown,Unknown,,0,MA,,0
,61386377848,FC24004808,30:00.0,Male,Black,36,Thin,Braided,Dark Brown,Not of Hispanic Origin,,0,MA,,0
,61386898576,FC24004811,40:00.0,Female,Unknown,20,NULL,NULL,NULL,Unknown,,0,MA,,0
,61386908510,FC24004811,40:00.0,Female,Unknown,44,NULL,NULL,NULL,Unknown,,0,NULL,,0
,61439012524,FC24004872,00:00.0,Male,White,47,Medium,Short,Light,Not of Hispanic Origin,,0,MA,ID Only - Never had Personal Driver License,0
,61439663060,FC24004873,24:00.0,Male,Black,33,NULL,NULL,NULL,Unknown,,0,MA,ID Only - Never had Personal Driver License,0
,61439664790,FC24004873,24:00.0,Female,Black,31,NULL,NULL,NULL,Not of Hispanic Origin,,0,IN,None,NULL
,61444526152,FC24004879,00:00.0,Male,Black,34,Medium,Afro,Medium Brown,Not of Hispanic Origin,,0,MA,,0
,61444532840,FC24004879,00:00.0,Male,Black,48,Thin,Short,Medium,Not of Hispanic Origin,,0,MA,Class D,0
,61445134012,FC24004881,50:00.0,Male,Black,22,NULL,NULL,NULL,Not of Hispanic Origin,,0,NULL,,0
,61448214422,FC24004887,17:00.0,Male,White,40,Medium,Short,Light,Not of Hispanic Origin,,0,MA,,0
,61453599189,FC24004894,25:00.0,Male,Black,17,Thin,NULL,Light Brown,NULL,,0,MA,,1
,61452750374,FC24004895,35:00.0,Male,Black,30,Thin,Braided,Medium Brown,Not of Hispanic Origin,,0,MA,Class D,0
,61453624397,FC24004896,01:00.0,Male,Black,20,Thin,Braided,Medium Brown,Not of Hispanic Origin,,0,MA,,1
,61455098454,FC24004897,28:00.0,Male,Black,37,Medium,NULL,NULL,Hispanic Origin,,0,MA,,0
,61455099425,FC24004897,28:00.0,Male,Black,33,Medium,Curly,NULL,Not of Hispanic Origin,,0,MA,,0
,61455100241,FC24004897,28:00.0,Male,Black,14,Thin,NULL,NULL,NULL,,0,MA,,0
,61455105383,FC24004897,28:00.0,Male,Black,17,Medium,Short,Medium,Unknown,,0,NULL,,0
,61444051218,FC24004875,09:00.0,Male,Black,33,NULL,NULL,NULL,Not of Hispanic Origin,,0,MA,,1
,61444098394,FC24004875,09:00.0,Male,Black,24,Medium,NULL,NULL,Not of Hispanic Origin,,0,MA,ID Only - Never had Personal Driver License,0
,61445835851,FC24004883,00:00.0,Male,Black,16,Thin,Short,NULL,Unknown,,0,MA,,0
,61445838722,FC24004883,00:00.0,Male,Black,17,Thin,Braided,NULL,NULL,,0,MA,,0
,61445841178,FC24004883,00:00.0,Male,White,14,Thin,Short,NULL,Not of Hispanic Origin,,0,MA,,0
,61448921081,FC24004889,00:00.0,Male,Black,35,Thin,Short,Medium Brown,Not of Hispanic Origin,,0,MA,Class D,1
,61451164475,FC24004892,48:00.0,Male,Black,45,NULL,NULL,NULL,Not of Hispanic Origin,,0,MA,"ID - Had a License, now has ID",0
,61451164475,FC24004892,48:00.0,Male,Black,45,NULL,NULL,NULL,Not of Hispanic Origin,,0,MA,"ID - Had a License, now has ID",NULL
,61464516352,FC24004909,53:00.0,Male,White,16,Thin,Curly,Medium Brown,Hispanic Origin,,0,MA,,1
,61464525061,FC24004909,53:00.0,Male,Black,15,NULL,NULL,NULL,Not of Hispanic Origin,,0,NULL,,1
,61464529968,FC24004909,53:00.0,Female,White,22,NULL,NULL,NULL,Not of Hispanic Origin,,0,MA,,NULL
,61562629888,FC24004913,37:00.0,Male,White,41,Medium,Unkempt,Light Brown,Hispanic Origin,,0,MA,"ID - Had a License, now has ID",0
,61610428017,FC24004916,30:00.0,Female,NULL,40,NULL,NULL,NULL,NULL,,0,MA,,0
,61610785448,FC24004916,30:00.0,Male,White,NULL,NULL,NULL,NULL,Not of Hispanic Origin,,0,NULL,,NULL
,61444469292,FC24004878,45:00.0,Male,White,20,Medium,NULL,NULL,Hispanic Origin,,0,MA,Class D,0
,61447497154,FC24004885,00:00.0,Male,Black,36,Medium,Short,Dark Brown,NULL,,0,MA,,1
,61450955965,FC24004890,05:00.0,Unknown,Unknown,NULL,NULL,NULL,NULL,Unknown,,0,NULL,,0
,61452598762,FC24004893,29:00.0,Male,Black,43,Thin,NULL,NULL,Not of Hispanic Origin,,0,MA,,0
,61458007670,FC24004902,43:00.0,Male,Black,46,Stocky,NULL,NULL,Not of Hispanic Origin,,0,MA,,0
,61458011660,FC24004902,43:00.0,Female,White,43,Medium,NULL,NULL,Hispanic Origin,,0,MA,,0
,61458396487,FC24004904,03:00.0,Male,White,NULL,NULL,NULL,NULL,Hispanic Origin,,0,NULL,,0
,61458396487,FC24004904,03:00.0,Male,White,NULL,NULL,NULL,NULL,Hispanic Origin,,0,NULL,,NULL
,61458457646,FC24004905,25:00.0,Male,Black,26,Medium,Braided,Medium Brown,Not of Hispanic Origin,,0,MA,Class D,0
,61459398085,FC24004906,00:00.0,Male,Black,26,Medium,Braided,Medium Brown,Not of Hispanic Origin,,0,MA,Class D,1
,61459398547,FC24004906,00:00.0,Male,Black,36,Medium,NULL,NULL,Not of Hispanic Origin,,0,MA,,0
,61459399519,FC24004906,00:00.0,Male,Black,29,Heavy,Short,Medium Brown,Not of Hispanic Origin,,0,MA,ID Only - Never had Personal Driver License,0
,61459400756,FC24004906,00:00.0,Male,White,28,Thin,Bushy,OTHER,Hispanic Origin,,0,MA,,0
,61459401873,FC24004906,00:00.0,Male,Black,30,Thin,Short,Dark,Not of Hispanic Origin,,0,MA,,0
,61388636844,FC24004816,10:00.0,Male,White,21,Thin,Straight,Medium,Hispanic Origin,,0,MA,,0
,61388636844,FC24004816,10:00.0,Male,White,21,Thin,Straight,Medium,Hispanic Origin,,0,MA,,NULL
,61388684144,FC24004816,10:00.0,Male,Black,18,NULL,NULL,NULL,Hispanic Origin,,0,MA,,NULL
,61388710404,FC24004817,35:00.0,Female,White,34,NULL,NULL,NULL,Not of Hispanic Origin,,0,NULL,,1
,61388751321,FC24004817,35:00.0,Female,White,34,NULL,NULL,NULL,Unknown,,0,NULL,,NULL
,61389257347,FC24004818,33:00.0,Male,Black,36,Medium,NULL,NULL,Not of Hispanic Origin,,0,MA,,1
,61389270316,FC24004819,36:00.0,Male,Black,30,Medium,Braided,Medium Brown,Not of Hispanic Origin,,0,MA,Class D,1
,61389283046,FC24004819,36:00.0,Male,Black,29,NULL,NULL,NULL,NULL,,0,MA,ID Only - Never had Personal Driver License,1
,61390407783,FC24004820,55:00.0,Male,White,22,Medium,Curly,Light,Hispanic Origin,,0,MA,Class D,1
,61391195716,FC24004825,24:00.0,Male,Other,27,NULL,NULL,NULL,Hispanic Origin,,0,MA,Class D,0
,61391295454,FC24004826,00:00.0,Female,White,31,Medium,Straight,Light,Not of Hispanic Origin,,0,MA,ID Only - Never had Personal Driver License,1
,61401659925,FC24004829,59:00.0,Male,Black,42,NULL,NULL,NULL,NULL,,0,MA,Class D,0
,61401753574,FC24004830,00:00.0,Male,Black,34,Medium,Bald or Balding,Light Brown,Not of Hispanic Origin,,0,MA,"ID - Had a License, now has ID",0
,61407746450,FC24004837,41:00.0,Male,Black,18,Thin,Dreadlocks,Dark,Not of Hispanic Origin,,0,MA,,1
,61459407992,FC24004906,00:00.0,Male,Black,34,Unknown,NULL,NULL,Not of Hispanic Origin,,0,MA,,0
,61517479924,FC24004910,43:00.0,Male,Black,34,Thin,Dreadlocks,Dark,Not of Hispanic Origin,,0,MA,Class D,1
,61517648814,FC24004910,43:00.0,Male,Unknown,36,NULL,NULL,NULL,Unknown,,0,MA,Other: ID only,1
,61611768355,FC24004917,45:00.0,Male,Black,37,Muscular,NULL,NULL,Not of Hispanic Origin,,0,MA,Class D,0
,61695848095,FC24004926,35:00.0,Male,Black,15,NULL,NULL,NULL,NULL,,0,NULL,,0
,61716567461,FC24004926,35:00.0,Male,Black,15,NULL,NULL,NULL,Hispanic Origin,,0,NULL,,0
,61734097939,FC24004928,00:00.0,Male,Black,16,NULL,NULL,NULL,Hispanic Origin,,0,NULL,,1
,61775140475,FC24004935,40:00.0,Male,White,41,Medium,Other,Light,Not of Hispanic Origin,,0,MA,,0
,61775180442,FC24004935,40:00.0,Male,Black,34,Thin,Afro,Medium Brown,Not of Hispanic Origin,,0,MA,,NULL
,61796882175,FC24004937,10:00.0,Male,Black,25,Thin,Short,Dark Brown,Not of Hispanic Origin,,0,MA,Class D,0
,61796883282,FC24004937,10:00.0,Male,Black,19,Medium,Dreadlocks,Medium Brown,Unknown,,0,MA,,0
,61796883696,FC24004937,10:00.0,Male,Black,25,Thin,Short,NULL,Not of Hispanic Origin,,0,MA,Class D,0
,61796888333,FC24004937,10:00.0,Male,Black,25,Thin,Afro,Light Brown,Hispanic Origin,,0,MA,"ID - Had a License, now has ID",0
,61797377725,FC24004938,00:00.0,Male,White,22,NULL,NULL,NULL,Not of Hispanic Origin,,0,MA,,1
,61610785448,FC24004916,30:00.0,Male,White,NULL,NULL,NULL,NULL,Not of Hispanic Origin,,0,NULL,,0
,61610785448,FC24004916,30:00.0,Male,White,NULL,NULL,NULL,NULL,Not of Hispanic Origin,,0,NULL,,NULL
,61615092330,FC24004918,00:00.0,Male,Black,21,Thin,NULL,Dark Brown,Not of Hispanic Origin,,0,MA,,1
,61704604213,FC24004927,30:00.0,Male,Black,48,Medium,Short,Light,Hispanic Origin,,0,MA,,1
,61741471148,FC24004929,30:00.0,Male,Other,66,NULL,NULL,NULL,Hispanic Origin,,0,NULL,,0
,61807090340,FC24004940,24:00.0,Male,Black,31,Medium,Corn Rows,Light Brown,Unknown,,0,MA,,0
,61813025595,FC24004943,00:00.0,Male,NULL,23,NULL,NULL,NULL,NULL,,0,MA,,0
,61814233159,FC24004944,39:00.0,Male,Black,37,Thin,NULL,NULL,Not of Hispanic Origin,,0,MA,,1
,61864528738,FC24004956,24:00.0,Male,Unknown,43,NULL,NULL,NULL,Hispanic Origin,,0,MA,No License - Record Only,0
,61864579158,FC24004956,24:00.0,Male,Unknown,31,NULL,NULL,NULL,Hispanic Origin,,0,OTH,No License - Record Only,0
,61864609229,FC24004956,24:00.0,Male,Unknown,32,NULL,NULL,NULL,Hispanic Origin,,0,OTH,No License - Record Only,0
,61864988039,FC24004956,24:00.0,Male,Unknown,28,NULL,NULL,NULL,Hispanic Origin,,0,NULL,,0
,61869274312,FC24004958,38:00.0,Female,White,40,NULL,NULL,NULL,Unknown,,0,MA,Class D,0
,61873729406,FC24004961,48:00.0,Male,Black,16,NULL,NULL,NULL,Unknown,,0,NULL,,1
,61873975268,FC24004961,48:00.0,Female,White,36,Medium,Straight,Light,Not of Hispanic Origin,,0,MA,Class D,NULL
,61407751190,FC24004837,41:00.0,Male,Black,18,Thin,Dreadlocks,NULL,NULL,,0,MA,,1
,61416495326,FC24004841,00:00.0,Male,Black,36,Medium,Short,Light Brown,Unknown,,0,MA,,1
,61422113292,FC24004848,43:00.0,Male,White,39,Stocky,NULL,NULL,Hispanic Origin,,0,MA,,1
,61422110668,FC24004849,00:00.0,Male,Black,40,Medium,NULL,Dark Brown,Not of Hispanic Origin,,0,MA,Class D,0
,61422113872,FC24004849,00:00.0,Male,Black,27,Medium,Braided,Light Brown,Hispanic Origin,,0,MA,Class D,0
,61422117861,FC24004849,00:00.0,Male,White,27,Thin,Straight,Light,Hispanic Origin,,0,MA,,0
,61426904280,FC24004852,51:00.0,Male,NULL,NULL,NULL,NULL,NULL,NULL,,0,NULL,,NULL
,61426908712,FC24004852,51:00.0,Male,Black,30,Medium,Corn Rows,Medium,Not of Hispanic Origin,,0,MA,Class D,0
,61431130477,FC24004865,30:00.0,Male,White,30,NULL,NULL,NULL,Hispanic Origin,,0,NULL,,0
,61444170607,FC24004876,36:00.0,Male,Black,34,Medium,Dreadlocks,Light,Not of Hispanic Origin,,0,MA,ID Only - Never had Personal Driver License,1
,61445760086,FC24004882,50:00.0,Male,White,15,NULL,NULL,NULL,Hispanic Origin,,0,NULL,,1
,61445787056,FC24004882,50:00.0,Male,White,16,NULL,NULL,NULL,Hispanic Origin,,0,NULL,,1
,61445807398,FC24004882,50:00.0,Male,White,15,NULL,NULL,NULL,Hispanic Origin,,0,NULL,,1
,61446320903,FC24004884,23:00.0,Male,Black,12,NULL,NULL,NULL,Hispanic Origin,,0,NULL,,1
,61446321599,FC24004884,23:00.0,Male,Black,15,Medium,NULL,Dark Brown,NULL,,0,MA,,1
,61455109398,FC24004897,28:00.0,Male,Black,20,Medium,NULL,Medium Brown,Not of Hispanic Origin,,0,MA,,0
,61456266438,FC24004898,15:00.0,Male,Black,24,Thin,Curly,Medium Brown,Not of Hispanic Origin,,0,MA,Class D,1
,61456268243,FC24004898,15:00.0,Male,Black,28,NULL,NULL,NULL,Not of Hispanic Origin,,0,MA,Class D,1
,61456270098,FC24004898,15:00.0,Male,Black,25,NULL,NULL,NULL,Not of Hispanic Origin,,0,MA,Class D,1
,61456997131,FC24004899,00:00.0,Male,White,29,Medium,Short,Light,Not of Hispanic Origin,,0,MA,Class D,0
,61458205779,FC24004903,37:00.0,Male,White,42,NULL,NULL,NULL,Hispanic Origin,,0,NULL,,1
,61458207697,FC24004903,37:00.0,Male,Unknown,45,NULL,NULL,NULL,Hispanic Origin,,0,NULL,,1
,61616459314,FC24004920,30:00.0,Male,White,62,Medium,NULL,NULL,Not of Hispanic Origin,,0,CA,,0
,61626941483,FC24004921,40:00.0,Male,Black,39,Medium,Braided,Dark Brown,Not of Hispanic Origin,,0,MA,,1
,61626962112,FC24004921,40:00.0,Female,Black,38,Stocky,NULL,NULL,Not of Hispanic Origin,,0,MA,Class D,0
,61627963267,FC24004923,58:00.0,Male,White,26,Medium,NULL,NULL,Not of Hispanic Origin,,0,MA,Class D,0
,61627969862,FC24004923,58:00.0,Male,Black,42,Medium,Short,Dark,Hispanic Origin,,0,MA,"ID - Had a License, now has ID",0
,61627998548,FC24004923,58:00.0,Female,White,41,Medium,NULL,NULL,Not of Hispanic Origin,,0,MA,,0
,61651352448,FC24004924,15:00.0,Male,Unknown,20,NULL,NULL,NULL,NULL,,0,MA,ID Only - Never had Personal Driver License,1
,61804623157,FC24004939,03:00.0,Male,Black,19,Thin,NULL,Medium,Not of Hispanic Origin,,0,MA,,1
,61810800621,FC24004941,00:00.0,Male,Black,32,Muscular,NULL,NULL,Not of Hispanic Origin,,0,MA,,1
,61818051787,FC24004947,49:00.0,Male,Black,48,Obese,Bald or Balding,Medium,Not of Hispanic Origin,,0,MA,Class D,0
,61852617485,FC24004950,28:00.0,Male,White,57,NULL,NULL,NULL,Not of Hispanic Origin,,0,MA,"ID - Had a License, now has ID",0
,61854477755,FC24004951,15:00.0,Female,Black,15,NULL,NULL,NULL,Not of Hispanic Origin,,0,MA,,0
,61854487010,FC24004951,15:00.0,Male,Black,14,Thin,Afro,Light Brown,Unknown,,0,MA,,1
,61854509947,FC24004951,15:00.0,Male,Black,15,NULL,NULL,NULL,NULL,,0,NULL,,1
,61863522716,FC24004955,50:00.0,Male,Black,19,Thin,Braided,Dark,Unknown,,0,MA,Class D,0
,61863546835,FC24004955,50:00.0,Male,White,19,NULL,NULL,NULL,Unknown,,0,NULL,,0
,61874549215,FC24004964,30:00.0,Female,Black,25,NULL,NULL,NULL,Not of Hispanic Origin,,0,MA,Class D,0
,61874550399,FC24004964,30:00.0,Male,Black,24,Medium,Short,Medium Brown,Not of Hispanic Origin,,0,MA,ID Only - Never had Personal Driver License,0
,61878016919,FC24004968,00:00.0,Male,Black,20,Medium,Braided,Dark,Not of Hispanic Origin,,0,MA,,1
,61881010534,FC24004973,30:00.0,Male,Black,34,Medium,Bald or Balding,Light Brown,Not of Hispanic Origin,,0,MA,"ID - Had a License, now has ID",1
,61881013558,FC24004973,30:00.0,Male,Black,37,Medium,Afro,Medium,Not of Hispanic Origin,,0,MA,,1
,61446322482,FC24004884,23:00.0,Male,White,12,NULL,NULL,NULL,NULL,,0,NULL,,1
,61446323286,FC24004884,23:00.0,Male,Black,13,NULL,NULL,NULL,NULL,,0,NULL,,1
,61446326212,FC24004884,23:00.0,Female,White,12,NULL,NULL,NULL,NULL,,0,NULL,,1
,61446328070,FC24004884,23:00.0,Male,Other,13,NULL,NULL,NULL,Hispanic Origin,,0,NULL,,1
,61447626378,FC24004886,30:00.0,Male,NULL,47,NULL,NULL,NULL,NULL,,0,NULL,,0
,61448328944,FC24004888,50:00.0,Male,Black,33,NULL,NULL,NULL,Unknown,,0,NY,ID Only - Never had Personal Driver License,1
,61457917010,FC24004900,00:00.0,Male,Black,55,Thin,Short,Medium Brown,Not of Hispanic Origin,,0,MA,,0
,61457917980,FC24004900,00:00.0,Female,White,46,NULL,NULL,NULL,Not of Hispanic Origin,,0,MA,ID Only - Never had Personal Driver License,0
,61457986918,FC24004901,00:00.0,Male,Black,30,NULL,NULL,NULL,Not of Hispanic Origin,,0,MA,Class D,1
,61457987918,FC24004901,00:00.0,Male,Black,20,Medium,NULL,Medium,NULL,,0,MA,,1
,61457989540,FC24004901,00:00.0,Male,Black,17,Thin,Braided,Medium,Not of Hispanic Origin,,0,MA,,1
,61460160372,FC24004907,42:00.0,Male,White,29,Medium,Straight,Light,Hispanic Origin,,0,MA,,1
,61460199658,FC24004908,15:00.0,Male,Black,24,Thin,Braided,Medium Brown,Not of Hispanic Origin,,0,MA,,1
,61460203115,FC24004908,15:00.0,Male,Black,18,Thin,Braided,Medium Brown,NULL,,0,MA,,1
,61460205603,FC24004908,15:00.0,Male,Black,20,NULL,NULL,NULL,Unknown,,0,MA,Other: CLASS M,1
,61874393248,FC24004963,45:00.0,Male,Black,37,Medium,Dreadlocks,Medium Brown,NULL,,0,MA,,1
,61877918682,FC24004966,00:00.0,Male,Black,38,Medium,Afro,Light Brown,Hispanic Origin,,0,MA,Class D,0
,61878899065,FC24004970,00:00.0,Male,Black,41,Medium,Short,Dark,Not of Hispanic Origin,,0,MA,Class D,0
,61879002673,FC24004970,00:00.0,Female,White,42,Thin,NULL,NULL,Not of Hispanic Origin,,0,MA,No License - Record Only,0
,61883564382,FC24004978,35:00.0,Unknown,Unknown,NULL,NULL,NULL,NULL,Unknown,,0,NULL,,0
,61891178254,FC24004981,16:00.0,Male,Black,43,Thin,Short,Medium Brown,Hispanic Origin,,0,MA,ID Only - Never had Personal Driver License,0
,61914111989,FC24004993,30:00.0,Male,Black,35,Medium,Braided,Medium Brown,NULL,,0,NULL,,0
,61914255771,FC24004994,12:00.0,Male,NULL,33,NULL,NULL,NULL,NULL,,0,MA,,0
,61914267490,FC24004994,12:00.0,Male,Black,37,Thin,NULL,NULL,Not of Hispanic Origin,,0,MA,,0
,61922733754,FC24004997,26:00.0,Female,Asian,NULL,NULL,NULL,NULL,Unknown,,0,NULL,,NULL
,61922735419,FC24004997,26:00.0,Male,White,38,Thin,Curly,Medium,Hispanic Origin,,0,MA,ID Only - Never had Personal Driver License,1
,61924609004,FC24005000,00:00.0,Female,Black,32,Medium,Braided,Medium Brown,Not of Hispanic Origin,,0,MA,,0
,61960985823,FC24005003,00:00.0,Male,Black,23,NULL,NULL,NULL,NULL,,0,NULL,,1
,61940949783,FC24005016,45:00.0,Female,White,59,NULL,NULL,NULL,NULL,,0,MA,,0
,61940957068,FC24005016,45:00.0,Female,White,28,Thin,Wavy,Fair,Not of Hispanic Origin,,0,MA,No License - Record Only,NULL
,61881018893,FC24004973,30:00.0,Male,Other,24,Thin,Curly,Medium,Hispanic Origin,,0,MA,Class D,1
,61882565193,FC24004976,58:00.0,Male,Other,18,NULL,NULL,NULL,Hispanic Origin,,0,NULL,,1
,61890340415,FC24004980,00:00.0,Male,Black,46,Stocky,NULL,NULL,Not of Hispanic Origin,,0,MA,,1
,61912673455,FC24004988,30:00.0,Male,Black,16,Thin,NULL,Light Brown,Not of Hispanic Origin,,0,MA,,0
,61912688929,FC24004988,30:00.0,Male,Black,13,NULL,NULL,NULL,Not of Hispanic Origin,,0,NULL,,0
,61914336812,FC24004996,01:00.0,Male,Black,25,Heavy,Corn Rows,Medium Brown,NULL,,0,MA,,0
,61914337527,FC24004996,01:00.0,Female,Black,21,NULL,NULL,NULL,Hispanic Origin,,0,NULL,,0
,61927518334,FC24005007,30:00.0,Male,Black,30,Heavy,Short,Dark Brown,Not of Hispanic Origin,,0,MA,Class D,1
,61927587170,FC24005008,47:00.0,Male,Unknown,52,NULL,NULL,NULL,NULL,,0,MA,,0
,61927587170,FC24005008,47:00.0,Male,Unknown,52,NULL,NULL,NULL,NULL,,0,MA,,NULL
,61927592487,FC24005008,47:00.0,Male,White,58,Heavy,Wavy,Light,Not of Hispanic Origin,,0,MA,No License - Record Only,NULL
,61928496214,FC24005011,57:00.0,Female,Black,38,Thin,Wavy,Medium Brown,Hispanic Origin,,0,MA,Class D,0
,61952407206,FC24005025,00:00.0,Female,Black,21,NULL,NULL,NULL,NULL,,0,NULL,,1
,61952408272,FC24005025,00:00.0,Male,Black,21,Thin,Afro,Light Brown,Not of Hispanic Origin,,0,MA,ID Only - Never had Personal Driver License,1
,61959040466,FC24005030,14:00.0,Male,Black,29,Medium,Dreadlocks,Medium Brown,NULL,,0,MA,Class D,1
,61651378621,FC24004924,15:00.0,Male,Black,22,Medium,Short,Medium Brown,Not of Hispanic Origin,,0,MA,ID Only - Never had Personal Driver License,1
,61764241761,FC24004932,15:00.0,Male,Black,27,Medium,Braided,Dark,Not of Hispanic Origin,,0,MA,Class D,0
,61766859029,FC24004933,33:00.0,Male,Black,30,Thin,NULL,NULL,Not of Hispanic Origin,,0,MA,ID Only - Never had Personal Driver License,1
,61766905564,FC24004933,33:00.0,Male,Black,23,NULL,NULL,NULL,NULL,,0,MA,Class D,1
,61795904463,FC24004936,00:00.0,Male,White,25,NULL,NULL,NULL,Hispanic Origin,,0,MA,Class D,1
,61811670928,FC24004942,07:00.0,Male,Black,31,Medium,Short,Dark Brown,Not of Hispanic Origin,,0,MA,Class D,0
,61811704059,FC24004942,07:00.0,Female,Black,31,NULL,NULL,NULL,Unknown,,0,MA,,0
,61814921929,FC24004945,13:00.0,Male,Black,32,Thin,Braided,Light Brown,Not of Hispanic Origin,,0,MA,,1
,61816060101,FC24004946,00:00.0,Male,Black,14,NULL,NULL,NULL,Not of Hispanic Origin,,0,NULL,,0
,61816095505,FC24004946,00:00.0,Male,Black,15,NULL,NULL,NULL,Unknown,,0,NULL,,0
,61816121201,FC24004946,00:00.0,Male,Black,15,NULL,NULL,NULL,Not of Hispanic Origin,,0,NULL,,1
,61868990858,FC24004957,33:00.0,Male,Black,46,Medium,Bald or Balding,Dark Brown,Not of Hispanic Origin,,0,MA,,0
,61874280452,FC24004962,30:00.0,Male,Black,31,Thin,Short,Medium Brown,Unknown,,0,MA,,0
,61874371108,FC24004962,30:00.0,Male,Black,26,Thin,Braided,Medium Brown,Not of Hispanic Origin,,0,MA,,1
,61941459788,FC24005017,45:00.0,Male,Black,18,NULL,NULL,NULL,NULL,,0,NULL,,1
,61941685374,FC24005017,45:00.0,Male,Black,16,NULL,NULL,NULL,NULL,,0,MA,Other: Permit,1
,61952828507,FC24005026,00:00.0,Male,Black,19,NULL,NULL,NULL,Not of Hispanic Origin,,0,MA,Class D,0
,61952836783,FC24005026,00:00.0,Male,Black,19,NULL,NULL,NULL,Hispanic Origin,,0,MA,Class D,0
,61953114768,FC24005027,51:00.0,Female,Black,57,NULL,NULL,NULL,Not of Hispanic Origin,,0,NULL,,NULL
,61953117480,FC24005027,51:00.0,Male,Black,28,NULL,NULL,NULL,Not of Hispanic Origin,,0,MA,Class D,0
,61953119855,FC24005027,51:00.0,Female,Black,23,NULL,NULL,NULL,Not of Hispanic Origin,,0,MA,Class D,0
,61956536106,FC24005029,55:00.0,Male,Black,26,Thin,Short,Medium Brown,Not of Hispanic Origin,,0,MA,Class D,0
,61961782891,FC24005032,15:00.0,Male,Black,53,Heavy,Short,Medium Brown,Not of Hispanic Origin,,0,MA,,0
,61962264044,FC24005035,00:00.0,Male,Black,68,NULL,NULL,NULL,Not of Hispanic Origin,,0,NULL,,0
,61966890359,FC24005040,58:00.0,Male,Black,22,Thin,NULL,Medium,Hispanic Origin,,0,MA,,0
,61993400874,FC24005052,14:00.0,Male,Black,19,Thin,NULL,Light Brown,Hispanic Origin,,0,MA,Other: NO  Status Found on Record,0
,61998070716,FC24005053,02:00.0,Male,White,41,NULL,NULL,NULL,Unknown,,0,MA,Class D,0
,61998071895,FC24005053,02:00.0,Male,White,50,Thin,NULL,NULL,Not of Hispanic Origin,,0,MA,,0
,61998454380,FC24005054,30:00.0,Male,White,52,NULL,NULL,NULL,Not of Hispanic Origin,,0,NULL,,0
,61460209001,FC24004908,15:00.0,Female,Black,20,Medium,Braided,Medium Brown,Not of Hispanic Origin,,0,MA,,0
,61592713405,FC24004914,55:00.0,Male,Black,27,Thin,Short,Medium Brown,Not of Hispanic Origin,,0,MA,Class D,0
,61593092451,FC24004915,00:00.0,Male,Black,20,Thin,Corn Rows,Medium Brown,Not of Hispanic Origin,,0,MA,,0
,61593107407,FC24004915,00:00.0,Male,Black,20,Medium,Braided,Medium Brown,Not of Hispanic Origin,,0,MA,,0
,61693545431,FC24004925,53:00.0,Female,Black,27,Thin,NULL,NULL,Not of Hispanic Origin,,0,MA,Class D,0
,61693853590,FC24004925,53:00.0,Male,Black,29,NULL,NULL,NULL,Not of Hispanic Origin,,0,MA,Class D,0
,61742725198,FC24004930,42:00.0,Male,White,57,Thin,Wavy,Light Brown,Hispanic Origin,,0,MA,Class D,0
,61747844764,FC24004931,35:00.0,Male,Black,17,Thin,Short,Dark,Unknown,,0,MA,,1
,61773923069,FC24004934,20:00.0,Male,Black,53,Thin,NULL,NULL,Not of Hispanic Origin,,0,MA,"ID - Had a License, now has ID",1
,61851473100,FC24004948,30:00.0,Male,Black,17,Thin,Short,Dark,Unknown,,0,MA,,0
,61855482941,FC24004953,20:00.0,Male,White,57,NULL,NULL,NULL,Not of Hispanic Origin,,0,MA,"ID - Had a License, now has ID",0
,61863455454,FC24004954,32:00.0,Male,Black,26,Medium,Dreadlocks,Medium Brown,Not of Hispanic Origin,,0,MA,Class D,1
,61873297707,FC24004960,13:00.0,Male,Black,45,Medium,Braided,Medium Brown,Not of Hispanic Origin,,0,MA,Class D,1
,61959041653,FC24005030,14:00.0,Male,Black,27,Medium,Short,Medium Brown,Not of Hispanic Origin,,0,MA,Class D,1
,61988445244,FC24005044,55:00.0,Male,Black,20,Thin,Braided,Medium Brown,Not of Hispanic Origin,,0,MA,,1
,61988446696,FC24005044,55:00.0,Male,Black,20,Medium,NULL,Dark Brown,Not of Hispanic Origin,,0,MA,,1
,61988807195,FC24005044,55:00.0,Male,Black,16,Thin,Braided,Dark Brown,Unknown,,0,MA,,NULL
,61990889845,FC24005046,06:00.0,Male,Black,30,Muscular,Short,Dark Brown,Not of Hispanic Origin,,0,MA,,1
,61990890391,FC24005046,06:00.0,Male,Black,31,Thin,NULL,NULL,Not of Hispanic Origin,,0,MA,,1
,61990973622,FC24005047,30:00.0,Male,Black,40,Thin,Short,Light,Not of Hispanic Origin,,0,MA,Class D,0
,61990975127,FC24005047,30:00.0,Male,White,41,Thin,NULL,NULL,Not of Hispanic Origin,,0,MA,,0
,61990975517,FC24005048,00:00.0,Male,Black,20,Thin,NULL,NULL,NULL,,0,MA,,0
,61991094854,FC24005049,00:00.0,Male,White,60,Medium,Short,Light,Not of Hispanic Origin,,0,MA,Class D,1
,61991114339,FC24005050,48:00.0,Male,White,60,Medium,Short,Light,Not of Hispanic Origin,,0,MA,Class D,1
,61998946777,FC24005055,00:00.0,Female,White,35,Thin,Straight,Light,Not of Hispanic Origin,,0,MA,"ID - Had a License, now has ID",0
,62001310199,FC24005059,43:00.0,Male,NULL,25,NULL,NULL,NULL,NULL,,0,NULL,,1
,62011395468,FC24005063,27:00.0,Male,Black,25,NULL,NULL,NULL,Not of Hispanic Origin,,0,GA,,1
,61877624105,FC24004965,00:00.0,Male,White,50,Medium,Short,Light,Unknown,,0,MA,Class D,0
,61877983801,FC24004967,39:00.0,Male,Black,17,NULL,NULL,NULL,NULL,,0,NULL,,0
,61877990236,FC24004967,39:00.0,Male,Black,35,Heavy,Dreadlocks,Medium Brown,Not of Hispanic Origin,,0,MA,"ID - Had a License, now has ID",0
,61877992581,FC24004967,39:00.0,Male,Black,30,Stocky,Short,Medium,Not of Hispanic Origin,,0,MA,ID Only - Never had Personal Driver License,0
,61882429393,FC24004975,00:00.0,Male,Black,21,NULL,NULL,NULL,NULL,,0,MA,Class D,0
,61883790061,FC24004979,52:00.0,Male,White,49,NULL,NULL,NULL,Hispanic Origin,,0,MA,Class D,1
,61883792748,FC24004979,52:00.0,Male,Other,23,NULL,NULL,NULL,Hispanic Origin,,0,MA,,NULL
,61911456538,FC24004986,00:00.0,Male,Black,19,Thin,Braided,Medium,Not of Hispanic Origin,,0,MA,,0
,61911476708,FC24004986,00:00.0,Male,Black,19,Thin,Dreadlocks,Light,Hispanic Origin,,0,MA,ID Only - Never had Personal Driver License,0
,61913573128,FC24004991,14:00.0,Male,Black,32,Thin,Afro,Medium Brown,Not of Hispanic Origin,,0,MA,,1
,61924201171,FC24004999,15:00.0,Male,Unknown,19,NULL,NULL,NULL,Unknown,,0,MA,ID Only - Never had Personal Driver License,1
,61924205166,FC24004999,15:00.0,Male,White,22,Heavy,Curly,Light,Unknown,,0,MA,ID Only - Never had Personal Driver License,1
,61924208642,FC24004999,15:00.0,Male,Black,27,Heavy,Braided,Brown,Not of Hispanic Origin,,0,MA,ID Only - Never had Personal Driver License,1
,62000386616,FC24005057,06:00.0,Male,Unknown,21,NULL,NULL,NULL,Hispanic Origin,,0,MA,Class D,1
,62011169873,FC24005062,21:00.0,Male,White,43,NULL,NULL,NULL,NULL,,0,NULL,,0
,62022666774,FC24005074,32:00.0,Male,Black,21,Medium,Dreadlocks,Medium Brown,NULL,,0,MA,Class D,1
,62022667742,FC24005074,32:00.0,Male,Black,20,Thin,Corn Rows,Medium Brown,Not of Hispanic Origin,,0,MA,,NULL
,62029466634,FC24005077,15:00.0,Male,Black,20,Medium,NULL,NULL,Unknown,,0,MA,ID Only - Never had Personal Driver License,1
,62029469711,FC24005077,15:00.0,Female,White,20,NULL,NULL,NULL,Hispanic Origin,,0,MA,"ID - Had a License, now has ID",0
,62030913711,FC24005081,36:00.0,Male,Black,50,Medium,NULL,Medium Brown,Not of Hispanic Origin,,0,MA,Class D,1
,62038499765,FC24005090,50:00.0,Male,Black,27,Thin,NULL,Light Brown,Not of Hispanic Origin,,0,MA,Class D,1
,62047166098,FC24005099,58:00.0,Male,Black,45,Medium,Short,Dark Brown,Not of Hispanic Origin,,0,MA,,0
,62048098768,FC24005101,25:00.0,Male,Black,36,Medium,Short,Dark,Not of Hispanic Origin,,0,MA,Class D,0
,62051166000,FC24005103,25:00.0,Male,White,15,NULL,NULL,NULL,Unknown,,0,NULL,,1
,62051166515,FC24005103,25:00.0,Male,Black,16,Thin,Braided,Dark Brown,Unknown,,0,MA,,1
,62059318830,FC24005112,20:00.0,Male,Black,36,NULL,NULL,NULL,Hispanic Origin,,0,MA,Class D,0
,62060393919,FC24005117,50:00.0,Male,Black,29,Medium,Dreadlocks,Light Brown,Not of Hispanic Origin,,0,MA,Class D,1
,62062246775,FC24005119,30:00.0,Female,White,31,NULL,NULL,NULL,Not of Hispanic Origin,,0,MA,Class D,NULL
,62062248303,FC24005119,30:00.0,Male,Black,38,Medium,Dreadlocks,Medium Brown,Not of Hispanic Origin,,0,MA,"ID - Had a License, now has ID",0
,62079769879,FC25000006,05:00.0,Male,White,23,NULL,NULL,NULL,Hispanic Origin,,0,MA,ID Only - Never had Personal Driver License,1
,62108411307,FC25000029,00:00.0,Male,White,38,Heavy,Short,Light Brown,Not of Hispanic Origin,,0,MA,ID Only - Never had Personal Driver License,0
,62108474648,FC25000029,00:00.0,Female,White,22,NULL,NULL,NULL,Not of Hispanic Origin,,0,MA,Class D,NULL
,62021845848,FC24005073,15:00.0,Male,White,60,Thin,Afro,Medium Brown,Not of Hispanic Origin,,0,MA,,0
,62022643951,FC24005073,15:00.0,Male,Black,22,Medium,NULL,NULL,Not of Hispanic Origin,,0,MA,,0
,62022686703,FC24005073,15:00.0,Male,Black,21,Medium,Dreadlocks,Medium Brown,NULL,,0,MA,Class D,NULL
,62029723806,FC24005078,15:00.0,Female,White,29,NULL,NULL,NULL,Not of Hispanic Origin,,0,MA,Class D,1
,62029751726,FC24005078,15:00.0,Male,White,40,NULL,NULL,NULL,Not of Hispanic Origin,,0,MA,ID Only - Never had Personal Driver License,1
,62030499486,FC24005080,00:00.0,Male,White,46,Thin,Short,OTHER,NULL,,0,MA,,0
,62031167455,FC24005082,08:00.0,Male,Black,37,Muscular,Corn Rows,Dark Brown,Not of Hispanic Origin,,0,MA,,1
,62031826070,FC24005083,49:00.0,Male,Black,32,Muscular,Braided,Medium Brown,Not of Hispanic Origin,,0,MA,Class D,0
,62032083541,FC24005084,00:00.0,Male,Black,17,NULL,NULL,NULL,Unknown,,0,MA,No License - Record Only,0
,62032087596,FC24005084,00:00.0,Male,Black,25,Medium,Curly,NULL,NULL,,0,MA,"ID - Had a License, now has ID",0
,62036410840,FC24005085,20:00.0,Male,Black,29,NULL,NULL,NULL,NULL,,0,NULL,,1
,62036412657,FC24005085,20:00.0,Male,Black,38,Medium,NULL,NULL,Not of Hispanic Origin,,0,MA,,NULL
,62036413118,FC24005085,20:00.0,Female,Unknown,28,NULL,NULL,NULL,Unknown,,0,NULL,,NULL
,62037373841,FC24005086,45:00.0,Male,Black,53,Medium,Shaved Head,Light Brown,Not of Hispanic Origin,,0,MA,,0
,61925203096,FC24005001,00:00.0,Male,Black,22,Thin,Corn Rows,Light Brown,Not of Hispanic Origin,,0,MA,,1
,61925207423,FC24005001,00:00.0,Male,Black,18,Thin,Braided,Dark Brown,Unknown,,0,MA,Class D,1
,61927475507,FC24005005,34:00.0,Male,Black,46,Medium,Short,Medium,Not of Hispanic Origin,,0,MA,ID Only - Never had Personal Driver License,0
,61927565463,FC24005005,34:00.0,Female,White,41,Thin,Wavy,Light,Not of Hispanic Origin,,0,MA,,0
,61927507021,FC24005006,35:00.0,Male,Black,37,Thin,NULL,NULL,Not of Hispanic Origin,,0,MA,,0
,61927672397,FC24005009,30:00.0,Male,Black,26,Medium,Short,Medium Brown,Not of Hispanic Origin,,0,MA,,0
,61928523084,FC24005012,50:00.0,Male,Black,33,Muscular,Short,Medium,Not of Hispanic Origin,,0,MA,Class D,0
,61936366287,FC24005013,46:00.0,Male,White,29,Medium,Short,Light,Not of Hispanic Origin,,0,MA,Class D,0
,61938952430,FC24005015,30:00.0,Female,White,41,Medium,NULL,Light,Not of Hispanic Origin,,0,MA,,0
,61938966628,FC24005015,30:00.0,Male,White,39,Stocky,NULL,NULL,Not of Hispanic Origin,,0,MA,,0
,61944085017,FC24005019,55:00.0,Male,Black,20,Thin,Braided,Medium Brown,Not of Hispanic Origin,,0,MA,,1
,61944754441,FC24005020,27:00.0,Male,Black,33,NULL,NULL,NULL,Unknown,,0,NY,ID Only - Never had Personal Driver License,0
,61945503750,FC24005021,25:00.0,Male,Black,28,Thin,NULL,NULL,Not of Hispanic Origin,,0,MA,,1
,61952400975,FC24005024,30:00.0,Male,NULL,47,Medium,NULL,NULL,Not of Hispanic Origin,,0,MA,,0
,61962220982,FC24005034,05:00.0,Male,Black,39,Heavy,NULL,NULL,Not of Hispanic Origin,,0,MA,,1
,61965619781,FC24005037,00:00.0,Male,NULL,36,NULL,NULL,NULL,NULL,,0,NULL,,NULL
,61965892400,FC24005037,00:00.0,Male,White,37,Medium,Short,NULL,Not of Hispanic Origin,,0,MA,,1
,61966471445,FC24005038,00:00.0,Male,Black,33,NULL,NULL,NULL,Not of Hispanic Origin,,0,NULL,,0
,61966490889,FC24005038,00:00.0,Male,Black,29,NULL,NULL,NULL,Not of Hispanic Origin,,0,MA,Class D,0
,61966522079,FC24005038,00:00.0,Female,Black,27,Thin,NULL,NULL,Not of Hispanic Origin,,0,MA,Class D,0
,61966929275,FC24005039,59:00.0,Male,White,31,NULL,NULL,NULL,Not of Hispanic Origin,,0,MA,Class D,0
,61971567245,FC24005041,00:00.0,Male,Black,30,Muscular,Short,Dark Brown,Not of Hispanic Origin,,0,MA,,1
,61971571336,FC24005041,00:00.0,Male,Black,30,Medium,NULL,NULL,Not of Hispanic Origin,,0,MA,,1
,62000274582,FC24005056,50:00.0,Male,Black,27,Thin,Curly,Medium Brown,Not of Hispanic Origin,,0,MA,Other: M,0
,62000280765,FC24005056,50:00.0,Male,White,27,NULL,NULL,NULL,Hispanic Origin,,0,NULL,,0
,62001055898,FC24005058,30:00.0,Male,Black,30,Medium,Short,Light Brown,Not of Hispanic Origin,,0,MA,ID Only - Never had Personal Driver License,0
,62001056509,FC24005058,30:00.0,Male,Black,33,Thin,NULL,Medium,Not of Hispanic Origin,,0,MA,,0
,61878817983,FC24004969,23:00.0,Male,Black,61,Medium,Short,Medium Brown,NULL,,0,MA,,1
,61881228894,FC24004969,23:00.0,Female,Unknown,51,NULL,NULL,NULL,Unknown,,0,MA,Class D,NULL
,61879557885,FC24004972,00:00.0,Male,White,59,Medium,NULL,NULL,Hispanic Origin,,0,MA,,0
,61879566824,FC24004972,00:00.0,Male,Black,52,Muscular,NULL,NULL,Not of Hispanic Origin,,0,MA,,0
,61883340857,FC24004977,30:00.0,Male,Black,32,Medium,Dreadlocks,Medium Brown,Not of Hispanic Origin,,0,MA,,1
,61901232487,FC24004982,21:00.0,Male,White,61,NULL,NULL,NULL,NULL,,0,NULL,,1
,61904979748,FC24004983,15:00.0,Male,Black,27,Small,NULL,Medium,Not of Hispanic Origin,,0,MA,,0
,61910328364,FC24004985,58:00.0,Male,Black,58,Thin,Short,Medium,Not of Hispanic Origin,,0,MA,,0
,61912564089,FC24004987,15:00.0,Male,Black,15,Thin,Afro,Medium Brown,Not of Hispanic Origin,,0,MA,,1
,61913115682,FC24004990,17:00.0,Female,White,39,Thin,Curly,Light,Not of Hispanic Origin,,0,MA,,0
,61913153147,FC24004990,17:00.0,Male,NULL,56,NULL,NULL,NULL,NULL,,0,NULL,,0
,61914015411,FC24004992,00:00.0,Male,Black,38,Medium,Braided,Dark Brown,Not of Hispanic Origin,,0,MA,Class D,1
,61914281672,FC24004995,00:00.0,Male,White,27,Heavy,NULL,NULL,Hispanic Origin,,0,MA,Class D,0
,61914288714,FC24004995,00:00.0,Female,White,30,NULL,NULL,NULL,Hispanic Origin,,0,MA,Class D,0
,61923446608,FC24004998,23:00.0,Male,White,55,Thin,NULL,Light,Not of Hispanic Origin,,0,MA,,0
,62037735358,FC24005087,02:00.0,Male,White,30,Thin,NULL,NULL,Hispanic Origin,,0,MA,,1
,62038127178,FC24005089,30:00.0,Male,Black,34,Thin,Dreadlocks,Medium Brown,Not of Hispanic Origin,,0,MA,,1
,62038511628,FC24005091,55:00.0,Male,Black,29,Thin,Unkempt,Dark Brown,Not of Hispanic Origin,,0,MA,Class D,0
,62055198680,FC24005106,00:00.0,Male,Black,27,Heavy,Curly,Light Brown,Not of Hispanic Origin,,0,MA,,1
,62055200129,FC24005106,00:00.0,Male,Black,34,Thin,NULL,Medium Brown,Not of Hispanic Origin,,0,MA,Class D,1
,62055508985,FC24005107,34:00.0,Male,White,43,NULL,NULL,NULL,NULL,,0,NULL,,1
,62056438885,FC24005108,00:00.0,Male,Unknown,34,Thin,Unkempt,Light,Not of Hispanic Origin,,0,MA,Class D,0
,62057657709,FC24005110,23:00.0,Male,Black,43,Thin,NULL,NULL,Not of Hispanic Origin,,0,MA,,0
,62057670318,FC24005110,23:00.0,Male,Black,34,Thin,Bald or Balding,Light Brown,Not of Hispanic Origin,,0,MA,"ID - Had a License, now has ID",0
,62058265628,FC24005111,00:00.0,Male,White,35,NULL,NULL,NULL,Not of Hispanic Origin,,0,NULL,,0
,62058268208,FC24005111,00:00.0,Male,Black,57,Muscular,Short,Dark,Not of Hispanic Origin,,0,MA,Class D,0
,62067341160,FC24005121,45:00.0,Male,White,28,Medium,Wavy,Light,Not of Hispanic Origin,,0,MA,,0
,62067300183,FC24005122,45:00.0,Female,Black,38,Thin,Wavy,Medium Brown,Hispanic Origin,,0,MA,Class D,0
,62067964145,FC24005123,30:00.0,Female,White,59,Medium,Straight,Light,Not of Hispanic Origin,,0,MA,Class D,0
,62001057346,FC24005058,30:00.0,Male,Black,30,Medium,Short,Light,Not of Hispanic Origin,,0,MA,,0
,62001057929,FC24005058,30:00.0,Male,Black,34,Heavy,Short,Dark,Not of Hispanic Origin,,0,MA,Class D,0
,62007048997,FC24005060,34:00.0,Male,Black,67,NULL,NULL,NULL,NULL,,0,NULL,,0
,62012216444,FC24005065,40:00.0,Female,White,28,Medium,Pony Tail,Medium Brown,Not of Hispanic Origin,,0,MA,,0
,62012234116,FC24005065,40:00.0,Male,White,53,Thin,Short,Light,Not of Hispanic Origin,,0,MA,,NULL
,62016774693,FC24005067,30:00.0,Male,White,49,NULL,NULL,NULL,Not of Hispanic Origin,,0,MA,,1
,62016934846,FC24005068,30:00.0,Male,White,32,Medium,Straight,Light,Hispanic Origin,,0,MA,ID Only - Never had Personal Driver License,0
,62017080693,FC24005069,38:00.0,Female,White,55,Thin,Wavy,Light,Not of Hispanic Origin,,0,MA,ID Only - Never had Personal Driver License,1
,62019818092,FC24005071,40:00.0,Male,Black,29,Medium,Corn Rows,Dark Brown,Not of Hispanic Origin,,0,MA,"ID - Had a License, now has ID",1
,62027740281,FC24005075,00:00.0,Male,White,40,NULL,NULL,NULL,Not of Hispanic Origin,,0,MA,ID Only - Never had Personal Driver License,1
,62027764953,FC24005075,00:00.0,Female,White,29,NULL,NULL,NULL,Not of Hispanic Origin,,0,MA,Class D,1
,62037804191,FC24005088,15:00.0,Male,Black,33,Medium,Short,Medium,Not of Hispanic Origin,,0,MA,"ID - Had a License, now has ID",1
,62041612130,FC24005094,21:00.0,Male,NULL,32,Medium,NULL,NULL,Not of Hispanic Origin,,0,MA,,1
,62072775868,FC24005125,55:00.0,Male,Black,33,NULL,NULL,NULL,Not of Hispanic Origin,,0,NULL,,0
,62072805646,FC24005125,55:00.0,Male,White,24,Medium,NULL,Medium,Hispanic Origin,,0,MA,None,0
,62082586157,FC25000017,39:00.0,Male,White,43,NULL,NULL,NULL,Unknown,,0,MA,,0
,62082593323,FC25000017,39:00.0,Male,White,46,Medium,Unkempt,Light,Not of Hispanic Origin,,0,MA,Class D,0
,62082600524,FC25000017,39:00.0,Female,White,41,Medium,NULL,NULL,Not of Hispanic Origin,,0,TN,,0
,62041768072,FC24005094,21:00.0,Female,Black,20,NULL,NULL,NULL,Hispanic Origin,,0,NULL,,0
,62041773300,FC24005094,21:00.0,Female,Black,23,NULL,NULL,NULL,Hispanic Origin,,0,NULL,,0
,62046608385,FC24005098,32:00.0,Male,White,40,Medium,Bald or Balding,NULL,Not of Hispanic Origin,,0,MA,,0
,62051225931,FC24005104,00:00.0,Female,Black,42,Medium,NULL,NULL,Not of Hispanic Origin,,0,MA,Class D,0
,62055148217,FC24005105,43:00.0,Female,White,39,NULL,NULL,NULL,Not of Hispanic Origin,,0,NULL,,0
,62055149582,FC24005105,43:00.0,Male,Black,33,Thin,Unkempt,Medium Brown,Unknown,,0,MA,ID Only - Never had Personal Driver License,0
,62057614535,FC24005109,50:00.0,Male,Black,59,NULL,NULL,NULL,Unknown,,0,MA,Class D,1
,62059638439,FC24005114,16:00.0,Male,Black,37,Medium,NULL,NULL,Not of Hispanic Origin,,0,MA,Class D,0
,62060316433,FC24005114,16:00.0,Male,Unknown,51,NULL,NULL,NULL,Hispanic Origin,,0,NULL,,NULL
,62059890449,FC24005115,23:00.0,Female,Black,45,Heavy,NULL,Medium Brown,Not of Hispanic Origin,,0,MA,,1
,62059890716,FC24005115,23:00.0,Male,Black,49,Medium,Short,Medium Brown,Not of Hispanic Origin,,0,MA,Class D,1
,62060285151,FC24005116,20:00.0,Male,White,49,NULL,NULL,NULL,Hispanic Origin,,0,NULL,,1
,62071267220,FC24005124,45:00.0,Male,White,51,Heavy,NULL,Light,Not of Hispanic Origin,,0,MA,Class D,0
,62079751244,FC25000005,00:00.0,Male,Other,18,NULL,NULL,NULL,Hispanic Origin,,0,NULL,,0
,62079751825,FC25000005,00:00.0,Male,Black,20,NULL,NULL,NULL,Not of Hispanic Origin,,0,MA,,0
,62079764862,FC25000005,00:00.0,Male,White,18,NULL,NULL,NULL,Hispanic Origin,,0,NULL,,0
,62079765885,FC25000005,00:00.0,Male,Unknown,18,NULL,NULL,NULL,Hispanic Origin,,0,MA,,0
,62082080203,FC25000016,00:00.0,Male,Unknown,16,NULL,NULL,NULL,NULL,,0,NULL,,1
,62151067521,FC25000066,00:00.0,Male,White,40,Medium,Bald or Balding,NULL,Not of Hispanic Origin,,0,MA,,0
,61925364067,FC24005002,35:00.0,Male,Black,17,Thin,Short,Dark,Unknown,,0,MA,,0
,61926772757,FC24005004,52:00.0,Male,Black,52,Medium,NULL,NULL,Not of Hispanic Origin,,0,MA,Class D,1
,61926986042,FC24005004,52:00.0,Female,White,50,NULL,NULL,NULL,Not of Hispanic Origin,,0,MA,Class D,0
,61928255884,FC24005010,40:00.0,Male,Black,31,Muscular,NULL,NULL,Not of Hispanic Origin,,0,MA,Class D,1
,61950560737,FC24005022,15:00.0,Male,Black,21,Medium,Afro,Light,Hispanic Origin,,0,MA,ID Only - Never had Personal Driver License,1
,61950667593,FC24005023,17:00.0,Male,Black,33,NULL,NULL,NULL,Unknown,,0,NY,ID Only - Never had Personal Driver License,0
,61961220777,FC24005031,20:00.0,Male,Black,19,NULL,NULL,NULL,Not of Hispanic Origin,,0,MA,,1
,61961224028,FC24005031,20:00.0,Male,Black,17,NULL,NULL,NULL,Not of Hispanic Origin,,0,MA,ID Only - Never had Personal Driver License,1
,61961229283,FC24005031,20:00.0,Male,Black,19,NULL,NULL,NULL,Not of Hispanic Origin,,0,NULL,,1
,61986847214,FC24005043,50:00.0,Male,Black,30,Thin,NULL,NULL,Not of Hispanic Origin,,0,MA,ID Only - Never had Personal Driver License,0
,61986866604,FC24005043,50:00.0,Male,Black,20,Thin,Braided,Medium Brown,Not of Hispanic Origin,,0,MA,,0
,61986889540,FC24005043,50:00.0,Male,Black,15,Thin,Unkempt,Dark Brown,Not of Hispanic Origin,,0,MA,,0
,61987059282,FC24005043,50:00.0,Male,Black,20,Medium,NULL,Dark Brown,Not of Hispanic Origin,,0,MA,,0
,61989933760,FC24005045,28:00.0,Male,NULL,41,Medium,NULL,NULL,Not of Hispanic Origin,,0,MA,,1
,61989934110,FC24005045,28:00.0,Female,White,42,NULL,Straight,Light,Not of Hispanic Origin,,0,MA,,1
,61992152615,FC24005051,00:00.0,Male,Black,35,Stocky,Short,Medium,Unknown,,0,MA,Class D,1
,62010207243,FC24005061,47:00.0,Male,Black,37,Thin,Short,Dark Brown,Unknown,,0,MA,Class D,0
,62012135232,FC24005064,31:00.0,Male to Female Transgender,Black,27,Medium,Braided,Dark,Not of Hispanic Origin,,0,MA,,0
,62012135742,FC24005064,31:00.0,Male,Black,48,Medium,NULL,NULL,Not of Hispanic Origin,,0,MA,,NULL
,62015911582,FC24005066,45:00.0,Male,Unknown,29,NULL,NULL,NULL,Unknown,,0,FL,Class D,0
,62017373568,FC24005070,13:00.0,Male,White,15,Medium,NULL,Medium Brown,Hispanic Origin,,0,MA,,NULL
,62017373568,FC24005070,13:00.0,Male,White,15,Medium,NULL,Medium Brown,Hispanic Origin,,0,MA,,0
,62019916102,FC24005072,30:00.0,Male,Black,45,NULL,NULL,NULL,NULL,,0,MA,"ID - Had a License, now has ID",0
,62027918710,FC24005076,40:00.0,Male,Black,27,Thin,Short,NULL,Unknown,,0,MA,Class D,1
,62027945079,FC24005076,40:00.0,Female,Unknown,28,NULL,NULL,NULL,Hispanic Origin,,0,MA,ID Only - Never had Personal Driver License,NULL
,62030166978,FC24005079,56:00.0,Male,White,27,Medium,Short,Medium,Not of Hispanic Origin,,0,MA,,0
,62040152195,FC24005092,00:00.0,Male,Black,NULL,NULL,NULL,NULL,Unknown,,0,NULL,,NULL
,62042107904,FC24005096,21:00.0,Male,Black,25,Heavy,Braided,Dark,Not of Hispanic Origin,,0,MA,ID Only - Never had Personal Driver License,1
,62042108501,FC24005096,21:00.0,Male,Black,27,Medium,NULL,NULL,Not of Hispanic Origin,,0,MA,,1
,62046229348,FC24005097,14:00.0,Male,White,58,NULL,NULL,NULL,Not of Hispanic Origin,,0,NULL,,NULL
,62046232374,FC24005097,14:00.0,Male,White,40,Medium,Bald or Balding,NULL,Not of Hispanic Origin,,0,MA,,0
,62047373699,FC24005100,30:00.0,Female,Black,57,Thin,Unkempt,Dark Brown,Not of Hispanic Origin,,0,MA,,0
,62049299514,FC24005102,01:00.0,Male,White,42,Medium,NULL,NULL,Hispanic Origin,,0,MA,ID Only - Never had Personal Driver License,0
,62049304923,FC24005102,01:00.0,Female,Black,48,NULL,NULL,NULL,Not of Hispanic Origin,,0,NULL,,NULL
,62059616454,FC24005113,23:00.0,Female,White,26,NULL,NULL,NULL,Unknown,,0,NULL,,NULL
,62059628929,FC24005113,23:00.0,Male,White,34,NULL,NULL,NULL,Unknown,,0,MA,Class D,0
,62060770211,FC24005118,13:00.0,Male,White,16,NULL,NULL,NULL,NULL,,0,MA,Class D,0
,62060791514,FC24005118,13:00.0,Male,White,18,NULL,NULL,NULL,NULL,,0,MA,Class D,0
,62060799669,FC24005118,13:00.0,Female,NULL,17,NULL,NULL,NULL,NULL,,0,NULL,,0
,62060813560,FC24005118,13:00.0,Female,White,20,NULL,NULL,NULL,NULL,,0,MA,Class D,0
,62060823676,FC24005118,13:00.0,Male,White,21,NULL,NULL,NULL,Hispanic Origin,,0,MA,Class D,0
,62060838705,FC24005118,13:00.0,Female,NULL,19,NULL,NULL,NULL,NULL,,0,NULL,,0
,62061007785,FC24005118,13:00.0,Female,White,18,NULL,NULL,NULL,NULL,,0,MA,Class D,0
,62061025040,FC24005118,13:00.0,Male,White,19,NULL,NULL,NULL,NULL,,0,MA,Class D,0
,62061237894,FC24005118,13:00.0,Male,White,21,NULL,NULL,NULL,NULL,,0,MA,Class D,0
,62061452894,FC24005118,13:00.0,Male,White,19,NULL,NULL,NULL,Not of Hispanic Origin,,0,MA,Class D,0
,62061475001,FC24005118,13:00.0,Female,Black,18,NULL,NULL,NULL,Not of Hispanic Origin,,0,MA,Class D,0
,62061672852,FC24005118,13:00.0,Female,White,16,NULL,NULL,NULL,NULL,,0,MA,Class D,0
,62060922261,FC24005118,13:00.0,Female,White,18,NULL,NULL,NULL,NULL,,0,MA,Class D,0
,62060937239,FC24005118,13:00.0,Female,Black,18,NULL,NULL,NULL,NULL,,0,MA,Class D,0
,62060944814,FC24005118,13:00.0,Male,NULL,26,NULL,NULL,NULL,NULL,,0,NULL,,0
,62060958294,FC24005118,13:00.0,Female,Asian,18,NULL,NULL,NULL,NULL,,0,MA,Class D,0
,62060972930,FC24005118,13:00.0,Male,White,20,NULL,NULL,NULL,NULL,,0,MA,Class D,0
,62060985961,FC24005118,13:00.0,Female,White,18,NULL,NULL,NULL,NULL,,0,MA,Class D,0
,62060847716,FC24005118,13:00.0,Female,White,17,NULL,NULL,NULL,NULL,,0,MA,Class D,0
,62060859032,FC24005118,13:00.0,Male,Black,19,NULL,NULL,NULL,NULL,,0,MA,Class D,0
,62060881692,FC24005118,13:00.0,Male,White,26,NULL,NULL,NULL,NULL,,0,MA,Class D,0
,62060888422,FC24005118,13:00.0,Female,NULL,15,NULL,NULL,NULL,NULL,,0,NULL,,0
,62060895709,FC24005118,13:00.0,Unknown,NULL,16,NULL,NULL,NULL,NULL,,0,NULL,,0
,62060913868,FC24005118,13:00.0,Female,White,22,NULL,NULL,NULL,NULL,,0,MA,Class D,0
,62066704343,FC24005120,00:00.0,Male,Black,24,NULL,NULL,NULL,NULL,,0,NULL,,1
,62066717205,FC24005120,00:00.0,Male,Black,25,NULL,NULL,NULL,Not of Hispanic Origin,,0,MA,Class D,1
,62066725127,FC24005120,00:00.0,Male,Black,21,NULL,NULL,NULL,NULL,,0,MA,Class D,1
,53606841026,FC24000002,57:00.0,Male,Black,25,Thin,Curly,Light Brown,Hispanic Origin,,0,MA,Class D,1
,53609149829,FC24000010,14:00.0,Male,White,22,NULL,NULL,NULL,Not of Hispanic Origin,,0,MA,Class D,0
,53609597149,FC24000012,00:00.0,Male,White,17,NULL,NULL,NULL,Hispanic Origin,,0,NULL,,0
,53609600131,FC24000012,00:00.0,Male,White,15,NULL,NULL,NULL,Hispanic Origin,,0,NULL,,0
,53609607823,FC24000012,00:00.0,Male,White,15,NULL,NULL,NULL,Hispanic Origin,,0,NULL,,0
,53610928670,FC24000015,55:00.0,Male,Black,32,Heavy,NULL,NULL,Not of Hispanic Origin,,0,MA,,0
,53616663497,FC24000021,00:00.0,Male,Black,19,NULL,NULL,NULL,Unknown,,0,MA,Class D,1
,53616722148,FC24000022,49:00.0,Male,White,49,NULL,NULL,NULL,Not of Hispanic Origin,,0,MA,,1
,53616722529,FC24000022,49:00.0,Male,Black,34,Medium,Unkempt,Light,Not of Hispanic Origin,,0,MA,Class D,1
,53618664051,FC24000032,50:00.0,Male,Black,21,Thin,NULL,NULL,Not of Hispanic Origin,,0,MA,Class D,1
,53622430118,FC24000036,30:00.0,Male,White,24,Heavy,Straight,Medium,Hispanic Origin,,0,MA,No License - Record Only,0
,53622432631,FC24000036,30:00.0,Male,Black,21,Medium,Short,Dark Brown,Not of Hispanic Origin,,0,MA,Class D,0
,53622463588,FC24000036,30:00.0,Male,White,29,NULL,NULL,NULL,Not of Hispanic Origin,,0,MA,Class D,NULL
,53623918444,FC24000042,45:00.0,Male,Black,18,Thin,Afro,Dark Brown,Not of Hispanic Origin,,0,NULL,,1
,53623920164,FC24000042,45:00.0,Male,NULL,19,NULL,NULL,NULL,NULL,,0,MA,Class D,1
,53623924667,FC24000042,45:00.0,Male,White,19,NULL,NULL,NULL,Hispanic Origin,,0,MA,ID Only - Never had Personal Driver License,1
,53625687053,FC24000052,58:00.0,Male,White,46,Medium,Short,NULL,Unknown,,0,MA,,0
,53625731693,FC24000053,06:00.0,Male,Black,21,Thin,NULL,NULL,Not of Hispanic Origin,,0,MA,Class D,0
,53625835491,FC24000055,00:00.0,Female,Unknown,34,NULL,NULL,NULL,Hispanic Origin,,0,NULL,,0
,53625999456,FC24000057,45:00.0,Male,Black,42,Thin,Braided,Dark Brown,Not of Hispanic Origin,,0,MA,,0
,53626000180,FC24000057,45:00.0,Male,White,61,Medium,Short,Light,Not of Hispanic Origin,,0,MA,Other: revoked,0
,53634427344,FC24000063,31:00.0,Male,White,38,NULL,NULL,NULL,Hispanic Origin,,0,NULL,,0
,53634527200,FC24000063,31:00.0,Male,NULL,29,NULL,NULL,NULL,Hispanic Origin,,0,NULL,,0
,53645402689,FC24000068,36:00.0,Male,White,29,Thin,NULL,NULL,Hispanic Origin,,0,MA,Class D,1
,53645611283,FC24000071,00:00.0,Male,White,38,Medium,NULL,NULL,Not of Hispanic Origin,,0,MA,,1
,53645616032,FC24000071,00:00.0,Male,Black,41,Medium,NULL,NULL,Not of Hispanic Origin,,0,MA,"ID - Had a License, now has ID",1
,53649754934,FC24000073,30:00.0,Male,Black,15,Medium,Braided,Medium,NULL,,0,MA,,1
,53653103287,FC24000074,40:00.0,Male,White,38,Thin,Curly,Medium,Hispanic Origin,,0,MA,Class D,0
,53653106959,FC24000074,40:00.0,Female,White,37,NULL,NULL,NULL,NULL,,0,MA,Class D,0
,53653114194,FC24000074,40:00.0,Male,White,44,Medium,Curly,Light,Hispanic Origin,,0,MA,,0
,53654879352,FC24000080,30:00.0,Male,Black,36,Thin,Short,Dark,Unknown,,0,MA,,0
,53658198387,FC24000085,20:00.0,Male,Black,NULL,NULL,NULL,NULL,Hispanic Origin,,0,NULL,,NULL
,53658784448,FC24000085,20:00.0,Male,White,35,Medium,Short,Medium,Hispanic Origin,,0,MA,ID Only - Never had Personal Driver License,1
,53660458889,FC24000088,25:00.0,Male,Black,21,Medium,Short,Dark,Not of Hispanic Origin,,0,MA,ID Only - Never had Personal Driver License,1
,53661822173,FC24000091,30:00.0,Male,Black,38,Medium,Dreadlocks,Dark,Not of Hispanic Origin,,0,MA,"ID - Had a License, now has ID",0
,53661880998,FC24000092,00:00.0,Male,White,34,Medium,Straight,Light,Hispanic Origin,,0,MA,Class D,1
,53661883582,FC24000092,00:00.0,Male,Black,52,Medium,Bald or Balding,Medium Brown,Not of Hispanic Origin,,0,MA,,1
,53661886787,FC24000092,00:00.0,Male,White,43,Thin,NULL,NULL,Hispanic Origin,,0,MA,,1
,53661889855,FC24000092,00:00.0,Male,White,55,Heavy,NULL,NULL,Hispanic Origin,,0,MA,,1
,53662175088,FC24000094,00:00.0,Male,Black,28,Heavy,NULL,NULL,Not of Hispanic Origin,,0,MA,No License - Record Only,1
,53667006325,FC24000099,04:00.0,Female,White,21,NULL,NULL,NULL,Hispanic Origin,,0,NULL,,NULL
,53667006325,FC24000099,04:00.0,Female,White,21,NULL,NULL,NULL,Hispanic Origin,,0,NULL,,NULL
,53667007052,FC24000099,04:00.0,Male,Black,27,NULL,NULL,NULL,Hispanic Origin,,0,NULL,,0
,53673601309,FC24000104,00:00.0,Male,NULL,15,NULL,NULL,NULL,NULL,,0,NULL,,0
,53674332318,FC24000105,26:00.0,Male,White,33,Thin,Unkempt,Light,Not of Hispanic Origin,,0,MA,,0
,53675659974,FC24000107,37:00.0,Male,Black,49,Medium,Bald or Balding,NULL,Not of Hispanic Origin,,0,MA,,0
,53675663786,FC24000107,37:00.0,Female,White,33,Medium,Unkempt,Light,Not of Hispanic Origin,,0,MA,,0
,53679038090,FC24000118,46:00.0,Male,Black,21,Medium,Afro,Medium,Unknown,,0,MA,Class D,0
,53682558468,FC24000122,00:00.0,Male,White,17,NULL,NULL,NULL,Hispanic Origin,,0,NULL,,0
,53685125207,FC24000124,20:00.0,Male,White,25,NULL,NULL,NULL,Unknown,,0,NULL,,0
,53685127099,FC24000124,20:00.0,Female,White,25,NULL,NULL,NULL,Not of Hispanic Origin,,0,MA,Class D,0
,53688121296,FC24000133,45:00.0,Male,Black,28,Medium,NULL,NULL,Not of Hispanic Origin,,0,MA,Class D,1
,53688127718,FC24000133,45:00.0,Male,White,33,Thin,Short,NULL,NULL,,0,MA,,1
,53688130708,FC24000133,45:00.0,Male,Unknown,26,NULL,NULL,NULL,Unknown,,0,MA,,1
,53688716316,FC24000138,02:00.0,Male,White,40,Thin,NULL,NULL,Not of Hispanic Origin,,0,MA,,0
,53688717993,FC24000138,02:00.0,Female,White,59,Medium,NULL,NULL,Not of Hispanic Origin,,0,MA,,NULL
,53711445334,FC24000148,00:00.0,Male,White,38,Medium,Bald or Balding,Light,Not of Hispanic Origin,,0,NULL,,1
,53711999045,FC24000151,30:00.0,Male,Black,22,Thin,Corn Rows,Medium Brown,Not of Hispanic Origin,,0,MA,,0
,53712004243,FC24000151,30:00.0,Female,Black,23,NULL,NULL,NULL,Hispanic Origin,,0,MA,,0
,53712566611,FC24000153,00:00.0,Male,Black,29,Medium,Dreadlocks,NULL,Not of Hispanic Origin,,0,MA,,0
,53713027269,FC24000155,00:00.0,Male,Unknown,29,NULL,NULL,NULL,Unknown,,0,MA,Class D,0
,53731893266,FC24000161,00:00.0,Male,Asian,NULL,NULL,NULL,NULL,NULL,,0,NULL,,0
,53731903934,FC24000161,00:00.0,Male,Asian,NULL,NULL,NULL,NULL,NULL,,0,NULL,,0
,53732790437,FC24000164,00:00.0,Male,Black,28,NULL,NULL,NULL,Hispanic Origin,,0,MA,Class D,0
,53732798113,FC24000164,00:00.0,Male,White,31,Heavy,Short,Light,Unknown,,0,MA,,0
,53732798662,FC24000164,00:00.0,Female,Unknown,23,NULL,NULL,NULL,NULL,,0,MA,,NULL
,53733173621,FC24000168,37:00.0,Male,Black,30,Heavy,NULL,NULL,Not of Hispanic Origin,,0,MA,,0
,53734655410,FC24000173,00:00.0,Male,Black,28,Medium,Braided,Dark Brown,Not of Hispanic Origin,,0,MA,None,1
,53734656517,FC24000173,00:00.0,Male,Black,31,Medium,NULL,NULL,Not of Hispanic Origin,,0,MA,"ID - Had a License, now has ID",1
,53734656886,FC24000173,00:00.0,Female,Black,22,Medium,NULL,NULL,Unknown,,0,MA,ID Only - Never had Personal Driver License,1
,53750749365,FC24000176,09:00.0,Male,Black,33,Medium,Bald or Balding,Medium Brown,Not of Hispanic Origin,,0,MA,Class D,0
,53756412927,FC24000186,23:00.0,Male,Unknown,31,NULL,NULL,NULL,Unknown,,0,NJ,Class D,NULL
,53756414997,FC24000186,23:00.0,Male,Black,30,NULL,NULL,NULL,Hispanic Origin,,0,MA,,1
,53756568006,FC24000187,16:00.0,Male,Black,28,Medium,Afro,Medium Brown,Not of Hispanic Origin,,0,MA,,1
,53756570066,FC24000187,16:00.0,Male,Black,26,Thin,NULL,NULL,Not of Hispanic Origin,,0,MA,Class D,1
,53756571204,FC24000187,16:00.0,Male,Black,56,Thin,NULL,NULL,Not of Hispanic Origin,,0,MA,ID Only - Never had Personal Driver License,1
,53756572021,FC24000187,16:00.0,Female,Black,32,Medium,NULL,NULL,Not of Hispanic Origin,,0,MA,Class D,1
,53758152632,FC24000188,51:00.0,Male,White,37,Heavy,Short,Light Brown,Not of Hispanic Origin,,0,MA,ID Only - Never had Personal Driver License,0
,53758156044,FC24000188,51:00.0,Female,Black,31,NULL,NULL,NULL,Not of Hispanic Origin,,0,MA,ID Only - Never had Personal Driver License,NULL
,53768082713,FC24000191,34:00.0,Female,Unknown,27,NULL,NULL,NULL,Unknown,,0,MA,Class D,0
,53771132659,FC24000192,34:00.0,Male,White,49,Heavy,NULL,NULL,Hispanic Origin,,0,MA,Class D,0
,53771132659,FC24000192,34:00.0,Male,White,49,Heavy,NULL,NULL,Hispanic Origin,,0,MA,Class D,NULL
,53771420362,FC24000197,10:00.0,Male,Black,19,NULL,NULL,NULL,Hispanic Origin,,0,NULL,,0
,53771425813,FC24000197,10:00.0,Female,Unknown,68,NULL,NULL,NULL,Unknown,,0,NULL,,0
,53771587895,FC24000199,16:00.0,Male,Black,22,Thin,Dreadlocks,Medium,NULL,,0,MA,,1
,53771598505,FC24000199,16:00.0,Male,Black,26,Heavy,Braided,Brown,Not of Hispanic Origin,,0,MA,ID Only - Never had Personal Driver License,1
,53771600289,FC24000199,16:00.0,Female,Black,22,NULL,NULL,NULL,Unknown,,0,NULL,,0
,53772311469,FC24000201,21:00.0,Male,White,44,Medium,Short,Medium,Not of Hispanic Origin,,0,MA,,1
,53772334407,FC24000201,21:00.0,Male,White,45,Medium,NULL,NULL,Not of Hispanic Origin,,0,MA,,0
,53772516242,FC24000203,06:00.0,Male,NULL,30,Medium,NULL,Dark Brown,Not of Hispanic Origin,,0,MA,,0
,53773058016,FC24000205,10:00.0,Male,Black,26,Thin,Braided,Medium Brown,Not of Hispanic Origin,,0,MA,,0
,53773578035,FC24000208,13:00.0,Male,White,25,Medium,Curly,Light Brown,Hispanic Origin,,0,MA,,1
,53773632005,FC24000209,00:00.0,Male,Black,20,NULL,NULL,NULL,Not of Hispanic Origin,,0,MA,Class D,0
,53773636390,FC24000209,00:00.0,Male,Black,19,NULL,NULL,NULL,Hispanic Origin,,0,NULL,,0
,53773657524,FC24000209,00:00.0,Male,Unknown,19,NULL,NULL,NULL,Unknown,,0,NULL,,0
,53773665234,FC24000209,00:00.0,Male,Black,19,NULL,NULL,NULL,NULL,,0,NULL,,0
,53773681043,FC24000209,00:00.0,Male,Black,26,NULL,NULL,NULL,Not of Hispanic Origin,,0,GA,Class D,0
,53789677470,FC24000217,22:00.0,Male,NULL,51,NULL,NULL,NULL,NULL,,0,MA,Class D,1
,53791086376,FC24000220,00:00.0,Male,Black,15,Medium,Short,NULL,NULL,,0,MA,,0
,53791088034,FC24000220,00:00.0,Male,Black,14,Thin,Short,Medium Brown,NULL,,0,MA,,0
,53791091858,FC24000220,00:00.0,Male,Black,15,Heavy,Short,Dark Brown,Unknown,,0,MA,,0
,53791189583,FC24000220,00:00.0,Male,Black,14,NULL,NULL,NULL,Unknown,,0,NULL,,0
,53791191030,FC24000220,00:00.0,Male,Black,15,NULL,NULL,NULL,Not of Hispanic Origin,,0,NULL,,0
,53804563093,FC24000228,00:00.0,Male,White,31,Medium,Bald or Balding,Dark Brown,Not of Hispanic Origin,,0,MA,,0
,53813861400,FC24000237,47:00.0,Male,Black,22,Medium,NULL,NULL,Not of Hispanic Origin,,0,MA,Class D,0
,53813863321,FC24000237,47:00.0,Male,Unknown,22,NULL,NULL,NULL,Unknown,,0,MA,Class D,0
,53819526379,FC24000245,35:00.0,Male,White,32,Thin,Wavy,Light,Not of Hispanic Origin,,0,MA,,0
,53831153306,FC24000256,55:00.0,Male,Black,27,Medium,Braided,Medium,Not of Hispanic Origin,,0,MA,Class D,1
,53835415490,FC24000260,04:00.0,Male,Black,42,Medium,Bushy,Dark Brown,Not of Hispanic Origin,,0,MA,,0
,53835500636,FC24000260,04:00.0,Female,NULL,36,NULL,NULL,NULL,NULL,,0,NULL,,NULL
,53838125960,FC24000262,30:00.0,Male,Black,20,Heavy,Braided,Medium Brown,Not of Hispanic Origin,,0,MA,ID Only - Never had Personal Driver License,1
,53839911905,FC24000264,30:00.0,Male,Black,33,NULL,NULL,NULL,Not of Hispanic Origin,,0,CT,Class D,0
,53855723653,FC24000283,12:00.0,Male,Black,20,NULL,NULL,NULL,Hispanic Origin,,0,MA,Class D,0
,53855806598,FC24000283,12:00.0,Female,Black,16,NULL,NULL,NULL,Not of Hispanic Origin,,0,NULL,,0
,53856732153,FC24000288,35:00.0,Male,White,28,NULL,NULL,NULL,Not of Hispanic Origin,,0,MA,,1
,53861824854,FC24000291,00:00.0,Male,Unknown,32,NULL,NULL,NULL,Unknown,,0,NULL,,0
,53862642747,FC24000292,30:00.0,Male,White,30,NULL,NULL,NULL,Hispanic Origin,,0,NULL,,0
,53865999639,FC24000299,23:00.0,Male,Black,22,Heavy,Short,Dark Brown,Not of Hispanic Origin,,0,MA,Class D,0
,53866004025,FC24000299,23:00.0,Male,Black,19,Thin,Afro,Medium Brown,Not of Hispanic Origin,,0,MA,Class D,0
,53866007908,FC24000299,23:00.0,Male,Black,18,NULL,NULL,NULL,Unknown,,0,NULL,,0
,53871493030,FC24000301,12:00.0,Male,White,58,NULL,NULL,NULL,Not of Hispanic Origin,,0,MA,ID Only - Never had Personal Driver License,0
,53875853807,FC24000308,00:00.0,Male,White,44,Medium,NULL,Light,Not of Hispanic Origin,,0,NH,Class D,0
,53876014616,FC24000309,53:00.0,Male,Black,26,NULL,NULL,NULL,Not of Hispanic Origin,,0,MA,Class D,0
,53880978560,FC24000310,00:00.0,Male,Black,30,NULL,NULL,NULL,NULL,,0,NULL,,0
,53881089601,FC24000310,00:00.0,Male,Black,30,NULL,NULL,NULL,NULL,,0,NULL,,0
,53882023575,FC24000311,20:00.0,Male,Black,46,Medium,Bald or Balding,Dark Brown,Not of Hispanic Origin,,0,MA,,0
,53887522436,FC24000315,22:00.0,Male,Black,20,NULL,NULL,NULL,Unknown,,0,MA,ID Only - Never had Personal Driver License,0
,53887533209,FC24000315,22:00.0,Male,Unknown,21,NULL,NULL,NULL,Unknown,,0,MA,ID Only - Never had Personal Driver License,0
,53887536264,FC24000315,22:00.0,Male,Black,16,NULL,NULL,NULL,Unknown,,0,NULL,,0
,53887543049,FC24000315,22:00.0,Male,NULL,14,NULL,NULL,NULL,NULL,,0,NULL,,0
,53887544282,FC24000315,22:00.0,Male,Black,17,NULL,NULL,NULL,Unknown,,0,NULL,,0
,53887546316,FC24000315,22:00.0,Male,Black,17,NULL,NULL,NULL,Unknown,,0,NULL,,0
,53888422039,FC24000319,17:00.0,Male,Native Hawaiian or Other Pacific Islander,34,NULL,NULL,NULL,Not of Hispanic Origin,,0,MA,Class D,0
,53888423791,FC24000319,17:00.0,Female,White,36,Medium,Straight,Light,Not of Hispanic Origin,,0,MA,,0
,53608798586,FC24000008,45:00.0,Male,Black,20,NULL,NULL,NULL,Not of Hispanic Origin,,0,MA,,1
,53608800035,FC24000008,45:00.0,Male,Black,20,NULL,NULL,NULL,Hispanic Origin,,0,MA,Instruction Permit,1
,53608804039,FC24000008,45:00.0,Unknown,Unknown,21,NULL,NULL,NULL,Unknown,,0,MA,Class D,1
,53608939379,FC24000008,45:00.0,Male,Black,20,Thin,NULL,Light Brown,Not of Hispanic Origin,,0,MA,,1
,53608985116,FC24000009,24:00.0,Male,Black,28,Medium,Dreadlocks,Medium Brown,Not of Hispanic Origin,,0,MA,Class D,0
,53614595197,FC24000018,52:00.0,Male,Black,42,Medium,Braided,Medium Brown,Hispanic Origin,,0,MA,ID Only - Never had Personal Driver License,1
,53617124124,FC24000023,00:00.0,Male,White,17,Thin,Braided,Medium,Hispanic Origin,,0,MA,ID Only - Never had Personal Driver License,0
,53617134693,FC24000023,00:00.0,Male,Black,37,Medium,Braided,Medium Brown,Not of Hispanic Origin,,0,MA,"ID - Had a License, now has ID",0
,53622106482,FC24000035,31:00.0,Male,Black,20,Thin,NULL,Light Brown,Hispanic Origin,,0,MA,,1
,53622108866,FC24000035,31:00.0,Male,Black,19,NULL,NULL,NULL,Unknown,,0,NULL,,1
,53622920898,FC24000037,00:00.0,Male,White,63,NULL,NULL,NULL,Not of Hispanic Origin,,0,MA,Class D,0
,53624713019,FC24000046,00:00.0,Male,Black,34,Medium,NULL,NULL,Not of Hispanic Origin,,0,MA,,1
,53624716040,FC24000046,00:00.0,Female,White,31,NULL,NULL,NULL,Hispanic Origin,,0,MA,Class D,NULL
,53625396304,FC24000050,00:00.0,Female,Unknown,34,NULL,NULL,NULL,Hispanic Origin,,0,NULL,,0
,53608472717,FC24000007,00:00.0,Male,Black,45,Stocky,NULL,NULL,Not of Hispanic Origin,,0,MA,,0
,53612260118,FC24000017,14:00.0,Male,Black,19,Thin,Braided,Medium,Unknown,,0,MA,ID Only - Never had Personal Driver License,0
,53614920135,FC24000019,00:00.0,Male,Black,21,Medium,Short,Dark Brown,Not of Hispanic Origin,,0,MA,,0
,53614933699,FC24000019,00:00.0,Male,Black,33,Medium,Dreadlocks,Medium Brown,NULL,,0,MA,No License - Record Only,0
,53614936607,FC24000019,00:00.0,Male,Black,21,Medium,NULL,Dark Brown,Unknown,,0,MA,ID Only - Never had Personal Driver License,0
,53614939553,FC24000019,00:00.0,Female,Black,38,Thin,NULL,NULL,Not of Hispanic Origin,,0,MA,,0
,53616271178,FC24000020,00:00.0,Male,Black,35,Thin,NULL,Medium Brown,Hispanic Origin,,0,MA,ID Only - Never had Personal Driver License,1
,53616276963,FC24000020,00:00.0,Male,Black,30,Thin,Braided,Dark Brown,Not of Hispanic Origin,,0,MA,Class D,1
,53616280079,FC24000020,00:00.0,Male,Black,35,Medium,NULL,NULL,Not of Hispanic Origin,,0,MA,,0
,53617389000,FC24000025,12:00.0,Male,Black,36,Thin,NULL,NULL,Not of Hispanic Origin,,0,MA,,0
,53617391046,FC24000025,12:00.0,Female,White,33,Thin,Straight,Light,Hispanic Origin,,0,MA,Class D,0
,53617595445,FC24000027,13:00.0,Male,Black,31,Thin,NULL,NULL,Not of Hispanic Origin,,0,MA,Class D,1
,53622496958,FC24000034,00:00.0,Male,Black,21,Medium,Short,Dark Brown,Not of Hispanic Origin,,0,MA,Class D,0
,54973968358,FC19001900,00:00.0,Unknown,Unknown,NULL,NULL,NULL,NULL,NULL,,0,NULL,,0
,53607299455,FC24000003,18:00.0,Male,White,NULL,NULL,NULL,NULL,NULL,,0,NULL,,0
,53609598782,FC24000011,01:00.0,Female,White,45,Heavy,NULL,NULL,Not of Hispanic Origin,,0,MA,Class D,0
,53609601371,FC24000011,01:00.0,Male,White,53,Medium,Bald or Balding,NULL,Not of Hispanic Origin,,0,MA,,0
,53609852801,FC24000013,14:00.0,Male,Black,47,Medium,NULL,NULL,Not of Hispanic Origin,,0,MA,Class D,0
,53611876349,FC24000016,03:00.0,Male,Black,19,Thin,Curly,Light,Not of Hispanic Origin,,0,MA,,0
,53617210463,FC24000024,30:00.0,Male,Black,32,Medium,NULL,NULL,Not of Hispanic Origin,,0,MA,,0
,53617488582,FC24000026,07:00.0,Male,White,27,Thin,Short,Light Brown,Hispanic Origin,,0,MA,Class D,0
,53617920204,FC24000026,07:00.0,Female,Black,23,Thin,Straight,Medium,Not of Hispanic Origin,,0,MA,,0
,53617879641,FC24000028,34:00.0,Male,Black,34,Thin,Short,Dark,Not of Hispanic Origin,,0,MA,,1
,53618144830,FC24000031,12:00.0,Male,Black,31,Thin,NULL,Medium Brown,Not of Hispanic Origin,,0,MA,,1
,53618145163,FC24000031,12:00.0,Female,Black,27,NULL,NULL,NULL,Not of Hispanic Origin,,0,MA,Class D,NULL
,53623264277,FC24000039,40:00.0,Female,White,18,NULL,NULL,NULL,NULL,,0,CT,Class D,1
,53623283918,FC24000039,40:00.0,Male,Black,NULL,NULL,NULL,NULL,Unknown,,0,MA,None,1
,53623866359,FC24000041,00:00.0,Male,White,36,NULL,NULL,NULL,Not of Hispanic Origin,,0,MA,,1
,53622499916,FC24000034,00:00.0,Male,White,24,Heavy,Straight,Medium,Hispanic Origin,,0,MA,No License - Record Only,0
,53622950686,FC24000038,52:00.0,Male,Black,45,Muscular,NULL,NULL,Not of Hispanic Origin,,0,MA,,1
,53623378337,FC24000040,37:00.0,Male,Black,22,Thin,Curly,Medium,Hispanic Origin,,0,MA,,0
,53623378938,FC24000040,37:00.0,Female,White,18,Medium,Wavy,Light,Hispanic Origin,,0,MA,ID Only - Never had Personal Driver License,0
,53624947272,FC24000047,30:00.0,Female,White,25,Medium,Unkempt,Medium,Not of Hispanic Origin,,0,MA,,0
,53624954867,FC24000047,30:00.0,Male,Black,20,NULL,NULL,NULL,Hispanic Origin,,0,MA,Class D,NULL
,53628337989,FC24000061,08:00.0,Female,NULL,38,Heavy,NULL,NULL,Not of Hispanic Origin,,0,MA,,0
,53628340612,FC24000061,08:00.0,Male,Black,37,Medium,Dreadlocks,Medium Brown,Not of Hispanic Origin,,0,MA,"ID - Had a License, now has ID",0
,53630485236,FC24000062,12:00.0,Male,Black,23,Thin,Dreadlocks,Dark Brown,Not of Hispanic Origin,,0,MA,Class D,1
,53630487657,FC24000062,12:00.0,Male,NULL,34,NULL,NULL,NULL,NULL,,0,NULL,,NULL
,53630490158,FC24000062,12:00.0,Male,Black,31,Thin,Corn Rows,NULL,Not of Hispanic Origin,,0,MA,,NULL
,53634812017,FC24000064,00:00.0,Male,White,34,NULL,NULL,NULL,NULL,,0,NULL,,0
,53654741708,FC24000066,50:00.0,Male,White,19,NULL,NULL,NULL,Hispanic Origin,,0,MA,Instruction Permit,0
,53654766651,FC24000066,50:00.0,Male,Black,16,Thin,NULL,Light Brown,Hispanic Origin,,0,MA,,NULL
,53623983256,FC24000043,06:00.0,Male,Black,21,NULL,NULL,NULL,Unknown,,0,MA,Class D,0
,53625804705,FC24000044,51:00.0,Male,Black,39,Heavy,Dreadlocks,Medium,Not of Hispanic Origin,,0,MA,,1
,53625805991,FC24000044,51:00.0,Male,Black,18,Thin,Braided,Dark Brown,Not of Hispanic Origin,,0,MA,,1
,53624531192,FC24000045,15:00.0,Male,Black,22,Medium,Short,Dark,Not of Hispanic Origin,,0,MA,,0
,53624625309,FC24000045,15:00.0,Male,Asian,28,Medium,Straight,Light Brown,NULL,,0,MA,,NULL
,53624631220,FC24000045,15:00.0,Male,Black,32,Thin,NULL,NULL,Hispanic Origin,,0,MA,,NULL
,53624633556,FC24000045,15:00.0,Male,Black,24,Thin,NULL,NULL,Not of Hispanic Origin,,0,MA,Class D,NULL
,53624636513,FC24000045,15:00.0,Male,Black,28,Thin,Braided,NULL,Hispanic Origin,,0,MA,Class D,NULL
,53624644381,FC24000045,15:00.0,Male,White,28,Stocky,NULL,NULL,Hispanic Origin,,0,MA,Other: Suspended Lic,NULL
,53624646293,FC24000045,15:00.0,Male,White,23,Medium,NULL,Medium Brown,Hispanic Origin,,0,MA,CDL Class A,NULL
,53625010863,FC24000048,00:00.0,Female,Black,37,Thin,Short,Light,Hispanic Origin,,0,MA,,0
,53625026073,FC24000049,32:00.0,Male,Black,22,Medium,Short,Dark,Not of Hispanic Origin,,0,MA,,0
,53625739955,FC24000054,31:00.0,Male,White,35,Thin,NULL,NULL,Not of Hispanic Origin,,0,MA,,1
,53625752377,FC24000054,31:00.0,Male,White,38,NULL,NULL,NULL,Not of Hispanic Origin,,0,MA,,0
,53626597445,FC24000059,04:00.0,Male,Black,32,NULL,NULL,NULL,Not of Hispanic Origin,,0,NULL,,0
,53625836674,FC24000051,23:00.0,Male,White,36,Heavy,NULL,NULL,Hispanic Origin,,0,MA,Class D,0
,53625836674,FC24000051,23:00.0,Male,White,36,Heavy,NULL,NULL,Hispanic Origin,,0,MA,Class D,NULL
,53625900935,FC24000056,40:00.0,Male,White,42,Medium,NULL,NULL,Hispanic Origin,,0,MA,,0
,53626414239,FC24000058,30:00.0,Male,Black,74,NULL,NULL,NULL,Unknown,,0,MA,,0
,53626416146,FC24000058,30:00.0,Male,Black,45,Thin,Bald or Balding,Dark Brown,Not of Hispanic Origin,,0,MA,,0
,53642847002,FC24000065,27:00.0,Male,White,38,NULL,NULL,NULL,Hispanic Origin,,0,MA,Class D,0
,53645488785,FC24000069,45:00.0,Male,Black,18,NULL,NULL,NULL,Not of Hispanic Origin,,0,NULL,,0
,53645594087,FC24000069,45:00.0,Male,Black,20,Thin,Dreadlocks,Medium Brown,Not of Hispanic Origin,,0,MA,None,0
,53654779871,FC24000078,30:00.0,Male,Unknown,22,NULL,NULL,NULL,Hispanic Origin,,0,MA,Class D,0
,53654913283,FC24000081,39:00.0,Male,Black,36,Stocky,NULL,NULL,Not of Hispanic Origin,,0,MA,Class D,0
,53654967098,FC24000082,35:00.0,Male,Black,19,NULL,NULL,NULL,Unknown,,0,MA,,0
,53659720487,FC24000086,30:00.0,Female,White,44,Medium,Curly,NULL,Not of Hispanic Origin,,0,MA,,0
,53660679068,FC24000089,10:00.0,Male,White,23,Medium,NULL,Medium,Not of Hispanic Origin,,0,MA,Class D,1
,53660680135,FC24000089,10:00.0,Female,White,43,NULL,NULL,NULL,Not of Hispanic Origin,,0,MA,Class D,0
,53662253618,FC24000095,30:00.0,Male,Black,19,Thin,Braided,Medium,Unknown,,0,MA,ID Only - Never had Personal Driver License,0
,53626636172,FC24000060,30:00.0,Male,Black,39,Thin,NULL,NULL,Not of Hispanic Origin,,0,MA,,0
,53626641256,FC24000060,30:00.0,Male,Black,35,Medium,NULL,NULL,Not of Hispanic Origin,,0,MA,,0
,53645506114,FC24000070,36:00.0,Male,Black,13,NULL,NULL,NULL,Unknown,,0,NULL,,1
,53645506307,FC24000070,36:00.0,Male,Black,15,Thin,Flat Top,Dark Brown,NULL,,0,MA,,1
,53645506476,FC24000070,36:00.0,Male,Black,17,Medium,Afro,Medium Brown,Not of Hispanic Origin,,0,MA,,1
,53645511124,FC24000070,36:00.0,Male,White,15,NULL,NULL,NULL,Hispanic Origin,,0,NULL,,NULL
,53653913333,FC24000076,52:00.0,Female,Black,49,Thin,NULL,NULL,Not of Hispanic Origin,,0,MA,,1
,53653929880,FC24000076,52:00.0,Male,Black,65,NULL,NULL,NULL,Not of Hispanic Origin,,0,MA,Class D,NULL
,53654593618,FC24000077,45:00.0,Male,White,40,Medium,NULL,NULL,Hispanic Origin,,0,MA,,0
,53654781756,FC24000079,30:00.0,Male,Black,28,Thin,Dreadlocks,Medium,Not of Hispanic Origin,,0,MA,,1
,53654783122,FC24000079,30:00.0,Male,Black,53,Medium,Short,Dark,Unknown,,0,MA,,0
,53663090619,FC24000098,00:00.0,Female,Black,23,NULL,NULL,NULL,Hispanic Origin,,0,MA,Class D,0
,53663092499,FC24000098,00:00.0,Male,White,23,Thin,NULL,NULL,Hispanic Origin,,0,MA,Class D,NULL
,53670878939,FC24000103,30:00.0,Female,Black,21,NULL,NULL,NULL,Not of Hispanic Origin,,0,MA,Class D,0
,53670879738,FC24000103,30:00.0,Male,Black,34,Medium,Dreadlocks,Medium Brown,Not of Hispanic Origin,,0,MA,Class D,1
,53654781706,FC24000066,50:00.0,Male,Black,19,NULL,NULL,NULL,Unknown,,0,MA,,NULL
,53646564616,FC24000072,28:00.0,Male,Black,44,Heavy,NULL,NULL,Not of Hispanic Origin,,0,MA,Class D,1
,53656036311,FC24000083,00:00.0,Male,White,29,Medium,Short,Medium Brown,Hispanic Origin,,0,MA,Class D,1
,53656041636,FC24000083,00:00.0,Female,White,33,NULL,NULL,NULL,Hispanic Origin,,0,MA,ID Only - Never had Personal Driver License,NULL
,53656054044,FC24000084,50:00.0,NULL,NULL,NULL,NULL,NULL,NULL,NULL,,0,NULL,,0
,53659904580,FC24000087,25:00.0,Male,White,34,NULL,NULL,NULL,Not of Hispanic Origin,,0,MA,,0
,53689421027,FC24000090,42:00.0,Male,White,34,Medium,Dreadlocks,Light,Hispanic Origin,,0,MA,,0
,53661896335,FC24000093,09:00.0,Male,Black,31,Medium,Dreadlocks,Medium Brown,Not of Hispanic Origin,,0,MA,,1
,53662734297,FC24000097,00:00.0,Male,Unknown,29,NULL,NULL,NULL,Unknown,,0,PA,,0
,53679025889,FC24000117,37:00.0,Male,Black,42,Thin,Dreadlocks,Medium Brown,Not of Hispanic Origin,,0,MA,,0
,53679029130,FC24000117,37:00.0,Male,Black,40,Thin,NULL,NULL,Not of Hispanic Origin,,0,MA,Class D,0
,53679906560,FC24000120,01:00.0,Male,Black,25,NULL,NULL,NULL,Not of Hispanic Origin,,0,MA,,1
,53679908559,FC24000120,01:00.0,Male,Black,24,NULL,NULL,NULL,Not of Hispanic Origin,,0,MA,"ID - Had a License, now has ID",1
,53679915804,FC24000120,01:00.0,Male,Black,22,NULL,NULL,NULL,Not of Hispanic Origin,,0,NULL,,1
,53683472691,FC24000123,04:00.0,Male,NULL,20,Thin,Curly,Light Brown,Hispanic Origin,,0,MA,,1
,53662254143,FC24000095,30:00.0,Male,Black,18,NULL,NULL,NULL,Hispanic Origin,,0,NULL,,0
,53662295990,FC24000096,31:00.0,Male,White,26,Thin,NULL,NULL,Hispanic Origin,,0,MA,,0
,53669269007,FC24000100,22:00.0,Male,Black,29,Medium,NULL,NULL,Hispanic Origin,,0,MA,,0
,53669271951,FC24000100,22:00.0,Male,NULL,21,NULL,NULL,NULL,NULL,,0,NULL,,0
,53669473115,FC24000101,40:00.0,Male,Black,29,Thin,Short,Medium Brown,Not of Hispanic Origin,,0,MA,"ID - Had a License, now has ID",1
,53670291142,FC24000102,35:00.0,Male,White,22,NULL,NULL,NULL,Hispanic Origin,,0,OTH,ID Only - Never had Personal Driver License,1
,53670289302,FC24000102,35:00.0,Male,White,19,NULL,NULL,NULL,Hispanic Origin,,0,OTH,None,1
,53670291099,FC24000102,35:00.0,Male,Unknown,21,NULL,NULL,NULL,Unknown,,0,MA,Class D,1
,53676393983,FC24000109,34:00.0,Male,Black,36,Medium,NULL,NULL,Not of Hispanic Origin,,0,MA,Class D,0
,53678293915,FC24000113,53:00.0,Male,Black,NULL,NULL,NULL,NULL,Unknown,,0,NULL,,0
,53678774689,FC24000114,00:00.0,Male,Black,25,Medium,Corn Rows,Medium Brown,Hispanic Origin,,0,MA,Class D,1
,53679001734,FC24000116,13:00.0,Male,White,28,NULL,NULL,NULL,Unknown,,0,NULL,,1
,53679001734,FC24000116,13:00.0,Male,White,28,NULL,NULL,NULL,Unknown,,0,NULL,,NULL
,53679005386,FC24000116,13:00.0,Male,White,35,Stocky,NULL,NULL,Not of Hispanic Origin,,0,MA,,1
,53679006430,FC24000116,13:00.0,Male,White,33,Heavy,Short,Light,Not of Hispanic Origin,,0,MA,Class D,1
,53675168736,FC24000106,35:00.0,Male,White,29,NULL,NULL,NULL,Hispanic Origin,,0,MA,Class D,0
,53675169655,FC24000106,35:00.0,Male,Black,27,Medium,NULL,Light Brown,Hispanic Origin,,0,MA,Class D,1
,53675777844,FC24000108,00:00.0,Male,Other,19,NULL,NULL,NULL,Hispanic Origin,,0,NULL,,0
,53675781011,FC24000108,00:00.0,Male,Black,20,NULL,NULL,NULL,Not of Hispanic Origin,,0,MA,Class D,0
,53676784441,FC24000112,45:00.0,Male,White,29,Thin,NULL,NULL,Hispanic Origin,,0,MA,Other: Class M,0
,53676786092,FC24000112,45:00.0,Male,Black,26,Medium,NULL,NULL,Not of Hispanic Origin,,0,MA,,0
,53676788674,FC24000112,45:00.0,Male,Black,46,Medium,Bald or Balding,Dark Brown,Not of Hispanic Origin,,0,MA,,0
,53676820222,FC24000112,45:00.0,Male,White,25,Heavy,Short,Light Brown,Not of Hispanic Origin,,0,MA,ID Only - Never had Personal Driver License,0
,53678888986,FC24000115,56:00.0,Male,White,60,NULL,NULL,NULL,Not of Hispanic Origin,,0,MA,Class D,0
,53680092443,FC24000121,22:00.0,Male,White,31,Medium,NULL,NULL,Hispanic Origin,,0,MA,,1
,53680101785,FC24000121,22:00.0,Male,NULL,21,NULL,NULL,NULL,Hispanic Origin,,0,MA,Class D,1
,53687555031,FC24000130,35:00.0,Male,Black,33,Medium,NULL,NULL,Not of Hispanic Origin,,0,MA,"ID - Had a License, now has ID",1
,53688753655,FC24000135,45:00.0,Male,Black,31,Medium,Short,Medium Brown,Hispanic Origin,,0,MA,Class D,1
,53688932201,FC24000135,45:00.0,Male,Black,29,Medium,NULL,NULL,Hispanic Origin,,0,MA,Class D,1
,53683473436,FC24000123,04:00.0,Male,Black,22,Thin,NULL,NULL,Not of Hispanic Origin,,0,MA,,1
,53687769347,FC24000132,45:00.0,Male,Black,41,Thin,Short,Dark Brown,Not of Hispanic Origin,,0,MA,CDL Class B,0
,53688694474,FC24000137,08:00.0,Male,Black,57,Medium,NULL,Medium,Not of Hispanic Origin,,0,MA,,1
,53690226383,FC24000140,37:00.0,Female,Black,30,Medium,Curly,Medium,Not of Hispanic Origin,,0,MA,Class D,0
,53690227781,FC24000140,37:00.0,Female,Black,33,NULL,NULL,NULL,Not of Hispanic Origin,,0,MA,,0
,53706699615,FC24000144,36:00.0,Male,Black,21,Medium,NULL,NULL,Not of Hispanic Origin,,0,MA,,0
,53706702839,FC24000144,36:00.0,Female,White,54,NULL,NULL,NULL,Unknown,,0,MA,ID Only - Never had Personal Driver License,0
,53706709887,FC24000144,36:00.0,Female,Black,18,NULL,NULL,NULL,Not of Hispanic Origin,,0,NULL,,0
,53710958127,FC24000146,30:00.0,Male,Black,26,Thin,Dreadlocks,Dark Brown,NULL,,0,MA,,0
,53712424427,FC24000152,00:00.0,Male,Black,26,Thin,Dreadlocks,Dark,Not of Hispanic Origin,,0,MA,,0
,53713194762,FC24000156,33:00.0,Female,White,38,Medium,NULL,NULL,Hispanic Origin,,0,MA,,0
,53713198581,FC24000156,33:00.0,Male,White,32,NULL,NULL,NULL,NULL,,0,NULL,,0
,53733182964,FC24000167,35:00.0,Male,White,44,Medium,Short,Light,Not of Hispanic Origin,,0,MA,,0
,53734571119,FC24000172,13:00.0,Male,Black,19,NULL,NULL,NULL,Unknown,,0,MA,Class D,1
,53734573864,FC24000172,13:00.0,Female,Unknown,20,NULL,NULL,NULL,Unknown,,0,NULL,,1
,53685787351,FC24000125,54:00.0,Male,Black,55,Medium,Bald or Balding,NULL,Not of Hispanic Origin,,0,MA,,1
,53685790463,FC24000125,54:00.0,Male,Black,37,Thin,NULL,Medium Brown,Unknown,,0,MA,Class D,1
,53686893644,FC24000127,34:00.0,Male,Black,20,Thin,NULL,Light Brown,Unknown,,0,MA,Class D,1
,53687182608,FC24000128,00:00.0,Male,White,18,Medium,Curly,NULL,Not of Hispanic Origin,,0,MA,ID Only - Never had Personal Driver License,1
,53687201749,FC24000129,30:00.0,Male,Black,46,Medium,Bald or Balding,Dark Brown,Not of Hispanic Origin,,0,MA,,0
,53688212428,FC24000134,12:00.0,Male,White,33,Thin,Unkempt,Light,Not of Hispanic Origin,,0,MA,,0
,53695836477,FC24000141,00:00.0,Male,Black,37,Heavy,NULL,NULL,Hispanic Origin,,0,MA,Class D,NULL
,53696582184,FC24000141,00:00.0,Male,NULL,NULL,NULL,NULL,NULL,Hispanic Origin,,0,NULL,,0
,53712600636,FC24000154,40:00.0,Male,Black,16,Thin,NULL,Light Brown,Hispanic Origin,,0,MA,,0
,53714116656,FC24000158,55:00.0,Female,Unknown,34,NULL,NULL,NULL,Unknown,,0,NULL,,1
,53725734411,FC24000159,50:00.0,Male,White,49,NULL,NULL,NULL,Not of Hispanic Origin,,0,MA,,0
,53731610018,FC24000160,00:00.0,Male,Black,38,Medium,NULL,NULL,Hispanic Origin,,0,MA,,0
,53732591003,FC24000163,45:00.0,Female,White,42,Thin,Short,Medium,Not of Hispanic Origin,,0,MA,,0
,53732592652,FC24000163,45:00.0,Female,White,33,NULL,NULL,NULL,NULL,,0,NULL,,0
,53733335885,FC24000169,25:00.0,Male,Black,18,NULL,NULL,NULL,Not of Hispanic Origin,,0,MA,Class D,1
,53688632311,FC24000136,08:00.0,Male,Black,57,Medium,NULL,Medium,Not of Hispanic Origin,,0,MA,,1
,53700452203,FC24000142,40:00.0,Male,Black,43,NULL,NULL,NULL,Unknown,,0,MA,Class D,0
,53700452203,FC24000142,40:00.0,Male,Black,43,NULL,NULL,NULL,Unknown,,0,MA,Class D,NULL
,53702017195,FC24000143,00:00.0,Male,Black,22,Thin,Curly,Medium,NULL,,0,MA,,1
,53702058837,FC24000143,00:00.0,Male,Black,23,NULL,NULL,NULL,Unknown,,0,MA,Class D,NULL
,53702060788,FC24000143,00:00.0,Male,Black,25,Thin,Short,Dark,Unknown,,0,MA,,NULL
,53702063582,FC24000143,00:00.0,Male,Black,16,Thin,Braided,Medium,Not of Hispanic Origin,,0,MA,,NULL
,53710597243,FC24000145,20:00.0,Male,Unknown,32,NULL,NULL,NULL,NULL,,0,MA,ID Only - Never had Personal Driver License,1
,53710665757,FC24000145,20:00.0,Female,White,32,NULL,NULL,NULL,Hispanic Origin,,0,MA,Class D,NULL
,53711245947,FC24000147,30:00.0,Male,Black,15,NULL,NULL,NULL,Not of Hispanic Origin,,0,NULL,,1
,53711750220,FC24000150,00:00.0,Male,NULL,24,Thin,NULL,NULL,Not of Hispanic Origin,,0,MA,,0
,53713503178,FC24000157,00:00.0,Female,White,24,NULL,NULL,NULL,Hispanic Origin,,0,MA,,0
,53733130966,FC24000165,20:00.0,Male,White,25,NULL,NULL,NULL,Hispanic Origin,,0,MA,,1
,53733161430,FC24000166,00:00.0,Male,Black,32,Thin,NULL,NULL,Not of Hispanic Origin,,0,MA,,1
,53733161571,FC24000166,00:00.0,Male,Black,43,Medium,Short,Dark Brown,NULL,,0,MA,Class D,1
,53733346396,FC24000169,25:00.0,Male,Black,18,NULL,NULL,NULL,Hispanic Origin,,0,MA,Class D,1
,53813916392,FC24000169,25:00.0,Male,Black,19,Thin,Short,Medium,Not of Hispanic Origin,,0,MA,,1
,53752355825,FC24000174,55:00.0,Male,White,21,NULL,NULL,NULL,Hispanic Origin,,0,MA,,0
,53754813002,FC24000182,00:00.0,Male,Black,33,Heavy,Short,Dark,Not of Hispanic Origin,,0,MA,Class D,0
,53754815418,FC24000182,00:00.0,Male,Black,40,Medium,NULL,NULL,Not of Hispanic Origin,,0,MA,Class D,0
,53754953853,FC24000184,00:00.0,Male,NULL,20,NULL,NULL,NULL,NULL,,0,NULL,,1
,53754957633,FC24000184,00:00.0,Male,NULL,19,NULL,NULL,NULL,NULL,,0,NULL,,1
,53754962935,FC24000184,00:00.0,Male,NULL,19,NULL,NULL,NULL,NULL,,0,NULL,,1
,53754974175,FC24000184,00:00.0,Male,NULL,19,NULL,NULL,NULL,NULL,,0,NULL,,1
,53755545176,FC24000185,24:00.0,Male,Black,34,Thin,Bald or Balding,Dark,Not of Hispanic Origin,,0,MA,ID Only - Never had Personal Driver License,1
,53755546051,FC24000185,24:00.0,Female,White,25,Medium,Unkempt,Light,Hispanic Origin,,0,MA,,1
,53758196147,FC24000189,02:00.0,Male,White,21,NULL,NULL,NULL,Unknown,,0,NY,Class D,0
,53774127627,FC24000210,54:00.0,Male,White,40,NULL,NULL,NULL,Not of Hispanic Origin,,0,MA,Class D,0
,53774189220,FC24000210,54:00.0,Female,White,35,NULL,NULL,NULL,NULL,,0,NULL,,0
,53789563376,FC24000216,30:00.0,Male,Other,19,NULL,NULL,NULL,Hispanic Origin,,0,NULL,,0
,53789564880,FC24000216,30:00.0,Male,Black,14,NULL,NULL,NULL,NULL,,0,NULL,,0
,53734576623,FC24000172,13:00.0,Female,Black,22,Thin,Curly,Medium,NULL,,0,MA,,1
,53734583363,FC24000172,13:00.0,Male,Black,23,NULL,NULL,NULL,Unknown,,0,NULL,,1
,53751310904,FC24000177,46:00.0,Male,White,34,NULL,NULL,NULL,Not of Hispanic Origin,,0,MA,,0
,53751632257,FC24000179,26:00.0,Male,White,41,Medium,Curly,OTHER,Not of Hispanic Origin,,0,MA,,1
,53771320014,FC24000196,24:00.0,Male,White,41,Medium,Wavy,Light,Not of Hispanic Origin,,0,MA,,0
,53772040685,FC24000200,15:00.0,Female,Black,28,NULL,NULL,NULL,NULL,,0,MA,Class D,0
,53772044385,FC24000200,15:00.0,Male,Black,29,Medium,Dreadlocks,Medium,Not of Hispanic Origin,,0,MA,,0
,53772515067,FC24000202,30:00.0,Female,Black,32,Heavy,NULL,NULL,Not of Hispanic Origin,,0,MA,,0
,53773295172,FC24000206,56:00.0,Male,Black,27,Medium,Braided,Dark,Not of Hispanic Origin,,0,MA,Class D,0
,53773295555,FC24000206,56:00.0,Female,Black,25,NULL,NULL,NULL,NULL,,0,MA,Class D,0
,53774754928,FC24000211,30:00.0,Male,Black,41,Medium,NULL,NULL,Not of Hispanic Origin,,0,MA,,1
,53774768760,FC24000211,30:00.0,Male,NULL,NULL,NULL,NULL,NULL,NULL,,0,NULL,,1
,53786619196,FC24000214,31:00.0,Male,Black,32,Medium,Short,Medium Brown,Not of Hispanic Origin,,0,MA,Class D,0
,53791610608,FC24000221,00:00.0,Male,Black,21,Thin,Short,Dark Brown,Unknown,,0,MA,Class D,0
,53791619027,FC24000221,00:00.0,Male,Black,19,Thin,Corn Rows,Dark Brown,NULL,,0,MA,,0
,53733162098,FC24000166,00:00.0,Male,Black,34,Medium,NULL,NULL,Not of Hispanic Origin,,0,MA,,1
,53733162353,FC24000166,00:00.0,Male,Black,36,Medium,Dreadlocks,Dark,Not of Hispanic Origin,,0,MA,Class D,1
,53792160832,FC24000166,00:00.0,Male,Black,40,Medium,NULL,NULL,Not of Hispanic Origin,,0,MA,,1
,53733370360,FC24000170,50:00.0,Male,Unknown,27,NULL,NULL,NULL,Hispanic Origin,,0,NULL,,0
,53734437407,FC24000171,30:00.0,Male,White,25,Thin,Curly,Light Brown,Unknown,,0,MA,"ID - Had a License, now has ID",0
,53734440783,FC24000171,30:00.0,Female,White,37,NULL,NULL,NULL,Not of Hispanic Origin,,0,NULL,,0
,53748190832,FC24000175,55:00.0,Male,Unknown,51,NULL,NULL,NULL,NULL,,0,NULL,,0
,53748330331,FC24000175,55:00.0,Female,Unknown,28,NULL,NULL,NULL,NULL,,0,NULL,,NULL
,53751497143,FC24000178,50:00.0,Female,Black,NULL,NULL,NULL,NULL,NULL,,0,NULL,,0
,53752013472,FC24000180,10:00.0,Male,Black,32,Medium,NULL,Medium Brown,Not of Hispanic Origin,,0,MA,,1
,53752424419,FC24000181,00:00.0,Male,Black,26,Medium,NULL,NULL,Not of Hispanic Origin,,0,MA,,0
,53752430876,FC24000181,00:00.0,Male,Black,26,Thin,Curly,Light Brown,Hispanic Origin,,0,MA,Other: suspended,0
,53754880915,FC24000183,46:00.0,Male,White,34,NULL,NULL,NULL,Not of Hispanic Origin,,0,NH,Class D,1
,53768018739,FC24000190,17:00.0,Male,White,25,Thin,Curly,Light Brown,Unknown,,0,MA,"ID - Had a License, now has ID",1
,53771263729,FC24000194,00:00.0,Male,Unknown,NULL,NULL,NULL,NULL,Unknown,,0,NULL,,NULL
,53789566701,FC24000216,30:00.0,Male,Black,20,NULL,NULL,NULL,Not of Hispanic Origin,,0,MA,Class D,0
,53789569236,FC24000216,30:00.0,Female,Black,17,Thin,NULL,Medium Brown,NULL,,0,MA,,0
,53791627248,FC24000222,20:00.0,Male,White,60,NULL,NULL,NULL,NULL,,0,NY,,0
,53806084030,FC24000230,54:00.0,Male,Black,32,Stocky,Short,Medium Brown,Hispanic Origin,,0,MA,Class D,0
,53806128012,FC24000231,43:00.0,Male,Black,25,Thin,Braided,Medium Brown,Not of Hispanic Origin,,0,MA,Class D,0
,53813331189,FC24000234,00:00.0,Male,White,46,Medium,NULL,NULL,Hispanic Origin,,0,MA,Class D,0
,53813342042,FC24000234,00:00.0,Male,Black,43,Medium,Short,Medium Brown,Not of Hispanic Origin,,0,MA,,0
,53813818127,FC24000236,43:00.0,Male,Black,16,Medium,Short,Medium,NULL,,0,MA,,1
,53813824636,FC24000236,43:00.0,Male,Black,13,NULL,NULL,NULL,Not of Hispanic Origin,,0,NULL,,1
,53814011466,FC24000236,43:00.0,Female,Black,43,NULL,NULL,NULL,Not of Hispanic Origin,,0,MA,,NULL
,53813979154,FC24000238,43:00.0,Male,White,31,Medium,Braided,Dark,Not of Hispanic Origin,,0,MA,Class D,0
,53815349193,FC24000239,29:00.0,Male,Black,22,Muscular,Braided,Medium,Not of Hispanic Origin,,0,MA,Class D,0
,53815349943,FC24000239,29:00.0,Male,Black,39,Thin,Dreadlocks,NULL,Not of Hispanic Origin,,0,MA,Class D,NULL
,53816128602,FC24000240,18:00.0,Male,Black,33,Thin,Braided,Dark Brown,Not of Hispanic Origin,,0,MA,Class D,0
,53793481742,FC24000224,33:00.0,Male,Black,31,Thin,Braided,Dark,NULL,,0,MA,,1
,53801502930,FC24000226,53:00.0,Female,White,34,Unknown,Other,Pale,Hispanic Origin,,0,MA,,0
,53801502930,FC24000226,53:00.0,Female,White,34,Unknown,Other,Pale,Hispanic Origin,,0,MA,,NULL
,53812287173,FC24000233,00:00.0,Male,Black,25,Stocky,NULL,NULL,Not of Hispanic Origin,,0,MA,,0
,53812289286,FC24000233,00:00.0,Male,Black,27,Stocky,NULL,NULL,Not of Hispanic Origin,,0,MA,,0
,53812312716,FC24000233,00:00.0,Male,Black,28,Medium,Dreadlocks,Medium Brown,Not of Hispanic Origin,,0,MA,Class D,0
,53828108095,FC24000251,29:00.0,Male,Black,36,Muscular,NULL,NULL,Hispanic Origin,,0,MA,,1
,53831100376,FC24000255,45:00.0,Male,Black,26,Thin,Short,Dark,Not of Hispanic Origin,,0,MA,,0
,53831101142,FC24000255,45:00.0,Male,Black,32,Medium,NULL,NULL,Not of Hispanic Origin,,0,MA,None,0
,53831105718,FC24000255,45:00.0,Female,Black,24,Thin,Wavy,Medium Brown,Unknown,,0,MA,,0
,53831106531,FC24000255,45:00.0,Male,Black,53,Medium,Short,Dark,Unknown,,0,MA,,0
,53831117474,FC24000255,45:00.0,Male,Black,28,Thin,Dreadlocks,Medium,Not of Hispanic Origin,,0,MA,,0
,53831583503,FC24000257,30:00.0,Male,Black,27,Medium,Short,Medium Brown,Not of Hispanic Origin,,0,MA,Personal Driver License,0
,53831586246,FC24000257,30:00.0,Male,Black,28,Medium,Corn Rows,Medium Brown,Not of Hispanic Origin,,0,MA,Class D,0
,53771271952,FC24000194,00:00.0,Male,White,21,NULL,NULL,NULL,Hispanic Origin,,0,MA,ID Only - Never had Personal Driver License,1
,53771277235,FC24000194,00:00.0,Male,Black,24,NULL,NULL,NULL,Hispanic Origin,,0,MA,,1
,53771281011,FC24000194,00:00.0,Female,White,19,NULL,NULL,NULL,Unknown,,0,MA,ID Only - Never had Personal Driver License,0
,53771353940,FC24000194,00:00.0,Male,White,39,Medium,Bald or Balding,Light,Not of Hispanic Origin,,0,MA,,0
,53771290973,FC24000195,00:00.0,Male,Black,35,Medium,Short,Medium Brown,Not of Hispanic Origin,,0,MA,Class D,0
,53771470259,FC24000198,15:00.0,Male,Black,31,Medium,Short,Medium Brown,Not of Hispanic Origin,,0,MA,Class D,0
,53772624966,FC24000204,51:00.0,Male,Black,31,Thin,Short,Dark Brown,Not of Hispanic Origin,,0,MA,"ID - Had a License, now has ID",1
,53772626022,FC24000204,51:00.0,Female,White,44,NULL,NULL,NULL,Unknown,,0,NULL,,NULL
,53772627418,FC24000204,51:00.0,Male,Black,45,Medium,NULL,NULL,Hispanic Origin,,0,MA,,NULL
,53773375181,FC24000207,00:00.0,Male,Black,23,Medium,Dreadlocks,Light Brown,Hispanic Origin,,0,MA,ID Only - Never had Personal Driver License,0
,53773382495,FC24000207,00:00.0,Male,White,17,NULL,NULL,NULL,Hispanic Origin,,0,NULL,,0
,53773385438,FC24000207,00:00.0,Male,White,23,NULL,NULL,NULL,Unknown,,0,MA,Class D,0
,53774857283,FC24000212,00:00.0,Male,Black,27,Medium,Braided,Medium Brown,Unknown,,0,MA,Class D,1
,53774863518,FC24000212,00:00.0,Male,Black,25,Heavy,NULL,NULL,Hispanic Origin,,0,MA,,1
,53816940981,FC24000243,45:00.0,Male,White,32,NULL,NULL,NULL,Hispanic Origin,,0,NULL,,0
,53816943715,FC24000243,45:00.0,Male,White,31,NULL,NULL,NULL,Hispanic Origin,,0,NULL,,0
,53816945268,FC24000243,45:00.0,Male,White,31,NULL,NULL,NULL,Hispanic Origin,,0,NULL,,0
,53816949147,FC24000243,45:00.0,Male,White,69,NULL,NULL,NULL,Hispanic Origin,,0,NULL,,0
,53816951712,FC24000243,45:00.0,Female,White,36,Medium,NULL,NULL,Not of Hispanic Origin,,0,MA,,0
,53817024253,FC24000244,40:00.0,Male,Black,49,NULL,NULL,NULL,Hispanic Origin,,0,MA,Class D,0
,53823266287,FC24000246,47:00.0,Male,Black,29,NULL,NULL,NULL,Unknown,,0,MA,,1
,53824447940,FC24000247,00:00.0,Female,White,25,Medium,Unkempt,Light,Hispanic Origin,,0,MA,,0
,53831031670,FC24000252,52:00.0,Male,Black,29,Medium,NULL,NULL,Hispanic Origin,,0,MA,Class D,0
,53831032788,FC24000252,52:00.0,Male,Black,31,Medium,Short,Medium Brown,Hispanic Origin,,0,MA,Class D,0
,53831037093,FC24000252,52:00.0,Male,White,20,NULL,NULL,NULL,Hispanic Origin,,0,MA,,0
,53840912564,FC24000266,30:00.0,Male,White,25,NULL,NULL,NULL,Unknown,,0,MA,,0
,53847904648,FC24000270,20:00.0,Female,White,46,NULL,NULL,NULL,Unknown,,0,NULL,,0
,53848818546,FC24000274,36:00.0,Male,Black,31,Thin,Braided,Medium,Hispanic Origin,,0,MA,,0
,53849236147,FC24000276,00:00.0,Male,Black,28,Medium,NULL,NULL,Not of Hispanic Origin,,0,MA,Class D,0
,53849259885,FC24000276,00:00.0,Male,Black,45,NULL,NULL,NULL,Not of Hispanic Origin,,0,MA,,0
,53831589576,FC24000257,30:00.0,Male,Black,23,NULL,NULL,NULL,Unknown,,0,MA,Class D,0
,53831591620,FC24000257,30:00.0,Male,Black,30,NULL,NULL,NULL,NULL,,0,MA,Class D,0
,53832136181,FC24000258,12:00.0,Male,White,28,Thin,Short,Light,Hispanic Origin,,0,MA,,0
,53832148224,FC24000258,12:00.0,Female,Black,34,NULL,NULL,NULL,Hispanic Origin,,0,MA,Class D,NULL
,53837699388,FC24000261,00:00.0,Male,Unknown,19,NULL,NULL,NULL,Hispanic Origin,,0,NULL,,0
,53837702611,FC24000261,00:00.0,Male,Unknown,21,NULL,NULL,NULL,Hispanic Origin,,0,NULL,,0
,53837724324,FC24000261,00:00.0,Male,White,23,NULL,NULL,NULL,Hispanic Origin,,0,NULL,,0
,53848149786,FC24000271,33:00.0,Male,Black,24,Medium,NULL,NULL,Not of Hispanic Origin,,0,MA,,0
,53848315994,FC24000272,19:00.0,Male,White,20,NULL,NULL,NULL,NULL,,0,MA,Class D,0
,53848321678,FC24000272,19:00.0,Male,NULL,24,NULL,NULL,NULL,NULL,,0,MA,Class D,0
,53854396703,FC24000278,28:00.0,Male,White,19,Thin,Corn Rows,Light,Hispanic Origin,,0,MA,ID Only - Never had Personal Driver License,0
,53854397171,FC24000278,28:00.0,Female,Unknown,14,Medium,Straight,Light,Not of Hispanic Origin,,0,NULL,,0
,53854498583,FC24000279,50:00.0,Male,Black,22,Thin,Afro,NULL,Not of Hispanic Origin,,0,MA,,1
,53854501546,FC24000279,50:00.0,Male,Black,21,NULL,NULL,NULL,Not of Hispanic Origin,,0,MA,,1
,53854504245,FC24000279,50:00.0,Male,NULL,19,NULL,NULL,NULL,NULL,,0,NULL,,1
,53855215846,FC24000281,15:00.0,Male,White,47,NULL,NULL,NULL,Unknown,,0,MA,Class D,0
,53774990367,FC24000213,21:00.0,Male,Unknown,25,NULL,NULL,NULL,Hispanic Origin,,0,MA,Class D,0
,53774992277,FC24000213,21:00.0,Male,White,21,NULL,NULL,NULL,Hispanic Origin,,0,MA,,NULL
,53789448799,FC24000215,55:00.0,Male,Black,21,NULL,NULL,NULL,NULL,,0,NULL,,1
,53790894821,FC24000218,17:00.0,Male,Black,33,NULL,NULL,NULL,Not of Hispanic Origin,,0,MA,,0
,53790929013,FC24000218,17:00.0,Female,Black,52,NULL,NULL,NULL,Not of Hispanic Origin,,0,MA,,NULL
,53790925623,FC24000219,58:00.0,Male,Black,25,Thin,NULL,NULL,Not of Hispanic Origin,,0,MA,,0
,53790925623,FC24000219,58:00.0,Male,Black,25,Thin,NULL,NULL,Not of Hispanic Origin,,0,MA,,NULL
,53790930613,FC24000219,58:00.0,Male,Black,25,NULL,NULL,NULL,Hispanic Origin,,0,NULL,,0
,53790930613,FC24000219,58:00.0,Male,Black,25,NULL,NULL,NULL,Hispanic Origin,,0,NULL,,NULL
,53792016777,FC24000223,32:00.0,Male,Unknown,21,NULL,NULL,NULL,NULL,,0,MA,Class D,0
,53801292512,FC24000225,10:00.0,Male,Black,17,NULL,NULL,NULL,Not of Hispanic Origin,,0,NULL,,0
,53808013795,FC24000232,00:00.0,Female,Black,55,Thin,NULL,NULL,Not of Hispanic Origin,,0,MA,Class D,0
,53816380683,FC24000241,00:00.0,Male,White,33,Medium,Curly,Light,Not of Hispanic Origin,,0,MA,"ID - Had a License, now has ID",1
,53816402234,FC24000241,00:00.0,Male,Black,41,Medium,Dreadlocks,Medium Brown,Not of Hispanic Origin,,0,MA,,1
,53824469460,FC24000248,15:00.0,Male,Black,39,Medium,Short,Light,Not of Hispanic Origin,,0,MA,Class D,0
,53855842615,FC24000284,48:00.0,Male,Black,15,Thin,NULL,Dark Brown,Not of Hispanic Origin,,0,MA,,0
,53855843427,FC24000284,48:00.0,Male,Black,16,Thin,Braided,Medium Brown,NULL,,0,MA,,0
,53855845920,FC24000284,48:00.0,Male,Black,15,Heavy,Curly,Dark Brown,NULL,,0,MA,,0
,53855856327,FC24000284,48:00.0,Male,Unknown,14,NULL,NULL,NULL,Hispanic Origin,,0,NULL,,0
,53855830726,FC24000285,16:00.0,Male,White,32,Medium,Short,Medium,Hispanic Origin,,0,MA,Class D,0
,53855958781,FC24000287,26:00.0,Male,Black,19,NULL,Dreadlocks,NULL,NULL,,0,MA,,1
,53856079134,FC24000287,26:00.0,Male,Black,18,NULL,NULL,NULL,NULL,,0,NULL,,1
,53856079343,FC24000287,26:00.0,Male,Black,22,Muscular,Short,Dark,Unknown,,0,MA,,0
,53856080657,FC24000287,26:00.0,Male,Black,18,NULL,NULL,NULL,Not of Hispanic Origin,,0,NULL,,0
,53861297470,FC24000289,25:00.0,Male,Black,22,Medium,Short,Dark,Not of Hispanic Origin,,0,MA,,0
,53864090591,FC24000293,15:00.0,Male,Black,20,NULL,NULL,NULL,Not of Hispanic Origin,,0,MA,Class D,0
,53864093301,FC24000293,15:00.0,Male,Other,19,NULL,NULL,NULL,Hispanic Origin,,0,NULL,,0
,53865739739,FC24000296,00:00.0,Male,Unknown,51,NULL,NULL,NULL,Hispanic Origin,,0,NULL,,0
,53865759663,FC24000297,45:00.0,Male,Black,36,Heavy,NULL,NULL,Not of Hispanic Origin,,0,MA,,0
,53865764150,FC24000297,45:00.0,Female,Unknown,36,NULL,NULL,NULL,NULL,,0,NULL,,0
,53865817037,FC24000297,45:00.0,Male,Black,19,Thin,Dreadlocks,Medium Brown,Not of Hispanic Origin,,0,MA,,0
,53826250262,FC24000250,00:00.0,Male,Black,29,Medium,NULL,NULL,Not of Hispanic Origin,,0,MA,,1
,53829764228,FC24000253,00:00.0,Female,Black,46,Medium,Short,Dark Brown,Unknown,,0,MA,ID Only - Never had Personal Driver License,0
,53830975294,FC24000254,21:00.0,Male,Black,45,Thin,NULL,NULL,Not of Hispanic Origin,,0,MA,Class D,0
,53832250205,FC24000259,57:00.0,Male,Unknown,23,NULL,NULL,NULL,Not of Hispanic Origin,,0,FL,Other: E,0
,53839372210,FC24000263,20:00.0,Male,Black,28,NULL,NULL,NULL,Unknown,,0,MA,Class D,1
,53840585094,FC24000265,07:00.0,Male,Black,31,Heavy,Braided,Medium Brown,Not of Hispanic Origin,,0,MA,,0
,53840589651,FC24000265,07:00.0,Male,Black,57,Thin,Bald or Balding,Medium Brown,NULL,,0,MA,,0
,53847118214,FC24000267,14:00.0,Male,Black,39,Thin,NULL,NULL,Not of Hispanic Origin,,0,MA,,0
,53847121922,FC24000267,14:00.0,Female,Black,48,NULL,NULL,NULL,Not of Hispanic Origin,,0,MA,Class D,0
,53847217577,FC24000267,14:00.0,Male,Black,34,Medium,Short,Medium,Unknown,,0,MA,,0
,53847414051,FC24000268,00:00.0,Male,Black,35,NULL,NULL,NULL,Not of Hispanic Origin,,0,NULL,,1
,53847776051,FC24000269,00:00.0,Male,Black,36,Medium,Braided,Dark Brown,Not of Hispanic Origin,,0,MA,Class D,0
,53847778661,FC24000269,00:00.0,Female,Black,30,NULL,NULL,NULL,Not of Hispanic Origin,,0,MA,Class D,0
,53848760648,FC24000273,04:00.0,Female,Black,29,NULL,NULL,NULL,Unknown,,0,NULL,,0
,53855217758,FC24000281,15:00.0,Female,White,52,Medium,Straight,Light,Not of Hispanic Origin,,0,MA,Class D,0
,53855219342,FC24000281,15:00.0,Male,White,51,NULL,NULL,NULL,Not of Hispanic Origin,,0,MA,,0
,53861353199,FC24000290,25:00.0,Male,Black,35,Thin,Braided,NULL,Not of Hispanic Origin,,0,MA,,0
,53865328801,FC24000294,00:00.0,Male,White,30,NULL,NULL,NULL,Unknown,,0,MA,Class D,0
,53865446233,FC24000295,32:00.0,Male,Black,17,Medium,Short,Dark Brown,Not of Hispanic Origin,,0,MA,,1
,53875815938,FC24000307,23:00.0,Male,White,62,Medium,Bald or Balding,Light,Not of Hispanic Origin,,0,MA,,0
,53875819903,FC24000307,23:00.0,Male,White,43,Heavy,Straight,Light,NULL,,0,MA,,0
,53875821477,FC24000307,23:00.0,Female,Black,37,Thin,Short,Light,Hispanic Origin,,0,MA,,0
,53882720459,FC24000312,50:00.0,Female,White,21,Medium,Straight,Light,Not of Hispanic Origin,,0,MA,ID Only - Never had Personal Driver License,0
,53882734437,FC24000312,50:00.0,Male,White,34,NULL,NULL,NULL,Hispanic Origin,,0,NULL,,1
,53889106506,FC24000320,30:00.0,Male,Black,28,Heavy,Unkempt,Medium Brown,Not of Hispanic Origin,,0,MA,,0
,53889109299,FC24000320,30:00.0,Male,Black,33,Medium,NULL,NULL,Not of Hispanic Origin,,0,MA,,0
,53895614121,FC24000330,30:00.0,Male,Black,16,Medium,Short,Medium,NULL,,0,MA,,1
,53895686654,FC24000330,30:00.0,Male,Black,NULL,NULL,NULL,NULL,NULL,,0,NULL,,1
,53897521323,FC24000334,30:00.0,Male,White,23,Medium,Straight,Light Brown,NULL,,0,MA,,0
,53897535715,FC24000334,30:00.0,Male,Unknown,27,NULL,NULL,NULL,NULL,,0,NULL,,0
,53897555690,FC24000334,30:00.0,Male,NULL,23,NULL,NULL,NULL,NULL,,0,NULL,,0
,53897522654,FC24000335,04:00.0,Female,Black,31,Heavy,Curly,Light Brown,Not of Hispanic Origin,,0,MA,Class D,0
,53903751521,FC24000340,00:00.0,Male,Black,47,NULL,NULL,NULL,Hispanic Origin,,0,RI,,0
,53903766863,FC24000340,00:00.0,Female,White,21,NULL,NULL,NULL,Hispanic Origin,,0,NULL,,NULL
,53925222418,FC24000351,09:00.0,Male,White,27,Medium,NULL,Light,Hispanic Origin,,0,MA,Class D,1
,53925236910,FC24000351,09:00.0,Male,Unknown,31,NULL,NULL,NULL,NULL,,0,MA,Class D,1
,53925309460,FC24000357,28:00.0,Male,Black,18,Thin,Braided,Light,NULL,,0,MA,,1
,53925313858,FC24000357,28:00.0,Female,Unknown,17,NULL,NULL,NULL,Hispanic Origin,,0,NULL,,1
,53925319617,FC24000357,28:00.0,Male,Unknown,15,NULL,NULL,NULL,Unknown,,0,NULL,,1
,53925323326,FC24000357,28:00.0,Male,Black,16,NULL,NULL,NULL,NULL,,0,NULL,,1
,53925328280,FC24000357,28:00.0,Female,Unknown,16,NULL,NULL,NULL,Hispanic Origin,,0,NULL,,1
,53925329629,FC24000357,28:00.0,Male,Black,16,NULL,NULL,NULL,Hispanic Origin,,0,NULL,,1
,53925359731,FC24000357,28:00.0,Female,White,37,Thin,NULL,NULL,Not of Hispanic Origin,,0,MA,,NULL
,53932276628,FC24000366,21:00.0,Male,White,25,Medium,Curly,Light Brown,Hispanic Origin,,0,MA,,0
,53849214963,FC24000275,56:00.0,Male,NULL,52,Medium,NULL,NULL,Not of Hispanic Origin,,0,MA,,0
,53849218291,FC24000275,56:00.0,Male,White,65,Medium,NULL,NULL,Not of Hispanic Origin,,0,NULL,,0
,53849374682,FC24000277,35:00.0,Male,Black,39,Stocky,Short,Dark Brown,Not of Hispanic Origin,,0,MA,,0
,53854606342,FC24000280,00:00.0,Male,Black,26,Medium,NULL,NULL,Not of Hispanic Origin,,0,MA,,0
,53855271480,FC24000282,51:00.0,Male,Black,23,Thin,NULL,NULL,Not of Hispanic Origin,,0,MA,,0
,53855272325,FC24000282,51:00.0,Male,Black,23,NULL,NULL,NULL,Not of Hispanic Origin,,0,MA,,0
,53855830405,FC24000286,50:00.0,Male,White,26,Heavy,Curly,Light,NULL,,0,MA,,0
,53855829318,FC24000286,50:00.0,Male,Unknown,20,NULL,NULL,NULL,Hispanic Origin,,0,NULL,,1
,53872050255,FC24000302,32:00.0,Male,White,25,NULL,NULL,NULL,Not of Hispanic Origin,,0,MA,Class D,0
,53874312536,FC24000304,00:00.0,Male,Black,37,Medium,NULL,NULL,Not of Hispanic Origin,,0,MA,Class D,0
,53874319473,FC24000304,00:00.0,Male,Black,34,Medium,Afro,Medium,Not of Hispanic Origin,,0,MA,Class D,0
,53874324346,FC24000304,00:00.0,Male,Black,39,Medium,NULL,Light Brown,Not of Hispanic Origin,,0,MA,,0
,53874329035,FC24000304,00:00.0,Female,Black,23,Thin,NULL,NULL,Not of Hispanic Origin,,0,MA,Class D,0
,53874333000,FC24000304,00:00.0,Male,Black,42,Medium,NULL,NULL,Not of Hispanic Origin,,0,MA,Class D,0
,53874338079,FC24000304,00:00.0,Male,White,54,Medium,Unkempt,Medium,Hispanic Origin,,0,MA,Class D,0
,53865772535,FC24000298,45:00.0,Male,Black,18,NULL,NULL,NULL,Hispanic Origin,,0,NULL,,1
,53865776891,FC24000298,45:00.0,Male,NULL,16,NULL,NULL,NULL,NULL,,0,NULL,,1
,53866336496,FC24000300,10:00.0,Male,Unknown,24,NULL,NULL,NULL,Hispanic Origin,,0,MA,Class D,0
,53872082939,FC24000303,45:00.0,Female,Black,31,Thin,NULL,NULL,Not of Hispanic Origin,,0,MA,,0
,53872085501,FC24000303,45:00.0,Male,White,21,Medium,NULL,Light Brown,Hispanic Origin,,0,MA,Class D,1
,53875686246,FC24000306,50:00.0,Male,White,39,NULL,NULL,NULL,Not of Hispanic Origin,,0,MA,Class D,0
,53887453749,FC24000314,31:00.0,Male,Black,14,NULL,NULL,NULL,Unknown,,0,NULL,,1
,53887456619,FC24000314,31:00.0,Female,Asian,25,NULL,NULL,NULL,Unknown,,0,NULL,,NULL
,53887558114,FC24000316,45:00.0,Male,White,13,NULL,NULL,NULL,Unknown,,0,NULL,,1
,53887661662,FC24000317,09:00.0,Male,Black,26,Medium,NULL,NULL,Not of Hispanic Origin,,0,MA,,0
,53889152715,FC24000321,37:00.0,Male,Black,39,Thin,NULL,NULL,Not of Hispanic Origin,,0,MA,Class D,0
,53889155024,FC24000321,37:00.0,Male,Black,37,NULL,NULL,NULL,Unknown,,0,NULL,,0
,53894519226,FC24000329,15:00.0,Male,Black,40,Medium,Dreadlocks,Dark,Not of Hispanic Origin,,0,MA,,0
,53897151134,FC24000333,05:00.0,Male,Black,26,Heavy,Corn Rows,Dark Brown,Unknown,,0,MA,,0
,53901339712,FC24000339,58:00.0,Female,Black,28,Stocky,NULL,NULL,Not of Hispanic Origin,,0,MA,Class D,0
,53901343180,FC24000339,58:00.0,Male to Female Transgender,Black,18,Heavy,NULL,Medium,Not of Hispanic Origin,,0,MA,,0
,53874344983,FC24000304,00:00.0,Male,White,55,Thin,NULL,NULL,Not of Hispanic Origin,,0,MA,Class D,0
,53874351468,FC24000304,00:00.0,Male,White,72,Medium,Bald or Balding,Medium Brown,Unknown,,0,MA,,0
,53883399633,FC24000313,45:00.0,Male,Unknown,22,NULL,NULL,NULL,NULL,,0,NULL,,1
,53889227358,FC24000322,07:00.0,Male,Black,25,Medium,Braided,Medium Brown,Not of Hispanic Origin,,0,MA,None,0
,53889232796,FC24000322,07:00.0,Male,Unknown,NULL,NULL,NULL,NULL,Unknown,,0,NULL,,NULL
,53891823317,FC24000323,16:00.0,Male,White,26,Medium,Short,Light,Unknown,,0,NULL,,0
,53892756638,FC24000325,30:00.0,Male,White,21,Medium,Braided,Light,Hispanic Origin,,0,MA,Class D,0
,53892766490,FC24000325,30:00.0,Male,Black,20,Thin,Afro,Dark,Not of Hispanic Origin,,0,MA,,0
,53893932088,FC24000327,00:00.0,Male,Black,17,Medium,Short,Dark Brown,Not of Hispanic Origin,,0,MA,,0
,53893935324,FC24000327,00:00.0,Male,Black,34,Medium,NULL,NULL,Not of Hispanic Origin,,0,MA,,0
,53893940864,FC24000327,00:00.0,Male,Black,60,Stocky,Short,Dark Brown,Not of Hispanic Origin,,0,MA,"ID - Had a License, now has ID",0
,53893944949,FC24000327,00:00.0,Male,Black,42,Medium,NULL,NULL,Not of Hispanic Origin,,0,MA,,0
,53897165004,FC24000332,44:00.0,Male,Black,18,Medium,Unkempt,Medium,Not of Hispanic Origin,,0,MA,,1
,53898270710,FC24000336,17:00.0,Male,Black,33,Medium,NULL,NULL,Not of Hispanic Origin,,0,MA,,0
,53901345615,FC24000339,58:00.0,Female,White,24,Heavy,NULL,NULL,Hispanic Origin,,0,MA,Class D,0
,53905378958,FC24000341,30:00.0,Male,Black,22,Muscular,Dreadlocks,Dark Brown,NULL,,0,MA,,1
,53905379544,FC24000341,30:00.0,Male,Black,19,Thin,Short,Dark,Not of Hispanic Origin,,0,MA,ID Only - Never had Personal Driver License,1
,53905380663,FC24000341,30:00.0,Male,Black,23,NULL,NULL,NULL,Unknown,,0,MA,Class D,NULL
,53905382176,FC24000341,30:00.0,Male,Black,22,NULL,NULL,NULL,Hispanic Origin,,0,NULL,,NULL
,53905383252,FC24000341,30:00.0,Male,Black,22,NULL,NULL,NULL,Hispanic Origin,,0,NULL,,NULL
,53905384048,FC24000341,30:00.0,Male,Black,22,Thin,Afro,Medium,Unknown,,0,MA,,NULL
,53905385146,FC24000341,30:00.0,Male,Black,24,NULL,NULL,NULL,Not of Hispanic Origin,,0,MA,Class D,NULL
,53905386525,FC24000341,30:00.0,Male,Black,21,NULL,NULL,NULL,Unknown,,0,NULL,,NULL
,53905387787,FC24000341,30:00.0,Male,Black,22,Thin,NULL,NULL,Not of Hispanic Origin,,0,MA,"ID - Had a License, now has ID",NULL
,53905390097,FC24000341,30:00.0,Female,White,19,NULL,NULL,NULL,Not of Hispanic Origin,,0,MA,,NULL
,53907428345,FC24000343,50:00.0,Male,Black,19,Thin,Short,Medium Brown,Not of Hispanic Origin,,0,MA,,1
,53908845003,FC24000345,00:00.0,Female,White,NULL,NULL,NULL,NULL,NULL,,0,NULL,,NULL
,53908855313,FC24000345,00:00.0,Male,Unknown,NULL,NULL,NULL,NULL,NULL,,0,NULL,,0
,53915686222,FC24000346,15:00.0,Male,Black,44,Medium,NULL,NULL,Not of Hispanic Origin,,0,MA,Class D,1
,53892749633,FC24000324,00:00.0,Female to Male Transgender,Unknown,45,NULL,NULL,NULL,Hispanic Origin,,0,MA,,0
,53893188315,FC24000326,49:00.0,Female,White,34,Medium,NULL,Medium,Not of Hispanic Origin,,0,MA,,0
,53905637269,FC24000342,39:00.0,Male,Black,39,Heavy,NULL,NULL,Hispanic Origin,,0,MA,,0
,53908868399,FC24000344,00:00.0,Female,White,34,Thin,NULL,NULL,Not of Hispanic Origin,,0,MA,,0
,53908885901,FC24000344,00:00.0,Male,White,47,Thin,NULL,NULL,Hispanic Origin,,0,MA,,NULL
,53908885901,FC24000344,00:00.0,Male,White,47,Thin,NULL,NULL,Hispanic Origin,,0,MA,,1
,53921951879,FC24000355,06:00.0,Female,Unknown,26,NULL,NULL,NULL,Hispanic Origin,,0,MA,Class D,0
,53921956165,FC24000355,06:00.0,Male,Black,28,NULL,NULL,NULL,Not of Hispanic Origin,,0,MA,ID Only - Never had Personal Driver License,0
,53930044027,FC24000362,16:00.0,Male,Black,24,Medium,NULL,NULL,Not of Hispanic Origin,,0,MA,,0
,53930124491,FC24000362,16:00.0,Female,White,38,NULL,NULL,NULL,Not of Hispanic Origin,,0,NULL,,NULL
,53940114982,FC24000382,00:00.0,Male,Black,39,Stocky,Short,Dark Brown,Not of Hispanic Origin,,0,MA,,1
,53948452034,FC24000387,15:00.0,Male,Black,17,Medium,Short,Dark Brown,Not of Hispanic Origin,,0,MA,,0
,53950126068,FC24000389,00:00.0,Male,Black,14,Thin,Dreadlocks,Light Brown,Not of Hispanic Origin,,0,MA,,1
,53951541977,FC24000393,00:00.0,Male,Black,14,Thin,Braided,Dark Brown,NULL,,0,MA,,1
,53932280664,FC24000366,21:00.0,Female,Black,29,Thin,Straight,Light Brown,Hispanic Origin,,0,MA,Class D,0
,53932369859,FC24000367,45:00.0,Male,Black,26,Medium,Dreadlocks,Medium Brown,Not of Hispanic Origin,,0,MA,Class D,0
,53932373311,FC24000367,45:00.0,Male,Black,24,Medium,NULL,NULL,Not of Hispanic Origin,,0,MA,ID Only - Never had Personal Driver License,0
,53932650579,FC24000369,00:00.0,Male,Black,26,Thin,NULL,NULL,Not of Hispanic Origin,,0,MA,,0
,53934556491,FC24000371,17:00.0,Male,Black,26,Medium,Dreadlocks,Dark Brown,Not of Hispanic Origin,,0,MA,,0
,53937672914,FC24000373,25:00.0,Male,Unknown,45,NULL,NULL,NULL,Unknown,,0,NULL,,0
,53939637665,FC24000376,50:00.0,Female,Black,61,NULL,NULL,NULL,Not of Hispanic Origin,,0,MA,"ID - Had a License, now has ID",0
,53939640987,FC24000376,50:00.0,Female,White,52,Medium,Straight,Light,Not of Hispanic Origin,,0,MA,Class D,0
,53939642206,FC24000376,50:00.0,Male,White,47,Thin,Straight,Light,Not of Hispanic Origin,,0,MA,,0
,53939648397,FC24000376,50:00.0,Male,White,43,Heavy,Straight,Light,NULL,,0,MA,,0
,53939650385,FC24000376,50:00.0,Female,Black,37,Thin,Short,Light,Hispanic Origin,,0,MA,,0
,53939664702,FC24000377,23:00.0,Male,White,25,NULL,NULL,NULL,Not of Hispanic Origin,,0,MA,ID Only - Never had Personal Driver License,0
,53939666966,FC24000377,23:00.0,Male,White,25,Thin,Short,Light,Unknown,,0,MA,Class D,0
,53939750492,FC24000378,45:00.0,Male,Unknown,48,NULL,NULL,NULL,Hispanic Origin,,0,NULL,,0
,53940102442,FC24000380,16:00.0,Male,White,29,NULL,NULL,NULL,Hispanic Origin,,0,MA,Class D,0
,53940117358,FC24000380,16:00.0,Female,White,30,NULL,NULL,NULL,Hispanic Origin,,0,MA,Class D,NULL
,53942873346,FC24000384,00:00.0,Male,Black,40,Medium,Short,Dark,Not of Hispanic Origin,,0,MA,,0
,53942949644,FC24000385,54:00.0,Male,Black,22,Thin,NULL,NULL,Hispanic Origin,,0,MA,Class D,1
,53942950148,FC24000385,54:00.0,Female,White,18,NULL,NULL,NULL,Hispanic Origin,,0,MA,None,0
,53942950356,FC24000385,54:00.0,Male,White,17,NULL,NULL,NULL,Unknown,,0,MA,None,0
,53942950995,FC24000385,54:00.0,Male,Unknown,26,NULL,NULL,NULL,Unknown,,0,MA,Class D,0
,53949500362,FC24000388,15:00.0,Male,White,59,Medium,Short,Medium Brown,Hispanic Origin,,0,MA,Class D,0
,53951504095,FC24000391,45:00.0,Male,Black,29,Medium,NULL,Medium Brown,Not of Hispanic Origin,,0,MA,Class D,0
,53952404462,FC24000396,07:00.0,Male,Black,29,Medium,Short,Medium Brown,Unknown,,0,MA,Personal Driver License,1
,53952410293,FC24000396,07:00.0,Male,White,55,Medium,Wavy,Light,Not of Hispanic Origin,,0,MA,,1
,53952420043,FC24000396,07:00.0,Male,Unknown,36,Medium,Braided,Medium,Hispanic Origin,,0,MA,,1
,53953773580,FC24000400,39:00.0,Male,Black,22,Medium,Short,Medium Brown,Not of Hispanic Origin,,0,MA,Class D,0
,53955052920,FC24000404,00:00.0,Male,Black,19,Thin,Afro,Light Brown,Hispanic Origin,,0,MA,,1
,53915747230,FC24000346,15:00.0,Male,Black,30,Thin,NULL,NULL,Not of Hispanic Origin,,0,MA,Class D,0
,53917682019,FC24000347,50:00.0,Male,NULL,25,Medium,NULL,NULL,Not of Hispanic Origin,,0,MA,,0
,53918708860,FC24000349,50:00.0,Female,Black,37,Thin,Short,Light,Hispanic Origin,,0,MA,,0
,53918710220,FC24000349,50:00.0,Male,Black,41,Medium,NULL,NULL,Not of Hispanic Origin,,0,MA,Class D,NULL
,53918712866,FC24000349,50:00.0,Female,Unknown,57,NULL,NULL,NULL,Hispanic Origin,,0,MA,ID Only - Never had Personal Driver License,NULL
,53919185402,FC24000352,00:00.0,Male,Black,37,Medium,NULL,NULL,Not of Hispanic Origin,,0,MA,Class D,0
,53919894722,FC24000353,56:00.0,Male,Black,39,NULL,NULL,NULL,Not of Hispanic Origin,,0,NULL,,1
,53922289647,FC24000356,58:00.0,Male,Black,23,Medium,Dreadlocks,Light Brown,Unknown,,0,MA,Class D,0
,53925313353,FC24000358,00:00.0,Male,White,40,Small,Straight,Pale,Not of Hispanic Origin,,0,MA,Class D,0
,53930258494,FC24000363,56:00.0,Male,Black,30,Thin,NULL,Medium,Not of Hispanic Origin,,0,MA,ID Only - Never had Personal Driver License,0
,53930280181,FC24000363,56:00.0,Male,Black,22,NULL,NULL,NULL,Not of Hispanic Origin,,0,MA,,1
,53930614971,FC24000364,00:00.0,Male,Other,17,NULL,NULL,NULL,Unknown,,0,NULL,,1
,53930618606,FC24000364,00:00.0,Male,Black,15,Thin,Curly,Medium Brown,Unknown,,0,MA,,1
,53930620585,FC24000364,00:00.0,Male,White,15,Medium,Dreadlocks,Light Brown,Hispanic Origin,,0,MA,,1
,53898706412,FC24000337,19:00.0,Male,Black,25,Thin,Afro,Dark,NULL,,0,MA,Class D,1
,53898714427,FC24000337,19:00.0,Male,Black,22,Medium,Short,Light Brown,Not of Hispanic Origin,,0,MA,,1
,53918919182,FC24000350,25:00.0,Male,NULL,NULL,NULL,NULL,NULL,NULL,,0,NULL,,0
,53918926328,FC24000350,25:00.0,Male,NULL,NULL,NULL,NULL,NULL,NULL,,0,NULL,,0
,53918936297,FC24000350,25:00.0,Male,NULL,NULL,NULL,NULL,NULL,NULL,,0,NULL,,0
,53919816287,FC24000354,29:00.0,Male,White,25,NULL,NULL,NULL,Hispanic Origin,,0,MA,Class D,0
,53926718146,FC24000359,49:00.0,Male,Black,33,Medium,NULL,NULL,Not of Hispanic Origin,,0,MA,Class D,1
,53928326146,FC24000360,30:00.0,Female,White,31,NULL,NULL,NULL,NULL,,0,NULL,,0
,53929308917,FC24000361,28:00.0,Male,Black,16,Thin,NULL,Light Brown,Hispanic Origin,,0,MA,,1
,53929313174,FC24000361,28:00.0,Male,White,22,NULL,NULL,NULL,Hispanic Origin,,0,MA,Class D,0
,53929320411,FC24000361,28:00.0,Female,Black,13,NULL,NULL,NULL,Hispanic Origin,,0,NULL,,0
,53930572802,FC24000365,29:00.0,Male,Black,27,Medium,NULL,NULL,Not of Hispanic Origin,,0,MA,,0
,53930584852,FC24000365,29:00.0,Female,Black,27,Unknown,NULL,NULL,Not of Hispanic Origin,,0,MA,Class D,NULL
,53934698478,FC24000372,30:00.0,Male,Black,31,Muscular,Dreadlocks,Dark,Not of Hispanic Origin,,0,MA,,1
,53938905553,FC24000375,50:00.0,Male,White,62,Medium,Bald or Balding,Light,Not of Hispanic Origin,,0,MA,,0
,53938909537,FC24000375,50:00.0,Male,White,59,Heavy,Bald or Balding,NULL,Not of Hispanic Origin,,0,MA,,0
,53953770960,FC24000393,00:00.0,Male,Black,15,NULL,NULL,NULL,NULL,,0,NULL,,1
,53953670524,FC24000399,00:00.0,Female,Black,37,Thin,Short,Light,Hispanic Origin,,0,MA,,0
,53953672421,FC24000399,00:00.0,Male,White,43,Heavy,Straight,Light,NULL,,0,MA,,0
,53953675712,FC24000399,00:00.0,Male,Black,41,Medium,NULL,NULL,Not of Hispanic Origin,,0,MA,Class D,0
,53955132022,FC24000405,30:00.0,Male,Black,34,NULL,NULL,NULL,Unknown,,0,MA,Class D,1
,53955140772,FC24000405,30:00.0,Male,White,28,Medium,Curly,NULL,Hispanic Origin,,0,MA,,1
,53959774568,FC24000412,41:00.0,Male,Black,34,Thin,Afro,Medium Brown,Not of Hispanic Origin,,0,MA,,0
,53970237792,FC24000428,51:00.0,Male,White,34,NULL,NULL,NULL,Not of Hispanic Origin,,0,MA,Class D,1
,53970238204,FC24000428,51:00.0,Male,White,40,Medium,Short,Light,NULL,,0,MA,,1
,53974935546,FC24000433,48:00.0,Male,White,56,Medium,Short,Light,Unknown,,0,MA,"ID - Had a License, now has ID",1
,53975621667,FC24000434,40:00.0,Male,White,19,NULL,NULL,NULL,NULL,,0,MA,Class D,1
,53975633841,FC24000434,40:00.0,Male,Black,16,NULL,NULL,NULL,Unknown,,0,MA,No License - Record Only,1
,53977861367,FC24000435,45:00.0,Male,Black,21,NULL,NULL,NULL,NULL,,0,MA,,0
,53978419264,FC24000436,30:00.0,Male,White,39,Medium,Straight,NULL,Not of Hispanic Origin,,0,MA,,0
,53980130695,FC24000439,00:00.0,Male,White,38,Thin,Curly,Light,Hispanic Origin,,0,MA,,1
,53930625118,FC24000364,00:00.0,Male,Unknown,NULL,NULL,NULL,NULL,NULL,,0,NULL,,1
,53933743313,FC24000370,39:00.0,Male,Black,30,Thin,NULL,NULL,Not of Hispanic Origin,,0,MA,Class D,1
,53933764451,FC24000370,39:00.0,Male,Black,30,Thin,NULL,Medium,Not of Hispanic Origin,,0,MA,,1
,53933784568,FC24000370,39:00.0,Male,Black,19,NULL,NULL,NULL,NULL,,0,NULL,,1
,53933804949,FC24000370,39:00.0,Male,Black,23,Thin,Curly,Medium,Not of Hispanic Origin,,0,MA,,1
,53933844530,FC24000370,39:00.0,NULL,NULL,NULL,NULL,NULL,NULL,NULL,,0,NULL,,1
,53940102229,FC24000379,22:00.0,Male to Female Transgender,Black,41,Medium,Dreadlocks,Medium Brown,Not of Hispanic Origin,,0,MA,Class D,0
,53951941932,FC24000394,40:00.0,Male,Black,30,Thin,Braided,Dark Brown,Not of Hispanic Origin,,0,MA,Class D,0
,53951946901,FC24000394,40:00.0,Male,Black,29,Medium,Short,Medium Brown,Not of Hispanic Origin,,0,MA,Instruction Permit,0
,53953841156,FC24000401,00:00.0,Male,Black,49,Medium,Short,Dark Brown,Not of Hispanic Origin,,0,MA,Class D,0
,53959748944,FC24000411,30:00.0,Female,White,27,Thin,Short,Light,NULL,,0,MA,ID Only - Never had Personal Driver License,0
,53959776702,FC24000411,30:00.0,Female,White,37,NULL,NULL,NULL,Not of Hispanic Origin,,0,NULL,,0
,53959784947,FC24000411,30:00.0,Female,White,43,Thin,Wavy,Medium,Not of Hispanic Origin,,0,MA,,0
,53960653004,FC24000414,07:00.0,Male,Black,50,Medium,NULL,Medium Brown,NULL,,0,MA,,1
,53955052920,FC24000404,00:00.0,Male,Black,19,Thin,Afro,Light Brown,Hispanic Origin,,0,MA,,NULL
,53955063341,FC24000404,00:00.0,Male,White,18,Thin,Wavy,Light,Not of Hispanic Origin,,0,MA,,0
,53955226035,FC24000406,22:00.0,Male,Unknown,22,Thin,Curly,Light Brown,Hispanic Origin,,0,MA,,0
,53955283687,FC24000407,20:00.0,Male,Black,20,NULL,NULL,NULL,Unknown,,0,MA,,0
,53956226240,FC24000409,40:00.0,Male,Black,50,Thin,Dreadlocks,NULL,Unknown,,0,MA,,0
,53960977496,FC24000417,50:00.0,Male,Black,32,Thin,Short,Light Brown,Hispanic Origin,,0,MA,,1
,53962064976,FC24000418,38:00.0,Male,Black,22,Medium,NULL,NULL,Not of Hispanic Origin,,0,MA,Class D,1
,53962892706,FC24000419,00:00.0,Male,Black,20,Thin,Afro,Dark Brown,Not of Hispanic Origin,,0,MA,Class D,1
,53962907507,FC24000419,00:00.0,Male,Black,25,Medium,Braided,Medium Brown,Not of Hispanic Origin,,0,MA,,1
,53966943246,FC24000421,00:00.0,Female,White,43,NULL,NULL,NULL,Not of Hispanic Origin,,0,NULL,,0
,53971077613,FC24000429,51:00.0,Male,White,46,Medium,Unkempt,Fair,Not of Hispanic Origin,,0,MA,Class D,1
,53971087584,FC24000429,51:00.0,Male,White,38,Thin,NULL,NULL,Not of Hispanic Origin,,0,MA,Class D,1
,53971096962,FC24000429,51:00.0,Male,Unknown,43,NULL,NULL,NULL,Unknown,,0,NULL,,0
,53971103862,FC24000429,51:00.0,Female,White,34,Medium,NULL,NULL,Not of Hispanic Origin,,0,MA,,0
,53971156280,FC24000429,51:00.0,Male,White,37,Thin,Straight,Light,Not of Hispanic Origin,,0,NULL,,1
,53938911169,FC24000375,50:00.0,Female,White,58,Medium,NULL,NULL,Not of Hispanic Origin,,0,MA,,0
,53939253801,FC24000375,50:00.0,Male,White,39,Medium,Bald or Balding,Light,Not of Hispanic Origin,,0,MA,,0
,53940107737,FC24000381,30:00.0,Male,Black,22,Medium,NULL,Dark Brown,Not of Hispanic Origin,,0,MA,,0
,53941003776,FC24000383,05:00.0,Male,White,28,Stocky,NULL,NULL,Hispanic Origin,,0,MA,Other: Suspended Lic,0
,53941005071,FC24000383,05:00.0,Male,Black,22,Medium,Short,Dark,Not of Hispanic Origin,,0,MA,,0
,53946304105,FC24000386,11:00.0,Male,Black,33,Thin,Short,NULL,Hispanic Origin,,0,MA,,1
,53946312176,FC24000386,11:00.0,Female,White,35,NULL,Straight,NULL,Not of Hispanic Origin,,0,MA,,1
,53946327511,FC24000386,11:00.0,Female,White,39,Thin,NULL,NULL,Not of Hispanic Origin,,0,MA,Class D,1
,53950493789,FC24000390,21:00.0,Male,Black,34,Medium,Short,Medium Brown,Hispanic Origin,,0,MA,,0
,53951541642,FC24000392,20:00.0,Male,Black,21,NULL,NULL,NULL,Hispanic Origin,,0,MA,Class D,0
,53951680966,FC24000392,20:00.0,Female,Black,36,Medium,Curly,Medium Brown,Unknown,,0,MA,Class D,NULL
,53952006521,FC24000395,05:00.0,Male,Black,32,Heavy,NULL,NULL,Hispanic Origin,,0,MA,,1
,53952041703,FC24000395,05:00.0,Male,Black,41,Muscular,NULL,NULL,Hispanic Origin,,0,MA,,0
,53952153747,FC24000395,05:00.0,Male,Unknown,32,NULL,NULL,NULL,NULL,,0,NULL,,1
,53952855885,FC24000397,11:00.0,Male to Female Transgender,White,31,NULL,NULL,NULL,NULL,,0,NULL,,0
,53980135423,FC24000440,54:00.0,Male,Black,38,Medium,Braided,Medium Brown,Not of Hispanic Origin,,0,MA,Class D,0
,53980996466,FC24000441,06:00.0,Male,Black,26,NULL,NULL,NULL,Not of Hispanic Origin,,0,MA,Class D,0
,53981003237,FC24000441,06:00.0,Male,Black,30,Medium,Curly,Medium,Not of Hispanic Origin,,0,MA,Class D,0
,53982789047,FC24000447,00:00.0,Male,Black,28,Medium,Short,Dark,Not of Hispanic Origin,,0,MA,,0
,53984678530,FC24000454,00:00.0,Female,Black,40,NULL,NULL,NULL,Hispanic Origin,,0,MA,Class D,0
,53984682547,FC24000454,00:00.0,Male,Black,33,Medium,NULL,NULL,Not of Hispanic Origin,,0,MA,Class D,1
,53986089183,FC24000455,10:00.0,Male,Black,34,Heavy,NULL,NULL,Not of Hispanic Origin,,0,MA,Class D,1
,53986092069,FC24000455,10:00.0,Male,Black,28,Heavy,Dreadlocks,Medium,Not of Hispanic Origin,,0,MA,,1
,53986095092,FC24000455,10:00.0,Male,Black,25,NULL,NULL,NULL,Unknown,,0,MA,,1
,53995955783,FC24000459,37:00.0,Female,Black,23,NULL,NULL,NULL,Not of Hispanic Origin,,0,MA,Class D,1
,53995955783,FC24000459,37:00.0,Female,Black,23,NULL,NULL,NULL,Not of Hispanic Origin,,0,MA,Class D,NULL
,53995960096,FC24000459,37:00.0,Male,Black,26,Medium,Short,Medium Brown,Not of Hispanic Origin,,0,MA,Other: EXP/NRE,NULL
,53995960096,FC24000459,37:00.0,Male,Black,26,Medium,Short,Medium Brown,Not of Hispanic Origin,,0,MA,Other: EXP/NRE,0
,53995965361,FC24000459,37:00.0,Female,Black,21,NULL,NULL,NULL,Not of Hispanic Origin,,0,MA,Class D,0
,53960659886,FC24000414,07:00.0,Male,Black,36,Heavy,Shaved Head,Medium Brown,Not of Hispanic Origin,,0,MA,,1
,53974584286,FC24000432,45:00.0,Male,White,38,NULL,NULL,NULL,Hispanic Origin,,0,MA,Class D,0
,53980074342,FC24000438,03:00.0,Male,White,35,Medium,Dreadlocks,Light,Not of Hispanic Origin,,0,MA,,1
,53982145592,FC24000445,52:00.0,Male,White,54,Medium,Bald or Balding,Dark,NULL,,0,MA,,0
,53983513346,FC24000448,00:00.0,Male,White,38,Thin,Receding or Slightly Receding,Light,Not of Hispanic Origin,,0,MA,Class D,0
,53993497199,FC24000456,07:00.0,Male,White,44,Thin,NULL,Light,Not of Hispanic Origin,,0,MA,Class D,0
,53994877018,FC24000458,00:00.0,Male,Black,17,Medium,Short,NULL,NULL,,0,MA,,1
,53994881395,FC24000458,00:00.0,Male,Black,39,Medium,Short,Medium Brown,Not of Hispanic Origin,,0,MA,Class D,0
,53994891706,FC24000458,00:00.0,Male,Black,27,Thin,NULL,NULL,Not of Hispanic Origin,,0,MA,,0
,53994946506,FC24000458,00:00.0,Male,Black,33,Medium,NULL,Medium Brown,Not of Hispanic Origin,,0,MA,,0
,54007534178,FC24000481,35:00.0,Male,Black,46,Medium,Bald or Balding,Dark Brown,Not of Hispanic Origin,,0,MA,,0
,54007535865,FC24000481,35:00.0,Male,Black,33,Heavy,Short,Dark,Not of Hispanic Origin,,0,MA,Class D,0
,54007541181,FC24000481,35:00.0,Male,Black,33,Medium,NULL,Medium Brown,Not of Hispanic Origin,,0,MA,,0
,54007545663,FC24000481,35:00.0,Female,White,31,Heavy,NULL,NULL,Hispanic Origin,,0,MA,Class D,0
,53982109840,FC24000444,10:00.0,Male,White,35,Muscular,NULL,Light,Hispanic Origin,,0,MA,Class D,0
,53982216147,FC24000446,53:00.0,Male,Black,30,NULL,NULL,NULL,Not of Hispanic Origin,,0,MA,,0
,53982221151,FC24000446,53:00.0,Male,Black,31,Medium,Braided,Medium Brown,NULL,,0,MA,,0
,53983870531,FC24000449,20:00.0,Male,White,38,Thin,NULL,NULL,NULL,,0,MA,,0
,53984262900,FC24000450,40:00.0,Male,Black,42,Medium,Short,Medium Brown,NULL,,0,MA,,0
,53984430164,FC24000452,30:00.0,Male,Black,24,Medium,NULL,NULL,Not of Hispanic Origin,,0,MA,Instruction Permit,1
,53984434402,FC24000452,30:00.0,Male,Black,23,NULL,NULL,NULL,Not of Hispanic Origin,,0,MA,ID Only - Never had Personal Driver License,1
,53984507365,FC24000453,47:00.0,Male,Black,33,Medium,Wavy,Medium Brown,Not of Hispanic Origin,,0,MA,Class D,0
,53996651684,FC24000460,00:00.0,Male,Black,25,Thin,NULL,NULL,Not of Hispanic Origin,,0,MA,,1
,53997927883,FC24000464,05:00.0,Male,Black,15,Thin,Dreadlocks,Light Brown,NULL,,0,MA,,1
,53997931546,FC24000464,05:00.0,Male,White,20,Thin,Wavy,Fair,NULL,,0,MA,,1
,53997937724,FC24000464,05:00.0,Male,White,16,NULL,NULL,NULL,Hispanic Origin,,0,NULL,,1
,53997947050,FC24000464,05:00.0,Male,Black,17,Medium,Short,Dark Brown,Not of Hispanic Origin,,0,MA,,1
,53998928857,FC24000464,05:00.0,Male,Black,18,Medium,Short,Light Brown,Not of Hispanic Origin,,0,MA,,1
,53999117527,FC24000464,05:00.0,Male,Unknown,30,NULL,NULL,NULL,NULL,,0,MA,Class D,1
,54010207251,FC24000488,13:00.0,Male,White,26,NULL,NULL,NULL,Unknown,,0,NULL,,0
,54010710126,FC24000493,30:00.0,Male,Black,59,Medium,NULL,NULL,Not of Hispanic Origin,,0,MA,,0
,54011237687,FC24000498,40:00.0,Male,White,38,NULL,NULL,NULL,Not of Hispanic Origin,,0,MA,,0
,54021093420,FC24000506,45:00.0,Female,Black,15,Medium,Braided,Medium Brown,Unknown,,0,MA,,1
,54021096027,FC24000506,45:00.0,Male,Black,15,Thin,Afro,Medium Brown,Not of Hispanic Origin,,0,MA,,1
,54021106386,FC24000506,45:00.0,Male,Black,16,NULL,NULL,NULL,NULL,,0,NULL,,1
,54021116556,FC24000506,45:00.0,Male,Black,27,NULL,NULL,NULL,Not of Hispanic Origin,,0,MA,Class D,1
,54024449998,FC24000515,00:00.0,Male,Black,45,Medium,Bald or Balding,Dark Brown,Not of Hispanic Origin,,0,MA,,0
,54024458204,FC24000515,00:00.0,Female,White,29,Thin,Curly,Medium,Hispanic Origin,,0,MA,"ID - Had a License, now has ID",0
,54025517297,FC24000519,00:00.0,Male,Black,23,Heavy,Afro,Dark Brown,Not of Hispanic Origin,,0,MA,Class D,0
,54030356811,FC24000522,06:00.0,Male,White,23,NULL,NULL,NULL,Not of Hispanic Origin,,0,MA,Class D,0
,54032621998,FC24000528,15:00.0,Male,Black,23,Medium,NULL,NULL,Hispanic Origin,,0,MA,,1
,54034475964,FC24000536,21:00.0,Female,Unknown,54,NULL,NULL,NULL,Hispanic Origin,,0,NULL,,0
,54034481586,FC24000536,21:00.0,Male,Unknown,41,NULL,NULL,NULL,Hispanic Origin,,0,NULL,,0
,54034492171,FC24000536,21:00.0,Male,Unknown,50,NULL,NULL,NULL,Hispanic Origin,,0,MA,ID Only - Never had Personal Driver License,0
,53995965361,FC24000459,37:00.0,Female,Black,21,NULL,NULL,NULL,Not of Hispanic Origin,,0,MA,Class D,NULL
,53996696098,FC24000461,43:00.0,Female,Black,19,NULL,NULL,NULL,NULL,,0,NULL,,0
,53996732697,FC24000461,43:00.0,Male,Black,19,NULL,NULL,NULL,Unknown,,0,NULL,,NULL
,53997896172,FC24000465,15:00.0,Male,Black,27,Thin,Braided,Medium,Not of Hispanic Origin,,0,MA,Class D,0
,53998155067,FC24000469,33:00.0,Male,White,15,NULL,NULL,NULL,Hispanic Origin,,0,NULL,,1
,53998158109,FC24000469,33:00.0,Male,Unknown,18,NULL,NULL,NULL,Hispanic Origin,,0,NULL,,NULL
,53998158410,FC24000469,33:00.0,Male,White,23,Medium,NULL,Medium,Hispanic Origin,,0,MA,None,NULL
,54005743042,FC24000477,14:00.0,Male,Black,26,Thin,Dreadlocks,Medium Brown,Not of Hispanic Origin,,0,MA,Class D,0
,54007497848,FC24000479,41:00.0,Male,White,53,Thin,Short,Light,Hispanic Origin,,0,MA,"ID - Had a License, now has ID",0
,54007507477,FC24000479,41:00.0,Female,White,31,NULL,NULL,NULL,NULL,,0,MA,Class D,0
,54007510895,FC24000479,41:00.0,Female,White,42,Medium,NULL,NULL,Not of Hispanic Origin,,0,MA,,0
,54007679473,FC24000482,45:00.0,Male,Black,26,Medium,Short,Medium Brown,Not of Hispanic Origin,,0,MA,Class D,1
,54007804950,FC24000483,27:00.0,Male,Black,19,Thin,Braided,Light Brown,Not of Hispanic Origin,,0,MA,Class D,0
,54007808499,FC24000483,27:00.0,Male,Other,17,NULL,NULL,NULL,Unknown,,0,NULL,,0
,54008920004,FC24000484,00:00.0,Male,Black,23,Heavy,Short,Dark,Not of Hispanic Origin,,0,MA,Class D,0
,53953613411,FC24000398,00:00.0,Male,Black,22,Thin,Braided,Medium Brown,Not of Hispanic Origin,,0,MA,ID Only - Never had Personal Driver License,1
,53953673651,FC24000398,00:00.0,Female,Black,21,NULL,NULL,NULL,Not of Hispanic Origin,,0,MA,,1
,53953882895,FC24000402,15:00.0,Male,Black,30,NULL,NULL,NULL,Unknown,,0,NULL,,1
,53953884513,FC24000402,15:00.0,Male,Black,36,Stocky,NULL,NULL,Not of Hispanic Origin,,0,MA,,1
,53953951358,FC24000403,45:00.0,Male,Black,28,Medium,Short,Medium Brown,Hispanic Origin,,0,MA,Class D,1
,53953953609,FC24000403,45:00.0,Male,Black,31,Medium,NULL,NULL,Not of Hispanic Origin,,0,MA,,1
,53960848408,FC24000415,49:00.0,Male,Black,38,Thin,Curly,Medium Brown,Not of Hispanic Origin,,0,MA,Class D,1
,53960849885,FC24000416,49:00.0,Male,White,38,NULL,NULL,NULL,Hispanic Origin,,0,MA,Class D,1
,53966700022,FC24000420,50:00.0,Male,White,26,Thin,NULL,NULL,Not of Hispanic Origin,,0,MA,,0
,53967040324,FC24000422,00:00.0,Male,Black,57,Thin,Bald or Balding,Light Brown,Not of Hispanic Origin,,0,MA,,1
,53967060088,FC24000422,00:00.0,Male,Black,41,Thin,NULL,NULL,Not of Hispanic Origin,,0,MA,,1
,53967486805,FC24000423,20:00.0,Male,Black,32,Medium,Braided,NULL,Not of Hispanic Origin,,0,MA,,0
,53968038899,FC24000424,00:00.0,Male,Black,37,Medium,Short,Dark,Not of Hispanic Origin,,0,MA,,0
,53969507984,FC24000425,39:00.0,Male,White,16,Thin,Braided,Light,NULL,,0,MA,,1
,54045963813,FC24000545,45:00.0,Male,Unknown,47,NULL,NULL,NULL,Unknown,,0,NULL,,0
,54046001242,FC24000545,45:00.0,Male,NULL,35,NULL,NULL,NULL,NULL,,0,NULL,,0
,54051085606,FC24000549,56:00.0,Male,Unknown,34,NULL,NULL,NULL,NULL,,0,NULL,,0
,54053948002,FC24000550,11:00.0,Male,Black,31,Medium,Dreadlocks,Medium,NULL,,0,MA,,1
,54053950302,FC24000550,11:00.0,Female,Black,20,NULL,NULL,NULL,Hispanic Origin,,0,MA,Other: M,1
,54055038931,FC24000552,00:00.0,Male,Black,38,Medium,Bald or Balding,Dark Brown,Not of Hispanic Origin,,0,MA,Class D,0
,54070815517,FC24000563,07:00.0,Male,Black,31,Medium,NULL,NULL,Not of Hispanic Origin,,0,MA,,0
,54085782039,FC24000576,00:00.0,Male,Black,18,NULL,NULL,NULL,NULL,,0,NULL,,1
,54088144669,FC24000580,17:00.0,Male,White,33,Medium,Short,NULL,Hispanic Origin,,0,MA,,0
,54088185845,FC24000580,17:00.0,Male,White,47,Medium,Short,Light,Hispanic Origin,,0,MA,ID Only - Never had Personal Driver License,0
,54090197559,FC24000583,39:00.0,Female,Black,56,Thin,NULL,NULL,Not of Hispanic Origin,,0,MA,,1
,54090332081,FC24000584,40:00.0,Male,White,38,Thin,Curly,Light Brown,Hispanic Origin,,0,MA,"ID - Had a License, now has ID",1
,54090343119,FC24000584,40:00.0,Male,Black,46,Medium,Short,Medium Brown,Hispanic Origin,,0,MA,,NULL
,54090414700,FC24000585,15:00.0,Male,White,18,Thin,Short,Light,NULL,,0,MA,,1
,54090434114,FC24000585,15:00.0,Male,Black,18,NULL,NULL,NULL,Unknown,,0,NULL,,1
,53998616890,FC24000468,58:00.0,Male,White,31,Thin,NULL,NULL,Not of Hispanic Origin,,0,MA,,0
,53998626130,FC24000468,58:00.0,Male,Black,30,NULL,NULL,NULL,Not of Hispanic Origin,,0,MA,Class D,0
,53998718313,FC24000470,00:00.0,Male,Black,33,Medium,Short,Medium Brown,Not of Hispanic Origin,,0,MA,,0
,53998724504,FC24000470,00:00.0,Male,Black,28,Heavy,NULL,NULL,Not of Hispanic Origin,,0,MA,,0
,54005887337,FC24000478,30:00.0,Male,NULL,34,Heavy,NULL,Dark Brown,Unknown,,0,MA,,0
,54010354250,FC24000490,30:00.0,Male,White,21,NULL,NULL,NULL,Unknown,,0,MA,None,1
,54010365968,FC24000490,30:00.0,Female,White,18,NULL,NULL,NULL,NULL,,0,CT,Class D,0
,54010663945,FC24000491,12:00.0,Male,Black,30,NULL,NULL,NULL,Not of Hispanic Origin,,0,MA,Class D,0
,54010950709,FC24000495,50:00.0,Male,Black,27,Thin,NULL,NULL,Not of Hispanic Origin,,0,MA,Class D,0
,54014051730,FC24000502,00:00.0,Male,White,54,NULL,NULL,NULL,Unknown,,0,MA,Class D,0
,54014066638,FC24000502,00:00.0,Male,White,61,Medium,NULL,NULL,Not of Hispanic Origin,,0,MA,,0
,54019133082,FC24000505,15:00.0,Male,Black,17,Medium,Short,Dark Brown,Not of Hispanic Origin,,0,MA,,0
,54019137129,FC24000505,15:00.0,Male,Black,46,Medium,Bald or Balding,Dark Brown,Not of Hispanic Origin,,0,MA,,0
,54019139679,FC24000505,15:00.0,Male,White,29,Thin,NULL,NULL,Hispanic Origin,,0,MA,Other: Class M,0
,54019142671,FC24000505,15:00.0,Male,Black,60,Stocky,Short,Dark Brown,Not of Hispanic Origin,,0,MA,"ID - Had a License, now has ID",0
,53970028018,FC24000426,09:00.0,Male,Black,47,Medium,Short,Dark Brown,Not of Hispanic Origin,,0,MA,Class D,0
,53970145386,FC24000427,33:00.0,Female,Black,40,NULL,NULL,NULL,Hispanic Origin,,0,MA,Class D,0
,53973646973,FC24000430,00:00.0,Female,NULL,34,NULL,NULL,NULL,NULL,,0,NULL,,0
,53973687336,FC24000430,00:00.0,Male,White,NULL,NULL,NULL,NULL,NULL,,0,NULL,,1
,53974340433,FC24000431,58:00.0,Male,Black,39,Stocky,Short,Dark Brown,Not of Hispanic Origin,,0,MA,,0
,53980081277,FC24000437,57:00.0,Male,Black,35,NULL,NULL,NULL,Not of Hispanic Origin,,0,MA,,1
,53981150645,FC24000442,47:00.0,Male,Black,19,Thin,Braided,Medium Brown,Not of Hispanic Origin,,0,MA,,0
,53981154686,FC24000442,47:00.0,Female,Black,21,Thin,Wig/hair Piece,Dark Brown,Not of Hispanic Origin,,0,MA,Class D,0
,53981335624,FC24000443,00:00.0,Male,White,35,Medium,NULL,NULL,Hispanic Origin,,0,MA,,0
,53984370131,FC24000451,14:00.0,Female,White,25,Medium,Unkempt,Medium,Not of Hispanic Origin,,0,MA,,0
,53984385215,FC24000451,14:00.0,Male,Black,22,NULL,NULL,NULL,Unknown,,0,NULL,,NULL
,53997048676,FC24000462,50:00.0,Male,Black,57,Medium,Short,Medium Brown,Not of Hispanic Origin,,0,MA,,1
,53997048676,FC24000462,50:00.0,Male,Black,57,Medium,Short,Medium Brown,Not of Hispanic Origin,,0,MA,,NULL
,53997525379,FC24000463,54:00.0,Male,White,33,Medium,Straight,Light,Not of Hispanic Origin,,0,MA,,0
,53997527841,FC24000463,54:00.0,Female,Black,26,Thin,NULL,NULL,NULL,,0,MA,,0
,54010089477,FC24000486,00:00.0,Male,Black,14,NULL,NULL,NULL,Not of Hispanic Origin,,0,NULL,,1
,54010110106,FC24000486,00:00.0,Male,Black,NULL,NULL,NULL,NULL,Not of Hispanic Origin,,0,NULL,,1
,54010170436,FC24000487,30:00.0,Male,Black,22,Medium,Dreadlocks,Medium,Hispanic Origin,,0,MA,Class D,1
,54010697554,FC24000492,00:00.0,Male,NULL,40,NULL,NULL,NULL,NULL,,0,MA,Class D,1
,54010715278,FC24000492,00:00.0,Male,Black,34,Medium,NULL,NULL,Not of Hispanic Origin,,0,MA,,1
,54011018980,FC24000496,15:00.0,Male,Black,31,Medium,NULL,NULL,Not of Hispanic Origin,,0,MA,Class D,1
,54013003660,FC24000500,50:00.0,Male,Black,54,Thin,Short,Light Brown,Unknown,,0,MA,,0
,54015451547,FC24000503,00:00.0,Male,Asian,42,Thin,NULL,NULL,Not of Hispanic Origin,,0,MA,,0
,54032218257,FC24000526,00:00.0,Male,Black,38,Heavy,NULL,NULL,Not of Hispanic Origin,,0,MA,Class D,0
,54034324849,FC24000534,59:00.0,Male,Black,27,Unknown,NULL,NULL,Not of Hispanic Origin,,0,MA,,1
,54034548234,FC24000537,24:00.0,Male,Native Hawaiian or Other Pacific Islander,22,NULL,NULL,NULL,Not of Hispanic Origin,,0,MA,ID Only - Never had Personal Driver License,1
,54034549003,FC24000537,24:00.0,Male,Black,19,NULL,NULL,NULL,Not of Hispanic Origin,,0,MA,Class D,1
,54044122103,FC24000542,00:00.0,Female,Black,32,Medium,NULL,NULL,Not of Hispanic Origin,,0,MA,,NULL
,54044126882,FC24000542,00:00.0,Male,Black,38,Medium,NULL,NULL,Not of Hispanic Origin,,0,MA,,0
,53997981923,FC24000466,00:00.0,Male,Black,18,Medium,Short,Light Brown,Not of Hispanic Origin,,0,MA,,0
,53998084317,FC24000467,16:00.0,Female,Black,46,Medium,Short,Dark Brown,Unknown,,0,MA,ID Only - Never had Personal Driver License,0
,54000025345,FC24000471,27:00.0,Male,Black,35,Heavy,NULL,NULL,Not of Hispanic Origin,,0,MA,,0
,54000053740,FC24000471,27:00.0,Female,Black,29,Thin,Straight,Light Brown,Hispanic Origin,,0,MA,,0
,54000925777,FC24000472,15:00.0,Male,White,65,Medium,NULL,NULL,Not of Hispanic Origin,,0,MA,,0
,54000941071,FC24000472,15:00.0,Female,White,35,NULL,NULL,NULL,Not of Hispanic Origin,,0,MA,"ID - Had a License, now has ID",0
,54000944112,FC24000472,15:00.0,Male,White,35,NULL,NULL,NULL,NULL,,0,MA,,0
,54000951707,FC24000472,15:00.0,Female,White,41,Thin,Straight,Light,Not of Hispanic Origin,,0,MA,"ID - Had a License, now has ID",1
,54000974752,FC24000472,15:00.0,Male,White,40,Heavy,NULL,NULL,Not of Hispanic Origin,,0,MA,,0
,54001003579,FC24000472,15:00.0,Male,Black,40,Thin,Unkempt,Light Brown,Hispanic Origin,,0,MA,Class D,1
,54001010211,FC24000472,15:00.0,Male,Black,49,NULL,NULL,NULL,Hispanic Origin,,0,MA,Class D,0
,54001026638,FC24000472,15:00.0,Male,White,53,Thin,Short,Light,Hispanic Origin,,0,MA,"ID - Had a License, now has ID",0
,54001625549,FC24000472,15:00.0,Male,White,43,Medium,Bald or Balding,Light,Not of Hispanic Origin,,0,MA,,0
,54005037331,FC24000474,00:00.0,Male,Black,28,Medium,NULL,NULL,Not of Hispanic Origin,,0,MA,Class D,1
,54045806803,FC24000544,45:00.0,Male,White,60,NULL,NULL,NULL,Hispanic Origin,,0,NULL,,0
,54045815194,FC24000544,45:00.0,Male,White,36,NULL,NULL,NULL,Hispanic Origin,,0,NULL,,0
,54045824339,FC24000544,45:00.0,Male,White,55,Thin,NULL,NULL,Hispanic Origin,,0,MA,,0
,54045841152,FC24000544,45:00.0,Male,White,47,NULL,NULL,NULL,Hispanic Origin,,0,NULL,,0
,54045852413,FC24000544,45:00.0,Male,White,45,NULL,NULL,NULL,Hispanic Origin,,0,NULL,,0
,54048203563,FC24000547,53:00.0,Male,Black,22,Medium,Short,Dark,Not of Hispanic Origin,,0,MA,,0
,54055020330,FC24000553,59:00.0,Male,Unknown,67,NULL,NULL,NULL,NULL,,0,NULL,,0
,54060971015,FC24000555,25:00.0,Male,White,39,NULL,NULL,NULL,Not of Hispanic Origin,,0,MA,Class D,0
,54066975824,FC24000559,57:00.0,Male,Black,31,NULL,NULL,NULL,Unknown,,0,MA,Class D,0
,54067194983,FC24000560,47:00.0,Male,Black,23,Thin,Short,Light Brown,NULL,,0,MA,,1
,54067194983,FC24000560,47:00.0,Male,Black,23,Thin,Short,Light Brown,NULL,,0,MA,,NULL
,54067219121,FC24000560,47:00.0,Female,White,40,NULL,NULL,NULL,NULL,,0,NULL,,NULL
,54067219121,FC24000560,47:00.0,Female,White,40,NULL,NULL,NULL,NULL,,0,NULL,,0
,54067225316,FC24000560,47:00.0,Female,Black,33,NULL,NULL,NULL,Unknown,,0,MA,,NULL
,54067225316,FC24000560,47:00.0,Female,Black,33,NULL,NULL,NULL,Unknown,,0,MA,,0
,54067225316,FC24000560,47:00.0,Female,Black,33,NULL,NULL,NULL,Unknown,,0,MA,,NULL
,54071813450,FC24000565,00:00.0,Male,Black,33,Medium,NULL,Medium Brown,Not of Hispanic Origin,,0,MA,,0
,54090417812,FC24000586,30:00.0,Male,Black,42,Heavy,NULL,NULL,Not of Hispanic Origin,,0,MA,Class D,0
,54090442354,FC24000586,30:00.0,Male,Black,41,Medium,Short,Medium Brown,Not of Hispanic Origin,,0,MA,Class D,0
,54097892081,FC24000597,16:00.0,Male,Black,33,Thin,Braided,Dark Brown,Not of Hispanic Origin,,0,MA,Class D,1
,54099605558,FC24000600,19:00.0,Male,Black,50,Thin,Dreadlocks,Dark Brown,Not of Hispanic Origin,,0,MA,"ID - Had a License, now has ID",0
,54099610333,FC24000600,19:00.0,Female,White,29,Medium,Unkempt,Light,Unknown,,0,MA,Class D,0
,54099755223,FC24000601,52:00.0,Male,Black,46,NULL,NULL,NULL,NULL,,0,MA,Class D,0
,54103569506,FC24000607,12:00.0,Male,NULL,40,Stocky,NULL,NULL,Unknown,,0,MA,,0
,54103750130,FC24000608,40:00.0,Male,Black,27,Thin,NULL,NULL,Not of Hispanic Origin,,0,MA,,0
,54104549957,FC24000610,18:00.0,Male,Black,20,Thin,Short,Dark,Unknown,,0,MA,Class D,1
,54104638026,FC24000611,22:00.0,Male,Black,27,Medium,NULL,NULL,Not of Hispanic Origin,,0,MA,Class D,0
,54105637887,FC24000614,00:00.0,Male,White,45,NULL,NULL,NULL,Not of Hispanic Origin,,0,MA,,0
,54108706177,FC24000616,15:00.0,Male,Black,27,Heavy,NULL,NULL,Not of Hispanic Origin,,0,RI,,1
,54108706238,FC24000616,15:00.0,Male,Black,26,Medium,Afro,Medium,Not of Hispanic Origin,,0,MA,Class D,1
,54125522042,FC24000639,25:00.0,Male,Black,30,NULL,NULL,NULL,Not of Hispanic Origin,,0,MA,Class D,1
,54005040867,FC24000474,00:00.0,Male,Unknown,26,NULL,NULL,NULL,Unknown,,0,MA,,1
,54005047668,FC24000474,00:00.0,Male,Black,24,Medium,Short,NULL,Unknown,,0,MA,Class D,0
,54005145543,FC24000476,55:00.0,Male,Black,35,Medium,Short,Medium Brown,Not of Hispanic Origin,,0,MA,Other: SUSPENDED,1
,54009265250,FC24000485,20:00.0,Male,White,23,Thin,Curly,Light,Unknown,,0,MA,,0
,54009274995,FC24000485,20:00.0,Male,White,23,Medium,Afro,Light Brown,Hispanic Origin,,0,MA,,0
,54011053633,FC24000497,41:00.0,Male,Black,34,NULL,NULL,NULL,Unknown,,0,MA,Class D,0
,54011063744,FC24000497,41:00.0,Male,White,34,Heavy,NULL,NULL,Hispanic Origin,,0,MA,Class D,0
,54013049374,FC24000501,47:00.0,Male,Black,26,Thin,NULL,NULL,Hispanic Origin,,0,MA,None,1
,54013053005,FC24000501,47:00.0,Male,Unknown,26,NULL,NULL,NULL,Hispanic Origin,,0,NULL,,1
,54018220289,FC24000504,14:00.0,Male,Black,23,Thin,Braided,Dark Brown,Not of Hispanic Origin,,0,MA,Class D,0
,54018228708,FC24000504,14:00.0,Male,Black,23,NULL,NULL,NULL,Not of Hispanic Origin,,0,MA,ID Only - Never had Personal Driver License,1
,54018245251,FC24000504,14:00.0,Female,Black,19,NULL,NULL,NULL,Unknown,,0,MA,ID Only - Never had Personal Driver License,0
,54018249571,FC24000504,14:00.0,Female,White,40,NULL,NULL,NULL,Hispanic Origin,,0,MA,Class D,0
,54022318024,FC24000509,15:00.0,Female,Black,37,NULL,NULL,NULL,NULL,,0,NULL,,0
,54022329427,FC24000509,15:00.0,Female,Black,20,NULL,NULL,NULL,NULL,,0,NULL,,0
,54071814206,FC24000565,00:00.0,Male,Black,17,Medium,Short,NULL,NULL,,0,MA,,0
,54071815550,FC24000565,00:00.0,Male,Black,16,Medium,Afro,Medium Brown,Not of Hispanic Origin,,0,NULL,,0
,54074398634,FC24000568,44:00.0,Male,White,20,Thin,Afro,Light,Hispanic Origin,,0,MA,Class D,0
,54075825924,FC24000570,28:00.0,Male,Black,38,Medium,Braided,Dark Brown,Not of Hispanic Origin,,0,MA,,0
,54084478110,FC24000572,03:00.0,Male,Black,44,Unknown,NULL,NULL,Hispanic Origin,,0,MA,,0
,54085037901,FC24000574,46:00.0,Male,Black,44,Thin,Afro,NULL,Not of Hispanic Origin,,0,MA,,0
,54099809536,FC24000575,48:00.0,Male,Unknown,19,NULL,NULL,NULL,Not of Hispanic Origin,,0,NULL,,1
,54087494172,FC24000579,25:00.0,Male,Black,46,Thin,NULL,NULL,Not of Hispanic Origin,,0,MA,,0
,54087465525,FC24000579,25:00.0,Male,Black,40,Thin,NULL,NULL,Not of Hispanic Origin,,0,MA,,0
,54091960227,FC24000590,20:00.0,Male,NULL,NULL,NULL,NULL,NULL,NULL,,0,NULL,,0
,54092080783,FC24000591,55:00.0,Female,Black,30,NULL,NULL,NULL,Not of Hispanic Origin,,0,MA,Class D,0
,54092082228,FC24000591,55:00.0,Male,Black,33,Medium,Short,Medium Brown,Not of Hispanic Origin,,0,MA,Class D,0
,54092116273,FC24000593,14:00.0,Male,Black,30,Thin,Dreadlocks,Medium Brown,NULL,,0,MA,,1
,54103190981,FC24000604,31:00.0,Male,White,45,Thin,NULL,NULL,Not of Hispanic Origin,,0,MA,,0
,54103385944,FC24000606,58:00.0,Male,White,45,Medium,Curly,Medium Brown,Hispanic Origin,,0,MA,,0
,54125545015,FC24000639,25:00.0,Male,Black,40,NULL,NULL,NULL,Not of Hispanic Origin,,0,NULL,,1
,54125568845,FC24000639,25:00.0,Male,Black,39,NULL,NULL,NULL,Not of Hispanic Origin,,0,MA,Class D,1
,54128418478,FC24000640,05:00.0,Male,White,27,Thin,Short,Light,Hispanic Origin,,0,MA,,0
,54128420769,FC24000640,05:00.0,Male,Black,33,Thin,Short,Dark Brown,Not of Hispanic Origin,,0,MA,Class D,0
,54128421631,FC24000640,05:00.0,Male,Black,22,Medium,NULL,Dark Brown,Not of Hispanic Origin,,0,MA,,0
,54132598704,FC24000648,25:00.0,Male,Black,43,Medium,NULL,NULL,Hispanic Origin,,0,MA,Class D,0
,54136226479,FC24000649,10:00.0,Male,Black,40,Obese,NULL,NULL,Not of Hispanic Origin,,0,MA,,0
,54136258870,FC24000650,29:00.0,Female,White,47,Heavy,Wavy,Medium,Hispanic Origin,,0,MA,Class D,0
,54136261200,FC24000650,29:00.0,Male,White,47,Thin,NULL,NULL,Hispanic Origin,,0,MA,,0
,54136266266,FC24000650,29:00.0,Male,White,34,Medium,Short,Medium,NULL,,0,MA,,0
,54136307776,FC24000650,29:00.0,Male,Unknown,56,NULL,NULL,NULL,Hispanic Origin,,0,NULL,,0
,54136561851,FC24000650,29:00.0,Male,White,39,Thin,Bald or Balding,Medium,Hispanic Origin,,0,MA,,0
,54137475859,FC24000651,22:00.0,Male,Black,45,Heavy,Short,Medium Brown,Not of Hispanic Origin,,0,MA,ID Only - Never had Personal Driver License,0
,54139928043,FC24000658,45:00.0,Male,Unknown,18,NULL,NULL,NULL,Hispanic Origin,,0,MA,Class D,1
,54022341200,FC24000509,15:00.0,Male,Black,17,Heavy,Short,Medium Brown,Not of Hispanic Origin,,0,MA,,0
,54022346114,FC24000509,15:00.0,Female,Black,15,NULL,NULL,NULL,Not of Hispanic Origin,,0,NULL,,0
,54022350076,FC24000509,15:00.0,Female,Black,13,NULL,NULL,NULL,NULL,,0,NULL,,0
,54022541997,FC24000510,35:00.0,Male,Black,18,NULL,NULL,NULL,Not of Hispanic Origin,,0,MA,ID Only - Never had Personal Driver License,1
,54022543268,FC24000510,35:00.0,Female,Black,17,Medium,Wig/hair Piece,NULL,Not of Hispanic Origin,,0,MA,,0
,54023067933,FC24000511,42:00.0,Male,Black,26,Medium,NULL,NULL,Not of Hispanic Origin,,0,MA,,0
,54025341768,FC24000518,00:00.0,Male,White,47,NULL,NULL,NULL,Not of Hispanic Origin,,0,MA,Class D,0
,54025623713,FC24000518,00:00.0,Female,White,38,Medium,Straight,Light,Not of Hispanic Origin,,0,MA,,0
,54032200872,FC24000524,00:00.0,Male,Black,29,NULL,NULL,NULL,Hispanic Origin,,0,MA,,0
,54032206180,FC24000524,00:00.0,Male,White,28,Muscular,Braided,Light Brown,Hispanic Origin,,0,MA,,0
,54032235774,FC24000524,00:00.0,Male,Black,27,NULL,NULL,NULL,Hispanic Origin,,0,MA,,0
,54032444589,FC24000527,05:00.0,Male,Black,28,Thin,Braided,NULL,Hispanic Origin,,0,MA,Class D,0
,54033662294,FC24000532,21:00.0,Male,Unknown,34,NULL,NULL,NULL,Hispanic Origin,,0,MA,Class D,0
,54033697509,FC24000532,21:00.0,Male,Unknown,25,NULL,NULL,NULL,Hispanic Origin,,0,MA,Class D,0
,54033868603,FC24000533,30:00.0,Male,Black,36,Medium,Braided,Medium Brown,Unknown,,0,MA,,0
,54021771361,FC24000507,59:00.0,Male,White,56,NULL,NULL,NULL,Not of Hispanic Origin,,0,MA,Class D,NULL
,54021771361,FC24000507,59:00.0,Male,White,56,NULL,NULL,NULL,Not of Hispanic Origin,,0,MA,Class D,NULL
,54021773889,FC24000507,59:00.0,Male,Black,37,Medium,Short,Dark,Not of Hispanic Origin,,0,MA,Class D,0
,54021995902,FC24000508,00:00.0,Male,White,23,Thin,NULL,NULL,Hispanic Origin,,0,MA,Class D,1
,54021997657,FC24000508,00:00.0,Male,Black,23,Medium,Short,Medium Brown,Not of Hispanic Origin,,0,MA,,0
,54023105316,FC24000512,45:00.0,Male,Black,33,Medium,NULL,NULL,Not of Hispanic Origin,,0,MA,Class D,0
,54023397767,FC24000513,15:00.0,Male,Black,27,Medium,NULL,NULL,Not of Hispanic Origin,,0,MA,Class D,0
,54023409501,FC24000514,03:00.0,Male,NULL,19,Thin,Braided,Medium,Unknown,,0,MA,,0
,54023414363,FC24000514,03:00.0,Male,Black,23,Thin,Afro,Medium Brown,Not of Hispanic Origin,,0,MA,,0
,54023419977,FC24000514,03:00.0,Male,Black,23,Thin,Curly,OTHER,Unknown,,0,MA,Class D,0
,54024926573,FC24000516,30:00.0,Male,Black,38,Heavy,Short,Medium Brown,Not of Hispanic Origin,,0,MA,Class D,0
,54024983189,FC24000517,49:00.0,Male,Black,36,Medium,Braided,Dark Brown,Not of Hispanic Origin,,0,MA,Class D,1
,54025692119,FC24000520,51:00.0,Male,White,23,NULL,NULL,NULL,Hispanic Origin,,0,MA,Class D,1
,54025700668,FC24000520,51:00.0,Male,Black,22,Heavy,Short,Dark Brown,Not of Hispanic Origin,,0,MA,ID Only - Never had Personal Driver License,1
,54139938404,FC24000658,45:00.0,Male,Black,17,Thin,Afro,Medium Brown,Hispanic Origin,,0,MA,,1
,54139942185,FC24000658,45:00.0,Male,Black,24,Thin,Dreadlocks,Dark Brown,Not of Hispanic Origin,,0,MA,Class D,1
,54140493826,FC24000661,45:00.0,Male,Black,60,Heavy,NULL,NULL,Not of Hispanic Origin,,0,MA,,1
,54144561101,FC24000669,02:00.0,Male,Black,36,Medium,Short,Light Brown,Not of Hispanic Origin,,0,MA,Class D,1
,54147061834,FC24000670,00:00.0,Male,Black,25,Thin,NULL,NULL,Not of Hispanic Origin,,0,MA,,0
,54147065502,FC24000670,00:00.0,Male,White,24,Heavy,Straight,Medium,Hispanic Origin,,0,MA,No License - Record Only,0
,54153049329,FC24000676,30:00.0,Male,Black,45,Thin,Bald or Balding,Dark Brown,Not of Hispanic Origin,,0,MA,,0
,54153049329,FC24000676,30:00.0,Male,Black,45,Thin,Bald or Balding,Dark Brown,Not of Hispanic Origin,,0,MA,,NULL
,54153073397,FC24000677,54:00.0,Male,Black,59,NULL,NULL,NULL,Not of Hispanic Origin,,0,MA,Class D,0
,54153759211,FC24000680,25:00.0,Male,Black,32,Stocky,NULL,NULL,Not of Hispanic Origin,,0,MA,Class D,0
,54153767232,FC24000680,25:00.0,Male,Black,33,Medium,NULL,Medium Brown,Not of Hispanic Origin,,0,MA,,0
,54154132207,FC24000682,42:00.0,Male,Black,20,Thin,Short,Medium Brown,Not of Hispanic Origin,,0,MA,,0
,54154133315,FC24000682,42:00.0,Male,Black,29,Muscular,Short,Medium Brown,Not of Hispanic Origin,,0,MA,Class D,0
,54103389727,FC24000606,58:00.0,Male,Black,45,Medium,Bald or Balding,Dark Brown,Not of Hispanic Origin,,0,MA,,NULL
,54104282837,FC24000609,00:00.0,Male,Unknown,NULL,NULL,NULL,NULL,Unknown,,0,NULL,,1
,54111140740,FC24000618,26:00.0,Female,White,35,Medium,Curly,Light,Not of Hispanic Origin,,0,MA,,0
,54111497079,FC24000619,15:00.0,Male,Black,56,Thin,NULL,NULL,Not of Hispanic Origin,,0,MA,ID Only - Never had Personal Driver License,1
,54114747860,FC24000621,59:00.0,Male,Unknown,17,NULL,NULL,NULL,Hispanic Origin,,0,NULL,,NULL
,54114747860,FC24000621,59:00.0,Male,Unknown,17,NULL,NULL,NULL,Hispanic Origin,,0,NULL,,NULL
,54114749281,FC24000621,59:00.0,Male,Unknown,18,NULL,NULL,NULL,Hispanic Origin,,0,NULL,,NULL
,54114749281,FC24000621,59:00.0,Male,Unknown,18,NULL,NULL,NULL,Hispanic Origin,,0,NULL,,0
,54115311995,FC24000623,31:00.0,Male,Black,33,Thin,Short,NULL,Hispanic Origin,,0,MA,,1
,54115315307,FC24000623,31:00.0,Female,White,35,NULL,Straight,NULL,Not of Hispanic Origin,,0,MA,,1
,54115350676,FC24000624,54:00.0,Male,Black,14,Thin,Afro,Light Brown,Unknown,,0,MA,,1
,54116023951,FC24000626,21:00.0,Male,White,17,NULL,NULL,NULL,Hispanic Origin,,0,NULL,,1
,54125143392,FC24000638,50:00.0,Male,Black,32,Medium,Short,Dark Brown,Not of Hispanic Origin,,0,MA,Class D,1
,54125147995,FC24000638,50:00.0,Male,NULL,25,NULL,NULL,NULL,Not of Hispanic Origin,,0,MA,,1
,54125150163,FC24000638,50:00.0,Male,Black,22,NULL,NULL,NULL,NULL,,0,MA,Class D,1
,54027371564,FC24000521,55:00.0,Male,White,NULL,NULL,NULL,NULL,Unknown,,0,MA,"ID - Had a License, now has ID",1
,54033242905,FC24000530,57:00.0,Male,White,26,Medium,NULL,NULL,Hispanic Origin,,0,MA,Class D,1
,54034409152,FC24000535,40:00.0,Male,Black,30,Thin,NULL,NULL,Not of Hispanic Origin,,0,MA,Class D,1
,54034410557,FC24000535,40:00.0,Male,Black,16,Thin,Curly,Medium,Not of Hispanic Origin,,0,MA,,1
,54035703783,FC24000538,00:00.0,Male,White,21,NULL,NULL,NULL,Hispanic Origin,,0,MA,Class D,1
,54035809448,FC24000538,00:00.0,Male,Black,NULL,NULL,NULL,NULL,Unknown,,0,NULL,,1
,54067967952,FC24000561,42:00.0,Male,Black,44,Medium,NULL,NULL,NULL,,0,MA,Other: Suspended,0
,54069727810,FC24000562,00:00.0,Male,Black,20,Medium,Braided,Medium Brown,Not of Hispanic Origin,,0,MA,Class D,1
,54069741168,FC24000562,00:00.0,Male,White,22,NULL,NULL,NULL,Hispanic Origin,,0,MA,Class D,1
,54070098834,FC24000564,00:00.0,Male,White,28,NULL,NULL,NULL,Unknown,,0,MA,Class D,0
,54074619481,FC24000567,00:00.0,Male,White,34,Medium,Short,Light Brown,Hispanic Origin,,0,MA,"ID - Had a License, now has ID",0
,54075564573,FC24000569,03:00.0,Male,Black,37,Medium,Dreadlocks,Medium Brown,Not of Hispanic Origin,,0,MA,"ID - Had a License, now has ID",1
,54075644080,FC24000569,03:00.0,Female,NULL,38,Heavy,NULL,NULL,Not of Hispanic Origin,,0,MA,,1
,54080767810,FC24000571,30:00.0,Male,Black,60,Medium,Short,Medium,Not of Hispanic Origin,,0,MA,Class D,0
,54035922011,FC24000539,00:00.0,Male,Black,33,Medium,NULL,NULL,Not of Hispanic Origin,,0,MA,Class D,0
,54035940015,FC24000539,00:00.0,Female,Black,40,NULL,NULL,NULL,Hispanic Origin,,0,MA,Class D,0
,54037514740,FC24000539,00:00.0,Male,White,57,Heavy,NULL,NULL,Not of Hispanic Origin,,0,MA,"ID - Had a License, now has ID",NULL
,54041140832,FC24000540,30:00.0,Male,White,30,Thin,Wavy,Light,Not of Hispanic Origin,,0,MA,"ID - Had a License, now has ID",0
,54041146994,FC24000540,30:00.0,Male,Other,30,NULL,NULL,NULL,Not of Hispanic Origin,,0,MA,Class D,0
,54041164835,FC24000540,30:00.0,Male,Unknown,36,Medium,Braided,Medium,Hispanic Origin,,0,MA,,0
,54041283316,FC24000541,30:00.0,Male,Other,30,NULL,NULL,NULL,Not of Hispanic Origin,,0,MA,Class D,0
,54045531792,FC24000543,42:00.0,Male,Black,34,Medium,Short,Light Brown,Hispanic Origin,,0,MA,"ID - Had a License, now has ID",1
,54047497131,FC24000546,51:00.0,Male,White,35,NULL,NULL,NULL,Hispanic Origin,,0,NULL,,1
,54049250590,FC24000548,30:00.0,Male,White,20,NULL,NULL,NULL,NULL,,0,NULL,,0
,54054964019,FC24000551,50:00.0,Male,White,40,Heavy,NULL,NULL,Not of Hispanic Origin,,0,MA,,0
,54054966750,FC24000551,50:00.0,Male,White,31,Thin,Short,Medium,Unknown,,0,MA,"ID - Had a License, now has ID",0
,54055767937,FC24000554,40:00.0,Male,Black,45,Thin,Bald or Balding,Dark Brown,Not of Hispanic Origin,,0,MA,,0
,54055805816,FC24000554,40:00.0,Female,Unknown,49,NULL,NULL,NULL,Unknown,,0,MA,,NULL
,54154139480,FC24000682,42:00.0,Male,Black,28,Heavy,Curly,Medium,Not of Hispanic Origin,,0,MA,Class D,0
,54156944478,FC24000687,59:00.0,Male,Black,32,Medium,Curly,NULL,Not of Hispanic Origin,,0,MA,,0
,54157577029,FC24000689,46:00.0,Male,Black,31,Medium,Dreadlocks,Medium,Unknown,,0,MA,Class D,1
,54160435792,FC24000691,12:00.0,Male,White,64,Medium,NULL,NULL,Not of Hispanic Origin,,0,MA,,0
,54165296252,FC24000698,34:00.0,Male,Black,17,Thin,Braided,Dark,NULL,,0,MA,,1
,54165394299,FC24000698,34:00.0,Female,Unknown,19,NULL,NULL,NULL,Unknown,,0,NULL,,0
,54165951900,FC24000700,32:00.0,Male,White,40,Thin,NULL,NULL,Not of Hispanic Origin,,0,MA,,0
,54171131560,FC24000704,48:00.0,Male,Black,31,Medium,Short,Dark Brown,Not of Hispanic Origin,,0,MA,,1
,54171131560,FC24000704,48:00.0,Male,Black,31,Medium,Short,Dark Brown,Not of Hispanic Origin,,0,MA,,NULL
,54204908999,FC24000714,53:00.0,Male,Black,35,Heavy,NULL,NULL,Not of Hispanic Origin,,0,MA,,0
,54206326807,FC24000715,00:00.0,Male,Unknown,17,NULL,NULL,NULL,NULL,,0,NULL,,1
,54206381315,FC24000715,00:00.0,Female,Unknown,43,NULL,NULL,NULL,Unknown,,0,MA,Class D,NULL
,54206392915,FC24000715,00:00.0,Male,Unknown,17,NULL,NULL,NULL,NULL,,0,MA,Class D,1
,54207365561,FC24000718,00:00.0,Male,Black,55,Thin,NULL,NULL,Not of Hispanic Origin,,0,MA,,1
,54212112542,FC24000726,12:00.0,Male,Black,16,Thin,Curly,Light Brown,Unknown,,0,MA,,1
,54125746336,FC24000638,50:00.0,Male,Black,22,NULL,NULL,NULL,Hispanic Origin,,0,MA,,1
,54125748799,FC24000638,50:00.0,Male,White,23,Thin,NULL,Light,NULL,,0,MA,,1
,54131286846,FC24000644,35:00.0,Female,Black,26,NULL,NULL,NULL,Not of Hispanic Origin,,0,MA,Class D,0
,54131288589,FC24000644,35:00.0,Female,Black,28,NULL,NULL,NULL,Unknown,,0,NULL,,0
,54132568577,FC24000647,50:00.0,Male,Unknown,28,NULL,NULL,NULL,NULL,,0,MA,Class D,1
,54132571966,FC24000647,50:00.0,Male,Black,29,Medium,Dreadlocks,Medium,Not of Hispanic Origin,,0,MA,,1
,54137789460,FC24000652,05:00.0,Male,Unknown,NULL,NULL,NULL,NULL,Hispanic Origin,,0,NULL,,0
,54139500352,FC24000657,00:00.0,Male,NULL,24,Thin,NULL,NULL,Hispanic Origin,,0,MA,,1
,54140205674,FC24000659,45:00.0,Male,Black,41,NULL,NULL,NULL,Hispanic Origin,,0,NULL,,0
,54141569314,FC24000666,32:00.0,Female,White,39,NULL,NULL,NULL,Not of Hispanic Origin,,0,MA,ID Only - Never had Personal Driver License,0
,54141572813,FC24000666,32:00.0,Male,Black,58,Medium,Short,Medium,Not of Hispanic Origin,,0,MA,,NULL
,54152978541,FC24000674,22:00.0,Male,White,31,Medium,Bald or Balding,Dark Brown,Not of Hispanic Origin,,0,MA,,1
,54153343355,FC24000678,10:00.0,Male,Black,21,Thin,NULL,NULL,Not of Hispanic Origin,,0,MA,Class D,1
,54153351278,FC24000678,10:00.0,Male,Black,20,NULL,NULL,NULL,Not of Hispanic Origin,,0,MA,Class D,1
,54153579028,FC24000679,42:00.0,Male,White,24,Thin,NULL,Medium,NULL,,0,MA,,1
,54212135307,FC24000726,12:00.0,Male,Black,16,Thin,Short,Dark,Not of Hispanic Origin,,0,MA,,1
,54212159579,FC24000726,12:00.0,Male,Black,19,Medium,Braided,Dark Brown,NULL,,0,MA,,NULL
,54212168934,FC24000726,12:00.0,Male,Black,16,Thin,Braided,Light,Unknown,,0,MA,,NULL
,54212336971,FC24000726,12:00.0,Male,Black,15,Medium,Wavy,Medium,NULL,,0,MA,,NULL
,54225900077,FC24000732,10:00.0,Male,Black,53,Medium,NULL,Medium Brown,Not of Hispanic Origin,,0,MA,"ID - Had a License, now has ID",0
,54227087122,FC24000733,35:00.0,Male,Black,17,Thin,Curly,Light Brown,Hispanic Origin,,0,MA,,1
,54227087352,FC24000733,35:00.0,Male,Black,17,NULL,NULL,NULL,NULL,,0,NULL,,1
,54227087358,FC24000733,35:00.0,Male,Black,18,Thin,Braided,Light,NULL,,0,MA,,1
,54227412560,FC24000734,00:00.0,Male,Black,53,Medium,NULL,Medium Brown,Not of Hispanic Origin,,0,MA,"ID - Had a License, now has ID",0
,54227423104,FC24000734,00:00.0,Male,Black,49,Medium,NULL,NULL,Unknown,,0,MA,Class D,0
,54233650249,FC24000741,17:00.0,Male,White,23,Thin,NULL,NULL,Hispanic Origin,,0,MA,Class D,0
,54233987079,FC24000741,17:00.0,Male,Black,23,Medium,Short,Medium Brown,Not of Hispanic Origin,,0,MA,,0
,54242573815,FC24000743,18:00.0,Male,Black,33,Thin,NULL,NULL,Not of Hispanic Origin,,0,MA,Class D,0
,54242575623,FC24000743,18:00.0,Female,Black,29,Medium,NULL,NULL,Not of Hispanic Origin,,0,MA,ID Only - Never had Personal Driver License,0
,54062158929,FC24000557,00:00.0,Male,White,33,Thin,NULL,Light Brown,Hispanic Origin,,0,MA,,0
,54072472643,FC24000566,35:00.0,Male,Black,25,Medium,Short,Dark Brown,Not of Hispanic Origin,,0,MA,Class D,1
,54086454053,FC24000577,44:00.0,Male,Black,51,Thin,Curly,Dark Brown,Not of Hispanic Origin,,0,MA,Class D,0
,54087275492,FC24000578,07:00.0,Female,White,37,Medium,NULL,NULL,Not of Hispanic Origin,,0,MA,,0
,54087276525,FC24000578,07:00.0,Female,White,36,Thin,Curly,Medium,NULL,,0,MA,"ID - Had a License, now has ID",0
,54087290569,FC24000578,07:00.0,Female,White,22,NULL,NULL,NULL,Not of Hispanic Origin,,0,MA,,0
,54087292013,FC24000578,07:00.0,Female,White,34,Thin,Curly,Light,Not of Hispanic Origin,,0,MA,ID Only - Never had Personal Driver License,0
,54090821153,FC24000588,03:00.0,Male,Black,23,NULL,NULL,NULL,Unknown,,0,MA,,1
,54090824287,FC24000588,03:00.0,Male,Black,17,NULL,NULL,NULL,NULL,,0,NULL,,1
,54090827380,FC24000588,03:00.0,Male,Black,17,NULL,NULL,NULL,Not of Hispanic Origin,,0,NULL,,1
,54090897878,FC24000589,00:00.0,Male,Black,18,Medium,Short,Light Brown,Not of Hispanic Origin,,0,MA,,1
,54090898920,FC24000589,00:00.0,Male,Black,17,NULL,NULL,NULL,Not of Hispanic Origin,,0,MA,,1
,54090903699,FC24000589,00:00.0,Male,Black,18,Thin,Afro,Dark,Unknown,,0,MA,,1
,54090905240,FC24000589,00:00.0,Male,Black,17,Medium,Short,Dark Brown,Not of Hispanic Origin,,0,MA,,1
,54154176265,FC24000683,50:00.0,Female,Black,27,NULL,NULL,NULL,Not of Hispanic Origin,,0,MA,Class D,0
,54154176851,FC24000683,50:00.0,Male,Black,26,Heavy,Pony Tail,Light,Not of Hispanic Origin,,0,MA,,0
,54156904460,FC24000686,03:00.0,Male,Black,28,NULL,NULL,NULL,Unknown,,0,MA,Class D,1
,54156905013,FC24000686,03:00.0,Male,Black,31,Thin,Dreadlocks,Light Brown,Not of Hispanic Origin,,0,MA,Class D,1
,54157535764,FC24000688,50:00.0,Male,Black,29,Thin,NULL,NULL,Not of Hispanic Origin,,0,MA,Class D,0
,54160688217,FC24000692,45:00.0,Male,Black,46,Thin,Short,Dark Brown,Not of Hispanic Origin,,0,MA,,0
,54161782249,FC24000694,00:00.0,Male,Black,28,Medium,Dreadlocks,Medium Brown,Unknown,,0,MA,ID Only - Never had Personal Driver License,1
,54161788486,FC24000694,00:00.0,Male,White,24,Heavy,Straight,Medium,Hispanic Origin,,0,MA,No License - Record Only,1
,54161792818,FC24000694,00:00.0,Male,Black,29,Thin,NULL,NULL,Not of Hispanic Origin,,0,MA,,0
,54165134353,FC24000697,03:00.0,Male,Black,29,Medium,NULL,Medium Brown,Not of Hispanic Origin,,0,MA,Class D,1
,54165136371,FC24000697,03:00.0,Male,Black,39,Medium,Dreadlocks,Dark Brown,Not of Hispanic Origin,,0,MA,,1
,54165143851,FC24000697,03:00.0,Male,Black,26,Heavy,Braided,Brown,Not of Hispanic Origin,,0,MA,ID Only - Never had Personal Driver License,1
,54165146084,FC24000697,03:00.0,Male,Black,37,Medium,NULL,NULL,Not of Hispanic Origin,,0,MA,Class D,1
,54080870824,FC24000571,30:00.0,Unknown,Unknown,NULL,NULL,NULL,NULL,NULL,,0,NULL,,NULL
,54084724754,FC24000573,20:00.0,Male,Black,38,Medium,Dreadlocks,Dark,Not of Hispanic Origin,,0,MA,,0
,54088945995,FC24000582,00:00.0,Male,Black,33,Medium,NULL,Medium Brown,Not of Hispanic Origin,,0,MA,,0
,54090607991,FC24000587,00:00.0,Male,Black,38,Medium,Short,Dark Brown,Not of Hispanic Origin,,0,MA,"ID - Had a License, now has ID",1
,54092103014,FC24000592,29:00.0,Male,Black,29,Thin,Braided,Light Brown,Not of Hispanic Origin,,0,MA,ID Only - Never had Personal Driver License,1
,54092288256,FC24000595,30:00.0,Male,White,23,Thin,Short,Light,Hispanic Origin,,0,MA,Class D,0
,54101764890,FC24000602,47:00.0,Male,Black,36,Medium,Dreadlocks,Dark Brown,Not of Hispanic Origin,,0,MA,Class D,0
,54105426672,FC24000613,31:00.0,Male,White,20,Thin,NULL,NULL,Hispanic Origin,,0,MA,,1
,54105428862,FC24000613,31:00.0,Male,Black,20,NULL,NULL,NULL,Unknown,,0,MA,,1
,54105430096,FC24000613,31:00.0,Male,Black,19,NULL,NULL,NULL,Unknown,,0,MA,,1
,54106474218,FC24000615,29:00.0,Male,White,38,Heavy,NULL,NULL,Hispanic Origin,,0,MA,,0
,54113069028,FC24000620,00:00.0,Male,White,49,Medium,NULL,NULL,Not of Hispanic Origin,,0,MA,Class D,1
,54120113886,FC24000628,50:00.0,Male,Black,19,NULL,NULL,NULL,Not of Hispanic Origin,,0,MA,,0
,54120226139,FC24000631,50:00.0,Male,Black,21,NULL,NULL,NULL,Not of Hispanic Origin,,0,MA,,1
,54249247900,FC24000745,09:00.0,Male,Black,38,NULL,NULL,NULL,Unknown,,0,MA,Class D,1
,54249262652,FC24000745,09:00.0,Female,Black,26,NULL,NULL,NULL,Not of Hispanic Origin,,0,MA,Class D,NULL
,54250867477,FC24000751,21:00.0,Male,Black,39,Medium,NULL,NULL,Not of Hispanic Origin,,0,MA,,0
,54250871059,FC24000751,21:00.0,Male,Black,23,NULL,NULL,NULL,Unknown,,0,MA,,0
,54250937610,FC24000752,55:00.0,Male,Black,41,Thin,NULL,NULL,Not of Hispanic Origin,,0,MA,,1
,54251167822,FC24000757,45:00.0,Male,Black,33,Thin,Curly,Medium,Not of Hispanic Origin,,0,MA,ID Only - Never had Personal Driver License,1
,54272078841,FC24000766,00:00.0,Male,White,40,Thin,NULL,NULL,Not of Hispanic Origin,,0,MA,,0
,54272424840,FC24000769,30:00.0,Male,Black,18,Thin,Afro,Light Brown,Unknown,,0,MA,,1
,54272426029,FC24000769,30:00.0,Male,Black,19,Thin,Afro,Light Brown,Hispanic Origin,,0,MA,,1
,54272681968,FC24000770,26:00.0,Male,White,35,NULL,NULL,NULL,Hispanic Origin,,0,NULL,,0
,54273081009,FC24000775,30:00.0,Male,White,41,Heavy,NULL,NULL,Not of Hispanic Origin,,0,MA,,1
,54292002755,FC24000790,15:00.0,Male,Black,32,Heavy,Short,Dark Brown,Not of Hispanic Origin,,0,MA,,0
,54292003601,FC24000790,15:00.0,Male,White,31,Thin,Short,Light,NULL,,0,MA,,0
,54292036789,FC24000791,00:00.0,Male,Black,27,Medium,Braided,Medium Brown,Not of Hispanic Origin,,0,MA,Other: Suspended,0
,54292057582,FC24000791,00:00.0,Female,White,29,Medium,NULL,NULL,Hispanic Origin,,0,MA,Class D,NULL
,54090906836,FC24000589,00:00.0,Male,Black,18,Thin,Curly,Medium Brown,NULL,,0,MA,,1
,54090908501,FC24000589,00:00.0,Male,White,20,Thin,Wavy,Fair,NULL,,0,MA,,1
,54090929612,FC24000589,00:00.0,Male,Black,17,Thin,Curly,Light Brown,NULL,,0,MA,,1
,54090981944,FC24000589,00:00.0,Male,Black,18,NULL,NULL,NULL,Unknown,,0,NULL,,1
,54090997020,FC24000589,00:00.0,Male,Black,16,Medium,Afro,Medium Brown,Not of Hispanic Origin,,0,NULL,,0
,54091010683,FC24000589,00:00.0,Male,Black,15,Thin,Curly,Medium Brown,Unknown,,0,MA,,1
,54092127855,FC24000594,43:00.0,Male,White,23,Thin,Short,Light,Hispanic Origin,,0,MA,Class D,0
,54092130221,FC24000594,43:00.0,Male,Black,21,NULL,NULL,NULL,Not of Hispanic Origin,,0,NULL,,0
,54092132096,FC24000594,43:00.0,Male,Black,22,Thin,NULL,NULL,Hispanic Origin,,0,MA,Class D,0
,54097813165,FC24000596,47:00.0,Male,Black,30,Thin,NULL,NULL,Not of Hispanic Origin,,0,MA,Class D,0
,54097850441,FC24000596,47:00.0,Male,Black,34,Thin,NULL,NULL,Not of Hispanic Origin,,0,MA,,0
,54098240243,FC24000598,50:00.0,Male,Other,30,NULL,NULL,NULL,Not of Hispanic Origin,,0,MA,Class D,0
,54099537871,FC24000599,55:00.0,Male,White,43,Medium,NULL,NULL,Not of Hispanic Origin,,0,MA,Class D,0
,54103144206,FC24000603,00:00.0,Male,White,40,Medium,NULL,NULL,Hispanic Origin,,0,MA,,0
,54103149246,FC24000603,00:00.0,Female,White,34,Thin,Straight,Medium,Not of Hispanic Origin,,0,MA,Class D,0
,54165148991,FC24000697,03:00.0,Male,Black,24,Thin,Braided,Dark,Not of Hispanic Origin,,0,MA,"ID - Had a License, now has ID",1
,54165159933,FC24000697,03:00.0,Male,White,43,Heavy,Short,NULL,Not of Hispanic Origin,,0,MA,"ID - Had a License, now has ID",1
,54165302876,FC24000699,00:00.0,Male,Black,35,Stocky,Dreadlocks,Medium,NULL,,0,IL,,0
,54167317868,FC24000701,39:00.0,Male,Black,51,Medium,Short,Light Brown,Not of Hispanic Origin,,0,MA,,0
,54177508508,FC24000705,27:00.0,Male,White,38,Thin,Curly,Light Brown,Hispanic Origin,,0,MA,"ID - Had a License, now has ID",0
,54177602093,FC24000705,27:00.0,Male,White,36,NULL,NULL,NULL,Not of Hispanic Origin,,0,NULL,,0
,54182639255,FC24000707,00:00.0,Male,Black,38,Medium,Braided,Medium Brown,Not of Hispanic Origin,,0,MA,Class D,0
,54183972655,FC24000708,09:00.0,Male,NULL,30,NULL,NULL,NULL,NULL,,0,NULL,,0
,54183977055,FC24000708,09:00.0,Female,NULL,26,NULL,NULL,NULL,NULL,,0,NULL,,NULL
,54184045099,FC24000708,09:00.0,Male,NULL,56,NULL,NULL,NULL,NULL,,0,MA,,NULL
,54184514024,FC24000710,26:00.0,Male,Unknown,21,NULL,NULL,NULL,NULL,,0,MA,Class D,0
,54184516206,FC24000710,26:00.0,Male,Black,20,NULL,NULL,NULL,Hispanic Origin,,0,NULL,,0
,54197322955,FC24000711,12:00.0,Male,White,61,NULL,NULL,NULL,NULL,,0,MA,Class D,0
,54198269434,FC24000712,30:00.0,Male,Black,49,Medium,Afro,NULL,Not of Hispanic Origin,,0,MA,,0
,54198336625,FC24000712,30:00.0,Female,White,29,Medium,NULL,NULL,Not of Hispanic Origin,,0,MA,,0
,54207111022,FC24000717,17:00.0,Male,Unknown,37,NULL,NULL,NULL,Unknown,,0,NULL,,1
,54207111554,FC24000717,17:00.0,Male,White,26,Heavy,Curly,Light,NULL,,0,MA,,0
,54207442300,FC24000721,30:00.0,Male,White,17,Medium,Short,Light,Hispanic Origin,,0,MA,,0
,54207637257,FC24000721,30:00.0,Male,Black,14,Thin,Short,Dark,Not of Hispanic Origin,,0,MA,,NULL
,54207651256,FC24000721,30:00.0,Male,Black,18,Medium,NULL,NULL,NULL,,0,MA,,NULL
,54207653021,FC24000723,05:00.0,Male,Black,29,Thin,NULL,NULL,Not of Hispanic Origin,,0,MA,,1
,54207655557,FC24000723,05:00.0,Male,White,24,Heavy,Straight,Medium,Hispanic Origin,,0,MA,No License - Record Only,0
,54210679470,FC24000724,05:00.0,Male,Black,39,Thin,NULL,NULL,Not of Hispanic Origin,,0,MA,,1
,54220011863,FC24000727,47:00.0,Male,Black,34,Medium,NULL,NULL,Not of Hispanic Origin,,0,MA,Class D,0
,54229289760,FC24000739,25:00.0,Male,Black,19,NULL,NULL,NULL,Hispanic Origin,,0,MA,Class D,0
,54229293206,FC24000739,25:00.0,Male,Other,24,NULL,NULL,NULL,Hispanic Origin,,0,MA,ID Only - Never had Personal Driver License,0
,54242695765,FC24000744,35:00.0,Male,Black,34,Muscular,Short,Light,Not of Hispanic Origin,,0,MA,Class D,1
,54242695940,FC24000744,35:00.0,Male,Black,32,Heavy,Short,Dark,Not of Hispanic Origin,,0,MA,,1
,54250968108,FC24000753,15:00.0,Male,Black,26,Medium,Braided,Dark Brown,Hispanic Origin,,0,MA,ID Only - Never had Personal Driver License,0
,54103237556,FC24000605,06:00.0,Male,Black,19,Thin,NULL,Medium Brown,Hispanic Origin,,0,MA,Class D,1
,54105167982,FC24000612,05:00.0,Male,Other,52,NULL,NULL,NULL,Hispanic Origin,,0,NULL,,0
,54115092240,FC24000622,00:00.0,Male,Black,50,Thin,Dreadlocks,Dark Brown,Not of Hispanic Origin,,0,MA,"ID - Had a License, now has ID",0
,54115957034,FC24000625,45:00.0,NULL,NULL,NULL,NULL,NULL,NULL,NULL,,0,NULL,,0
,54116836389,FC24000627,45:00.0,Male,Black,28,Thin,Short,Dark,Not of Hispanic Origin,,0,MA,Class D,1
,54116840035,FC24000627,45:00.0,Male,Black,26,Medium,Dreadlocks,Dark Brown,Not of Hispanic Origin,,0,MA,,1
,54120175674,FC24000629,00:00.0,Male,Black,31,NULL,NULL,NULL,NULL,,0,MA,Class D,0
,54120203271,FC24000630,10:00.0,Male,Black,30,Thin,NULL,NULL,Not of Hispanic Origin,,0,MA,,0
,54122079888,FC24000632,56:00.0,Male,White,32,NULL,NULL,NULL,Hispanic Origin,,0,MA,Class D,0
,54123603908,FC24000635,23:00.0,Male,White,NULL,NULL,NULL,NULL,Unknown,,0,NULL,,1
,54124714501,FC24000636,48:00.0,Male,Black,50,Medium,Short,Medium Brown,Not of Hispanic Origin,,0,MA,,1
,54128942623,FC24000641,15:00.0,Male,Other,19,NULL,NULL,NULL,Hispanic Origin,,0,NULL,,1
,54128950512,FC24000641,15:00.0,Male,Black,20,NULL,NULL,NULL,Not of Hispanic Origin,,0,MA,Class D,0
,54132099033,FC24000646,00:00.0,Male,Black,35,Medium,Short,Dark,Not of Hispanic Origin,,0,MA,Class D,0
,54137794046,FC24000653,45:00.0,Male,Black,18,Medium,NULL,Dark Brown,Unknown,,0,MA,,0
,54120226405,FC24000631,50:00.0,Female,White,17,NULL,NULL,NULL,Hispanic Origin,,0,NULL,,NULL
,54123224267,FC24000633,00:00.0,Male,Asian,59,NULL,NULL,NULL,Not of Hispanic Origin,,0,NULL,,0
,54123571535,FC24000634,49:00.0,Male,Unknown,30,Medium,NULL,NULL,Not of Hispanic Origin,,0,MA,,0
,54124819478,FC24000637,12:00.0,Male,Black,39,NULL,NULL,NULL,Not of Hispanic Origin,,0,MA,Class D,0
,54129912991,FC24000642,43:00.0,Male,Black,26,Thin,Dreadlocks,Medium Brown,Not of Hispanic Origin,,0,MA,"ID - Had a License, now has ID",0
,54130345697,FC24000643,45:00.0,Male,Black,47,Heavy,NULL,NULL,Hispanic Origin,,0,MA,,1
,54131871751,FC24000645,00:00.0,Male,White,20,NULL,NULL,NULL,NULL,,0,NULL,,0
,54131874059,FC24000645,00:00.0,Female,Black,24,Unknown,NULL,NULL,Not of Hispanic Origin,,0,MA,,0
,54138159345,FC24000654,40:00.0,Male,White,12,NULL,NULL,NULL,Unknown,,0,NULL,,0
,54138174960,FC24000654,40:00.0,Male,Black,14,NULL,NULL,NULL,Unknown,,0,NULL,,0
,54140454756,FC24000660,53:00.0,Male,Black,36,Medium,Braided,Dark Brown,Not of Hispanic Origin,,0,MA,Class D,0
,54140490949,FC24000660,53:00.0,Female,Black,39,Medium,NULL,NULL,Not of Hispanic Origin,,0,MA,Class D,0
,54140544973,FC24000662,48:00.0,Male,Black,53,Medium,NULL,NULL,Not of Hispanic Origin,,0,MA,,1
,54141095470,FC24000663,26:00.0,Male,Black,32,Medium,NULL,NULL,Not of Hispanic Origin,,0,MA,,0
,54141103675,FC24000663,26:00.0,Male,White,32,NULL,NULL,NULL,Hispanic Origin,,0,MA,Class D,0
,54141091231,FC24000664,13:00.0,Male,White,23,Thin,NULL,NULL,Hispanic Origin,,0,MA,,0
,54141608398,FC24000667,52:00.0,Male,Black,31,Thin,NULL,NULL,Hispanic Origin,,0,MA,,0
,54143404998,FC24000668,38:00.0,Male,Black,25,Thin,NULL,NULL,Not of Hispanic Origin,,0,MA,,0
,54143406808,FC24000668,38:00.0,Male,Black,26,Thin,NULL,NULL,Not of Hispanic Origin,,0,MA,,0
,54148253540,FC24000671,27:00.0,Male,Black,27,NULL,NULL,NULL,Unknown,,0,FL,,1
,54148280545,FC24000671,27:00.0,Male,Black,25,NULL,NULL,NULL,Not of Hispanic Origin,,0,FL,,1
,54149725798,FC24000671,27:00.0,Male,Black,20,NULL,NULL,NULL,Not of Hispanic Origin,,0,NULL,,1
,54149730649,FC24000671,27:00.0,Female,White,30,NULL,NULL,NULL,Not of Hispanic Origin,,0,NULL,,1
,54151464177,FC24000672,20:00.0,Male,White,39,Medium,Short,NULL,NULL,,0,MA,,0
,54161789756,FC24000695,00:00.0,Male,White,36,Thin,Unkempt,Medium,Not of Hispanic Origin,,0,MA,ID Only - Never had Personal Driver License,0
,54162710634,FC24000696,00:00.0,Male,White,40,NULL,NULL,NULL,Not of Hispanic Origin,,0,MA,Class D,0
,54166609092,FC24000702,54:00.0,Female,Black,27,NULL,NULL,NULL,Not of Hispanic Origin,,0,MA,Class D,1
,54166609916,FC24000702,54:00.0,Male,Black,26,Heavy,Pony Tail,Light,Not of Hispanic Origin,,0,MA,,1
,54204774343,FC24000713,38:00.0,Male,White,29,NULL,NULL,NULL,Hispanic Origin,,0,NULL,,0
,54204779889,FC24000713,38:00.0,Male,Unknown,NULL,NULL,NULL,NULL,Hispanic Origin,,0,NULL,,0
,54141474334,FC24000665,15:00.0,Male,Unknown,29,NULL,NULL,NULL,Unknown,,0,NULL,,1
,54151729022,FC24000673,30:00.0,Male,Black,17,Medium,Braided,Medium Brown,Hispanic Origin,,0,MA,,0
,54151733439,FC24000673,30:00.0,Male,Black,21,Thin,Afro,Dark Brown,Not of Hispanic Origin,,0,MA,,0
,54151741365,FC24000673,30:00.0,Male,Black,27,Stocky,NULL,NULL,Not of Hispanic Origin,,0,MA,,0
,54151746231,FC24000673,30:00.0,Male,Black,22,Medium,NULL,NULL,Not of Hispanic Origin,,0,MA,,0
,54151802706,FC24000673,30:00.0,Male,Black,24,Medium,NULL,NULL,Not of Hispanic Origin,,0,MA,,0
,54153006034,FC24000675,00:00.0,Male,Unknown,30,NULL,NULL,NULL,Hispanic Origin,,0,MA,Class D,0
,54154117275,FC24000681,55:00.0,Female,Black,45,Medium,NULL,NULL,Not of Hispanic Origin,,0,MA,,0
,54154120343,FC24000681,55:00.0,Male,Black,29,Medium,Dreadlocks,Medium,Not of Hispanic Origin,,0,MA,,NULL
,54154531169,FC24000684,13:00.0,Male,White,42,NULL,NULL,NULL,NULL,,0,NULL,,1
,54154622125,FC24000685,16:00.0,Male,Black,27,NULL,NULL,NULL,Not of Hispanic Origin,,0,MA,Class D,0
,54154622125,FC24000685,16:00.0,Male,Black,27,NULL,NULL,NULL,Not of Hispanic Origin,,0,MA,Class D,NULL
,54158281195,FC24000690,09:00.0,Male,Black,18,NULL,NULL,NULL,Hispanic Origin,,0,MA,Other: NO  Status Found on Record,1
,54158348989,FC24000690,09:00.0,Male,White,29,Medium,Short,Medium Brown,Hispanic Origin,,0,MA,Class D,1
,54160711385,FC24000693,30:00.0,Male,Black,28,Medium,Short,Medium Brown,Not of Hispanic Origin,,0,MA,"ID - Had a License, now has ID",0
,54204787198,FC24000713,38:00.0,Male,Unknown,27,NULL,NULL,NULL,Hispanic Origin,,0,NULL,,0
,54207396998,FC24000720,30:00.0,Male,Black,21,NULL,NULL,NULL,Not of Hispanic Origin,,0,MA,ID Only - Never had Personal Driver License,1
,54207546380,FC24000722,51:00.0,Male,Black,34,Medium,NULL,Medium Brown,Not of Hispanic Origin,,0,MA,Class D,0
,54207549145,FC24000722,51:00.0,Male,Black,30,Medium,Curly,Light Brown,Hispanic Origin,,0,MA,Class D,0
,54224042647,FC24000730,50:00.0,Male,White,32,NULL,NULL,NULL,Not of Hispanic Origin,,0,MA,,0
,54225457759,FC24000731,50:00.0,Male,White,32,NULL,NULL,NULL,Not of Hispanic Origin,,0,MA,,0
,54228188534,FC24000735,53:00.0,Unknown,NULL,NULL,NULL,NULL,NULL,NULL,,0,NULL,,0
,54249793399,FC24000746,00:00.0,Male,Black,36,Medium,NULL,Medium Brown,Not of Hispanic Origin,,0,MA,Class D,1
,54250094103,FC24000747,45:00.0,Male,Black,20,Heavy,Braided,Medium Brown,Not of Hispanic Origin,,0,MA,ID Only - Never had Personal Driver License,1
,54250164673,FC24000748,06:00.0,Male,Black,29,Thin,Short,Medium,NULL,,0,MA,,1
,54251023349,FC24000754,00:00.0,Male,White,24,Medium,Short,Light,NULL,,0,MA,,0
,54251128842,FC24000755,54:00.0,Male,Black,41,Medium,NULL,NULL,Not of Hispanic Origin,,0,MA,Class D,0
,54254046002,FC24000758,52:00.0,Male,Black,25,Medium,NULL,NULL,Not of Hispanic Origin,,0,MA,Class D,0
,54254110590,FC24000758,52:00.0,Male,Black,31,NULL,NULL,NULL,Not of Hispanic Origin,,0,NULL,,0
,54166724073,FC24000703,10:00.0,Male,White,24,Medium,Curly,Light,NULL,,0,MA,ID Only - Never had Personal Driver License,0
,54182551077,FC24000706,11:00.0,Male,Black,32,Heavy,Short,Dark Brown,Not of Hispanic Origin,,0,MA,,0
,54182578266,FC24000706,11:00.0,Male,Black,31,Medium,Short,Light,Not of Hispanic Origin,,0,MA,,0
,54182632762,FC24000706,11:00.0,Male,Black,29,NULL,NULL,NULL,Not of Hispanic Origin,,0,MA,Class D,0
,54207022091,FC24000716,00:00.0,Female,White,36,NULL,NULL,NULL,Not of Hispanic Origin,,0,MA,,0
,54207386794,FC24000719,15:00.0,Male,Black,26,Thin,Unkempt,Medium Brown,Not of Hispanic Origin,,0,MA,,1
,54207387799,FC24000719,15:00.0,Male,Black,25,Heavy,Short,Dark Brown,Not of Hispanic Origin,,0,MA,,0
,54220838792,FC24000728,15:00.0,Male,Black,45,Medium,NULL,NULL,Hispanic Origin,,0,MA,Class D,0
,54220840709,FC24000728,15:00.0,Male,Unknown,32,Medium,NULL,NULL,Hispanic Origin,,0,MA,,0
,54228776338,FC24000736,12:00.0,Male,Black,46,Medium,NULL,Medium Brown,Not of Hispanic Origin,,0,MA,Class D,0
,54228875357,FC24000737,30:00.0,Male,White,25,NULL,NULL,NULL,Hispanic Origin,,0,MA,Class D,1
,54229283197,FC24000738,27:00.0,Male,Black,43,Medium,Short,Medium Brown,Not of Hispanic Origin,,0,MA,ID Only - Never had Personal Driver License,1
,54250701153,FC24000750,02:00.0,Male,Black,27,Medium,Braided,Medium Brown,Not of Hispanic Origin,,0,MA,Other: Suspended,0
,54251141668,FC24000756,20:00.0,Male,Black,42,Thin,Dreadlocks,Medium Brown,Not of Hispanic Origin,,0,MA,,0
,54257874253,FC24000759,15:00.0,Male,Black,39,Medium,Short,Medium,Hispanic Origin,,0,MA,,0
,54267758549,FC24000760,37:00.0,Male,White,27,Medium,NULL,NULL,Hispanic Origin,,0,MA,,0
,54272865692,FC24000773,13:00.0,Male,White,42,Thin,NULL,NULL,NULL,,0,MA,,1
,54272866722,FC24000773,13:00.0,Female,White,36,Thin,Curly,Light Brown,Unknown,,0,MA,,1
,54273105660,FC24000776,00:00.0,Male,Black,28,NULL,NULL,NULL,Unknown,,0,MA,None,0
,54273113266,FC24000776,00:00.0,Male,Black,29,Muscular,Short,Medium,NULL,,0,MA,,0
,54273115065,FC24000776,00:00.0,Male,Black,40,Thin,NULL,NULL,Not of Hispanic Origin,,0,MA,"ID - Had a License, now has ID",0
,54273116429,FC24000776,00:00.0,Male,White,37,Thin,NULL,Light,Not of Hispanic Origin,,0,MA,,0
,54273324167,FC24000778,46:00.0,Male,White,40,Heavy,Bald or Balding,Light,Hispanic Origin,,0,MA,,0
,54287319510,FC24000784,40:00.0,Male,White,26,NULL,NULL,NULL,Unknown,,0,MA,,1
,54287320202,FC24000784,40:00.0,Male,White,37,Medium,Straight,Light,Not of Hispanic Origin,,0,MA,,1
,54287320579,FC24000784,40:00.0,Male,White,33,Medium,Short,Light,Not of Hispanic Origin,,0,MA,Class D,1
,54291547234,FC24000787,30:00.0,Male,Black,18,Thin,Afro,Dark,Unknown,,0,MA,,1
,54291549946,FC24000787,30:00.0,Male,Black,18,Thin,Short,Medium Brown,Not of Hispanic Origin,,0,MA,,0
,54270566373,FC24000761,01:00.0,Male,White,41,Medium,Short,NULL,Not of Hispanic Origin,,0,MA,Class D,1
,54270934632,FC24000762,04:00.0,Male,Black,28,Medium,NULL,NULL,Not of Hispanic Origin,,0,MA,Class D,0
,54270939645,FC24000762,04:00.0,Female,Black,24,Heavy,NULL,NULL,Not of Hispanic Origin,,0,MA,Class D,NULL
,54270987226,FC24000763,31:00.0,Male,Black,52,Medium,Short,Light,NULL,,0,MA,,0
,54271017085,FC24000763,31:00.0,Male,Black,55,Medium,Bald or Balding,Medium Brown,NULL,,0,MA,Class D,0
,54271840110,FC24000764,40:00.0,Male,Unknown,27,NULL,NULL,NULL,Unknown,,0,MA,Class D,0
,54272122275,FC24000767,58:00.0,Female,Black,29,NULL,NULL,NULL,NULL,,0,NULL,,NULL
,54272125339,FC24000767,58:00.0,Male,Black,37,Medium,Short,Dark Brown,Not of Hispanic Origin,,0,MA,,1
,54272185602,FC24000768,51:00.0,Male,Unknown,19,NULL,NULL,NULL,Hispanic Origin,,0,NULL,,1
,54272192483,FC24000768,51:00.0,Male,Black,14,NULL,NULL,NULL,Hispanic Origin,,0,NULL,,1
,54273014061,FC24000774,00:00.0,Male,Black,26,NULL,NULL,NULL,Hispanic Origin,,0,MA,Class D,0
,54273015545,FC24000774,00:00.0,Male,White,22,NULL,NULL,NULL,Hispanic Origin,,0,MA,Class D,0
,54273292601,FC24000777,15:00.0,Male,Black,37,Thin,NULL,NULL,Not of Hispanic Origin,,0,MA,,0
,54273294431,FC24000777,15:00.0,Female,White,31,Medium,NULL,NULL,Not of Hispanic Origin,,0,MA,,0
,54273348269,FC24000780,45:00.0,Male,Black,35,Thin,Curly,Medium Brown,Not of Hispanic Origin,,0,MA,,0
,54250968955,FC24000753,15:00.0,Male,Black,32,Medium,NULL,NULL,Not of Hispanic Origin,,0,MA,None,0
,54272713936,FC24000771,51:00.0,Male,NULL,40,NULL,NULL,NULL,NULL,,0,MA,Class D,0
,54272819698,FC24000772,25:00.0,Male,NULL,36,NULL,NULL,NULL,NULL,,0,MA,,0
,54273408127,FC24000781,26:00.0,Male,White,17,NULL,NULL,NULL,Hispanic Origin,,0,NULL,,0
,54287542582,FC24000785,24:00.0,Female,Black,38,NULL,NULL,NULL,Not of Hispanic Origin,,0,MA,"ID - Had a License, now has ID",0
,54291738574,FC24000788,40:00.0,Male,Black,16,Thin,Wavy,Medium Brown,Hispanic Origin,,0,MA,,0
,54292206415,FC24000793,28:00.0,Male,Black,23,NULL,NULL,NULL,NULL,,0,MA,Class D,0
,54300482451,FC24000800,24:00.0,Female,Black,56,Thin,Straight,Freckled,Not of Hispanic Origin,,0,MA,Class D,1
,54300487905,FC24000800,24:00.0,Female,Black,62,NULL,NULL,NULL,Unknown,,0,MA,Class D,NULL
,54318935010,FC24000813,35:00.0,Male,Other,53,NULL,NULL,NULL,Not of Hispanic Origin,,0,MA,Class D,1
,54321342361,FC24000818,00:00.0,Male,Black,38,Medium,Dreadlocks,Dark,Not of Hispanic Origin,,0,MA,,0
,54323680990,FC24000825,45:00.0,Unknown,Unknown,NULL,NULL,NULL,NULL,Unknown,,0,NULL,,0
,54323735914,FC24000826,05:00.0,Male,Black,16,Medium,Unkempt,Light,Hispanic Origin,,0,MA,,1
,54332197810,FC24000829,57:00.0,Male,White,59,NULL,NULL,NULL,Unknown,,0,NULL,,0
,54344631694,FC24000846,15:00.0,Male,Black,34,Heavy,Dreadlocks,Medium,Not of Hispanic Origin,,0,MA,Class D,0
,54292218464,FC24000794,36:00.0,Male,Black,25,Thin,Braided,Medium,NULL,,0,MA,,0
,54294934160,FC24000799,46:00.0,Male,Black,28,Thin,Dreadlocks,NULL,Not of Hispanic Origin,,0,MA,Class D,1
,54294934343,FC24000799,46:00.0,Male,Black,20,Heavy,NULL,Dark Brown,NULL,,0,MA,,1
,54303785620,FC24000804,00:00.0,Male,White,38,NULL,NULL,NULL,Not of Hispanic Origin,,0,NULL,,0
,54306603452,FC24000806,42:00.0,Male,Black,22,Thin,Braided,Light Brown,Not of Hispanic Origin,,0,MA,,1
,54306605857,FC24000806,42:00.0,Male,Black,24,Thin,Short,Medium,NULL,,0,MA,,0
,54308650266,FC24000808,19:00.0,Male,Unknown,24,NULL,NULL,NULL,Unknown,,0,MA,Class D,0
,54310889320,FC24000811,00:00.0,Male,Black,38,Medium,Dreadlocks,Dark,Not of Hispanic Origin,,0,MA,,0
,54319159197,FC24000814,55:00.0,Male,Black,34,Medium,Afro,Medium,Not of Hispanic Origin,,0,MA,,0
,54320959540,FC24000817,30:00.0,Male,NULL,23,NULL,NULL,NULL,NULL,,0,MA,Class D,0
,54322569772,FC24000819,45:00.0,Male,Black,30,Muscular,Wavy,Medium,NULL,,0,MA,Class D,1
,54322581797,FC24000819,45:00.0,Male,Black,24,Thin,Braided,Medium Brown,Not of Hispanic Origin,,0,MA,Class D,1
,54322714277,FC24000820,15:00.0,Male,Black,45,Heavy,NULL,NULL,Not of Hispanic Origin,,0,MA,Class D,1
,54336620954,FC24000832,50:00.0,Male,Black,23,Thin,Braided,Medium Brown,Unknown,,0,MA,ID Only - Never had Personal Driver License,1
,54336623383,FC24000832,50:00.0,Male,Black,18,Muscular,Afro,NULL,NULL,,0,MA,,1
,54292285133,FC24000795,45:00.0,Male,White,22,Thin,NULL,Light,NULL,,0,MA,,0
,54292289864,FC24000795,45:00.0,Male,Unknown,15,NULL,NULL,NULL,NULL,,0,NULL,,0
,54292293740,FC24000795,45:00.0,Male,NULL,14,NULL,NULL,NULL,NULL,,0,NULL,,0
,54292297955,FC24000795,45:00.0,Male,NULL,18,NULL,NULL,NULL,NULL,,0,NULL,,0
,54292301055,FC24000795,45:00.0,Male,NULL,19,NULL,NULL,NULL,NULL,,0,NULL,,0
,54300605997,FC24000801,15:00.0,Male,Black,27,Medium,Braided,Medium,Not of Hispanic Origin,,0,MA,Class D,0
,54302881092,FC24000802,40:00.0,Male,Black,29,Muscular,Short,Medium Brown,Not of Hispanic Origin,,0,MA,Class D,0
,54302883048,FC24000802,40:00.0,Male,Black,28,Heavy,Curly,Medium,Not of Hispanic Origin,,0,MA,Class D,0
,54302884646,FC24000802,40:00.0,Male,Black,17,Medium,Afro,Medium Brown,Unknown,,0,NULL,,0
,54308697253,FC24000809,50:00.0,Male,Black,24,Thin,Short,Medium,NULL,,0,MA,,0
,54308712114,FC24000810,23:00.0,Female,White,33,NULL,NULL,NULL,Unknown,,0,NULL,,0
,54323591030,FC24000823,11:00.0,Male,White,42,NULL,NULL,NULL,Not of Hispanic Origin,,0,VA,Other: VA STATE ID,0
,54323742578,FC24000827,32:00.0,Male,Black,48,Thin,NULL,NULL,Not of Hispanic Origin,,0,MA,,0
,54339201547,FC24000834,25:00.0,Male,Black,20,Thin,Braided,Light Brown,Not of Hispanic Origin,,0,MA,,0
,54339227180,FC24000834,25:00.0,Male,Black,19,NULL,NULL,NULL,Not of Hispanic Origin,,0,MA,,0
,54340189691,FC24000835,43:00.0,NULL,NULL,NULL,NULL,NULL,NULL,NULL,,0,NULL,,0
,54347731017,FC24000849,00:00.0,Male,Black,44,NULL,NULL,NULL,Unknown,,0,NULL,,0
,54347731017,FC24000849,00:00.0,Male,Black,44,NULL,NULL,NULL,Unknown,,0,NULL,,NULL
,54358192650,FC24000851,10:00.0,Male,Black,47,NULL,NULL,NULL,Not of Hispanic Origin,,0,MA,Class D,0
,54360110333,FC24000852,38:00.0,Male,Black,32,Thin,NULL,NULL,Not of Hispanic Origin,,0,MA,,1
,54362399287,FC24000866,10:00.0,Male,White,24,Heavy,Straight,Medium,Hispanic Origin,,0,MA,No License - Record Only,1
,54362405037,FC24000866,10:00.0,Male,Black,30,Muscular,Wavy,Medium,NULL,,0,MA,Class D,1
,54362802528,FC24000867,00:00.0,Male,Black,25,Thin,Short,Dark Brown,Not of Hispanic Origin,,0,MA,Class D,0
,54381781333,FC24000875,00:00.0,Male,Black,27,Thin,Braided,Medium Brown,Not of Hispanic Origin,,0,MA,Class D,0
,54383389979,FC24000876,45:00.0,Male,White,51,Medium,Unkempt,Light,Hispanic Origin,,0,MA,,0
,54423290309,FC24000891,34:00.0,Male,Black,23,Medium,Short,Medium Brown,Not of Hispanic Origin,,0,MA,,0
,54423294219,FC24000891,34:00.0,Male,White,23,Thin,NULL,NULL,Hispanic Origin,,0,MA,Class D,0
,54425035311,FC24000895,40:00.0,Male,Black,33,Medium,NULL,Medium Brown,Not of Hispanic Origin,,0,MA,,0
,54425554935,FC24000895,40:00.0,Male,Black,27,Thin,Braided,Medium Brown,Not of Hispanic Origin,,0,MA,,0
,54425556139,FC24000895,40:00.0,Male,Black,33,Thin,Short,Dark Brown,Not of Hispanic Origin,,0,MA,Class D,0
,54273947369,FC24000782,15:00.0,Male,White,40,Thin,NULL,NULL,Not of Hispanic Origin,,0,MA,,0
,54286397753,FC24000783,34:00.0,Male,Black,17,NULL,NULL,NULL,Hispanic Origin,,0,NULL,,1
,54286397753,FC24000783,34:00.0,Male,Black,17,NULL,NULL,NULL,Hispanic Origin,,0,NULL,,NULL
,54291303216,FC24000786,58:00.0,Male,Black,29,Thin,NULL,NULL,Not of Hispanic Origin,,0,MA,,0
,54291304599,FC24000786,58:00.0,Male,Black,28,Medium,NULL,NULL,Not of Hispanic Origin,,0,MA,,0
,54291307047,FC24000786,58:00.0,Male,White,32,Medium,Braided,Dark,Not of Hispanic Origin,,0,MA,Class D,0
,54291806721,FC24000789,17:00.0,Male,White,48,Medium,NULL,Medium,NULL,,0,MA,,0
,54292208374,FC24000792,39:00.0,Male,Black,23,Thin,Braided,Medium Brown,Not of Hispanic Origin,,0,MA,Class D,0
,54292209422,FC24000792,39:00.0,Male,Black,32,Medium,NULL,NULL,Not of Hispanic Origin,,0,MA,,1
,54292216356,FC24000792,39:00.0,Male,Black,44,NULL,NULL,NULL,NULL,,0,NULL,,1
,54292759029,FC24000796,19:00.0,Male,Black,27,Medium,NULL,NULL,Not of Hispanic Origin,,0,MA,,1
,54292762926,FC24000796,19:00.0,Male,Black,30,NULL,NULL,NULL,NULL,,0,MA,Class D,1
,54292764955,FC24000796,19:00.0,Male,Black,37,NULL,NULL,NULL,Hispanic Origin,,0,MA,Class D,1
,54292769679,FC24000796,19:00.0,Male,Unknown,19,NULL,NULL,NULL,Unknown,,0,NULL,,1
,54292872431,FC24000797,30:00.0,Male,Black,29,Medium,NULL,NULL,Not of Hispanic Origin,,0,MA,,0
,54303639135,FC24000803,00:00.0,Male,Black,64,NULL,NULL,NULL,NULL,,0,MA,Class D,0
,54425756481,FC24000898,00:00.0,Male,Black,28,Heavy,Curly,Medium,Not of Hispanic Origin,,0,MA,Class D,0
,54431118597,FC24000900,50:00.0,Male,Black,26,Medium,Dreadlocks,Medium,Not of Hispanic Origin,,0,MA,"ID - Had a License, now has ID",1
,54512615168,FC24000912,45:00.0,Female,White,28,Heavy,Straight,Medium,Not of Hispanic Origin,,0,MA,ID Only - Never had Personal Driver License,0
,54512627774,FC24000912,45:00.0,Male,Black,30,Medium,Dreadlocks,Dark Brown,Not of Hispanic Origin,,0,MA,"ID - Had a License, now has ID",0
,54512640417,FC24000912,45:00.0,Male,White,29,NULL,NULL,NULL,Not of Hispanic Origin,,0,MA,"ID - Had a License, now has ID",0
,54514452252,FC24000915,44:00.0,Male,Black,32,Thin,Short,Dark Brown,Not of Hispanic Origin,,0,SC,,0
,54515722295,FC24000916,05:00.0,Male,Black,53,Medium,Dreadlocks,Medium Brown,Not of Hispanic Origin,,0,MA,,0
,54518414763,FC24000920,21:00.0,Male,White,24,Medium,Straight,Light,Not of Hispanic Origin,,0,MA,ID Only - Never had Personal Driver License,0
,54525291722,FC24000926,20:00.0,Male,White,56,Medium,NULL,NULL,Not of Hispanic Origin,,0,MA,Class D,0
,54525986157,FC24000927,00:00.0,Male,Black,21,Medium,Braided,Light Brown,Not of Hispanic Origin,,0,MA,,1
,54527820001,FC24000931,55:00.0,Male,Black,17,Stocky,Dreadlocks,Medium Brown,Not of Hispanic Origin,,0,MA,,0
,54527825386,FC24000931,55:00.0,Male,Black,15,Medium,NULL,Medium,NULL,,0,MA,,0
,54340191536,FC24000835,43:00.0,NULL,NULL,NULL,NULL,NULL,NULL,NULL,,0,NULL,,0
,54341863298,FC24000836,39:00.0,Male,White,55,Medium,NULL,Light,Hispanic Origin,,0,MA,,1
,54342975580,FC24000838,47:00.0,Male,Black,24,Medium,NULL,NULL,Not of Hispanic Origin,,0,MA,Class D,1
,54343866557,FC24000843,00:00.0,Female,Black,56,NULL,NULL,NULL,Unknown,,0,MA,Class D,NULL
,54343894487,FC24000843,00:00.0,Male,Black,26,Thin,NULL,NULL,Not of Hispanic Origin,,0,MA,,0
,54344075369,FC24000844,38:00.0,Female,White,50,NULL,NULL,NULL,Not of Hispanic Origin,,0,MA,Class D,0
,54344621988,FC24000845,36:00.0,Male,Black,18,NULL,NULL,NULL,Hispanic Origin,,0,MA,Class D,1
,54344624199,FC24000845,36:00.0,Female,Black,19,Thin,Short,Dark,NULL,,0,MA,,1
,54345271112,FC24000848,34:00.0,Male,White,33,Medium,Unkempt,Fair,Not of Hispanic Origin,,0,MA,"ID - Had a License, now has ID",1
,54357735235,FC24000850,57:00.0,Male,Black,20,Medium,Afro,Dark,Hispanic Origin,,0,MA,Class D,0
,54358138452,FC24000850,57:00.0,Male,Black,17,NULL,NULL,NULL,Hispanic Origin,,0,NULL,,0
,54360280911,FC24000853,15:00.0,Male,Other,23,Muscular,Short,NULL,Hispanic Origin,,0,MA,,0
,54360286381,FC24000853,15:00.0,Male,White,24,NULL,NULL,NULL,Hispanic Origin,,0,NULL,,0
,54360697713,FC24000854,00:00.0,Male,Black,35,NULL,NULL,NULL,Unknown,,0,MA,Class D,0
,54360699216,FC24000854,00:00.0,Male,Black,23,Heavy,Afro,Medium,Not of Hispanic Origin,,0,MA,"ID - Had a License, now has ID",0
,54303691502,FC24000803,00:00.0,Male,Black,59,Heavy,Short,Medium,Not of Hispanic Origin,,0,MA,"ID - Had a License, now has ID",0
,54303771523,FC24000803,00:00.0,Male,Black,52,Thin,NULL,NULL,Not of Hispanic Origin,,0,MA,,0
,54306141473,FC24000805,04:00.0,Male,Black,26,NULL,NULL,NULL,Hispanic Origin,,0,MA,Class D,1
,54306148480,FC24000805,04:00.0,Male,Unknown,23,NULL,NULL,NULL,Hispanic Origin,,0,MA,,1
,54306659797,FC24000807,50:00.0,Male,Black,18,NULL,NULL,NULL,NULL,,0,NULL,,1
,54306661803,FC24000807,50:00.0,Male,White,18,Thin,Curly,Light,NULL,,0,MA,,1
,54313842394,FC24000812,40:00.0,Male,White,28,Thin,Unkempt,Light,Not of Hispanic Origin,,0,MA,ID Only - Never had Personal Driver License,0
,54319912212,FC24000816,32:00.0,Female,White,37,Thin,Straight,Medium,Not of Hispanic Origin,,0,MA,"ID - Had a License, now has ID",0
,54319944033,FC24000816,32:00.0,Male,White,41,Thin,Short,Light,Unknown,,0,MA,"ID - Had a License, now has ID",0
,54319955771,FC24000816,32:00.0,Male,Black,44,Thin,NULL,NULL,Unknown,,0,MA,Class D,0
,54319966445,FC24000816,32:00.0,Male,Black,34,Thin,Short,Dark,Hispanic Origin,,0,MA,"ID - Had a License, now has ID",0
,54322830327,FC24000822,31:00.0,Male,White,35,Thin,Short,Medium,Hispanic Origin,,0,MA,ID Only - Never had Personal Driver License,1
,54323648495,FC24000824,00:00.0,Male,White,56,Medium,NULL,NULL,Not of Hispanic Origin,,0,MA,"ID - Had a License, now has ID",0
,54527829348,FC24000931,55:00.0,Male,Black,44,Thin,NULL,NULL,Not of Hispanic Origin,,0,MA,,0
,54527833218,FC24000931,55:00.0,Male,Black,15,Heavy,Short,Dark Brown,Not of Hispanic Origin,,0,MA,,NULL
,54527867907,FC24000931,55:00.0,Female,Black,47,NULL,NULL,NULL,Unknown,,0,MA,Class D,NULL
,54527873884,FC24000931,55:00.0,Male,Unknown,59,NULL,NULL,NULL,NULL,,0,NULL,,NULL
,54527798412,FC24000932,30:00.0,Female,White,32,NULL,NULL,NULL,Unknown,,0,MA,Class D,0
,54527799462,FC24000932,30:00.0,Male,Black,56,NULL,NULL,NULL,Not of Hispanic Origin,,0,MA,Class D,0
,54531552680,FC24000937,49:00.0,Male,Black,52,NULL,NULL,NULL,Not of Hispanic Origin,,0,MA,Class D,0
,54545195896,FC24000946,00:00.0,Male,Black,24,Thin,Short,Dark,Not of Hispanic Origin,,0,MA,Class D,1
,54545202342,FC24000946,00:00.0,Male,White,22,Medium,NULL,Light Brown,NULL,,0,MA,,1
,54545217930,FC24000946,00:00.0,Female,Unknown,25,NULL,NULL,NULL,Unknown,,0,MA,Class D,0
,54553540066,FC24000954,00:00.0,Male,Black,16,Thin,Short,Light,Hispanic Origin,,0,MA,,1
,54564492328,FC24000959,00:00.0,Male,Black,23,NULL,NULL,NULL,NULL,,0,CT,,0
,54564538897,FC24000960,35:00.0,Male,White,24,Thin,Braided,Light Brown,Not of Hispanic Origin,,0,MA,,0
,54571140135,FC24000962,00:00.0,Male,Black,41,Muscular,Dreadlocks,Medium Brown,Unknown,,0,MA,Class D,0
,54566851931,FC24000968,00:00.0,Male,Black,14,Thin,Curly,Dark Brown,Not of Hispanic Origin,,0,NULL,,1
,54360718906,FC24000854,00:00.0,Female,Unknown,33,NULL,NULL,NULL,Unknown,,0,MA,Class D,0
,54361842320,FC24000861,00:00.0,Male,Black,47,Medium,Unkempt,Medium Brown,Hispanic Origin,,0,MA,,1
,54362250008,FC24000865,22:00.0,Male,Black,29,Medium,NULL,NULL,Not of Hispanic Origin,,0,MA,Class D,1
,54371338560,FC24000868,53:00.0,Male,White,32,Medium,NULL,NULL,Not of Hispanic Origin,,0,MA,,0
,54377651282,FC24000869,00:00.0,Unknown,NULL,NULL,NULL,NULL,NULL,NULL,,0,NULL,,NULL
,54377653797,FC24000869,00:00.0,Male,White,31,Thin,NULL,NULL,Not of Hispanic Origin,,0,MA,"ID - Had a License, now has ID",0
,54380555539,FC24000874,00:00.0,Male,White,21,NULL,NULL,NULL,Hispanic Origin,,0,MA,ID Only - Never had Personal Driver License,1
,54394414434,FC24000878,00:00.0,Male,Black,62,Medium,NULL,NULL,Not of Hispanic Origin,,0,MA,,0
,54405364918,FC24000883,11:00.0,Unknown,Unknown,21,NULL,NULL,NULL,Unknown,,0,MA,Class D,0
,54405372054,FC24000883,11:00.0,Male,Black,20,Thin,NULL,Light Brown,Not of Hispanic Origin,,0,MA,,0
,54405378532,FC24000883,11:00.0,Male,Black,20,Heavy,Corn Rows,Medium,Not of Hispanic Origin,,0,MA,Instruction Permit,0
,54405865380,FC24000887,04:00.0,Male,Black,27,Thin,NULL,NULL,Not of Hispanic Origin,,0,MA,,1
,54408141750,FC24000889,51:00.0,Male,Black,46,Medium,NULL,NULL,Not of Hispanic Origin,,0,MA,,0
,54421018142,FC24000890,00:00.0,Male,Black,27,NULL,NULL,NULL,Hispanic Origin,,0,NULL,,0
,54424413241,FC24000894,11:00.0,Male,Black,27,Muscular,Short,Dark,NULL,,0,MA,,1
,54323655134,FC24000824,00:00.0,Female,White,60,NULL,NULL,Light,Not of Hispanic Origin,,0,MA,Class D,0
,54334526274,FC24000830,27:00.0,Male,Black,20,Thin,NULL,NULL,Not of Hispanic Origin,,0,MA,,1
,54335941987,FC24000831,36:00.0,Male,Black,27,Heavy,Dreadlocks,Dark Brown,Not of Hispanic Origin,,0,MA,ID Only - Never had Personal Driver License,1
,54343765898,FC24000840,38:00.0,Male,Black,36,Medium,Bald or Balding,Medium Brown,Not of Hispanic Origin,,0,MA,,0
,54343767296,FC24000840,38:00.0,Male,Black,36,Muscular,Corn Rows,Dark Brown,Not of Hispanic Origin,,0,MA,,0
,54345222810,FC24000847,16:00.0,Male,Black,31,Medium,NULL,NULL,Not of Hispanic Origin,,0,MA,Class D,0
,54360709960,FC24000855,41:00.0,Female,Black,23,Medium,NULL,NULL,Hispanic Origin,,0,MA,Class D,0
,54360712884,FC24000855,41:00.0,Male,Black,26,Heavy,Braided,Brown,Not of Hispanic Origin,,0,MA,ID Only - Never had Personal Driver License,0
,54360981896,FC24000858,52:00.0,Male,Black,39,Medium,Bald or Balding,NULL,Unknown,,0,MA,,0
,54361894227,FC24000862,06:00.0,Male,Black,32,Stocky,Dreadlocks,Medium Brown,Not of Hispanic Origin,,0,MA,,0
,54361895179,FC24000862,06:00.0,Male,White,28,Medium,Curly,NULL,Hispanic Origin,,0,MA,,0
,54379229613,FC24000871,15:00.0,Male,Black,45,Thin,Curly,Light,Unknown,,0,MA,Class D,0
,54379825507,FC24000872,57:00.0,Male,Black,34,Medium,Afro,Medium,Not of Hispanic Origin,,0,MA,,0
,54567940063,FC24000972,56:00.0,Male,White,41,Medium,Short,Light,Not of Hispanic Origin,,0,MA,,1
,54567946118,FC24000972,56:00.0,Male,White,34,NULL,NULL,NULL,Unknown,,0,MA,Class D,1
,54572477318,FC24000975,00:00.0,Male,Black,42,Heavy,NULL,NULL,Not of Hispanic Origin,,0,MA,Class D,0
,54573425153,FC24000977,40:00.0,Male,Black,41,NULL,NULL,NULL,Not of Hispanic Origin,,0,MA,,0
,54575874391,FC24000981,13:00.0,Male,White,37,Medium,Straight,Light,Not of Hispanic Origin,,0,MA,,0
,54575874575,FC24000981,13:00.0,Female,White,39,Medium,Straight,Light,Not of Hispanic Origin,,0,MA,,0
,54579338832,FC24000990,00:00.0,Male,Black,27,Medium,NULL,NULL,Not of Hispanic Origin,,0,MA,Class D,0
,54579340611,FC24000990,00:00.0,Male,Black,19,Thin,Afro,Medium Brown,Not of Hispanic Origin,,0,MA,Class D,0
,54585184864,FC24000993,50:00.0,Male,Black,15,NULL,NULL,NULL,Hispanic Origin,,0,NULL,,1
,54590282789,FC24000995,41:00.0,NULL,NULL,NULL,NULL,NULL,NULL,NULL,,0,NULL,,0
,54591747383,FC24001006,00:00.0,Male,White,68,Medium,NULL,NULL,Unknown,,0,MA,,0
,54591954070,FC24001007,30:00.0,Male,Black,15,Thin,Curly,Medium Brown,Unknown,,0,MA,,1
,54591958123,FC24001007,30:00.0,Male,Black,16,Medium,Braided,Medium,NULL,,0,MA,,0
,54591960981,FC24001007,30:00.0,Female,White,22,Thin,NULL,Light,Hispanic Origin,,0,MA,,0
,54591961997,FC24001007,30:00.0,Male,White,27,NULL,NULL,NULL,Hispanic Origin,,0,MA,Class D,0
,54424417629,FC24000894,11:00.0,Male,Black,25,Heavy,Short,Medium,Hispanic Origin,,0,MA,Class D,1
,54435083324,FC24000901,24:00.0,Male,Black,21,Thin,Braided,Dark Brown,Not of Hispanic Origin,,0,MA,None,1
,54436209529,FC24000901,24:00.0,Male,Black,22,Medium,Short,Medium,Not of Hispanic Origin,,0,MA,,NULL
,54436221249,FC24000901,24:00.0,Male,Black,26,Thin,Curly,Light Brown,NULL,,0,MA,,NULL
,54508978672,FC24000906,29:00.0,Male,Black,17,NULL,NULL,NULL,Not of Hispanic Origin,,0,NULL,,0
,54509146295,FC24000906,29:00.0,Male,Black,18,NULL,NULL,NULL,NULL,,0,NULL,,0
,54509305321,FC24000906,29:00.0,Female,NULL,15,NULL,NULL,NULL,NULL,,0,NULL,,0
,54511839190,FC24000911,15:00.0,Male,Black,56,Medium,Unkempt,Dark Brown,Not of Hispanic Origin,,0,MA,,0
,54517790410,FC24000919,36:00.0,Male,White,42,Heavy,Bald or Balding,Light,Hispanic Origin,,0,MA,,0
,54520385420,FC24000922,00:00.0,Male,Black,53,Medium,Dreadlocks,Medium Brown,Not of Hispanic Origin,,0,MA,,0
,54526658872,FC24000929,02:00.0,Male,Black,25,NULL,NULL,NULL,Not of Hispanic Origin,,0,MA,,1
,54533151061,FC24000939,45:00.0,Male,White,12,NULL,NULL,NULL,Hispanic Origin,,0,NULL,,0
,54533160052,FC24000939,45:00.0,Male,Black,14,NULL,NULL,NULL,Unknown,,0,NULL,,0
,54541939121,FC24000940,26:00.0,Male,Black,34,Medium,NULL,NULL,Not of Hispanic Origin,,0,MA,,0
,54546054769,FC24000949,57:00.0,Male,Black,32,Thin,Short,Light Brown,Hispanic Origin,,0,MA,,0
,54380281398,FC24000873,30:00.0,Male,White,36,Thin,NULL,NULL,Not of Hispanic Origin,,0,MA,,0
,54383862998,FC24000877,50:00.0,Male,White,33,Thin,NULL,NULL,Hispanic Origin,,0,MA,Class D,0
,54400096620,FC24000879,00:00.0,Female,White,27,Medium,Pony Tail,Medium Brown,Not of Hispanic Origin,,0,MA,,0
,54404627333,FC24000881,02:00.0,Male,Black,35,Medium,Receding or Slightly Receding,Medium Brown,NULL,,0,MA,,1
,54404627558,FC24000881,02:00.0,Male,Black,28,Unknown,NULL,NULL,Not of Hispanic Origin,,0,MA,,1
,54405040131,FC24000882,13:00.0,Male,Black,33,Medium,NULL,NULL,Not of Hispanic Origin,,0,MA,Class D,0
,54405603589,FC24000885,33:00.0,Male,White,46,Medium,NULL,NULL,Hispanic Origin,,0,MA,,0
,54405613022,FC24000885,33:00.0,Male,White,44,Thin,NULL,NULL,Not of Hispanic Origin,,0,MA,,0
,54445564773,FC24000902,55:00.0,Male,White,37,Thin,NULL,NULL,Not of Hispanic Origin,,0,MA,Intermediate Driver License,0
,54447067405,FC24000903,55:00.0,Male,White,25,NULL,NULL,NULL,Hispanic Origin,,0,MA,,1
,54447287897,FC24000904,33:00.0,Female,White,50,Medium,NULL,NULL,Not of Hispanic Origin,,0,MA,,0
,54447361838,FC24000904,33:00.0,Male,White,NULL,NULL,NULL,NULL,Unknown,,0,NULL,,0
,54511418272,FC24000909,00:00.0,Male,Black,27,Thin,Braided,Medium Brown,Not of Hispanic Origin,,0,MA,,0
,54511441612,FC24000909,00:00.0,Male,Black,27,NULL,NULL,NULL,Not of Hispanic Origin,,0,MA,Class D,0
,54511473161,FC24000909,00:00.0,Male,Black,25,Thin,Curly,Light Brown,Hispanic Origin,,0,MA,,0
,54336627024,FC24000832,50:00.0,Male,Black,20,Thin,NULL,NULL,Not of Hispanic Origin,,0,MA,,0
,54338922004,FC24000833,30:00.0,Male,Black,37,Medium,NULL,NULL,Not of Hispanic Origin,,0,MA,,0
,54342699083,FC24000837,15:00.0,Male,Black,26,NULL,NULL,NULL,Not of Hispanic Origin,,0,MA,,0
,54343512900,FC24000839,00:00.0,Male,White,38,NULL,NULL,NULL,NULL,,0,NULL,,0
,54343516708,FC24000839,00:00.0,Male,Unknown,36,NULL,NULL,NULL,NULL,,0,NULL,,0
,54343818787,FC24000841,05:00.0,Male,Unknown,16,NULL,NULL,NULL,Hispanic Origin,,0,NULL,,0
,54343820749,FC24000841,05:00.0,Male,Unknown,18,NULL,NULL,NULL,Hispanic Origin,,0,NULL,,0
,54343857096,FC24000841,05:00.0,Male,NULL,20,NULL,NULL,NULL,NULL,,0,NULL,,0
,54343862318,FC24000841,05:00.0,Male,Unknown,20,NULL,NULL,NULL,Unknown,,0,NULL,,0
,54343800591,FC24000842,20:00.0,Male,Black,49,Thin,NULL,NULL,Not of Hispanic Origin,,0,MA,"ID - Had a License, now has ID",0
,54360817027,FC24000856,10:00.0,Male,Black,59,Thin,Short,Medium Brown,Hispanic Origin,,0,MA,"ID - Had a License, now has ID",0
,54360819794,FC24000856,10:00.0,Female,Black,61,NULL,NULL,NULL,Not of Hispanic Origin,,0,NULL,,0
,54361120011,FC24000859,31:00.0,Male,White,15,Medium,NULL,Medium Brown,NULL,,0,MA,,1
,54361143581,FC24000859,31:00.0,Male,Black,14,NULL,NULL,NULL,Hispanic Origin,,0,NULL,,1
,54361149309,FC24000859,31:00.0,Male,Black,14,NULL,NULL,NULL,Not of Hispanic Origin,,0,NULL,,1
,54361898835,FC24000860,18:00.0,Male,White,56,NULL,NULL,NULL,Not of Hispanic Origin,,0,MA,Class D,0
,54546063871,FC24000949,57:00.0,Male,Unknown,28,NULL,NULL,NULL,NULL,,0,NULL,,1
,54546452945,FC24000950,30:00.0,Male,Other,30,NULL,NULL,NULL,Hispanic Origin,,0,NULL,,0
,54548989059,FC24000952,43:00.0,Male,Black,22,NULL,NULL,NULL,Not of Hispanic Origin,,0,NULL,,1
,54550733532,FC24000952,43:00.0,Male,Black,20,NULL,NULL,NULL,NULL,,0,MA,Class D,1
,54550736367,FC24000952,43:00.0,Male,Black,21,NULL,NULL,NULL,NULL,,0,NULL,,1
,54550739879,FC24000952,43:00.0,Male,Black,20,NULL,NULL,NULL,NULL,,0,NULL,,1
,54551165819,FC24000952,43:00.0,Female,Black,21,NULL,NULL,NULL,NULL,,0,MA,Class D,1
,54563703491,FC24000957,10:00.0,Male,White,27,NULL,NULL,NULL,Hispanic Origin,,0,MA,Class D,0
,54566903863,FC24000969,30:00.0,Male,Black,21,Medium,Braided,Light Brown,Not of Hispanic Origin,,0,MA,,0
,54567924157,FC24000973,45:00.0,Male,Black,30,Muscular,Wavy,Medium,NULL,,0,MA,Class D,0
,54567991509,FC24000974,57:00.0,Male,White,32,Thin,NULL,NULL,Not of Hispanic Origin,,0,MA,,1
,54574032688,FC24000980,01:00.0,Female,Black,22,NULL,NULL,NULL,NULL,,0,MA,Class D,0
,54574044899,FC24000980,01:00.0,Male,NULL,26,Medium,Dreadlocks,Light Brown,NULL,,0,MA,,0
,54576586510,FC24000982,37:00.0,Male,White,51,NULL,NULL,NULL,Not of Hispanic Origin,,0,MA,Class D,1
,54577087754,FC24000984,00:00.0,Male,White,63,Medium,NULL,NULL,Not of Hispanic Origin,,0,MA,,0
,54577089756,FC24000984,00:00.0,Male,White,67,NULL,NULL,NULL,NULL,,0,MA,,0
,54631899504,FC24001007,30:00.0,Male,White,15,Medium,Dreadlocks,Light Brown,Hispanic Origin,,0,MA,,0
,54595478128,FC24001010,32:00.0,Male,Black,39,Thin,Dreadlocks,NULL,Not of Hispanic Origin,,0,MA,Class D,0
,54595499765,FC24001010,32:00.0,Male,Black,22,Muscular,Braided,Medium,Not of Hispanic Origin,,0,MA,Class D,NULL
,54600248123,FC24001011,00:00.0,Male,Black,19,Thin,Dreadlocks,Medium Brown,Not of Hispanic Origin,,0,MA,,1
,54600250069,FC24001011,00:00.0,Male,Black,19,NULL,NULL,NULL,Not of Hispanic Origin,,0,MA,,1
,54600251852,FC24001011,00:00.0,Male,Black,21,NULL,NULL,NULL,Not of Hispanic Origin,,0,MA,Class D,1
,54600858678,FC24001014,14:00.0,Male,Black,29,Medium,Dreadlocks,Medium,Not of Hispanic Origin,,0,MA,,0
,54602039640,FC24001017,56:00.0,Male,White,55,NULL,NULL,NULL,NULL,,0,NULL,,0
,54606052375,FC24001021,15:00.0,Male,Black,21,Thin,Afro,NULL,Not of Hispanic Origin,,0,MA,,1
,54606054951,FC24001021,15:00.0,Male,White,24,NULL,NULL,NULL,Hispanic Origin,,0,MA,,1
,54606512032,FC24001023,50:00.0,Male,Black,43,Medium,Bald or Balding,Dark,Not of Hispanic Origin,,0,MA,Class D,0
,54606519542,FC24001023,50:00.0,Female,Black,26,NULL,NULL,NULL,Not of Hispanic Origin,,0,MA,No License - Record Only,0
,54606744465,FC24001026,15:00.0,Male,Black,24,Medium,Short,Light Brown,Not of Hispanic Origin,,0,MA,Class D,0
,54606745569,FC24001026,15:00.0,Male,Black,24,Thin,Curly,NULL,Hispanic Origin,,0,MA,"ID - Had a License, now has ID",0
,54511513346,FC24000909,00:00.0,Male,White,29,Thin,NULL,NULL,Hispanic Origin,,0,MA,Other: Class M,0
,54511647609,FC24000910,54:00.0,Male,Black,15,Medium,NULL,Medium,NULL,,0,MA,,0
,54511648957,FC24000910,54:00.0,Male,Black,44,Thin,NULL,NULL,Not of Hispanic Origin,,0,MA,,0
,54511649939,FC24000910,54:00.0,Male,Black,17,Stocky,Dreadlocks,Medium Brown,Not of Hispanic Origin,,0,MA,,0
,54511655200,FC24000910,54:00.0,Male,Black,15,Heavy,Short,Dark Brown,Not of Hispanic Origin,,0,MA,,NULL
,54514468308,FC24000914,15:00.0,Male,White,NULL,NULL,NULL,NULL,Unknown,,0,NULL,,NULL
,54514492902,FC24000914,15:00.0,Male,Black,23,NULL,NULL,NULL,Not of Hispanic Origin,,0,NULL,,0
,54516954243,FC24000917,30:00.0,Female,White,42,Thin,NULL,NULL,Not of Hispanic Origin,,0,MA,"ID - Had a License, now has ID",0
,54516954948,FC24000917,30:00.0,Male,White,57,Heavy,Receding or Slightly Receding,Medium,Unknown,,0,MA,,1
,54517773553,FC24000918,00:00.0,Male,Black,29,Thin,NULL,NULL,Not of Hispanic Origin,,0,MA,Class D,0
,54517774594,FC24000918,00:00.0,Female,White,42,Thin,NULL,NULL,Not of Hispanic Origin,,0,MA,"ID - Had a License, now has ID",NULL
,54522142786,FC24000925,30:00.0,Male,Black,39,NULL,NULL,NULL,Not of Hispanic Origin,,0,MA,Class D,1
,54526039991,FC24000928,42:00.0,Male,White,25,NULL,NULL,NULL,Not of Hispanic Origin,,0,MA,,0
,54526059370,FC24000928,42:00.0,Male,White,18,NULL,NULL,NULL,Not of Hispanic Origin,,0,NULL,,0
,54606747801,FC24001026,15:00.0,Male,Black,24,Medium,NULL,NULL,Not of Hispanic Origin,,0,MA,Class D,0
,54606749386,FC24001026,15:00.0,Male,Black,18,Thin,Dreadlocks,Dark,Unknown,,0,MA,,0
,54617466578,FC24001030,55:00.0,Male,Black,37,Medium,NULL,NULL,Hispanic Origin,,0,MA,,0
,54618540887,FC24001032,08:00.0,Male,NULL,17,NULL,NULL,NULL,NULL,,0,NULL,,0
,54618549640,FC24001032,08:00.0,Male,NULL,17,NULL,NULL,NULL,NULL,,0,NULL,,0
,54618562112,FC24001032,08:00.0,Male,NULL,NULL,NULL,NULL,NULL,NULL,,0,NULL,,0
,54619626676,FC24001034,25:00.0,Male,Black,28,Medium,NULL,NULL,Not of Hispanic Origin,,0,MA,,0
,54619630168,FC24001034,25:00.0,Male,Black,35,Medium,NULL,NULL,Not of Hispanic Origin,,0,MA,,0
,54628708906,FC24001050,05:00.0,NULL,NULL,NULL,NULL,NULL,NULL,NULL,,0,NULL,,0
,54632640076,FC24001057,00:00.0,Male,Black,42,NULL,NULL,NULL,NULL,,0,ME,,0
,54632647655,FC24001057,00:00.0,Male,Black,26,NULL,NULL,NULL,NULL,,0,NULL,,0
,54633009650,FC24001058,00:00.0,Male,Black,22,Medium,Dreadlocks,Dark Brown,Not of Hispanic Origin,,0,MA,Class D,1
,54633010850,FC24001058,00:00.0,Male,White,17,Thin,Braided,Medium,Hispanic Origin,,0,MA,ID Only - Never had Personal Driver License,1
,54633011920,FC24001058,00:00.0,Male,Black,18,Thin,Dreadlocks,Dark,Unknown,,0,MA,,1
,54633013067,FC24001058,00:00.0,Male,Black,24,Medium,Short,Light Brown,Not of Hispanic Origin,,0,MA,Class D,1
,54633014619,FC24001058,00:00.0,Male,Black,24,Medium,NULL,NULL,Not of Hispanic Origin,,0,MA,Class D,1
,54633954522,FC24001061,25:00.0,Male,White,24,NULL,NULL,NULL,Hispanic Origin,,0,MA,Class D,1
,54633959848,FC24001061,25:00.0,Male,Unknown,27,NULL,NULL,NULL,Unknown,,0,NULL,,NULL
,54634035808,FC24001062,33:00.0,Male,Black,16,Medium,Braided,Medium,NULL,,0,MA,,0
,54634037711,FC24001062,33:00.0,Male,White,20,Thin,Wavy,Fair,NULL,,0,MA,,0
,54634040603,FC24001062,33:00.0,Male,Black,33,Thin,Short,Dark Brown,Not of Hispanic Origin,,0,MA,Class D,0
,54634043282,FC24001062,33:00.0,Male,Black,15,Thin,Curly,Medium Brown,Unknown,,0,MA,,0
,54634045930,FC24001062,33:00.0,Male,White,15,Medium,Dreadlocks,Light Brown,Hispanic Origin,,0,MA,,0
,54634051236,FC24001062,33:00.0,Male,Black,38,Heavy,NULL,NULL,Hispanic Origin,,0,MA,,0
,54637783837,FC24001065,16:00.0,Male,Black,32,Medium,NULL,NULL,Not of Hispanic Origin,,0,MA,Class D,1
,54637783837,FC24001065,16:00.0,Male,Black,32,Medium,NULL,NULL,Not of Hispanic Origin,,0,MA,Class D,NULL
,54639359408,FC24001067,50:00.0,Male,Black,29,NULL,NULL,NULL,NULL,,0,MA,Class D,1
,54640652964,FC24001074,47:00.0,Male,White,18,NULL,NULL,NULL,Hispanic Origin,,0,NULL,,1
,54640653966,FC24001074,47:00.0,Male,Black,18,Medium,Short,Light Brown,Not of Hispanic Origin,,0,MA,,1
,54641795189,FC24001076,00:00.0,Male,White,25,Thin,Wavy,NULL,Unknown,,0,MA,,1
,54641987361,FC24001081,00:00.0,Male,Black,27,Thin,Braided,Medium Brown,Not of Hispanic Origin,,0,MA,,0
,54361901254,FC24000860,18:00.0,Male,White,21,Average,Braided,Freckled,Unknown,,0,MA,ID Only - Never had Personal Driver License,0
,54362064522,FC24000863,53:00.0,Male,Black,22,Thin,Unkempt,Medium Brown,Not of Hispanic Origin,,0,MA,Class D,1
,54362066071,FC24000863,53:00.0,Male,Black,23,Medium,Short,NULL,NULL,,0,MA,,1
,54362132576,FC24000864,10:00.0,Male,Unknown,55,Thin,Short,Dark,Unknown,,0,NULL,,0
,54362135940,FC24000864,10:00.0,Male,Black,40,Medium,NULL,NULL,Not of Hispanic Origin,,0,MA,Class D,0
,54378935748,FC24000870,27:00.0,Male,Black,27,Thin,Dreadlocks,Dark Brown,Not of Hispanic Origin,,0,MA,,0
,54403548004,FC24000880,38:00.0,Male,Black,19,Medium,Short,Medium Brown,NULL,,0,MA,,1
,54405557618,FC24000884,00:00.0,Male,Unknown,15,NULL,NULL,NULL,Hispanic Origin,,0,NULL,,1
,54405561215,FC24000884,00:00.0,Male,Unknown,20,NULL,NULL,NULL,Unknown,,0,NULL,,1
,54405576381,FC24000884,00:00.0,Male,White,19,NULL,NULL,NULL,Hispanic Origin,,0,NULL,,1
,54405580164,FC24000884,00:00.0,Male,White,18,NULL,NULL,NULL,Hispanic Origin,,0,NULL,,1
,54405588156,FC24000884,00:00.0,Male,White,20,NULL,Short,Light,Hispanic Origin,,0,MA,,1
,54405593883,FC24000884,00:00.0,Male,White,17,NULL,NULL,NULL,Hispanic Origin,,0,NULL,,1
,54405604613,FC24000886,30:00.0,Male,White,43,Stocky,Short,Light,Not of Hispanic Origin,,0,MA,,0
,54406364656,FC24000888,19:00.0,Male,White,54,Medium,NULL,NULL,Not of Hispanic Origin,,0,MA,Class D,0
,54577523197,FC24000989,30:00.0,Male,White,61,NULL,NULL,NULL,Not of Hispanic Origin,,0,MA,Class D,0
,54580325709,FC24000991,08:00.0,Male,White,34,Thin,NULL,NULL,Not of Hispanic Origin,,0,MA,,1
,54584629145,FC24000992,30:00.0,Male,White,40,Heavy,NULL,NULL,Not of Hispanic Origin,,0,MA,,1
,54588718031,FC24000996,37:00.0,Female,White,31,NULL,NULL,NULL,Hispanic Origin,,0,MA,Class D,0
,54588726171,FC24000996,37:00.0,Male,White,30,Heavy,NULL,NULL,Hispanic Origin,,0,MA,,NULL
,54589644421,FC24000998,49:00.0,Male,White,41,Medium,Short,Light Brown,Hispanic Origin,,0,MA,Other: Class M,1
,54589860378,FC24000999,30:00.0,Male,Black,25,Thin,Curly,Light Brown,Hispanic Origin,,0,MA,,0
,54591374570,FC24001002,31:00.0,Male,Black,22,NULL,NULL,NULL,Unknown,,0,MA,ID Only - Never had Personal Driver License,0
,54592441099,FC24001008,11:00.0,Male,Black,42,Medium,Braided,Dark,NULL,,0,MA,,0
,54601055906,FC24001015,46:00.0,Male,NULL,25,NULL,NULL,NULL,Not of Hispanic Origin,,0,MA,,1
,54602847541,FC24001018,37:00.0,Female,White,28,NULL,NULL,NULL,NULL,,0,NULL,,0
,54602866220,FC24001018,37:00.0,Male,Black,54,Thin,Short,Medium Brown,Not of Hispanic Origin,,0,MA,,0
,54605129455,FC24001020,30:00.0,Male,Black,29,Medium,Short,Medium Brown,Unknown,,0,MA,ID Only - Never had Personal Driver License,0
,54606235670,FC24001022,12:00.0,Male,White,41,Medium,NULL,Light,Hispanic Origin,,0,MA,,0
,54606236573,FC24001022,12:00.0,Male,White,45,Medium,NULL,NULL,Hispanic Origin,,0,MA,,0
,54526080124,FC24000928,42:00.0,Male,White,30,NULL,NULL,NULL,Not of Hispanic Origin,,0,WA,Class D,0
,54526095211,FC24000928,42:00.0,Male,White,20,NULL,NULL,NULL,Not of Hispanic Origin,,0,NH,,0
,54544645061,FC24000945,00:00.0,Male,NULL,16,NULL,NULL,NULL,Hispanic Origin,,0,NULL,,1
,54545387146,FC24000947,44:00.0,Male,White,52,Medium,Short,Medium,Not of Hispanic Origin,,0,MA,"ID - Had a License, now has ID",1
,54553278269,FC24000953,45:00.0,Male,White,30,Medium,NULL,NULL,Hispanic Origin,,0,MA,,1
,54553278269,FC24000953,45:00.0,Male,White,30,Medium,NULL,NULL,Hispanic Origin,,0,MA,,NULL
,54553622937,FC24000955,30:00.0,Male,Black,21,Medium,Afro,Medium,Unknown,,0,MA,Class D,0
,54559060940,FC24000956,00:00.0,Male,Black,40,Stocky,Short,Dark Brown,Not of Hispanic Origin,,0,MA,Class D,0
,54566194037,FC24000963,10:00.0,Male,Black,55,Muscular,Short,Medium Brown,Not of Hispanic Origin,,0,MA,Personal Driver License,1
,54566225695,FC24000963,10:00.0,Male,Black,31,Thin,NULL,NULL,Not of Hispanic Origin,,0,MA,,1
,54566424397,FC24000966,00:00.0,Male,Black,17,Medium,Afro,NULL,NULL,,0,MA,,1
,54566425905,FC24000966,00:00.0,Male,Black,33,Medium,NULL,Medium Brown,Not of Hispanic Origin,,0,MA,,1
,54566426287,FC24000966,00:00.0,Female,White,31,NULL,NULL,NULL,Hispanic Origin,,0,MA,Class D,0
,54566795308,FC24000967,46:00.0,Male,Black,25,Thin,Short,Dark Brown,Not of Hispanic Origin,,0,MA,Class D,0
,54606236990,FC24001022,12:00.0,Male,Black,52,Medium,Bald or Balding,Dark,Not of Hispanic Origin,,0,MA,,1
,54606641847,FC24001024,15:00.0,Male,Black,20,NULL,NULL,Medium Brown,Hispanic Origin,,0,MA,ID Only - Never had Personal Driver License,0
,54606645324,FC24001024,15:00.0,Male,Black,22,NULL,NULL,NULL,Hispanic Origin,,0,NULL,,0
,54606647813,FC24001024,15:00.0,Female,Black,26,NULL,NULL,NULL,Hispanic Origin,,0,MA,Class D,NULL
,54623248375,FC24001038,39:00.0,Male,White,30,Thin,Curly,Light,Hispanic Origin,,0,MA,Personal Driver License,0
,54623293577,FC24001038,39:00.0,Male,Black,26,Medium,NULL,NULL,Hispanic Origin,,0,MA,,NULL
,54624078497,FC24001041,32:00.0,Male,White,22,Thin,Braided,Light,NULL,,0,MA,Class D,1
,54632199696,FC24001056,20:00.0,Female,NULL,35,NULL,NULL,NULL,NULL,,0,NULL,,0
,54636235680,FC24001063,10:00.0,Male,Black,39,Medium,Short,Light Brown,NULL,,0,MA,,1
,54640041884,FC24001069,50:00.0,Female,White,25,NULL,NULL,NULL,NULL,,0,MA,Class D,0
,54640468272,FC24001071,34:00.0,Male,White,20,Thin,Wavy,Fair,NULL,,0,MA,,0
,54640468696,FC24001071,34:00.0,Male,Black,27,Thin,NULL,NULL,Not of Hispanic Origin,,0,MA,,0
,54640470408,FC24001071,34:00.0,Male,White,18,NULL,NULL,NULL,Hispanic Origin,,0,NULL,,0
,54641844763,FC24001077,40:00.0,Male,White,15,Thin,Curly,Light,NULL,,0,MA,,1
,54641847258,FC24001077,40:00.0,Male,White,20,Thin,Wavy,Fair,NULL,,0,MA,,1
,54641849327,FC24001077,40:00.0,Male,White,18,NULL,NULL,NULL,Hispanic Origin,,0,NULL,,0
,54641850657,FC24001077,40:00.0,Male,Black,15,Thin,Curly,Medium Brown,Unknown,,0,MA,,1
,54641852862,FC24001077,40:00.0,Male,Black,27,Thin,Braided,Medium Brown,Not of Hispanic Origin,,0,MA,,0
,54641854100,FC24001077,40:00.0,Male,Black,27,Thin,NULL,NULL,Not of Hispanic Origin,,0,MA,,0
,54641857920,FC24001077,40:00.0,Male,Black,15,Thin,Dreadlocks,Light Brown,NULL,,0,MA,,1
,54641903517,FC24001077,40:00.0,Male,White,15,Medium,Dreadlocks,Light Brown,Hispanic Origin,,0,MA,,0
,54641909014,FC24001078,00:00.0,Male,Black,19,Thin,Braided,Light Brown,Not of Hispanic Origin,,0,MA,Class D,1
,54641915749,FC24001078,00:00.0,Male,Black,18,Thin,NULL,Light Brown,Hispanic Origin,,0,MA,,1
,54641922063,FC24001078,00:00.0,Male,Black,NULL,NULL,NULL,NULL,NULL,,0,NULL,,1
,54642793102,FC24001085,58:00.0,Male,Black,22,NULL,NULL,Dark Brown,Not of Hispanic Origin,,0,MA,Class D,1
,54642795229,FC24001085,58:00.0,Male,Black,19,Thin,NULL,Dark Brown,Not of Hispanic Origin,,0,MA,,1
,54642797040,FC24001085,58:00.0,Male,Black,22,Medium,NULL,Medium,Not of Hispanic Origin,,0,MA,,1
,54642800777,FC24001085,58:00.0,Male,Black,22,Thin,Unkempt,Dark Brown,Not of Hispanic Origin,,0,MA,Class D,1
,54643128198,FC24001085,58:00.0,Male,Black,17,Medium,Afro,Medium Brown,Unknown,,0,NULL,,0
,54641988027,FC24001081,00:00.0,Male,Black,22,Medium,NULL,Dark Brown,Not of Hispanic Origin,,0,MA,,0
,54641991611,FC24001081,00:00.0,Male,Black,38,Heavy,NULL,NULL,Hispanic Origin,,0,MA,,0
,54646320174,FC24001087,45:00.0,Male,Black,46,Medium,Short,Medium Brown,Hispanic Origin,,0,MA,,0
,54647525092,FC24001090,10:00.0,Male,Black,28,Thin,Dreadlocks,NULL,Not of Hispanic Origin,,0,MA,Class D,1
,54647533429,FC24001091,58:00.0,Male,Unknown,15,NULL,NULL,NULL,Unknown,,0,NULL,,0
,54647542657,FC24001091,58:00.0,Male,Black,15,NULL,NULL,NULL,Not of Hispanic Origin,,0,NULL,,0
,54648424651,FC24001095,16:00.0,Male,White,37,NULL,NULL,NULL,Not of Hispanic Origin,,0,MA,Class D,0
,54648510727,FC24001096,30:00.0,Male,White,48,Thin,Short,Light,Not of Hispanic Origin,,0,MA,"ID - Had a License, now has ID",0
,54651031743,FC24001104,49:00.0,Male,White,30,Thin,NULL,NULL,Hispanic Origin,,0,MA,,0
,54656827936,FC24001108,05:00.0,Male,Black,53,Medium,Curly,NULL,Not of Hispanic Origin,,0,MA,"ID - Had a License, now has ID",0
,54656829680,FC24001108,05:00.0,Female,White,34,Thin,Wavy,Light,Unknown,,0,MA,,NULL
,54658880813,FC24001113,00:00.0,Male,Black,35,NULL,NULL,NULL,NULL,,0,NULL,,1
,54663790174,FC24001118,56:00.0,Male,Black,31,Thin,NULL,NULL,Not of Hispanic Origin,,0,MA,,1
,54663845671,FC24001118,56:00.0,Male,White,29,Medium,Short,NULL,Hispanic Origin,,0,MA,ID Only - Never had Personal Driver License,1
,54566802333,FC24000967,46:00.0,Male,Black,25,Medium,Short,Medium,Unknown,,0,MA,,0
,54566804207,FC24000967,46:00.0,Male,Black,21,NULL,NULL,NULL,Not of Hispanic Origin,,0,MA,,0
,54567217332,FC24000971,00:00.0,Male,White,25,Stocky,Wavy,Medium,Hispanic Origin,,0,MA,ID Only - Never had Personal Driver License,1
,54567217690,FC24000971,00:00.0,Male,White,28,Medium,NULL,NULL,Hispanic Origin,,0,MA,Class D,1
,54573301271,FC24000979,37:00.0,Male,Black,19,NULL,NULL,NULL,Hispanic Origin,,0,NULL,,1
,54577425912,FC24000988,26:00.0,Male,Unknown,16,NULL,NULL,NULL,NULL,,0,NULL,,1
,54588887585,FC24000997,30:00.0,Male,Black,34,Medium,NULL,NULL,Not of Hispanic Origin,,0,MA,,0
,54591551782,FC24001004,58:00.0,Male,Black,31,Medium,NULL,NULL,Not of Hispanic Origin,,0,MA,Class D,0
,54591556729,FC24001004,58:00.0,Female,Black,21,NULL,NULL,NULL,Not of Hispanic Origin,,0,MA,Class D,0
,54595226436,FC24001009,42:00.0,Male,White,66,NULL,NULL,NULL,Not of Hispanic Origin,,0,NULL,,0
,54604383392,FC24001019,27:00.0,Male,Black,53,Medium,Short,Light Brown,Unknown,,0,MA,,0
,54606688464,FC24001025,15:00.0,Female,Other,34,NULL,NULL,NULL,Hispanic Origin,,0,MA,Class D,0
,54606691880,FC24001025,15:00.0,Male,White,33,Thin,NULL,NULL,Hispanic Origin,,0,MA,,0
,54624436971,FC24001027,45:00.0,Male,Black,42,Thin,NULL,Medium,Not of Hispanic Origin,,0,MA,,0
,54624440634,FC24001027,45:00.0,Male,Black,25,Medium,Short,NULL,Hispanic Origin,,0,MA,,0
,54624442737,FC24001027,45:00.0,Female,Black,25,NULL,NULL,NULL,Unknown,,0,MA,Class D,0
,54624444305,FC24001027,45:00.0,Male,Black,32,Medium,Short,Medium Brown,Not of Hispanic Origin,,0,MA,Class D,0
,54619172329,FC24001033,00:00.0,Male,Black,29,Thin,NULL,NULL,Not of Hispanic Origin,,0,MA,,1
,54619176648,FC24001033,00:00.0,Female,Black,33,NULL,NULL,NULL,Unknown,,0,MA,Class D,1
,54622569905,FC24001037,00:00.0,Male,Black,21,Medium,Braided,Light Brown,Not of Hispanic Origin,,0,MA,,1
,54622572535,FC24001037,00:00.0,Male,White,15,Thin,Curly,Medium,Hispanic Origin,,0,MA,,1
,54622575942,FC24001037,00:00.0,Male,Black,17,Thin,NULL,Medium Brown,NULL,,0,MA,,1
,54622578708,FC24001037,00:00.0,Male,Black,16,Thin,Braided,Dark,Not of Hispanic Origin,,0,MA,,1
,54624158948,FC24001042,00:00.0,Male,Black,33,Medium,NULL,NULL,Not of Hispanic Origin,,0,MA,,0
,54624161074,FC24001042,00:00.0,Male,Unknown,33,Heavy,Dreadlocks,Medium,Not of Hispanic Origin,,0,MA,,0
,54624457082,FC24001043,37:00.0,Male,Black,30,Medium,Dreadlocks,Dark,Not of Hispanic Origin,,0,MA,,0
,54624458244,FC24001043,37:00.0,Female,Black,31,Medium,Braided,Medium Brown,Not of Hispanic Origin,,0,MA,,0
,54624800693,FC24001044,47:00.0,Female,Black,23,Heavy,Short,Dark,Unknown,,0,MA,Class D,1
,54624805800,FC24001044,47:00.0,Male,White,25,Medium,Short,Light,NULL,,0,MA,,1
,54423682406,FC24000892,45:00.0,Male,Black,16,Medium,Braided,Medium,NULL,,0,MA,,1
,54423684448,FC24000892,45:00.0,Male,Black,18,NULL,NULL,NULL,Hispanic Origin,,0,NULL,,1
,54423695698,FC24000892,45:00.0,Male,Black,NULL,NULL,NULL,NULL,NULL,,0,NULL,,1
,54423766892,FC24000892,45:00.0,Male,White,NULL,NULL,NULL,NULL,Hispanic Origin,,0,NULL,,1
,54423778485,FC24000892,45:00.0,Male,Other,17,NULL,NULL,NULL,Unknown,,0,NULL,,0
,54425338426,FC24000897,01:00.0,Male,White,47,NULL,NULL,NULL,Not of Hispanic Origin,,0,MA,Class D,1
,54425780767,FC24000899,30:00.0,Male,NULL,20,Thin,NULL,Medium,Hispanic Origin,,0,MA,,0
,54511015068,FC24000907,28:00.0,Female,Unknown,43,NULL,NULL,NULL,Not of Hispanic Origin,,0,CA,Other: CA,0
,54511243080,FC24000908,13:00.0,Male,Black,26,NULL,NULL,NULL,Hispanic Origin,,0,OTH,,0
,54511371417,FC24000908,13:00.0,Female,Unknown,41,NULL,NULL,NULL,Unknown,,0,MA,,0
,54512133589,FC24000908,13:00.0,Male,White,44,NULL,NULL,NULL,Hispanic Origin,,0,OTH,,0
,54513630665,FC24000913,23:00.0,Female,White,31,NULL,NULL,NULL,NULL,,0,MA,Class D,0
,54513633332,FC24000913,23:00.0,Male,White,40,NULL,NULL,NULL,Unknown,,0,MA,Class D,0
,54521296159,FC24000923,56:00.0,Male,White,20,NULL,NULL,NULL,NULL,,0,MA,Class D,0
,54521401418,FC24000924,30:00.0,Male,White,44,Thin,Short,Light,Not of Hispanic Origin,,0,MA,Class D,1
,54527680265,FC24000930,30:00.0,Male,Black,36,Stocky,NULL,NULL,Not of Hispanic Origin,,0,MA,Class D,1
,54665402513,FC24001120,13:00.0,Male,Black,15,NULL,NULL,NULL,Hispanic Origin,,0,NULL,,1
,54665423153,FC24001120,13:00.0,Male,Other,17,NULL,NULL,NULL,Hispanic Origin,,0,NULL,,1
,54673650566,FC24001121,12:00.0,Male,Black,43,Heavy,Braided,Light,Hispanic Origin,,0,MA,,0
,54677895960,FC24001124,21:00.0,Male,Black,32,Stocky,Dreadlocks,Medium Brown,Not of Hispanic Origin,,0,MA,,1
,54678557812,FC24001126,50:00.0,Female,White,44,Heavy,NULL,NULL,Not of Hispanic Origin,,0,MA,,0
,54678557812,FC24001126,50:00.0,Female,White,44,Heavy,NULL,NULL,Not of Hispanic Origin,,0,MA,,NULL
,54678562125,FC24001126,50:00.0,Male,Black,65,Thin,Bald or Balding,Light Brown,NULL,,0,MA,,0
,54682161190,FC24001127,35:00.0,Male,Black,19,Thin,Dreadlocks,Light,Hispanic Origin,,0,MA,ID Only - Never had Personal Driver License,1
,54682162121,FC24001127,35:00.0,Male,Black,19,NULL,NULL,NULL,Not of Hispanic Origin,,0,MA,,1
,54682180811,FC24001127,35:00.0,Male,Unknown,17,NULL,NULL,NULL,Unknown,,0,MA,ID Only - Never had Personal Driver License,1
,54682184783,FC24001127,35:00.0,Male,Black,22,Medium,NULL,NULL,Not of Hispanic Origin,,0,MA,Class D,1
,54684783583,FC24001129,29:00.0,Male,Black,30,Muscular,Short,Medium Brown,Not of Hispanic Origin,,0,MA,Class D,0
,54693111008,FC24001132,27:00.0,Male,Black,30,Muscular,Short,Medium Brown,Not of Hispanic Origin,,0,MA,Class D,1
,54694508539,FC24001134,45:00.0,Female,White,32,Thin,Wavy,Light,Not of Hispanic Origin,,0,MA,,0
,54648387142,FC24001094,45:00.0,Male,White,24,Thin,Short,Light,NULL,,0,MA,,1
,54648388071,FC24001094,45:00.0,Female,White,26,Thin,NULL,Fair,Hispanic Origin,,0,MA,Class D,0
,54648897563,FC24001097,30:00.0,Male,White,63,Medium,NULL,NULL,Not of Hispanic Origin,,0,MA,,0
,54648900757,FC24001097,30:00.0,Female,Black,49,Thin,Short,Medium Brown,Not of Hispanic Origin,,0,MA,Class D,NULL
,54649609750,FC24001100,15:00.0,Male,Black,40,Medium,NULL,NULL,Not of Hispanic Origin,,0,MA,,1
,54649613236,FC24001100,15:00.0,Female,Unknown,27,NULL,NULL,NULL,Not of Hispanic Origin,,0,NULL,,0
,54649621860,FC24001100,15:00.0,Male,White,25,NULL,NULL,NULL,Hispanic Origin,,0,MA,Class D,0
,54649629256,FC24001100,15:00.0,Male,Black,36,Medium,NULL,NULL,Hispanic Origin,,0,MA,,0
,54649635808,FC24001100,15:00.0,Male,Unknown,50,NULL,NULL,NULL,Unknown,,0,MA,Class D,0
,54649643927,FC24001101,43:00.0,Male,Unknown,27,NULL,NULL,NULL,Hispanic Origin,,0,NULL,,0
,54649648571,FC24001101,43:00.0,Male,Unknown,22,NULL,NULL,NULL,Hispanic Origin,,0,NULL,,0
,54650429069,FC24001103,19:00.0,Male,White,33,Medium,NULL,NULL,Hispanic Origin,,0,MA,,0
,54654621659,FC24001105,10:00.0,Male,White,31,NULL,NULL,NULL,Unknown,,0,MA,Class D,0
,54657023288,FC24001110,00:00.0,Male,Black,84,Medium,Short,Medium Brown,Not of Hispanic Origin,,0,MA,,1
,54658575029,FC24001112,02:00.0,Male,Black,14,Thin,Dreadlocks,Light Brown,Not of Hispanic Origin,,0,MA,,0
,54703524554,FC24001144,42:00.0,Male,Black,31,Medium,Dreadlocks,Dark Brown,Not of Hispanic Origin,,0,MA,Class D,0
,54712785982,FC24001151,15:00.0,Male,Black,17,NULL,NULL,NULL,Unknown,,0,NULL,,1
,54721860249,FC24001158,00:00.0,Female,White,36,Thin,NULL,NULL,Not of Hispanic Origin,,0,MA,,0
,54728128869,FC24001161,30:00.0,Male,Black,19,NULL,NULL,NULL,Not of Hispanic Origin,,0,NULL,,1
,54728132626,FC24001161,30:00.0,Male,White,21,Medium,Short,Medium Brown,Not of Hispanic Origin,,0,MA,ID Only - Never had Personal Driver License,1
,54728138218,FC24001161,30:00.0,Male,Black,21,Thin,Curly,Light Brown,NULL,,0,MA,,1
,54728494861,FC24001162,53:00.0,Male,Unknown,32,NULL,NULL,NULL,Hispanic Origin,,0,MA,Class D,0
,54728503822,FC24001162,53:00.0,Male,Unknown,30,NULL,NULL,NULL,Hispanic Origin,,0,MA,Class D,0
,54728745442,FC24001164,45:00.0,Male,Asian,31,Thin,NULL,NULL,Not of Hispanic Origin,,0,MA,,0
,54730577011,FC24001169,04:00.0,Male,White,45,NULL,NULL,NULL,Unknown,,0,MA,,0
,54730849142,FC24001170,28:00.0,Male,Black,59,NULL,NULL,NULL,Not of Hispanic Origin,,0,MA,Class D,0
,54730903024,FC24001171,24:00.0,Male,Black,20,NULL,NULL,NULL,NULL,,0,MA,Class D,0
,54730908874,FC24001171,24:00.0,Male,Unknown,21,NULL,NULL,NULL,NULL,,0,NULL,,0
,54732520696,FC24001174,50:00.0,Unknown,Unknown,NULL,NULL,NULL,NULL,Unknown,,0,NULL,,NULL
,54732523395,FC24001174,50:00.0,Male,Black,25,Medium,NULL,NULL,Not of Hispanic Origin,,0,MA,,1
,54658582480,FC24001112,02:00.0,Male,Black,15,NULL,NULL,NULL,Unknown,,0,NULL,,0
,54664852026,FC24001119,30:00.0,Male,White,38,Heavy,NULL,NULL,Hispanic Origin,,0,MA,,1
,54664915025,FC24001119,30:00.0,Male,Black,41,Thin,Short,Dark Brown,Not of Hispanic Origin,,0,MA,No License - Record Only,1
,54664955468,FC24001119,30:00.0,Male,Black,39,Medium,Dreadlocks,Medium Brown,Not of Hispanic Origin,,0,MA,,1
,54665080573,FC24001119,30:00.0,Female,White,46,NULL,NULL,NULL,Not of Hispanic Origin,,0,NULL,,1
,54691454302,FC24001130,00:00.0,Male,White,38,Thin,NULL,NULL,Hispanic Origin,,0,MA,Class D,NULL
,54691509329,FC24001130,00:00.0,Male,White,52,Medium,Short,Medium,Not of Hispanic Origin,,0,MA,"ID - Had a License, now has ID",0
,54702440611,FC24001140,28:00.0,Female,Black,50,Thin,Short,Medium Brown,Not of Hispanic Origin,,0,MA,"ID - Had a License, now has ID",0
,54702495885,FC24001141,00:00.0,Male,Black,15,Thin,Curly,Medium Brown,Unknown,,0,MA,,0
,54702498443,FC24001141,00:00.0,Male,Black,18,Medium,Short,Light Brown,Not of Hispanic Origin,,0,MA,,0
,54702501065,FC24001141,00:00.0,Male,Black,16,Medium,Braided,Medium,NULL,,0,MA,,1
,54702502674,FC24001141,00:00.0,Male,Black,27,Thin,Braided,Medium Brown,Not of Hispanic Origin,,0,MA,,0
,54702505916,FC24001141,00:00.0,Male,Black,33,Thin,Short,Dark Brown,Not of Hispanic Origin,,0,MA,Class D,0
,54702507561,FC24001141,00:00.0,Male,White,15,Medium,Dreadlocks,Light Brown,Hispanic Origin,,0,MA,,0
,54624807451,FC24001044,47:00.0,Female,White,22,NULL,NULL,NULL,Hispanic Origin,,0,NULL,,0
,54630325562,FC24001051,46:00.0,Male,White,50,NULL,NULL,NULL,Hispanic Origin,,0,MA,,0
,54630325562,FC24001051,46:00.0,Male,White,50,NULL,NULL,NULL,Hispanic Origin,,0,MA,,NULL
,54630336257,FC24001051,46:00.0,Unknown,NULL,29,NULL,NULL,NULL,NULL,,0,NULL,,0
,54630566002,FC24001052,19:00.0,Male,Unknown,78,NULL,NULL,NULL,NULL,,0,NULL,,0
,54630570819,FC24001052,19:00.0,Female,Unknown,NULL,NULL,NULL,NULL,NULL,,0,NULL,,NULL
,54631863557,FC24001055,06:00.0,Male,Black,18,NULL,NULL,NULL,Hispanic Origin,,0,MA,"ID - Had a License, now has ID",0
,54636264099,FC24001064,54:00.0,Male,Black,18,Thin,Afro,Light Brown,Unknown,,0,MA,,1
,54636268964,FC24001064,54:00.0,Male,Black,19,NULL,NULL,NULL,Not of Hispanic Origin,,0,NULL,,1
,54638862567,FC24001066,18:00.0,Female,White,58,Medium,NULL,NULL,Not of Hispanic Origin,,0,MA,,0
,54640484928,FC24001072,22:00.0,Male,Black,22,NULL,NULL,NULL,Not of Hispanic Origin,,0,MA,Class D,0
,54640624543,FC24001073,30:00.0,Male,Black,25,Thin,Afro,Dark,NULL,,0,MA,Class D,1
,54640624916,FC24001073,30:00.0,Male,Black,22,Medium,Short,Light Brown,Not of Hispanic Origin,,0,MA,,1
,54641937759,FC24001080,05:00.0,Male,White,39,NULL,NULL,NULL,Unknown,,0,NULL,,1
,54647239021,FC24001088,46:00.0,Male,Black,33,Medium,NULL,NULL,Not of Hispanic Origin,,0,MA,Class D,0
,54647371329,FC24001089,36:00.0,Female,Black,18,NULL,NULL,NULL,Not of Hispanic Origin,,0,NULL,,0
,54527842806,FC24000933,50:00.0,Male,White,16,NULL,NULL,NULL,Hispanic Origin,,0,NULL,,1
,54528048473,FC24000934,28:00.0,Male,Black,45,NULL,NULL,NULL,Not of Hispanic Origin,,0,MA,Class D,1
,54528138017,FC24000935,18:00.0,Male,Black,33,Thin,NULL,Dark Brown,Not of Hispanic Origin,,0,MA,Class D,0
,54529492261,FC24000936,03:00.0,Male,Black,26,Unknown,NULL,NULL,Not of Hispanic Origin,,0,MA,,1
,54529497067,FC24000936,03:00.0,Male,Black,34,Heavy,Braided,Dark Brown,Not of Hispanic Origin,,0,MA,Other: M,1
,54543893160,FC24000942,21:00.0,Male,Black,28,NULL,NULL,NULL,Not of Hispanic Origin,,0,NULL,,0
,54543967875,FC24000943,30:00.0,Male,Black,15,NULL,NULL,NULL,NULL,,0,NULL,,1
,54543969852,FC24000943,30:00.0,Male,Black,16,NULL,NULL,NULL,Hispanic Origin,,0,NULL,,1
,54545668767,FC24000944,52:00.0,Male,Black,17,Thin,Curly,NULL,Hispanic Origin,,0,MA,,0
,54545816464,FC24000948,00:00.0,Male,White,55,NULL,NULL,NULL,Not of Hispanic Origin,,0,NY,,0
,54545819481,FC24000948,00:00.0,Male,White,67,NULL,NULL,NULL,NULL,,0,MA,,0
,54546478091,FC24000951,39:00.0,Male,Black,28,Medium,NULL,NULL,Not of Hispanic Origin,,0,MA,Class D,1
,54563868242,FC24000958,55:00.0,Male,Black,36,Stocky,Short,Medium Brown,Not of Hispanic Origin,,0,MA,ID Only - Never had Personal Driver License,0
,54564937743,FC24000961,37:00.0,Male,Black,62,Medium,Bald or Balding,Light Brown,Not of Hispanic Origin,,0,MA,Class D,0
,54564939024,FC24000961,37:00.0,Female,White,60,Medium,NULL,NULL,Not of Hispanic Origin,,0,MA,Class D,NULL
,54744942311,FC24001187,55:00.0,Male,Black,32,Stocky,Short,NULL,Hispanic Origin,,0,MA,Class D,0
,54744946147,FC24001187,55:00.0,Female,White,36,Medium,Straight,Light,NULL,,0,MA,"ID - Had a License, now has ID",0
,54767799519,FC24001195,24:00.0,Female,White,24,NULL,NULL,NULL,Hispanic Origin,,0,MA,Class D,0
,54808064932,FC24001198,36:00.0,Male,White,19,NULL,NULL,NULL,Hispanic Origin,,0,MA,Class D,0
,54808071550,FC24001198,36:00.0,Male,White,18,Heavy,Afro,Light,NULL,,0,MA,,0
,54808586173,FC24001200,31:00.0,Male,White,47,Thin,NULL,NULL,Not of Hispanic Origin,,0,MA,,0
,54809347116,FC24001202,07:00.0,Male,Black,57,Thin,Short,Medium,Not of Hispanic Origin,,0,MA,,0
,54819806471,FC24001208,20:00.0,Male,White,31,Stocky,Short,OTHER,Hispanic Origin,,0,MA,"ID - Had a License, now has ID",0
,54829922019,FC24001213,50:00.0,Male,White,37,Thin,Straight,Light,Not of Hispanic Origin,,0,MA,,1
,54836675437,FC24001216,25:00.0,Male,Black,32,Thin,Dreadlocks,NULL,NULL,,0,MA,,0
,54836699443,FC24001216,25:00.0,Male,Black,28,Medium,NULL,NULL,Not of Hispanic Origin,,0,MA,,0
,54836713716,FC24001216,25:00.0,Female,Black,21,NULL,NULL,NULL,Unknown,,0,MA,Class D,0
,54843322651,FC24001218,55:00.0,Male,White,34,Medium,Dreadlocks,Medium,Not of Hispanic Origin,,0,MA,Class D,0
,54851126842,FC24001221,15:00.0,Male,White,39,Medium,NULL,NULL,Not of Hispanic Origin,,0,MA,,0
,54702510957,FC24001141,00:00.0,Male,White,27,Thin,Short,Light,Hispanic Origin,,0,MA,,0
,54702524572,FC24001141,00:00.0,Male,Black,40,Medium,Short,NULL,Not of Hispanic Origin,,0,MA,Class D,0
,54702529071,FC24001141,00:00.0,Male,Black,27,Thin,NULL,NULL,Not of Hispanic Origin,,0,MA,,0
,54714003455,FC24001156,00:00.0,Male,Unknown,21,NULL,NULL,NULL,NULL,,0,MA,Class D,0
,54727684834,FC24001160,30:00.0,Male,Black,38,Medium,NULL,NULL,Not of Hispanic Origin,,0,MA,Class D,0
,54733555617,FC24001176,36:00.0,Male,Black,26,Thin,NULL,NULL,Not of Hispanic Origin,,0,MA,,1
,54741848176,FC24001179,00:00.0,Female,White,36,NULL,NULL,NULL,Not of Hispanic Origin,,0,NULL,,0
,54743194837,FC24001180,00:00.0,Male,Black,21,NULL,NULL,NULL,Not of Hispanic Origin,,0,MA,Class D,1
,54744052804,FC24001185,33:00.0,Male,Black,19,NULL,NULL,NULL,Not of Hispanic Origin,,0,MA,Class D,0
,54753381949,FC24001190,15:00.0,Male,Black,22,Thin,NULL,NULL,Not of Hispanic Origin,,0,MA,,0
,54753382481,FC24001190,15:00.0,Female,Black,27,NULL,NULL,NULL,NULL,,0,MA,ID Only - Never had Personal Driver License,0
,54753383203,FC24001190,15:00.0,Female,Black,22,Thin,NULL,Dark Brown,Not of Hispanic Origin,,0,MA,,0
,54753389026,FC24001190,15:00.0,Male,NULL,21,Thin,Curly,Light Brown,Hispanic Origin,,0,MA,,0
,54755473176,FC24001192,43:00.0,Male,White,32,NULL,NULL,NULL,Not of Hispanic Origin,,0,NULL,,0
,54804520444,FC24001197,09:00.0,Male,Black,18,Thin,Afro,Light Brown,Unknown,,0,MA,,1
,54647375249,FC24001089,36:00.0,Male,Black,18,Medium,Unkempt,Medium Brown,NULL,,0,MA,,NULL
,54647764887,FC24001092,55:00.0,Male,Asian,45,NULL,NULL,NULL,Not of Hispanic Origin,,0,MA,Class D,0
,54656323961,FC24001107,55:00.0,Male,White,31,Medium,NULL,NULL,Hispanic Origin,,0,MA,,1
,54656859970,FC24001109,20:00.0,Male,Black,47,Thin,Short,Light,Hispanic Origin,,0,MA,,0
,54656865613,FC24001109,20:00.0,Male,Black,50,Medium,Short,Medium Brown,Hispanic Origin,,0,MA,,0
,54677768547,FC24001123,19:00.0,Male,Black,20,Medium,Braided,Medium Brown,Not of Hispanic Origin,,0,MA,,0
,54677934935,FC24001125,25:00.0,Male,White,47,NULL,NULL,NULL,Hispanic Origin,,0,NULL,,0
,54683485201,FC24001128,26:00.0,Female,White,33,NULL,NULL,NULL,Unknown,,0,MA,Class D,0
,54691993850,FC24001131,30:00.0,Female,Black,24,Medium,Dreadlocks,Dark Brown,Not of Hispanic Origin,,0,MA,No License - Record Only,0
,54692032255,FC24001131,30:00.0,Male,Black,23,Medium,NULL,Medium Brown,Not of Hispanic Origin,,0,MA,,NULL
,54692058632,FC24001131,30:00.0,Male,Black,27,Thin,Dreadlocks,Dark Brown,Not of Hispanic Origin,,0,MA,,NULL
,54692140503,FC24001131,30:00.0,Female,Black,21,Unknown,NULL,NULL,Not of Hispanic Origin,,0,MA,ID Only - Never had Personal Driver License,NULL
,54693254258,FC24001133,04:00.0,Male,White,68,Medium,Bald or Balding,Medium Brown,Unknown,,0,MA,,0
,54693276130,FC24001133,04:00.0,Male,Black,39,NULL,NULL,NULL,Not of Hispanic Origin,,0,NULL,,0
,54853131730,FC24001227,20:00.0,Male,Black,19,NULL,NULL,NULL,Not of Hispanic Origin,,0,NULL,,0
,54853298439,FC24001230,03:00.0,Male,Black,26,Medium,NULL,NULL,Not of Hispanic Origin,,0,MA,Class D,0
,54853301038,FC24001230,03:00.0,Male,Black,23,Thin,Braided,Medium Brown,Not of Hispanic Origin,,0,MA,Class D,0
,54853304010,FC24001230,03:00.0,Male,Black,29,Medium,NULL,Medium Brown,Not of Hispanic Origin,,0,MA,Class D,0
,54853992880,FC24001232,26:00.0,Male,Black,23,Thin,Braided,Medium Brown,Not of Hispanic Origin,,0,MA,Class D,1
,54853993638,FC24001232,26:00.0,Male,Black,26,Medium,NULL,NULL,Not of Hispanic Origin,,0,MA,Class D,1
,54854007068,FC24001232,26:00.0,Male,Black,22,NULL,NULL,NULL,Unknown,,0,MA,Class D,1
,54886429911,FC24001246,28:00.0,Male,Unknown,50,NULL,NULL,NULL,Not of Hispanic Origin,,0,MA,Class D,0
,54886442245,FC24001246,28:00.0,Male,Black,44,Thin,Afro,NULL,Not of Hispanic Origin,,0,MA,,0
,54888162070,FC24001248,18:00.0,Female,Black,30,NULL,NULL,NULL,NULL,,0,NULL,,0
,54888180523,FC24001248,18:00.0,Male,Black,29,Medium,Short,Medium Brown,NULL,,0,MA,,NULL
,54888463539,FC24001249,30:00.0,Male,Black,33,Thin,NULL,NULL,Not of Hispanic Origin,,0,MA,,0
,54903468893,FC24001252,19:00.0,Male,Black,34,Thin,Dreadlocks,Medium Brown,NULL,,0,MA,,1
,54903471935,FC24001252,19:00.0,Male,Black,35,NULL,NULL,NULL,NULL,,0,MA,Class D,1
,54903734768,FC24001255,00:00.0,Male,Unknown,45,NULL,NULL,NULL,Hispanic Origin,,0,NULL,,1
,54566340376,FC24000964,54:00.0,Male,White,55,NULL,NULL,NULL,Not of Hispanic Origin,,0,NULL,,0
,54566403891,FC24000965,00:00.0,Male,White,17,Thin,Dreadlocks,Light Brown,NULL,,0,MA,,1
,54566406591,FC24000965,00:00.0,Male,Black,15,Thin,Curly,Medium Brown,Unknown,,0,MA,,1
,54566999420,FC24000970,54:00.0,Female,Black,30,NULL,NULL,NULL,Unknown,,0,MA,Class D,0
,54567003546,FC24000970,54:00.0,Female,Black,23,Thin,Braided,Medium Brown,NULL,,0,MA,Class D,0
,54567005689,FC24000970,54:00.0,Male,Black,33,NULL,NULL,NULL,Unknown,,0,MA,Class D,0
,54577365438,FC24000985,55:00.0,Female,White,NULL,NULL,NULL,NULL,Not of Hispanic Origin,,0,NULL,,0
,54577377310,FC24000985,55:00.0,Male,White,49,NULL,NULL,NULL,Unknown,,0,NULL,,NULL
,54577362513,FC24000986,34:00.0,Male,White,24,NULL,NULL,NULL,Not of Hispanic Origin,,0,NULL,,NULL
,54577376782,FC24000986,34:00.0,Male,White,38,Medium,Bald or Balding,Medium,Unknown,,0,MA,ID Only - Never had Personal Driver License,0
,54577341687,FC24000987,45:00.0,Male,Black,16,NULL,NULL,NULL,Hispanic Origin,,0,NULL,,0
,54577347508,FC24000987,45:00.0,Male,Black,16,NULL,NULL,NULL,Hispanic Origin,,0,NULL,,0
,54577355579,FC24000987,45:00.0,Male,White,17,NULL,NULL,NULL,NULL,,0,MA,Class D,0
,54591040920,FC24001000,40:00.0,Female,White,31,NULL,NULL,NULL,Not of Hispanic Origin,,0,MA,Class D,1
,54591211611,FC24001001,00:00.0,Male,Unknown,20,NULL,NULL,NULL,NULL,,0,MA,Class D,1
,54591214011,FC24001001,00:00.0,Male,Unknown,19,NULL,NULL,NULL,Unknown,,0,MA,,1
,54694780796,FC24001135,50:00.0,Male,Black,36,Thin,Short,Medium Brown,Not of Hispanic Origin,,0,MA,,0
,54702126726,FC24001137,00:00.0,Male,Black,29,Medium,Short,Light Brown,Hispanic Origin,,0,MA,,1
,54702187262,FC24001138,30:00.0,Male,Black,18,Thin,Braided,Light Brown,Not of Hispanic Origin,,0,MA,None,1
,54703230810,FC24001143,27:00.0,Male,Black,45,Medium,NULL,NULL,Not of Hispanic Origin,,0,MA,,0
,54703235694,FC24001143,27:00.0,Female,Black,30,Medium,NULL,NULL,Not of Hispanic Origin,,0,GA,CDL Class C,0
,54707632182,FC24001145,00:00.0,Male,Black,16,Heavy,Afro,Medium,NULL,,0,MA,,1
,54708982993,FC24001146,00:00.0,Female,Unknown,22,NULL,NULL,NULL,Unknown,,0,NULL,,0
,54710256805,FC24001149,00:00.0,Male,Black,39,Medium,Short,Medium,Unknown,,0,MA,"ID - Had a License, now has ID",1
,54712312777,FC24001150,00:00.0,Male,Black,32,NULL,NULL,NULL,Not of Hispanic Origin,,0,NULL,,1
,54712315197,FC24001150,00:00.0,Male,NULL,49,NULL,NULL,NULL,Not of Hispanic Origin,,0,MA,,1
,54713166922,FC24001153,51:00.0,Female,Black,33,Heavy,Afro,Medium Brown,Hispanic Origin,,0,MA,Class D,0
,54713168168,FC24001153,51:00.0,Female,Black,44,Medium,Braided,Light Brown,Not of Hispanic Origin,,0,MA,"ID - Had a License, now has ID",NULL
,54713204780,FC24001154,00:00.0,Male,Black,17,Medium,Afro,NULL,Unknown,,0,MA,,1
,54713210647,FC24001154,00:00.0,Male,Black,36,Medium,Short,Medium Brown,Not of Hispanic Origin,,0,MA,ID Only - Never had Personal Driver License,0
,54808178383,FC24001199,49:00.0,Male,White,43,Heavy,Bald or Balding,Medium,Hispanic Origin,,0,MA,ID Only - Never had Personal Driver License,1
,54808909975,FC24001201,00:00.0,Male,Black,24,Thin,Dreadlocks,Light Brown,Not of Hispanic Origin,,0,MA,Other: Suspended ,1
,54811211247,FC24001205,23:00.0,Female,Unknown,31,NULL,NULL,NULL,Unknown,,0,TX,,0
,54811490859,FC24001205,23:00.0,Male,Unknown,29,NULL,NULL,NULL,Unknown,,0,NULL,,0
,54853200076,FC24001228,52:00.0,Male,Black,26,Medium,Corn Rows,Medium Brown,Hispanic Origin,,0,MA,Class D,1
,54854471666,FC24001234,23:00.0,Female,White,60,NULL,NULL,NULL,NULL,,0,MA,,0
,54854484178,FC24001234,23:00.0,Male,Black,55,NULL,NULL,NULL,NULL,,0,NULL,,0
,54854489500,FC24001234,23:00.0,Female,White,39,Thin,Straight,Light,Not of Hispanic Origin,,0,MA,"ID - Had a License, now has ID",0
,54855586130,FC24001239,17:00.0,Male,Black,59,NULL,NULL,NULL,Not of Hispanic Origin,,0,MA,Class D,0
,54890619659,FC24001250,32:00.0,Male,Black,24,Medium,NULL,NULL,Not of Hispanic Origin,,0,MA,Class D,1
,54890624053,FC24001250,32:00.0,Male,Black,24,Medium,Short,Light Brown,Not of Hispanic Origin,,0,MA,Class D,1
,54890629737,FC24001250,32:00.0,Male,Black,25,Heavy,NULL,NULL,Not of Hispanic Origin,,0,MA,,1
,54907034449,FC24001256,00:00.0,Male,Black,19,NULL,NULL,NULL,Not of Hispanic Origin,,0,MA,Class D,0
,54908768074,FC24001257,55:00.0,Male,Black,14,NULL,NULL,NULL,NULL,,0,NULL,,0
,54721947316,FC24001159,58:00.0,Male,White,52,Thin,Short,Light,Not of Hispanic Origin,,0,MA,,1
,54728532063,FC24001163,20:00.0,Male,White,26,Thin,NULL,NULL,Hispanic Origin,,0,MA,ID Only - Never had Personal Driver License,0
,54728538337,FC24001163,20:00.0,Male,Black,26,Medium,Short,Medium Brown,Hispanic Origin,,0,MA,"ID - Had a License, now has ID",0
,54728542732,FC24001163,20:00.0,Male,Black,16,Medium,Braided,Medium,NULL,,0,MA,,0
,54728548377,FC24001163,20:00.0,Male,Black,33,Thin,Short,Dark Brown,Not of Hispanic Origin,,0,MA,Class D,0
,54728552731,FC24001163,20:00.0,Male,White,20,Thin,Wavy,Fair,Unknown,,0,MA,,0
,54728761427,FC24001165,39:00.0,Male,Black,25,NULL,NULL,NULL,NULL,,0,NULL,,1
,54729049002,FC24001166,09:00.0,Male,Black,52,Medium,NULL,NULL,Hispanic Origin,,0,MA,,1
,54729198633,FC24001167,55:00.0,Male,White,35,Thin,NULL,NULL,Hispanic Origin,,0,MA,Class D,0
,54729932594,FC24001168,28:00.0,Male,Black,29,NULL,NULL,NULL,Not of Hispanic Origin,,0,MA,Class D,0
,54729946773,FC24001168,28:00.0,Male,Black,30,Medium,Curly,Medium,Not of Hispanic Origin,,0,MA,Class D,0
,54729953038,FC24001168,28:00.0,Male,Black,26,NULL,NULL,NULL,Not of Hispanic Origin,,0,MA,Class D,0
,54743655802,FC24001182,49:00.0,Female,White,30,NULL,NULL,NULL,Not of Hispanic Origin,,0,NULL,,0
,54743657917,FC24001182,49:00.0,Male,White,25,Medium,NULL,NULL,Hispanic Origin,,0,MA,,0
,54591755496,FC24001005,25:00.0,Male,Black,24,NULL,NULL,NULL,Hispanic Origin,,0,MA,,0
,54591785971,FC24001005,25:00.0,Male,Black,NULL,NULL,NULL,NULL,Hispanic Origin,,0,NULL,,0
,54600461381,FC24001012,35:00.0,Male,Black,23,Thin,Curly,Light Brown,Hispanic Origin,,0,MA,ID Only - Never had Personal Driver License,1
,54600714047,FC24001013,49:00.0,Male,Black,21,Thin,Braided,Medium Brown,Not of Hispanic Origin,,0,MA,,0
,54600735636,FC24001013,49:00.0,Female,Unknown,21,NULL,NULL,NULL,Unknown,,0,MA,,0
,54601901947,FC24001016,25:00.0,Male,Black,23,Medium,Dreadlocks,Medium Brown,Not of Hispanic Origin,,0,MA,,1
,54606843003,FC24001028,45:00.0,Male,Black,18,NULL,NULL,NULL,Not of Hispanic Origin,,0,NULL,,0
,54606844408,FC24001028,45:00.0,Male,Black,15,NULL,NULL,NULL,NULL,,0,NULL,,0
,54606846120,FC24001028,45:00.0,Male,Black,20,Thin,Dreadlocks,Medium Brown,Not of Hispanic Origin,,0,MA,None,0
,54614038752,FC24001029,30:00.0,Male,Black,20,NULL,NULL,NULL,Unknown,,0,MA,Instruction Permit,0
,54614043626,FC24001029,30:00.0,Male,Black,22,NULL,NULL,NULL,Not of Hispanic Origin,,0,NULL,,0
,54614135018,FC24001029,30:00.0,Male,Black,19,NULL,NULL,NULL,NULL,,0,NULL,,0
,54618343254,FC24001031,11:00.0,Male,Black,18,NULL,NULL,NULL,Not of Hispanic Origin,,0,NULL,,0
,54619816176,FC24001035,30:00.0,Male,White,28,Thin,Braided,Light,Hispanic Origin,,0,MA,,0
,54620156169,FC24001036,42:00.0,Female,NULL,NULL,NULL,NULL,NULL,NULL,,0,NULL,,0
,54623611595,FC24001039,35:00.0,NULL,Unknown,NULL,NULL,NULL,NULL,NULL,,0,NULL,,0
,54625748946,FC24001046,49:00.0,Male,Black,23,NULL,NULL,NULL,Unknown,,0,MA,Class D,0
,54627757512,FC24001048,11:00.0,Male,Black,43,Heavy,NULL,NULL,Not of Hispanic Origin,,0,MA,,1
,54627811713,FC24001049,11:00.0,Male,Unknown,29,NULL,NULL,NULL,NULL,,0,MA,Class D,0
,54627811871,FC24001049,11:00.0,Female,Unknown,59,NULL,NULL,NULL,Unknown,,0,MA,Class D,NULL
,54631063438,FC24001053,50:00.0,Male,White,18,NULL,NULL,NULL,Hispanic Origin,,0,NULL,,1
,54631066577,FC24001053,50:00.0,Male,Black,24,Thin,Afro,Dark,Not of Hispanic Origin,,0,MA,,1
,54631068812,FC24001053,50:00.0,Male,Black,16,Medium,Braided,Medium,NULL,,0,MA,,1
,54631070480,FC24001053,50:00.0,Male,White,20,Thin,Wavy,Fair,NULL,,0,MA,,1
,54631432990,FC24001054,04:00.0,Male,Black,31,Medium,NULL,NULL,Not of Hispanic Origin,,0,MA,,1
,54633354465,FC24001059,20:00.0,Male,Black,15,Thin,Curly,Medium Brown,Unknown,,0,MA,,0
,54633357271,FC24001059,20:00.0,Male,Black,16,Medium,Braided,Medium,NULL,,0,MA,,0
,54633360357,FC24001059,20:00.0,Male,White,15,Medium,Dreadlocks,Light Brown,Hispanic Origin,,0,MA,,0
,54633362179,FC24001059,20:00.0,Male,White,20,Thin,Wavy,Fair,NULL,,0,MA,,1
,54633488434,FC24001059,20:00.0,Male,White,18,NULL,NULL,NULL,Hispanic Origin,,0,NULL,,1
,54639602018,FC24001068,30:00.0,Male,White,44,Thin,Short,Light,Not of Hispanic Origin,,0,MA,No License - Record Only,0
,54743661241,FC24001182,49:00.0,Male,Black,36,Medium,NULL,NULL,Hispanic Origin,,0,MA,,NULL
,54744032147,FC24001183,48:00.0,Male,Unknown,29,NULL,NULL,NULL,Unknown,,0,MA,Class D,0
,54743958297,FC24001184,56:00.0,Male,Black,33,Stocky,NULL,NULL,Not of Hispanic Origin,,0,MA,,0
,54744429684,FC24001186,30:00.0,Male,Black,29,Heavy,NULL,NULL,Not of Hispanic Origin,,0,MA,,0
,54745927301,FC24001189,37:00.0,Male,White,32,Thin,NULL,NULL,Not of Hispanic Origin,,0,MA,,1
,54745939391,FC24001189,37:00.0,Male,Black,32,Thin,NULL,NULL,Not of Hispanic Origin,,0,MA,"ID - Had a License, now has ID",1
,54745941031,FC24001189,37:00.0,Male,Black,28,NULL,NULL,NULL,Unknown,,0,MA,Class D,1
,54745949203,FC24001189,37:00.0,Male,Black,32,Medium,Curly,Light Brown,Hispanic Origin,,0,MA,Class D,NULL
,54755728069,FC24001193,58:00.0,Male,White,43,Obese,Curly,Medium,NULL,,0,MA,,1
,54755728874,FC24001193,58:00.0,Female,White,37,Thin,Curly,Light,Hispanic Origin,,0,MA,,0
,54770143904,FC24001196,15:00.0,Male,White,31,NULL,NULL,NULL,Not of Hispanic Origin,,0,AZ,ID Only - Never had Personal Driver License,1
,54820608280,FC24001210,00:00.0,Male,Black,19,NULL,NULL,NULL,Not of Hispanic Origin,,0,NULL,,0
,54826998339,FC24001212,00:00.0,Female,White,46,Medium,NULL,NULL,Not of Hispanic Origin,,0,MA,None,0
,54827005004,FC24001212,00:00.0,Male,Black,33,Thin,Curly,Medium,Not of Hispanic Origin,,0,MA,ID Only - Never had Personal Driver License,0
,54827006623,FC24001212,00:00.0,Female,Black,34,Thin,Afro,Dark Brown,NULL,,0,MA,,0
,54827010907,FC24001212,00:00.0,Male,Black,54,Medium,NULL,NULL,Not of Hispanic Origin,,0,MA,,0
,54827012491,FC24001212,00:00.0,Male,Black,41,Medium,NULL,NULL,Not of Hispanic Origin,,0,MA,,0
,54827015189,FC24001212,00:00.0,Female,White,32,Medium,NULL,NULL,Not of Hispanic Origin,,0,MA,"ID - Had a License, now has ID",0
,54827017144,FC24001212,00:00.0,Male,Black,50,Thin,Dreadlocks,Dark Brown,Not of Hispanic Origin,,0,MA,"ID - Had a License, now has ID",0
,54829892223,FC24001214,56:00.0,Male,Black,25,Heavy,Short,Dark Brown,Not of Hispanic Origin,,0,MA,,1
,54829898041,FC24001214,56:00.0,Male,Black,33,Thin,Dreadlocks,Medium Brown,Not of Hispanic Origin,,0,MA,ID Only - Never had Personal Driver License,0
,54829906960,FC24001214,56:00.0,Male,White,29,NULL,NULL,NULL,Not of Hispanic Origin,,0,MA,"ID - Had a License, now has ID",0
,54837223463,FC24001217,45:00.0,Male,White,44,Medium,NULL,NULL,Hispanic Origin,,0,MA,,0
,54847097006,FC24001219,05:00.0,Female,Black,23,Medium,NULL,Light,Not of Hispanic Origin,,0,MA,,0
,54851639419,FC24001223,16:00.0,Male,Black,33,Medium,NULL,NULL,Not of Hispanic Origin,,0,MA,,0
,54851640715,FC24001223,16:00.0,Male,Black,21,Thin,Bald or Balding,Dark Brown,Not of Hispanic Origin,,0,MA,,1
,54852599699,FC24001225,14:00.0,Male,Black,32,Thin,Dreadlocks,Medium Brown,Not of Hispanic Origin,,0,MA,Class D,1
,54640709897,FC24001075,58:00.0,Male,White,20,Thin,Wavy,Fair,NULL,,0,MA,,1
,54640722880,FC24001075,58:00.0,Male,Black,20,Thin,Curly,Light Brown,Hispanic Origin,,0,MA,,1
,54640778355,FC24001075,58:00.0,Male,White,15,Thin,Curly,Light,Hispanic Origin,,0,MA,None,1
,54640802453,FC24001075,58:00.0,Male,White,29,Thin,NULL,NULL,Hispanic Origin,,0,MA,Other: Class M,0
,54640838008,FC24001075,58:00.0,Male,White,15,Medium,Dreadlocks,Light Brown,Hispanic Origin,,0,MA,,1
,54642063519,FC24001083,54:00.0,Male,Black,18,Thin,Afro,Light Brown,Unknown,,0,MA,,0
,54642066739,FC24001083,54:00.0,Male,Black,19,Medium,Braided,NULL,Hispanic Origin,,0,MA,ID Only - Never had Personal Driver License,0
,54646301910,FC24001086,57:00.0,Male,Black,44,Obese,NULL,NULL,Not of Hispanic Origin,,0,MA,Class D,1
,54649044665,FC24001098,02:00.0,Male,White,22,Thin,NULL,NULL,Hispanic Origin,,0,MA,,0
,54649053083,FC24001098,02:00.0,Male,Black,20,Thin,Braided,Light Brown,Hispanic Origin,,0,MA,,0
,54649117011,FC24001098,02:00.0,Male,Black,20,NULL,NULL,NULL,Hispanic Origin,,0,NULL,,0
,54649122544,FC24001098,02:00.0,Male,Black,22,Thin,Dreadlocks,Dark,Hispanic Origin,,0,MA,,0
,54649132761,FC24001098,02:00.0,Male,Black,19,NULL,NULL,NULL,Hispanic Origin,,0,NULL,,0
,54649310809,FC24001099,00:00.0,Male,Black,29,NULL,NULL,NULL,NULL,,0,NULL,,0
,54656274431,FC24001106,15:00.0,Male,White,31,Thin,NULL,Light Brown,Hispanic Origin,,0,MA,,0
,54658262917,FC24001111,32:00.0,Female,White,26,Thin,NULL,Fair,Hispanic Origin,,0,MA,Class D,0
,54659046179,FC24001114,02:00.0,Male,White,39,Thin,Short,Medium,Not of Hispanic Origin,,0,MA,Class D,0
,54660575547,FC24001116,30:00.0,Female,Black,20,NULL,NULL,NULL,Not of Hispanic Origin,,0,MA,Class D,0
,54660621895,FC24001116,30:00.0,Female,Black,66,NULL,NULL,NULL,Not of Hispanic Origin,,0,MA,Class D,0
,54675022194,FC24001122,48:00.0,Male,NULL,40,NULL,NULL,NULL,NULL,,0,MA,,0
,54701878678,FC24001136,51:00.0,Male,White,25,NULL,NULL,NULL,Hispanic Origin,,0,MA,Class D,0
,54702630255,FC24001142,17:00.0,Male,Black,23,Thin,Short,Medium,Not of Hispanic Origin,,0,MA,ID Only - Never had Personal Driver License,1
,54709442217,FC24001147,26:00.0,Male,White,29,Thin,NULL,NULL,Not of Hispanic Origin,,0,MA,ID Only - Never had Personal Driver License,0
,54709447281,FC24001147,26:00.0,NULL,NULL,NULL,NULL,NULL,NULL,NULL,,0,NULL,,1
,54710140221,FC24001148,19:00.0,Male,White,23,Thin,Afro,Medium,Hispanic Origin,,0,MA,"ID - Had a License, now has ID",1
,54710148947,FC24001148,19:00.0,Male,Unknown,24,NULL,NULL,NULL,Hispanic Origin,,0,MA,Class D,1
,54713910106,FC24001155,54:00.0,Male,Black,38,Thin,NULL,NULL,Not of Hispanic Origin,,0,MA,,0
,54719756604,FC24001157,47:00.0,Male,Black,36,Medium,NULL,NULL,Hispanic Origin,,0,MA,,0
,54720468996,FC24001157,47:00.0,Female,White,30,NULL,NULL,NULL,Not of Hispanic Origin,,0,NULL,,0
,54852912082,FC24001226,03:00.0,Male,White,43,Medium,Crew Cut,Medium Brown,Hispanic Origin,,0,MA,,0
,54853230010,FC24001229,01:00.0,Male,Black,38,Medium,NULL,NULL,Not of Hispanic Origin,,0,MA,Class D,0
,54853837862,FC24001231,30:00.0,Male,White,46,NULL,NULL,NULL,Not of Hispanic Origin,,0,NULL,,0
,54854895060,FC24001236,00:00.0,Male,Black,63,NULL,NULL,NULL,NULL,,0,MA,Class D,0
,54855323091,FC24001237,11:00.0,Male,Black,35,NULL,NULL,NULL,Unknown,,0,MA,Class D,0
,54855425892,FC24001238,06:00.0,Male,NULL,48,NULL,NULL,NULL,Not of Hispanic Origin,,0,MA,,0
,54868063824,FC24001242,49:00.0,Male,White,39,NULL,NULL,NULL,NULL,,0,NULL,,0
,54868110633,FC24001242,49:00.0,Female,Black,38,Medium,Short,NULL,Not of Hispanic Origin,,0,MA,,0
,54868209852,FC24001242,49:00.0,Male,Black,51,Thin,NULL,NULL,Not of Hispanic Origin,,0,MA,,0
,54875733840,FC24001243,00:00.0,Male,Black,35,Medium,NULL,NULL,Not of Hispanic Origin,,0,MA,,1
,54881057075,FC24001244,15:00.0,Male,Black,31,Thin,Braided,Dark Brown,Not of Hispanic Origin,,0,MA,,0
,54881101346,FC24001244,15:00.0,Male,White,47,NULL,NULL,NULL,NULL,,0,NULL,,0
,54881184235,FC24001244,15:00.0,Male,White,55,Stocky,NULL,NULL,Not of Hispanic Origin,,0,MA,,0
,54884025041,FC24001245,39:00.0,Male,White,48,Thin,NULL,NULL,Not of Hispanic Origin,,0,MA,"ID - Had a License, now has ID",0
,54903512058,FC24001253,47:00.0,Female,Black,24,NULL,NULL,NULL,Unknown,,0,MA,Class D,0
,54731805994,FC24001172,33:00.0,Male,White,37,Thin,Short,Light,Not of Hispanic Origin,,0,MA,ID Only - Never had Personal Driver License,1
,54732509196,FC24001173,39:00.0,Male,NULL,33,NULL,NULL,NULL,Not of Hispanic Origin,,0,MA,,1
,54732642020,FC24001175,12:00.0,Male,Black,30,Muscular,Dreadlocks,Medium Brown,Not of Hispanic Origin,,0,MA,ID Only - Never had Personal Driver License,0
,54732716923,FC24001175,12:00.0,Male,Black,26,Thin,Dreadlocks,Medium,Hispanic Origin,,0,MA,,0
,54732745072,FC24001175,12:00.0,Female,Black,19,NULL,NULL,NULL,Not of Hispanic Origin,,0,MA,Class D,0
,54741226280,FC24001178,55:00.0,Male,NULL,NULL,NULL,NULL,NULL,NULL,,0,NULL,,1
,54743269259,FC24001181,53:00.0,Male,Black,27,NULL,NULL,NULL,Unknown,,0,NULL,,NULL
,54743275341,FC24001181,53:00.0,Male,Black,19,NULL,NULL,NULL,Not of Hispanic Origin,,0,MA,ID Only - Never had Personal Driver License,1
,54745662665,FC24001188,30:00.0,Male,Black,16,NULL,NULL,NULL,Not of Hispanic Origin,,0,NULL,,1
,54745668625,FC24001188,30:00.0,Male,Black,14,NULL,NULL,NULL,Not of Hispanic Origin,,0,NULL,,1
,54755443797,FC24001191,43:00.0,Male,Black,22,NULL,NULL,NULL,Not of Hispanic Origin,,0,MA,Class D,1
,54755445497,FC24001191,43:00.0,Male,Black,20,Thin,NULL,NULL,Not of Hispanic Origin,,0,MA,,1
,54755966447,FC24001194,52:00.0,Male,Black,37,NULL,NULL,NULL,Not of Hispanic Origin,,0,MA,,NULL
,54755970854,FC24001194,52:00.0,Male,Black,31,Medium,NULL,NULL,Not of Hispanic Origin,,0,MA,Class D,0
,54811638849,FC24001206,56:00.0,Male,White,23,NULL,NULL,NULL,Not of Hispanic Origin,,0,MA,ID Only - Never had Personal Driver License,0
,54818278879,FC24001207,45:00.0,Male,Unknown,25,NULL,NULL,NULL,Hispanic Origin,,0,MA,Class D,0
,54820164031,FC24001209,25:00.0,Male,Unknown,24,NULL,NULL,NULL,Unknown,,0,NY,,0
,54824379549,FC24001211,47:00.0,Male,Black,57,Thin,Bald or Balding,Dark,Not of Hispanic Origin,,0,GA,"ID - Had a License, now has ID",0
,54850651963,FC24001220,10:00.0,Male,Black,37,Medium,Braided,Dark Brown,Not of Hispanic Origin,,0,MA,Class D,0
,54850664370,FC24001220,10:00.0,Male,Black,27,Medium,NULL,NULL,Not of Hispanic Origin,,0,MA,,0
,54850671756,FC24001220,10:00.0,Male,Black,26,Thin,NULL,NULL,Not of Hispanic Origin,,0,MA,,0
,54851626427,FC24001222,00:00.0,Female,White,31,Heavy,NULL,NULL,Hispanic Origin,,0,MA,Class D,0
,54851630279,FC24001222,00:00.0,Male,Black,33,Thin,Short,Dark Brown,Not of Hispanic Origin,,0,MA,Class D,0
,54851632183,FC24001222,00:00.0,Male,White,26,Thin,NULL,NULL,Hispanic Origin,,0,MA,ID Only - Never had Personal Driver License,0
,54851634527,FC24001222,00:00.0,Male,Black,31,Medium,Short,Medium,Not of Hispanic Origin,,0,MA,,0
,54851899834,FC24001224,20:00.0,Male,White,39,Muscular,Short,Light,Not of Hispanic Origin,,0,MA,,0
,54854004295,FC24001233,00:00.0,Male,Black,32,Medium,NULL,NULL,Not of Hispanic Origin,,0,MA,,0
,54854011497,FC24001233,00:00.0,Male,Black,34,Medium,NULL,NULL,Not of Hispanic Origin,,0,MA,,0
,54903514630,FC24001253,47:00.0,Male,Black,27,Obese,Short,Dark Brown,Not of Hispanic Origin,,0,MA,,NULL
,54938341911,FC24001263,45:00.0,Male,Unknown,55,NULL,NULL,NULL,Unknown,,0,NULL,,0
,54938863472,FC24001266,19:00.0,Male,Black,40,Heavy,Dreadlocks,Medium,Not of Hispanic Origin,,0,MA,,0
,54943129445,FC24001269,22:00.0,Male,Black,22,Thin,Short,Dark Brown,Not of Hispanic Origin,,0,MA,,1
,54943144525,FC24001269,22:00.0,Male,Black,23,Heavy,NULL,NULL,Hispanic Origin,,0,MA,Class D,1
,54966006152,FC24001289,41:00.0,Female,Black,24,Thin,Straight,Medium,Not of Hispanic Origin,,0,MA,,0
,54966009000,FC24001289,41:00.0,Male,White,28,Thin,Short,Light Brown,Hispanic Origin,,0,MA,Class D,NULL
,54974131401,FC24001299,00:00.0,Male,Black,55,Medium,NULL,Dark Brown,Not of Hispanic Origin,,0,MA,"ID - Had a License, now has ID",1
,54974405667,FC24001302,30:00.0,Male,Black,31,NULL,NULL,NULL,Not of Hispanic Origin,,0,NULL,,1
,54974553050,FC24001304,06:00.0,Male,Black,34,Thin,NULL,NULL,Not of Hispanic Origin,,0,MA,,1
,54974555269,FC24001304,06:00.0,Male,Black,34,Medium,Braided,Medium Brown,Not of Hispanic Origin,,0,MA,,1
,54974559564,FC24001304,06:00.0,Male,Black,31,Medium,NULL,NULL,Not of Hispanic Origin,,0,MA,,NULL
,54976617129,FC24001311,36:00.0,Male,Unknown,16,NULL,NULL,NULL,NULL,,0,NULL,,1
,54976622162,FC24001311,36:00.0,Male,Unknown,17,NULL,NULL,NULL,NULL,,0,NULL,,1
,54976628905,FC24001311,36:00.0,Male,Unknown,17,NULL,NULL,NULL,NULL,,0,NULL,,1
,54854503610,FC24001235,10:00.0,Male,White,38,Thin,Short,Light,Not of Hispanic Origin,,0,MA,,0
,54856423653,FC24001240,38:00.0,Male,Black,42,Thin,Dreadlocks,Dark,Not of Hispanic Origin,,0,MA,Class D,1
,54860667712,FC24001241,15:00.0,Female,Black,19,NULL,NULL,NULL,NULL,,0,MA,Class D,0
,54902723870,FC24001251,50:00.0,Male,White,53,Medium,Bald or Balding,Medium,Hispanic Origin,,0,MA,,0
,54902742561,FC24001251,50:00.0,Male,White,28,NULL,NULL,NULL,Unknown,,0,NULL,,0
,54902769436,FC24001251,50:00.0,Male,Black,57,Thin,Curly,Light Brown,Hispanic Origin,,0,MA,Class D,0
,54902838464,FC24001251,50:00.0,Female,White,34,NULL,NULL,NULL,NULL,,0,MA,,0
,54903691520,FC24001254,22:00.0,Male,White,20,NULL,NULL,NULL,Hispanic Origin,,0,MA,Class D,0
,54903693613,FC24001254,22:00.0,Male,Unknown,21,NULL,NULL,NULL,NULL,,0,MA,Class D,1
,54929269328,FC24001261,36:00.0,Male,Black,39,Medium,Short,Dark Brown,Not of Hispanic Origin,,0,MA,"ID - Had a License, now has ID",0
,54938545539,FC24001265,51:00.0,Female,White,30,NULL,NULL,NULL,Unknown,,0,MA,Class D,0
,54938558589,FC24001265,51:00.0,Male,White,37,NULL,NULL,NULL,Hispanic Origin,,0,MA,Class D,0
,54942952017,FC24001268,20:00.0,Male,Black,36,Medium,NULL,NULL,Hispanic Origin,,0,MA,,1
,54942997647,FC24001268,20:00.0,Male,White,41,NULL,NULL,NULL,NULL,,0,MA,,NULL
,54943951525,FC24001270,00:00.0,Male,White,38,Thin,NULL,NULL,Not of Hispanic Origin,,0,MA,,0
,54981897849,FC24001314,30:00.0,Male,Black,28,Obese,NULL,NULL,Not of Hispanic Origin,,0,MA,,0
,54982037150,FC24001315,16:00.0,Male,Black,50,Medium,Bald or Balding,NULL,Unknown,,0,MA,,1
,54985035575,FC24001322,51:00.0,Male,Black,32,Heavy,Short,Dark Brown,Not of Hispanic Origin,,0,MA,,1
,54985038268,FC24001322,51:00.0,Male,Black,20,Thin,Short,Medium Brown,Not of Hispanic Origin,,0,MA,,1
,54985040665,FC24001322,51:00.0,Male,Black,21,NULL,NULL,NULL,NULL,,0,NULL,,1
,54985247844,FC24001323,50:00.0,Male,White,31,Thin,Short,Medium,Unknown,,0,MA,"ID - Had a License, now has ID",0
,54993753199,FC24001327,20:00.0,Male,Black,38,NULL,NULL,NULL,Not of Hispanic Origin,,0,MA,Class D,0
,54998849590,FC24001335,25:00.0,Male,Black,41,Stocky,NULL,NULL,Hispanic Origin,,0,MA,,1
,54998851969,FC24001335,25:00.0,Female,Black,33,NULL,NULL,NULL,Not of Hispanic Origin,,0,MA,ID Only - Never had Personal Driver License,1
,55008569349,FC24001340,45:00.0,Male,Black,14,NULL,NULL,NULL,Not of Hispanic Origin,,0,NULL,,1
,55010659462,FC24001348,00:00.0,Male,Black,57,Thin,Bald or Balding,Medium Brown,NULL,,0,MA,,0
,55010680688,FC24001348,00:00.0,Male,White,59,NULL,NULL,NULL,Not of Hispanic Origin,,0,NULL,,0
,55010700176,FC24001348,00:00.0,Male,White,34,Medium,NULL,NULL,Not of Hispanic Origin,,0,MA,,0
,55010721264,FC24001348,00:00.0,Male,Black,29,Thin,Short,Medium Brown,Not of Hispanic Origin,,0,MA,,0
,54943963168,FC24001270,00:00.0,Female,White,33,NULL,NULL,NULL,Not of Hispanic Origin,,0,MA,Class D,0
,54944089899,FC24001271,06:00.0,Male,Black,31,Medium,NULL,NULL,Not of Hispanic Origin,,0,MA,,0
,54947324707,FC24001274,02:00.0,Male,Black,50,NULL,NULL,NULL,NULL,,0,MA,Class D,0
,54947841767,FC24001276,30:00.0,Male,Black,28,Medium,NULL,NULL,Not of Hispanic Origin,,0,MA,,0
,54955978942,FC24001279,08:00.0,Male,Black,35,Medium,NULL,NULL,Not of Hispanic Origin,,0,MA,,0
,54956218771,FC24001280,50:00.0,Male,Black,36,Medium,NULL,NULL,Not of Hispanic Origin,,0,MA,Class D,0
,54956229017,FC24001280,50:00.0,Male,Black,31,Thin,NULL,NULL,Not of Hispanic Origin,,0,MA,,0
,54956259423,FC24001280,50:00.0,Male,Black,28,NULL,NULL,NULL,Not of Hispanic Origin,,0,MA,,0
,54956279459,FC24001280,50:00.0,Male,Black,36,Thin,NULL,NULL,Not of Hispanic Origin,,0,MA,Class D,0
,54966056563,FC24001290,27:00.0,Male,Unknown,39,NULL,NULL,NULL,Hispanic Origin,,0,NULL,,0
,54966063440,FC24001290,27:00.0,Male,Unknown,33,NULL,NULL,NULL,Hispanic Origin,,0,NULL,,1
,54967303789,FC24001293,59:00.0,Male,Black,24,Medium,Braided,Medium,Not of Hispanic Origin,,0,MA,No License - Record Only,1
,54967307608,FC24001293,59:00.0,Male,Black,22,Medium,Unkempt,Medium,Hispanic Origin,,0,MA,,1
,54967309463,FC24001293,59:00.0,Male,Black,22,NULL,NULL,NULL,Unknown,,0,MA,Class D,1
,54967310472,FC24001293,59:00.0,Male,Black,20,Thin,Braided,Medium Brown,Not of Hispanic Origin,,0,MA,Class D,1
,55010738822,FC24001348,00:00.0,Male,Black,39,Medium,NULL,Light Brown,Not of Hispanic Origin,,0,MA,,0
,55011321588,FC24001352,57:00.0,Male,Black,60,NULL,NULL,NULL,Unknown,,0,MA,Class D,0
,55011852056,FC24001354,05:00.0,Male,White,19,Thin,Short,NULL,NULL,,0,MA,,1
,55011860606,FC24001354,05:00.0,Male,White,18,NULL,NULL,NULL,Hispanic Origin,,0,NULL,,1
,55011869616,FC24001354,05:00.0,Male,White,18,Thin,Short,NULL,Hispanic Origin,,0,MA,,1
,55024939902,FC24001358,33:00.0,Male,Black,22,NULL,NULL,NULL,Not of Hispanic Origin,,0,MA,ID Only - Never had Personal Driver License,1
,55024944388,FC24001358,33:00.0,Male,White,24,NULL,NULL,NULL,Unknown,,0,NULL,,1
,55024965369,FC24001358,33:00.0,Male,White,58,Medium,Bald or Balding,Light,Not of Hispanic Origin,,0,MA,,NULL
,55025223338,FC24001361,00:00.0,Male,Black,45,Medium,Corn Rows,OTHER,Not of Hispanic Origin,,0,MA,Class D,0
,55025225266,FC24001361,00:00.0,Female,White,37,Thin,Straight,Medium,Not of Hispanic Origin,,0,MA,"ID - Had a License, now has ID",0
,55027203846,FC24001368,40:00.0,Male,Black,28,Heavy,Short,Dark,Not of Hispanic Origin,,0,MA,Class D,0
,55027205720,FC24001368,40:00.0,Male,Black,21,NULL,NULL,NULL,NULL,,0,NULL,,0
,55039025496,FC24001377,05:00.0,Male,Unknown,22,NULL,NULL,NULL,Hispanic Origin,,0,NULL,,1
,55057524994,FC24001381,30:00.0,Male,Black,38,Medium,Braided,Medium Brown,Not of Hispanic Origin,,0,MA,Class D,0
,54919775201,FC24001258,41:00.0,Male,Black,25,Thin,Short,Dark,NULL,,0,MA,Class D,1
,54947124909,FC24001273,00:00.0,Male,Black,35,Medium,Dreadlocks,Light,Not of Hispanic Origin,,0,MA,,0
,54947992423,FC24001278,09:00.0,Male,Black,31,NULL,NULL,NULL,Not of Hispanic Origin,,0,MA,Class D,0
,54965007264,FC24001287,57:00.0,Male,Black,19,Muscular,Afro,NULL,Not of Hispanic Origin,,0,MA,,0
,54965235508,FC24001288,48:00.0,Male,Black,24,Medium,NULL,NULL,Not of Hispanic Origin,,0,MA,ID Only - Never had Personal Driver License,1
,54966092501,FC24001291,09:00.0,Male,White,50,Thin,Short,Medium,Not of Hispanic Origin,,0,MA,,0
,54966118379,FC24001291,09:00.0,Female,White,37,Thin,Curly,Light,Hispanic Origin,,0,MA,,NULL
,54966119208,FC24001291,09:00.0,Male,White,43,Obese,Curly,Medium,Not of Hispanic Origin,,0,MA,,NULL
,54973542166,FC24001297,20:00.0,Male,White,39,Medium,NULL,Light,Not of Hispanic Origin,,0,MA,Class D,0
,54975189642,FC24001306,26:00.0,Male,Black,31,NULL,NULL,NULL,Unknown,,0,MA,Class D,1
,54975210698,FC24001306,26:00.0,Male,Black,30,NULL,NULL,NULL,Unknown,,0,RI,,1
,54975885516,FC24001309,20:00.0,Male,White,21,Medium,Short,Light Brown,Hispanic Origin,,0,MA,,0
,54976082159,FC24001310,36:00.0,Male,White,21,Medium,Curly,Light,NULL,,0,MA,,1
,54981887952,FC24001313,44:00.0,Male,Black,28,Medium,Dreadlocks,Medium Brown,Unknown,,0,MA,ID Only - Never had Personal Driver License,1
,54967436683,FC24001294,36:00.0,Female,White,31,Medium,Straight,Light,Not of Hispanic Origin,,0,MA,,0
,54967447302,FC24001294,36:00.0,Male,Black,46,Thin,Short,Dark Brown,Not of Hispanic Origin,,0,MA,ID Only - Never had Personal Driver License,0
,55009751612,FC24001295,30:00.0,Male,Black,18,Medium,NULL,NULL,NULL,,0,MA,,0
,54974284900,FC24001301,00:00.0,Male,Black,54,Thin,Bald or Balding,Medium Brown,Not of Hispanic Origin,,0,MA,,0
,54974441749,FC24001303,00:00.0,Male,Black,49,Medium,NULL,NULL,Hispanic Origin,,0,MA,,0
,54974736741,FC24001305,15:00.0,Female,White,47,Thin,NULL,NULL,NULL,,0,MA,,1
,54975301841,FC24001307,45:00.0,Male,Unknown,16,NULL,NULL,NULL,NULL,,0,NULL,,1
,54975306905,FC24001307,45:00.0,Male,NULL,18,NULL,NULL,NULL,NULL,,0,NULL,,1
,54975307736,FC24001307,45:00.0,Male,Unknown,16,NULL,NULL,NULL,NULL,,0,NULL,,1
,54975319790,FC24001308,00:00.0,Male,Black,18,Medium,Short,Light Brown,Not of Hispanic Origin,,0,MA,,1
,54981351661,FC24001312,00:00.0,Female,White,36,Thin,NULL,NULL,Not of Hispanic Origin,,0,MA,,0
,54983223225,FC24001316,36:00.0,Male,White,18,NULL,NULL,NULL,Hispanic Origin,,0,NULL,,0
,55286245835,FC24001316,36:00.0,Male,NULL,17,NULL,NULL,NULL,Hispanic Origin,,0,NULL,,1
,54997754384,FC24001330,30:00.0,Male,Black,54,Medium,NULL,NULL,Not of Hispanic Origin,,0,NULL,,0
,54998146401,FC24001331,00:00.0,Female,Black,35,Thin,Bald or Balding,Medium Brown,Not of Hispanic Origin,,0,MA,Class D,0
,54984425432,FC24001321,00:00.0,Male,White,55,NULL,NULL,NULL,Hispanic Origin,,0,MA,Class D,1
,54985945861,FC24001324,28:00.0,Male,Black,21,Medium,Corn Rows,Dark Brown,Unknown,,0,MA,Class D,0
,54986020133,FC24001324,28:00.0,Male,Black,20,Thin,Braided,Light Brown,NULL,,0,MA,ID Only - Never had Personal Driver License,0
,54993630585,FC24001326,23:00.0,Male,Black,26,Unknown,NULL,NULL,Not of Hispanic Origin,,0,MA,,1
,54998623731,FC24001332,51:00.0,Male,Black,49,Heavy,Bald or Balding,Dark,Not of Hispanic Origin,,0,MA,,0
,54999825387,FC24001337,15:00.0,Male,Black,39,Thin,NULL,NULL,Not of Hispanic Origin,,0,MA,Class D,1
,54999829170,FC24001337,15:00.0,Female,Black,37,Heavy,NULL,NULL,Hispanic Origin,,0,MA,Other: Suspended,0
,55009315661,FC24001344,00:00.0,Male,Black,27,Medium,Braided,Light Brown,Not of Hispanic Origin,,0,MA,ID Only - Never had Personal Driver License,0
,55011694032,FC24001353,15:00.0,Male,Black,17,Thin,Dreadlocks,Light,NULL,,0,MA,,1
,55012026365,FC24001356,00:00.0,Male,White,34,Thin,NULL,NULL,Not of Hispanic Origin,,0,MA,Class D,0
,55026802957,FC24001365,15:00.0,Male,Black,48,Medium,Corn Rows,Medium Brown,NULL,,0,MA,,1
,55026814260,FC24001365,15:00.0,Male,Black,47,Heavy,Short,Dark Brown,Not of Hispanic Origin,,0,MA,,1
,55026822580,FC24001365,15:00.0,Female,Black,52,Thin,NULL,NULL,Not of Hispanic Origin,,0,MA,,1
,55038937787,FC24001376,00:00.0,Male,Black,24,NULL,NULL,NULL,NULL,,0,NULL,,0
,54920964567,FC24001259,30:00.0,Male,Black,34,Thin,Bald or Balding,Dark,Not of Hispanic Origin,,0,MA,,1
,54938055586,FC24001262,05:00.0,Male,Black,30,Muscular,Short,Medium Brown,Not of Hispanic Origin,,0,MA,Class D,0
,54938379611,FC24001264,50:00.0,Male,White,42,Thin,Short,Light,Not of Hispanic Origin,,0,MA,,0
,54942122511,FC24001267,20:00.0,Male,Black,18,NULL,NULL,NULL,Not of Hispanic Origin,,0,NULL,,1
,54945778797,FC24001272,47:00.0,Male,Black,25,Medium,Unkempt,NULL,Unknown,,0,MA,ID Only - Never had Personal Driver License,0
,54945800329,FC24001272,47:00.0,Female,White,21,Medium,NULL,Light,Hispanic Origin,,0,MA,Class D,NULL
,54960113044,FC24001281,00:00.0,Male,Black,40,Medium,Short,NULL,Not of Hispanic Origin,,0,MA,Class D,1
,54960124147,FC24001281,00:00.0,Male,Black,36,Thin,NULL,NULL,Not of Hispanic Origin,,0,MA,,1
,54960143239,FC24001281,00:00.0,Male,Black,43,Medium,NULL,NULL,Not of Hispanic Origin,,0,MA,,1
,54964378590,FC24001284,06:00.0,Male,Black,57,Medium,NULL,NULL,Not of Hispanic Origin,,0,MA,Class D,1
,54966898471,FC24001292,00:00.0,Male,White,20,Thin,Short,Light Brown,Hispanic Origin,,0,MA,ID Only - Never had Personal Driver License,1
,54966899025,FC24001292,00:00.0,Male,Black,20,NULL,Afro,Medium Brown,NULL,,0,MA,,NULL
,54974245346,FC24001300,14:00.0,Female,White,37,NULL,NULL,NULL,Hispanic Origin,,0,MA,,0
,54983367357,FC24001317,16:00.0,Male,Black,17,NULL,NULL,NULL,Not of Hispanic Origin,,0,MA,,1
,55057839790,FC24001383,40:00.0,Male,Black,21,NULL,NULL,NULL,Unknown,,0,MA,Class D,0
,55057841566,FC24001383,40:00.0,Male,Black,40,Heavy,NULL,NULL,Not of Hispanic Origin,,0,MA,,NULL
,55070138679,FC24001389,31:00.0,Male,White,31,NULL,NULL,NULL,Not of Hispanic Origin,,0,NULL,,1
,55070138679,FC24001389,31:00.0,Male,White,31,NULL,NULL,NULL,Not of Hispanic Origin,,0,NULL,,NULL
,55070095526,FC24001390,05:00.0,Male,White,57,Thin,Straight,Light,Not of Hispanic Origin,,0,MA,Class D,1
,55075220627,FC24001395,30:00.0,Male,Black,32,Thin,NULL,NULL,Not of Hispanic Origin,,0,MA,,0
,55076271090,FC24001396,58:00.0,Male,NULL,43,NULL,NULL,NULL,NULL,,0,NULL,,0
,55078558495,FC24001400,45:00.0,Female,White,32,NULL,NULL,NULL,Not of Hispanic Origin,,0,MA,Class D,0
,55092159209,FC24001414,54:00.0,Male,White,47,Stocky,Short,Light,Not of Hispanic Origin,,0,MA,Class D,0
,55095167855,FC24001414,54:00.0,Female,White,46,Medium,Straight,NULL,Not of Hispanic Origin,,0,MA,,0
,55095171551,FC24001414,54:00.0,Male,White,60,Medium,Short,NULL,Not of Hispanic Origin,,0,MA,,0
,55092004695,FC24001415,30:00.0,Male,Black,25,Thin,Dreadlocks,Light,Hispanic Origin,,0,MA,Class D,0
,55097538468,FC24001419,30:00.0,Male,White,57,Thin,Short,Light,Not of Hispanic Origin,,0,MA,,0
,55097570828,FC24001420,45:00.0,Male,White,47,Thin,Straight,Light,Not of Hispanic Origin,,0,MA,,0
,55114705298,FC24001423,39:00.0,Male,Black,28,Thin,Dreadlocks,NULL,Not of Hispanic Origin,,0,MA,Class D,1
,55056156458,FC24001380,12:00.0,Male,White,42,Medium,NULL,NULL,Hispanic Origin,,0,MA,,0
,55057871871,FC24001384,30:00.0,Male,Black,23,Medium,Afro,NULL,NULL,,0,MA,,0
,55057875283,FC24001384,30:00.0,Female,NULL,19,NULL,NULL,NULL,NULL,,0,NULL,,0
,55059406726,FC24001387,30:00.0,Male,White,35,Medium,Dreadlocks,Light,Not of Hispanic Origin,,0,MA,,0
,55077541372,FC24001397,28:00.0,Male,Black,20,Medium,Curly,Dark,Not of Hispanic Origin,,0,MA,,1
,55077667501,FC24001397,28:00.0,Female,White,18,NULL,NULL,NULL,NULL,,0,MA,,1
,55078431026,FC24001399,30:00.0,Male,White,36,Medium,Curly,Medium,NULL,,0,MA,,0
,55078434548,FC24001399,30:00.0,Male,White,45,NULL,NULL,NULL,Hispanic Origin,,0,MA,No License - Record Only,NULL
,55078661102,FC24001401,00:00.0,Female,White,44,Medium,Short,Light,Not of Hispanic Origin,,0,MA,ID Only - Never had Personal Driver License,0
,55078663249,FC24001401,00:00.0,Male,White,26,Medium,Crew Cut,NULL,Hispanic Origin,,0,MA,,0
,55078667250,FC24001401,00:00.0,Female,Unknown,34,NULL,NULL,NULL,Hispanic Origin,,0,NULL,,0
,55078746654,FC24001402,08:00.0,Male,Black,26,Medium,Braided,Dark Brown,Unknown,,0,MA,Class D,1
,55080336100,FC24001410,39:00.0,Male,Unknown,23,NULL,NULL,NULL,Unknown,,0,MA,Class D,0
,55081244860,FC24001410,39:00.0,Male,White,24,Medium,Short,Light Brown,Hispanic Origin,,0,MA,Class D,NULL
,55081249637,FC24001410,39:00.0,Female,Black,22,Medium,NULL,NULL,Hispanic Origin,,0,MA,,NULL
,54983370875,FC24001317,16:00.0,Male,Black,18,Thin,Afro,Dark,Unknown,,0,MA,,1
,54983379411,FC24001317,16:00.0,Male,Black,17,Thin,Corn Rows,Dark,Unknown,,0,MA,,0
,54983382761,FC24001317,16:00.0,Male,Black,16,Thin,Afro,Light Brown,NULL,,0,MA,,0
,54983480914,FC24001318,25:00.0,Female,White,59,NULL,NULL,NULL,Not of Hispanic Origin,,0,MA,Class D,NULL
,54983494363,FC24001318,25:00.0,Male,NULL,NULL,NULL,NULL,NULL,NULL,,0,NULL,,0
,54983683081,FC24001319,00:00.0,Male,White,61,NULL,NULL,NULL,Unknown,,0,NULL,,1
,54983685041,FC24001319,00:00.0,Male,White,51,Medium,NULL,NULL,Not of Hispanic Origin,,0,MA,,0
,54984102077,FC24001320,07:00.0,Male,NULL,60,Heavy,Short,Medium,Not of Hispanic Origin,,0,MA,,1
,54992296083,FC24001325,00:00.0,Female,White,31,Medium,Short,Medium Brown,Not of Hispanic Origin,,0,MA,,0
,54992770445,FC24001325,00:00.0,Female,Black,29,NULL,NULL,NULL,Not of Hispanic Origin,,0,MA,Class D,0
,54993141876,FC24001325,00:00.0,Female,Black,27,Medium,NULL,NULL,Not of Hispanic Origin,,0,MA,Class D,0
,54993440907,FC24001325,00:00.0,Male,Black,23,NULL,NULL,NULL,NULL,,0,MA,Class D,0
,54997005864,FC24001329,25:00.0,Male,Black,20,NULL,NULL,NULL,Not of Hispanic Origin,,0,MA,ID Only - Never had Personal Driver License,0
,54997013799,FC24001329,25:00.0,Male,Black,23,NULL,NULL,NULL,Unknown,,0,MA,ID Only - Never had Personal Driver License,0
,55006630553,FC24001339,16:00.0,Male,Black,50,Medium,NULL,NULL,Not of Hispanic Origin,,0,MA,,0
,55114924095,FC24001424,24:00.0,Female,White,44,Thin,Short,NULL,Not of Hispanic Origin,,0,MA,,0
,55114925444,FC24001424,24:00.0,Male,Black,53,Medium,Curly,NULL,Not of Hispanic Origin,,0,MA,"ID - Had a License, now has ID",0
,55115836294,FC24001425,10:00.0,Male,Black,31,Medium,Short,Dark Brown,Unknown,,0,MA,Class D,1
,55115839680,FC24001425,10:00.0,Male,Black,17,Medium,Braided,Medium Brown,Hispanic Origin,,0,MA,,NULL
,55115841898,FC24001425,10:00.0,Male,Black,21,Thin,Afro,Dark Brown,Not of Hispanic Origin,,0,MA,,NULL
,55117267289,FC24001432,30:00.0,Male,White,23,Thin,NULL,NULL,Hispanic Origin,,0,MA,Class D,0
,55117271792,FC24001432,30:00.0,Female,Black,23,NULL,NULL,NULL,Hispanic Origin,,0,MA,Class D,0
,55132287020,FC24001439,30:00.0,Male,Black,20,NULL,NULL,NULL,Not of Hispanic Origin,,0,FL,Other: E,0
,55132316147,FC24001439,30:00.0,Female,Unknown,23,NULL,NULL,NULL,Unknown,,0,MA,Class D,0
,55133088956,FC24001445,30:00.0,Male,White,23,Medium,Short,Medium,Hispanic Origin,,0,MA,,1
,55133089167,FC24001445,30:00.0,Male,White,24,Thin,Short,Light,Hispanic Origin,,0,MA,Class D,1
,55133089590,FC24001445,30:00.0,Male,Black,25,Heavy,Curly,Dark Brown,Hispanic Origin,,0,MA,,1
,55133460970,FC24001449,12:00.0,Male,White,33,Medium,NULL,NULL,Not of Hispanic Origin,,0,MA,,0
,55133467569,FC24001449,12:00.0,Male,Black,21,NULL,NULL,NULL,Not of Hispanic Origin,,0,NULL,,0
,55008804445,FC24001341,47:00.0,Male,White,32,Thin,Curly,Medium,Hispanic Origin,,0,MA,,1
,55008806093,FC24001341,47:00.0,Male,White,47,Medium,NULL,NULL,Hispanic Origin,,0,MA,,NULL
,55008929983,FC24001342,02:00.0,Male,NULL,37,Medium,NULL,NULL,Not of Hispanic Origin,,0,MA,,0
,55009072798,FC24001343,00:00.0,Male,White,45,NULL,NULL,NULL,Not of Hispanic Origin,,0,MA,None,0
,55009717532,FC24001345,00:00.0,Male,White,20,Thin,Afro,Light,Hispanic Origin,,0,MA,Class D,1
,55009722372,FC24001345,00:00.0,Male,Black,21,Medium,Braided,Light Brown,Hispanic Origin,,0,MA,,1
,55009752760,FC24001345,00:00.0,Male,Black,20,NULL,NULL,NULL,Hispanic Origin,,0,MA,,1
,55010966251,FC24001346,50:00.0,Male,Black,35,Medium,Short,NULL,Not of Hispanic Origin,,0,MA,,0
,55010969077,FC24001346,50:00.0,Female,Black,33,Thin,NULL,NULL,Not of Hispanic Origin,,0,MA,,0
,55010650579,FC24001347,20:00.0,Male,Unknown,17,NULL,NULL,NULL,Unknown,,0,NULL,,0
,55010817135,FC24001347,20:00.0,Male,Black,19,NULL,NULL,NULL,Not of Hispanic Origin,,0,MA,Class D,0
,55016018354,FC24001357,00:00.0,Male,Black,53,Medium,Dreadlocks,Medium Brown,Not of Hispanic Origin,,0,MA,,0
,55025161246,FC24001360,30:00.0,Female,White,37,Thin,Straight,Medium,Not of Hispanic Origin,,0,MA,"ID - Had a License, now has ID",0
,55025169273,FC24001360,30:00.0,Male,Unknown,NULL,NULL,NULL,NULL,Unknown,,0,NULL,,NULL
,55026674015,FC24001362,32:00.0,Female,Black,29,NULL,NULL,NULL,Not of Hispanic Origin,,0,MA,"ID - Had a License, now has ID",0
,55097051561,FC24001417,37:00.0,Male,White,55,Thin,Bald or Balding,Medium,Not of Hispanic Origin,,0,MA,,0
,55116059428,FC24001428,00:00.0,Male,White,41,Thin,NULL,NULL,Not of Hispanic Origin,,0,MA,,1
,55116443235,FC24001430,10:00.0,Male,White,41,Medium,Straight,Light,Not of Hispanic Origin,,0,MA,Class D,0
,55117730645,FC24001433,18:00.0,Male,Black,24,NULL,NULL,NULL,Hispanic Origin,,0,OTH,,1
,55118326892,FC24001433,18:00.0,NULL,NULL,NULL,NULL,NULL,NULL,NULL,,0,NULL,,NULL
,55118331672,FC24001434,58:00.0,Male,Black,20,Medium,Braided,NULL,NULL,,0,MA,,1
,55118332127,FC24001434,58:00.0,Female,White,19,NULL,NULL,NULL,Hispanic Origin,,0,NULL,,1
,55118332326,FC24001434,58:00.0,Male,Black,24,NULL,NULL,NULL,Hispanic Origin,,0,NULL,,1
,55125832710,FC24001435,30:00.0,Male,White,31,Medium,NULL,Light,Hispanic Origin,,0,MA,ID Only - Never had Personal Driver License,0
,55132128040,FC24001438,00:00.0,Male,Black,17,NULL,NULL,NULL,Not of Hispanic Origin,,0,MA,,0
,55132129276,FC24001438,00:00.0,Male,Black,17,Thin,Curly,Light Brown,NULL,,0,MA,,0
,55132136760,FC24001438,00:00.0,Male,Black,18,Thin,Afro,Dark,Unknown,,0,MA,,0
,55132140361,FC24001438,00:00.0,Male,Black,17,NULL,NULL,NULL,Not of Hispanic Origin,,0,NULL,,0
,55133225990,FC24001448,58:00.0,Male,Black,35,Thin,NULL,NULL,Not of Hispanic Origin,,0,MA,ID Only - Never had Personal Driver License,1
,55133624354,FC24001450,15:00.0,Male,Black,34,Thin,NULL,NULL,Hispanic Origin,,0,MA,,0
,55026694496,FC24001362,32:00.0,Male,Black,37,Thin,NULL,NULL,Not of Hispanic Origin,,0,MA,Class D,0
,55026542891,FC24001364,35:00.0,Male,White,38,Thin,NULL,NULL,Not of Hispanic Origin,,0,MA,,0
,55027166017,FC24001367,00:00.0,Female,White,44,NULL,NULL,NULL,NULL,,0,MA,,0
,55027167272,FC24001367,00:00.0,Male,Black,42,Thin,Short,Medium,Hispanic Origin,,0,MA,Other: M,0
,55027904044,FC24001371,30:00.0,Male,Black,32,Thin,Braided,Dark Brown,Not of Hispanic Origin,,0,MA,"ID - Had a License, now has ID",0
,55027905956,FC24001371,30:00.0,Male,Black,28,Thin,NULL,NULL,Unknown,,0,MA,,0
,55028905153,FC24001373,58:00.0,Male,Black,23,Medium,NULL,NULL,Not of Hispanic Origin,,0,MA,,0
,55039246055,FC24001378,30:00.0,Male,Black,27,Thin,NULL,NULL,Not of Hispanic Origin,,0,MA,,0
,55069462352,FC24001388,45:00.0,Male,White,35,NULL,NULL,NULL,Not of Hispanic Origin,,0,MA,ID Only - Never had Personal Driver License,0
,55070091990,FC24001391,25:00.0,Male,Black,32,NULL,NULL,NULL,Unknown,,0,MA,,0
,55073281927,FC24001394,15:00.0,Male,Black,50,Medium,Afro,NULL,Not of Hispanic Origin,,0,MA,,1
,55073349510,FC24001394,15:00.0,Female,White,29,Medium,NULL,NULL,Not of Hispanic Origin,,0,MA,,1
,55073568538,FC24001394,15:00.0,Male,Black,39,Medium,NULL,NULL,Not of Hispanic Origin,,0,MA,"ID - Had a License, now has ID",1
,55078873636,FC24001403,22:00.0,Male,Black,24,NULL,NULL,NULL,Not of Hispanic Origin,,0,MA,Class D,0
,54998679629,FC24001334,00:00.0,Male,Black,46,Heavy,Bald or Balding,Medium Brown,Unknown,,0,MA,ID Only - Never had Personal Driver License,1
,54999631991,FC24001336,19:00.0,Male,Black,22,Medium,Short,Dark Brown,Not of Hispanic Origin,,0,MA,,0
,54999972356,FC24001338,00:00.0,Male,Black,23,Thin,NULL,NULL,Not of Hispanic Origin,,0,MA,Class D,1
,54999975369,FC24001338,00:00.0,Male,Black,28,Heavy,Unkempt,Medium Brown,Not of Hispanic Origin,,0,MA,,1
,54999978054,FC24001338,00:00.0,Male,Black,33,Medium,NULL,NULL,Not of Hispanic Origin,,0,MA,,1
,55011250062,FC24001351,49:00.0,Male,White,55,Heavy,Straight,Light,NULL,,0,MA,,0
,55011258161,FC24001351,49:00.0,Female,Black,56,NULL,NULL,NULL,NULL,,0,MA,"ID - Had a License, now has ID",0
,55011941302,FC24001355,36:00.0,Male,White,45,Medium,NULL,NULL,Not of Hispanic Origin,,0,MA,Class D,0
,55025023819,FC24001359,50:00.0,Male,White,26,Thin,NULL,NULL,Hispanic Origin,,0,MA,ID Only - Never had Personal Driver License,0
,55025025287,FC24001359,50:00.0,Male,Black,26,Thin,NULL,Light,Not of Hispanic Origin,,0,MA,Class D,0
,55025028136,FC24001359,50:00.0,Male,Black,27,Thin,NULL,NULL,Not of Hispanic Origin,,0,MA,,0
,55026420959,FC24001363,18:00.0,Male,Black,33,Medium,Short,Dark Brown,Not of Hispanic Origin,,0,MA,,0
,55026880687,FC24001366,17:00.0,Unknown,Unknown,NULL,NULL,NULL,NULL,Unknown,,0,NULL,,0
,55027691632,FC24001369,30:00.0,Male,Black,35,Medium,Short,Medium Brown,Unknown,,0,MA,Class D,0
,55078886633,FC24001403,22:00.0,Male,Black,20,NULL,NULL,NULL,Not of Hispanic Origin,,0,MA,Class D,0
,55078894878,FC24001403,22:00.0,Male,Black,25,Medium,Curly,NULL,NULL,,0,MA,"ID - Had a License, now has ID",0
,55079703737,FC24001404,59:00.0,Male,Black,39,Thin,Dreadlocks,NULL,Not of Hispanic Origin,,0,MA,Class D,0
,55079711198,FC24001404,59:00.0,Male,Black,19,Thin,Afro,Medium,Not of Hispanic Origin,,0,MA,,NULL
,55079716803,FC24001404,59:00.0,Male,Black,22,Muscular,Braided,Medium,Not of Hispanic Origin,,0,MA,Class D,NULL
,55079802726,FC24001405,30:00.0,Female,Black,48,NULL,NULL,NULL,Not of Hispanic Origin,,0,MA,,0
,55090033762,FC24001412,57:00.0,Male,Black,26,Medium,NULL,NULL,Not of Hispanic Origin,,0,MA,,0
,55096312402,FC24001416,45:00.0,Male,White,20,Thin,Short,Light Brown,Hispanic Origin,,0,MA,ID Only - Never had Personal Driver License,0
,55114593879,FC24001422,30:00.0,Male,Black,33,Thin,Curly,Medium,Not of Hispanic Origin,,0,MA,ID Only - Never had Personal Driver License,0
,55114593879,FC24001422,30:00.0,Male,Black,33,Thin,Curly,Medium,Not of Hispanic Origin,,0,MA,ID Only - Never had Personal Driver License,NULL
,55115897690,FC24001427,10:00.0,Male,Unknown,61,NULL,NULL,NULL,Unknown,,0,MA,,0
,55115903980,FC24001427,10:00.0,Female,White,46,NULL,NULL,NULL,Not of Hispanic Origin,,0,MA,,NULL
,55116120003,FC24001429,30:00.0,Male,Black,25,Stocky,NULL,NULL,Not of Hispanic Origin,,0,MA,Class D,0
,55027901370,FC24001370,47:00.0,Male,Unknown,42,NULL,NULL,NULL,Hispanic Origin,,0,NULL,,0
,55027903444,FC24001370,47:00.0,Male,White,59,NULL,NULL,NULL,Hispanic Origin,,0,MA,"ID - Had a License, now has ID",0
,55027912038,FC24001372,15:00.0,Male,Black,23,Thin,Short,Medium,Not of Hispanic Origin,,0,MA,ID Only - Never had Personal Driver License,1
,55029019399,FC24001374,29:00.0,Male,Black,34,Thin,NULL,NULL,Hispanic Origin,,0,MA,,0
,55038837033,FC24001375,05:00.0,Female,White,39,NULL,NULL,NULL,Unknown,,0,MA,Class D,0
,55041141613,FC24001379,00:00.0,Male,White,18,NULL,NULL,NULL,Hispanic Origin,,0,NULL,,1
,55041216076,FC24001379,00:00.0,Male,Black,15,NULL,NULL,NULL,Hispanic Origin,,0,NULL,,1
,55041496288,FC24001379,00:00.0,Male,White,17,NULL,NULL,NULL,Hispanic Origin,,0,NULL,,1
,55041864912,FC24001379,00:00.0,Male,White,22,NULL,NULL,NULL,Hispanic Origin,,0,MA,Class D,1
,55042402829,FC24001379,00:00.0,Male,Black,14,NULL,NULL,NULL,Unknown,,0,NULL,,1
,55057610204,FC24001382,08:00.0,Male,Black,54,Medium,Curly,Brown,Not of Hispanic Origin,,0,MA,"ID - Had a License, now has ID",1
,55058204442,FC24001385,21:00.0,Male,Black,34,Medium,Short,NULL,Not of Hispanic Origin,,0,MA,,0
,55059047504,FC24001386,29:00.0,Male,NULL,35,Heavy,NULL,NULL,Not of Hispanic Origin,,0,MA,,1
,55059049892,FC24001386,29:00.0,Male,Black,30,Medium,Short,Dark Brown,Not of Hispanic Origin,,0,MA,"ID - Had a License, now has ID",1
,55072377331,FC24001392,25:00.0,Male,Black,43,Heavy,NULL,NULL,Not of Hispanic Origin,,0,MA,,1
,55130968384,FC24001437,30:00.0,Male,Black,34,Thin,Braided,Dark Brown,Not of Hispanic Origin,,0,MA,,0
,55130978784,FC24001437,30:00.0,Male,Black,45,NULL,NULL,NULL,Not of Hispanic Origin,,0,NULL,,0
,55132477101,FC24001440,50:00.0,Male,Unknown,25,NULL,NULL,NULL,Unknown,,0,MA,Class D,0
,55132491255,FC24001440,50:00.0,Male,Unknown,44,NULL,NULL,NULL,Unknown,,0,MA,Class D,0
,55132495555,FC24001441,40:00.0,Male,White,28,NULL,NULL,NULL,Hispanic Origin,,0,MA,Class D,1
,55133012294,FC24001444,00:00.0,Male,Black,19,Medium,Braided,Dark Brown,NULL,,0,MA,,1
,55133014765,FC24001444,00:00.0,Male,Black,16,NULL,NULL,NULL,Not of Hispanic Origin,,0,NULL,,0
,55133016452,FC24001444,00:00.0,Male,Black,14,Medium,Dreadlocks,NULL,Not of Hispanic Origin,,0,NULL,,1
,55133017262,FC24001444,00:00.0,Male,Black,17,Thin,Braided,Dark Brown,Not of Hispanic Origin,,0,MA,,1
,55133020993,FC24001444,00:00.0,Male,Black,19,NULL,NULL,NULL,Unknown,,0,NULL,,1
,55133023802,FC24001444,00:00.0,Male,Black,17,NULL,NULL,NULL,Not of Hispanic Origin,,0,NULL,,1
,55133176378,FC24001446,30:00.0,Male,Black,62,NULL,NULL,NULL,NULL,,0,MA,Class D,1
,55133705198,FC24001451,10:00.0,Male,Black,55,Medium,Curly,Medium Brown,NULL,,0,MA,ID Only - Never had Personal Driver License,0
,55138964068,FC24001455,00:00.0,Male,Black,36,Medium,Dreadlocks,Medium Brown,Not of Hispanic Origin,,0,MA,ID Only - Never had Personal Driver License,1
,55143150104,FC24001456,45:00.0,Male,White,18,NULL,NULL,NULL,Hispanic Origin,,0,NULL,,0
,55073131333,FC24001393,00:00.0,Male,Black,NULL,NULL,NULL,NULL,NULL,,0,NULL,,0
,55080127520,FC24001407,00:00.0,Male,White,45,Medium,Curly,Light,Hispanic Origin,,0,MA,,0
,55080130531,FC24001407,00:00.0,Female,White,30,NULL,NULL,NULL,Not of Hispanic Origin,,0,NULL,,0
,55080182683,FC24001409,05:00.0,Female,Black,57,Medium,NULL,NULL,Not of Hispanic Origin,,0,MA,,0
,55090780008,FC24001413,37:00.0,Male,Unknown,40,NULL,NULL,NULL,Hispanic Origin,,0,NULL,,0
,55178493218,FC24001418,22:00.0,Male,Black,21,Thin,Afro,Light,Not of Hispanic Origin,,0,MA,No License - Record Only,1
,55180305083,FC24001418,22:00.0,Male,White,14,NULL,NULL,NULL,Hispanic Origin,,0,NULL,,1
,55180321517,FC24001418,22:00.0,Male,Black,18,Thin,Curly,Light Brown,Hispanic Origin,,0,NULL,,1
,55180351080,FC24001418,22:00.0,Female,Black,33,Thin,Wavy,Light,Not of Hispanic Origin,,0,MA,Class D,1
,55099653979,FC24001421,50:00.0,Male,Black,30,NULL,NULL,NULL,Unknown,,0,NULL,,1
,55115843102,FC24001426,56:00.0,Male,Black,27,NULL,NULL,NULL,Not of Hispanic Origin,,0,NULL,,1
,55116964022,FC24001431,05:00.0,Male,Black,53,Medium,NULL,NULL,Not of Hispanic Origin,,0,MA,,0
,55116966041,FC24001431,05:00.0,Male,Black,56,Muscular,Bald or Balding,Light Brown,Not of Hispanic Origin,,0,MA,,0
,55116967478,FC24001431,05:00.0,Male,Black,40,Thin,Dreadlocks,Dark,Not of Hispanic Origin,,0,MA,,0
,55116968156,FC24001431,05:00.0,Female,White,40,NULL,NULL,NULL,NULL,,0,MA,Class D,0
,55127871857,FC24001436,40:00.0,Male,White,58,Medium,Short,Medium Brown,Not of Hispanic Origin,,0,MA,Class D,0
,55132701639,FC24001442,00:00.0,Male,Black,23,Thin,Curly,Dark,Not of Hispanic Origin,,0,MA,,0
,55133018075,FC24001443,18:00.0,Male,Black,18,NULL,NULL,NULL,NULL,,0,NULL,,1
,55133217816,FC24001447,00:00.0,Female,White,27,Medium,Wavy,Light,Not of Hispanic Origin,,0,MA,Other: Suspended,0
,55133220391,FC24001447,00:00.0,Female,White,36,Medium,NULL,NULL,Not of Hispanic Origin,,0,MA,,0
,55133221203,FC24001447,00:00.0,Male,Unknown,27,NULL,NULL,NULL,Hispanic Origin,,0,NULL,,0
,55137690322,FC24001454,50:00.0,Male,Black,33,Medium,Short,Medium Brown,Not of Hispanic Origin,,0,MA,,1
,55137690507,FC24001454,50:00.0,Male,Black,37,Thin,Dreadlocks,Light Brown,Not of Hispanic Origin,,0,MA,,1
,55137690762,FC24001454,50:00.0,Female,Black,32,NULL,NULL,NULL,Not of Hispanic Origin,,0,MA,Class D,1
,55143774486,FC24001457,25:00.0,Female,Black,27,NULL,NULL,NULL,Hispanic Origin,,0,MA,Class D,0
,55143813820,FC24001457,25:00.0,Male,Black,27,Thin,Braided,Medium Brown,Not of Hispanic Origin,,0,MA,,0
,55150832605,FC24001463,45:00.0,Male,Black,20,NULL,NULL,NULL,Not of Hispanic Origin,,0,MA,,1
,55151130711,FC24001468,20:00.0,Male,Black,35,NULL,NULL,NULL,Not of Hispanic Origin,,0,NY,,NULL
,55151130711,FC24001468,20:00.0,Male,Black,35,NULL,NULL,NULL,Not of Hispanic Origin,,0,NY,,0
,55151130711,FC24001468,20:00.0,Male,Black,35,NULL,NULL,NULL,Not of Hispanic Origin,,0,NY,,NULL
,55152196426,FC24001473,23:00.0,Male,Black,36,Thin,Short,Dark Brown,Unknown,,0,MA,Class D,0
,55184435084,FC24001483,21:00.0,Male,Black,18,NULL,NULL,NULL,NULL,,0,NULL,,1
,55190670273,FC24001487,14:00.0,Male,Black,23,Medium,Short,Dark,Not of Hispanic Origin,,0,MA,,0
,55190695707,FC24001488,00:00.0,Male,Black,28,Thin,Braided,NULL,Hispanic Origin,,0,MA,Class D,0
,55191239661,FC24001492,12:00.0,Male,Black,31,Heavy,Dreadlocks,Medium Brown,NULL,,0,MA,"ID - Had a License, now has ID",1
,55201234972,FC24001497,50:00.0,Male,Black,28,NULL,NULL,NULL,Not of Hispanic Origin,,0,NULL,,0
,55207358219,FC24001502,30:00.0,Male,White,57,Stocky,Short,NULL,Not of Hispanic Origin,,0,MA,,0
,55210993992,FC24001506,40:00.0,Male,White,35,NULL,NULL,NULL,NULL,,0,NULL,,0
,55211012531,FC24001506,40:00.0,Male,White,17,NULL,NULL,NULL,Unknown,,0,NULL,,0
,55211514962,FC24001508,30:00.0,Male,Black,14,Thin,Short,Medium Brown,Not of Hispanic Origin,,0,MA,,0
,55211515461,FC24001508,30:00.0,Male,Black,15,Thin,Short,Dark,Not of Hispanic Origin,,0,MA,,1
,55213241821,FC24001513,38:00.0,Male,White,38,Stocky,Short,NULL,Hispanic Origin,,0,MA,Class D,0
,55214932457,FC24001518,00:00.0,Male,NULL,26,Medium,NULL,NULL,Hispanic Origin,,0,MA,,1
,55216656489,FC24001520,50:00.0,Male,Black,48,Heavy,NULL,NULL,Not of Hispanic Origin,,0,MA,,0
,55216412967,FC24001521,00:00.0,Male,Black,31,Thin,Braided,Dark Brown,Not of Hispanic Origin,,0,MA,,0
,55216415972,FC24001521,00:00.0,Male,White,38,Thin,NULL,NULL,Not of Hispanic Origin,,0,MA,,0
,55216421187,FC24001521,00:00.0,Male,White,53,Medium,Bald or Balding,Medium,Hispanic Origin,,0,MA,,0
,55216422925,FC24001521,00:00.0,Female,White,44,NULL,NULL,NULL,NULL,,0,MA,,0
,55228115885,FC24001526,30:00.0,Male,White,17,NULL,NULL,NULL,Hispanic Origin,,0,NULL,,1
,55228183161,FC24001526,30:00.0,Male,Black,15,NULL,NULL,NULL,Not of Hispanic Origin,,0,NULL,,1
,55233019200,FC24001528,23:00.0,Male,Black,24,Thin,Short,NULL,Not of Hispanic Origin,,0,MA,Class D,1
,55233019965,FC24001528,23:00.0,Male,Black,24,Medium,NULL,NULL,Not of Hispanic Origin,,0,MA,Class D,NULL
,55233020921,FC24001528,23:00.0,Male,Black,18,Thin,Dreadlocks,Dark,Unknown,,0,MA,,NULL
,55233024463,FC24001528,23:00.0,Male,Black,25,Heavy,NULL,NULL,Not of Hispanic Origin,,0,MA,,NULL
,55233996773,FC24001529,15:00.0,Female,White,35,NULL,NULL,NULL,Not of Hispanic Origin,,0,MA,Class D,0
,55234000054,FC24001529,15:00.0,Male,Black,55,NULL,NULL,NULL,Not of Hispanic Origin,,0,MA,"ID - Had a License, now has ID",NULL
,55261288989,FC24001537,55:00.0,Male,Black,20,NULL,NULL,NULL,NULL,,0,NULL,,1
,55264025979,FC24001543,45:00.0,Male,White,NULL,NULL,NULL,NULL,Unknown,,0,NULL,,0
,55264574002,FC24001545,21:00.0,Male,White,40,NULL,NULL,NULL,Unknown,,0,MA,Class D,0
,55276502824,FC24001548,40:00.0,Male,Black,27,Thin,Dreadlocks,Medium Brown,NULL,,0,MA,,0
,55282164171,FC24001551,50:00.0,Male,White,52,NULL,NULL,NULL,Not of Hispanic Origin,,0,MA,Class D,0
,55286960390,FC24001555,46:00.0,Female,White,25,Thin,NULL,NULL,Not of Hispanic Origin,,0,MA,Class D,0
,55286964802,FC24001555,46:00.0,Female,White,30,NULL,NULL,NULL,Not of Hispanic Origin,,0,NULL,,0
,55286969573,FC24001555,46:00.0,Male,White,45,Medium,Curly,Light,Hispanic Origin,,0,MA,,NULL
,55286972795,FC24001555,46:00.0,Male,White,41,Medium,Bushy,Light,Not of Hispanic Origin,,0,MA,"ID - Had a License, now has ID",NULL
,55286985446,FC24001555,46:00.0,Female,White,58,Medium,NULL,NULL,Not of Hispanic Origin,,0,MA,,NULL
,55287106127,FC24001555,46:00.0,Male,Black,36,Medium,NULL,NULL,Hispanic Origin,,0,MA,,NULL
,55287535212,FC24001557,15:00.0,Male,Black,18,NULL,NULL,NULL,Unknown,,0,NULL,,1
,55288791745,FC24001563,33:00.0,Male,White,39,NULL,NULL,NULL,Unknown,,0,NULL,,0
,55288792252,FC24001563,33:00.0,Male,White,26,Thin,Straight,Light,Unknown,,0,MA,,NULL
,55326243634,FC24001580,58:00.0,Male,Black,43,Medium,Dreadlocks,Dark,Not of Hispanic Origin,,0,MA,Class D,1
,55326252254,FC24001580,58:00.0,Male,Black,31,NULL,NULL,NULL,Unknown,,0,MA,Class D,NULL
,55354150743,FC24001593,26:00.0,Male,White,40,NULL,NULL,NULL,Not of Hispanic Origin,,0,MA,Class D,NULL
,55354220787,FC24001593,26:00.0,Male,Black,44,Medium,Short,Medium,NULL,,0,MA,,0
,55371256373,FC24001598,46:00.0,Male,Black,22,Medium,NULL,NULL,Hispanic Origin,,0,MA,,1
,55371387795,FC24001599,03:00.0,Female,Black,34,Medium,NULL,NULL,Not of Hispanic Origin,,0,MA,Class D,0
,55372128249,FC24001600,15:00.0,Male,Black,14,Medium,Dreadlocks,NULL,Not of Hispanic Origin,,0,NULL,,1
,55376680278,FC24001602,45:00.0,Male,White,18,NULL,NULL,NULL,Hispanic Origin,,0,NULL,,1
,55376701934,FC24001602,45:00.0,Male,NULL,15,NULL,NULL,NULL,Hispanic Origin,,0,NULL,,1
,55376733922,FC24001602,45:00.0,Male,NULL,NULL,NULL,NULL,NULL,Hispanic Origin,,0,NULL,,1
,55376779452,FC24001602,45:00.0,Male,NULL,NULL,NULL,NULL,NULL,Hispanic Origin,,0,NULL,,1
,55376973467,FC24001602,45:00.0,Male,White,16,NULL,NULL,NULL,Hispanic Origin,,0,NULL,,1
,55381150505,FC24001604,33:00.0,Male,Black,29,Medium,Dreadlocks,Dark,Not of Hispanic Origin,,0,MA,Class D,0
,55384763378,FC24001608,46:00.0,Male,Black,18,Medium,Short,NULL,Not of Hispanic Origin,,0,MA,,1
,55384919260,FC24001608,46:00.0,Male,Black,19,Thin,NULL,Medium Brown,Not of Hispanic Origin,,0,MA,,1
,55384960871,FC24001608,46:00.0,Male,Black,17,Thin,Short,Medium Brown,NULL,,0,MA,,1
,55385063869,FC24001609,00:00.0,Male,Black,15,Thin,Curly,Medium Brown,Unknown,,0,MA,,0
,55385147700,FC24001609,00:00.0,Male,Black,33,Thin,Short,Dark Brown,Not of Hispanic Origin,,0,MA,Class D,0
,55385195153,FC24001609,00:00.0,Male,Black,29,Medium,Short,Light,Not of Hispanic Origin,,0,MA,,0
,55147279184,FC24001459,10:00.0,Male,Black,25,Stocky,NULL,NULL,Not of Hispanic Origin,,0,MA,Class D,1
,55147310431,FC24001459,10:00.0,Male,Black,32,Medium,NULL,NULL,Not of Hispanic Origin,,0,MA,,1
,55150615581,FC24001462,50:00.0,Male,Black,18,Thin,Afro,Dark,Unknown,,0,MA,,0
,55150618155,FC24001462,50:00.0,Male,Black,17,Thin,Curly,Light Brown,NULL,,0,MA,,0
,55151032596,FC24001467,09:00.0,Male,Black,53,Medium,Short,Dark,Unknown,,0,MA,,0
,55151038806,FC24001467,09:00.0,Male,Black,22,Thin,NULL,Medium Brown,Not of Hispanic Origin,,0,MA,ID Only - Never had Personal Driver License,0
,55151040196,FC24001467,09:00.0,Female,Black,50,Thin,Short,Dark Brown,Not of Hispanic Origin,,0,MA,"ID - Had a License, now has ID",0
,55151045440,FC24001467,09:00.0,Male,Black,31,Medium,Curly,Medium Brown,Hispanic Origin,,0,MA,,0
,55151048444,FC24001467,09:00.0,Male,Black,58,Medium,NULL,Medium Brown,Not of Hispanic Origin,,0,MA,"ID - Had a License, now has ID",0
,55151052803,FC24001467,09:00.0,Female,Asian,57,NULL,NULL,NULL,Unknown,,0,NULL,,0
,55151333228,FC24001470,34:00.0,Male,White,20,Thin,Straight,Light,NULL,,0,MA,,1
,55151399184,FC24001470,34:00.0,Male,White,22,NULL,NULL,NULL,Hispanic Origin,,0,NULL,,0
,55151342891,FC24001471,00:00.0,Male,Black,40,Medium,Bald or Balding,NULL,Unknown,,0,MA,,0
,55165117584,FC24001478,45:00.0,Male,Black,30,Medium,Dreadlocks,Dark Brown,Not of Hispanic Origin,,0,MA,ID Only - Never had Personal Driver License,0
,55385214632,FC24001609,00:00.0,Male,Black,34,Thin,Short,Medium,Hispanic Origin,,0,MA,Class D,0
,55418091689,FC24001615,00:00.0,Female,Black,29,NULL,NULL,NULL,Not of Hispanic Origin,,0,NULL,,0
,55418097759,FC24001615,00:00.0,Male,Black,30,NULL,NULL,NULL,NULL,,0,MA,,0
,55443115550,FC24001631,00:00.0,Male,Black,31,Medium,Dreadlocks,Medium,Unknown,,0,MA,Class D,1
,55443498951,FC24001632,00:00.0,Male,Black,35,Medium,Dreadlocks,Medium Brown,NULL,,0,MA,Class D,0
,55443500391,FC24001632,00:00.0,Male,White,27,Heavy,Short,Light,Not of Hispanic Origin,,0,MA,Class D,0
,55444747845,FC24001634,53:00.0,Male,Black,38,NULL,NULL,NULL,NULL,,0,MA,,0
,55457178190,FC24001638,00:00.0,Male,Black,17,NULL,NULL,NULL,Not of Hispanic Origin,,0,NULL,,0
,55457182734,FC24001638,00:00.0,Male,Black,15,Thin,Short,Dark Brown,Not of Hispanic Origin,,0,MA,,0
,55457184076,FC24001638,00:00.0,Male,Black,14,Thin,Afro,Medium,Unknown,,0,MA,,0
,55457187876,FC24001638,00:00.0,Male,Black,14,Medium,Short,Dark,NULL,,0,MA,,0
,55472912410,FC24001645,00:00.0,Male,Black,38,Thin,NULL,NULL,Not of Hispanic Origin,,0,MA,Class D,0
,55472917025,FC24001645,00:00.0,Male,Black,39,Medium,NULL,Medium Brown,Not of Hispanic Origin,,0,MA,Class D,0
,55472999037,FC24001646,14:00.0,Male,White,34,Medium,Short,Light,Not of Hispanic Origin,,0,MA,"ID - Had a License, now has ID",1
,55480781788,FC24001650,10:00.0,Male,Black,28,Unknown,NULL,NULL,Not of Hispanic Origin,,0,MA,,1
,55143154498,FC24001456,45:00.0,Male,Black,21,NULL,NULL,NULL,Unknown,,0,NULL,,0
,55143171113,FC24001456,45:00.0,Male,Black,25,Thin,Dreadlocks,Light,Hispanic Origin,,0,MA,Class D,0
,55143200977,FC24001456,45:00.0,Male,Black,38,Thin,Braided,NULL,Hispanic Origin,,0,MA,Class D,0
,55150843025,FC24001464,08:00.0,Male,Black,16,Thin,Short,Medium Brown,NULL,,0,MA,,1
,55150843922,FC24001464,08:00.0,Male,Black,18,Thin,Unkempt,Medium Brown,NULL,,0,MA,,1
,55150845119,FC24001464,08:00.0,Male,Black,21,Thin,NULL,Medium Brown,Not of Hispanic Origin,,0,MA,,1
,55150845808,FC24001464,08:00.0,Male,Black,19,Medium,Braided,Dark Brown,NULL,,0,MA,,1
,55150847235,FC24001464,08:00.0,Male,Black,20,Thin,Short,Medium Brown,Not of Hispanic Origin,,0,MA,,1
,55150850027,FC24001464,08:00.0,Male,Black,14,Medium,Dreadlocks,NULL,Not of Hispanic Origin,,0,NULL,,1
,55150851537,FC24001464,08:00.0,Male,Black,16,NULL,NULL,NULL,Not of Hispanic Origin,,0,NULL,,1
,55150878727,FC24001465,03:00.0,Male,Black,15,Medium,Afro,Medium Brown,Unknown,,0,MA,,1
,55150879799,FC24001465,03:00.0,Male,Black,17,Thin,Curly,Light Brown,NULL,,0,MA,,1
,55151299736,FC24001469,03:00.0,Male,Black,42,NULL,NULL,NULL,NULL,,0,NULL,,0
,55151301202,FC24001469,03:00.0,Male,Black,54,Medium,Short,Medium,Not of Hispanic Origin,,0,MA,,0
,55151318446,FC24001469,03:00.0,Female,White,65,NULL,NULL,NULL,Not of Hispanic Origin,,0,NULL,,0
,55165171620,FC24001478,45:00.0,Male,NULL,NULL,NULL,NULL,NULL,NULL,,0,NULL,,NULL
,55165280055,FC24001478,45:00.0,Female,Unknown,NULL,NULL,NULL,NULL,Unknown,,0,NULL,,NULL
,55169356620,FC24001480,08:00.0,Male,Native Hawaiian or Other Pacific Islander,61,Medium,Short,Light,Not of Hispanic Origin,,0,MA,,0
,55172750458,FC24001481,29:00.0,Male,Black,14,NULL,NULL,NULL,Not of Hispanic Origin,,0,NULL,,0
,55172750964,FC24001481,29:00.0,Male,White,15,NULL,NULL,NULL,Unknown,,0,NULL,,0
,55172751181,FC24001481,29:00.0,Male,Black,14,NULL,NULL,NULL,Unknown,,0,NULL,,0
,55172751601,FC24001481,29:00.0,Male,White,13,NULL,NULL,NULL,NULL,,0,NULL,,0
,55188135801,FC24001485,13:00.0,Male,White,34,Medium,Curly,Light,Not of Hispanic Origin,,0,MA,"ID - Had a License, now has ID",0
,55188138857,FC24001485,13:00.0,Female,White,37,Thin,Wavy,Medium,Not of Hispanic Origin,,0,MA,"ID - Had a License, now has ID",0
,55190987721,FC24001489,59:00.0,Male,White,47,Medium,NULL,NULL,Not of Hispanic Origin,,0,MA,,0
,55191004122,FC24001489,59:00.0,Female,White,35,NULL,NULL,NULL,Not of Hispanic Origin,,0,MA,,0
,55191264646,FC24001493,33:00.0,Male,White,56,Medium,NULL,NULL,Hispanic Origin,,0,MA,,1
,55191460848,FC24001494,00:00.0,Male,Black,22,Medium,NULL,Medium,Not of Hispanic Origin,,0,MA,,0
,55191479466,FC24001494,00:00.0,Male,Unknown,19,NULL,NULL,NULL,NULL,,0,MA,,0
,55191481104,FC24001494,00:00.0,Male,Black,20,Thin,NULL,NULL,Not of Hispanic Origin,,0,MA,,0
,55164322010,FC24001475,30:00.0,Male,Black,53,Medium,Short,Dark,Unknown,,0,MA,,0
,55164376705,FC24001475,30:00.0,Male,Black,36,Medium,Short,Medium Brown,Not of Hispanic Origin,,0,MA,Class D,0
,55164380320,FC24001475,30:00.0,Male,Black,22,Thin,NULL,Medium Brown,Not of Hispanic Origin,,0,MA,ID Only - Never had Personal Driver License,0
,55164813834,FC24001476,30:00.0,Male,Black,51,NULL,NULL,NULL,Not of Hispanic Origin,,0,NULL,,0
,55185001843,FC24001482,00:00.0,Male,Black,37,Stocky,NULL,NULL,Not of Hispanic Origin,,0,MA,Class D,0
,55187770635,FC24001484,20:00.0,Male,Black,57,Thin,Bald or Balding,Dark Brown,Not of Hispanic Origin,,0,MA,"ID - Had a License, now has ID",0
,55189893362,FC24001486,34:00.0,Male,Black,27,Medium,NULL,NULL,Not of Hispanic Origin,,0,MA,,0
,55189908722,FC24001486,34:00.0,Male,Black,29,Thin,NULL,Medium Brown,Not of Hispanic Origin,,0,MA,,0
,55189912345,FC24001486,34:00.0,Male,Black,27,Heavy,Braided,Dark Brown,Not of Hispanic Origin,,0,MA,Class D,0
,55191189171,FC24001491,50:00.0,Male,Black,16,Heavy,Braided,Light,NULL,,0,MA,,0
,55202129230,FC24001498,07:00.0,Male,Black,23,Thin,Braided,Dark,Not of Hispanic Origin,,0,MA,,1
,55203541976,FC24001498,07:00.0,Male,Black,30,Medium,Dreadlocks,Dark Brown,Not of Hispanic Origin,,0,MA,ID Only - Never had Personal Driver License,0
,55203544270,FC24001498,07:00.0,Female,Unknown,NULL,NULL,NULL,NULL,Unknown,,0,NULL,,0
,55480783010,FC24001650,10:00.0,Male,Black,26,Medium,Dreadlocks,Medium Brown,Not of Hispanic Origin,,0,MA,,1
,55481809841,FC24001652,41:00.0,Male,Black,20,Medium,Corn Rows,Dark Brown,Not of Hispanic Origin,,0,MA,,1
,55481810019,FC24001652,41:00.0,Male,Asian,17,Thin,Corn Rows,Dark Brown,NULL,,0,MA,,1
,55481810426,FC24001652,41:00.0,Male,Black,19,Thin,NULL,Light Brown,NULL,,0,MA,,1
,55481812368,FC24001652,41:00.0,Male,Black,14,NULL,NULL,NULL,Not of Hispanic Origin,,0,NULL,,1
,55481814420,FC24001652,41:00.0,Male,Black,15,NULL,Dreadlocks,Dark Brown,Not of Hispanic Origin,,0,MA,,1
,55481819778,FC24001652,41:00.0,Male,Black,19,Medium,Braided,Dark Brown,Not of Hispanic Origin,,0,MA,,1
,55481820647,FC24001652,41:00.0,Male,Black,20,Thin,Short,Medium Brown,Not of Hispanic Origin,,0,MA,,1
,55481821299,FC24001652,41:00.0,Male,Black,21,Thin,NULL,Medium Brown,Not of Hispanic Origin,,0,MA,,1
,55481822939,FC24001652,41:00.0,Male,Black,22,Medium,Corn Rows,Dark,Not of Hispanic Origin,,0,MA,,1
,55481823434,FC24001652,41:00.0,Male,Black,14,Thin,Afro,NULL,Not of Hispanic Origin,,0,MA,,1
,55481824349,FC24001652,41:00.0,Male,Black,14,Medium,Dreadlocks,NULL,Not of Hispanic Origin,,0,NULL,,1
,55481825913,FC24001652,41:00.0,Female,Black,34,Muscular,NULL,NULL,Not of Hispanic Origin,,0,MA,Class D,0
,55485737390,FC24001655,27:00.0,NULL,NULL,NULL,NULL,NULL,NULL,NULL,,0,NULL,,0
,55194306008,FC24001495,30:00.0,Male,White,39,NULL,NULL,NULL,Not of Hispanic Origin,,0,MA,Class D,0
,55194308623,FC24001495,30:00.0,Female,White,30,NULL,NULL,NULL,Hispanic Origin,,0,MA,Class D,NULL
,55203283970,FC24001499,00:00.0,Male,White,51,NULL,NULL,NULL,NULL,,0,NULL,,1
,55210880381,FC24001504,35:00.0,Male,Black,19,Thin,Afro,Medium Brown,Not of Hispanic Origin,,0,MA,Class D,0
,55210880381,FC24001504,35:00.0,Male,Black,19,Thin,Afro,Medium Brown,Not of Hispanic Origin,,0,MA,Class D,NULL
,55212942159,FC24001511,57:00.0,Male,Black,20,Thin,NULL,NULL,Not of Hispanic Origin,,0,MA,,1
,55215516899,FC24001519,45:00.0,Male,White,40,NULL,NULL,NULL,Unknown,,0,MA,Class D,1
,55217459446,FC24001523,00:00.0,Male,White,35,NULL,NULL,NULL,Hispanic Origin,,0,MA,"ID - Had a License, now has ID",1
,55226829345,FC24001525,50:00.0,Male,Black,19,Thin,Afro,Medium Brown,Not of Hispanic Origin,,0,MA,Class D,0
,55242620166,FC24001532,20:00.0,Male,White,26,Medium,Curly,Light,Hispanic Origin,,0,MA,,1
,55254905969,FC24001535,31:00.0,Male,White,31,NULL,NULL,NULL,Hispanic Origin,,0,MA,Class D,0
,55263630204,FC24001540,45:00.0,Male,Black,17,Medium,Short,Dark Brown,Not of Hispanic Origin,,0,MA,,1
,55263637177,FC24001540,45:00.0,Male,Unknown,20,NULL,NULL,NULL,Hispanic Origin,,0,MA,ID Only - Never had Personal Driver License,1
,55263673309,FC24001540,45:00.0,Male,White,20,Thin,Wavy,Fair,Unknown,,0,MA,,0
,55206764306,FC24001501,00:00.0,Male,Black,31,Medium,NULL,NULL,Not of Hispanic Origin,,0,MA,,1
,55206667329,FC24001501,00:00.0,Male,Black,30,Medium,Curly,Medium,Not of Hispanic Origin,,0,MA,Class D,1
,55211348344,FC24001507,00:00.0,Male,White,39,NULL,NULL,NULL,Not of Hispanic Origin,,0,MA,Class D,0
,55211354339,FC24001507,00:00.0,Male,White,39,NULL,NULL,NULL,Unknown,,0,NULL,,0
,55212594962,FC24001510,00:00.0,Male,Black,23,Medium,Dreadlocks,Medium,Hispanic Origin,,0,MA,Class D,0
,55213479317,FC24001514,30:00.0,Male,Black,17,Medium,Short,Dark Brown,Not of Hispanic Origin,,0,MA,,0
,55213868920,FC24001514,30:00.0,Male,White,15,Thin,Curly,Light,NULL,,0,MA,,0
,55213874505,FC24001514,30:00.0,Male,Black,24,Thin,Short,Dark,NULL,,0,MA,,0
,55213890474,FC24001514,30:00.0,Male,Black,16,NULL,NULL,NULL,Not of Hispanic Origin,,0,NULL,,0
,55213899416,FC24001514,30:00.0,Male,White,20,Thin,Wavy,Fair,Unknown,,0,MA,,0
,55213904863,FC24001514,30:00.0,Male,Black,15,Thin,Curly,Medium Brown,Unknown,,0,MA,,0
,55213916945,FC24001514,30:00.0,Male,White,15,Medium,Dreadlocks,Light Brown,Hispanic Origin,,0,MA,,0
,55214026334,FC24001516,14:00.0,Male,Black,27,Heavy,Unkempt,Dark Brown,Not of Hispanic Origin,,0,MA,Class D,1
,55214026914,FC24001516,14:00.0,Male,Black,29,Thin,NULL,Medium Brown,Not of Hispanic Origin,,0,MA,,1
,55214027425,FC24001516,14:00.0,Male,Black,26,Thin,NULL,NULL,Not of Hispanic Origin,,0,MA,,1
,55133808556,FC24001452,55:00.0,Male,Unknown,62,NULL,NULL,NULL,NULL,,0,NULL,,1
,55134240240,FC24001453,15:00.0,Male,Black,34,Heavy,Braided,Dark Brown,Not of Hispanic Origin,,0,MA,"ID - Had a License, now has ID",0
,55146881966,FC24001458,18:00.0,Male,Black,30,Medium,Dreadlocks,Dark,Not of Hispanic Origin,,0,MA,,1
,55146890015,FC24001458,18:00.0,Male,Black,21,Medium,Dreadlocks,NULL,NULL,,0,MA,,1
,55146894831,FC24001458,18:00.0,Male,Black,36,Medium,NULL,NULL,Not of Hispanic Origin,,0,MA,,1
,55146903979,FC24001458,18:00.0,Male,Black,36,Medium,Dreadlocks,Medium Brown,Not of Hispanic Origin,,0,MA,ID Only - Never had Personal Driver License,1
,55148164112,FC24001458,18:00.0,Female,Black,32,Medium,Braided,Medium Brown,Not of Hispanic Origin,,0,MA,,0
,55148168344,FC24001458,18:00.0,Male,Black,44,NULL,NULL,NULL,Unknown,,0,NULL,,0
,55150328559,FC24001461,30:00.0,Male,Black,42,NULL,NULL,NULL,NULL,,0,ME,,0
,55150338617,FC24001461,30:00.0,Female,Black,37,NULL,NULL,NULL,Unknown,,0,MA,,0
,55150942777,FC24001466,00:00.0,Female,Unknown,29,NULL,NULL,NULL,Hispanic Origin,,0,MA,,0
,55150948532,FC24001466,00:00.0,Male,White,53,Medium,Short,Light Brown,Unknown,,0,MA,,0
,55163311037,FC24001474,12:00.0,Male,White,43,Medium,NULL,Light,Not of Hispanic Origin,,0,MA,Class D,1
,55163342658,FC24001474,12:00.0,Male,Black,41,Thin,NULL,NULL,Not of Hispanic Origin,,0,MA,,1
,55163345086,FC24001474,12:00.0,Male,Black,43,NULL,NULL,NULL,NULL,,0,NULL,,1
,55263674708,FC24001540,45:00.0,Male,White,15,Thin,Curly,Light,NULL,,0,MA,,0
,55263677471,FC24001540,45:00.0,Male,White,15,Medium,Dreadlocks,Light Brown,Hispanic Origin,,0,MA,,0
,55263710027,FC24001540,45:00.0,Male,White,16,Thin,Short,Medium Brown,Unknown,,0,MA,,0
,55263975933,FC24001542,10:00.0,Male,Black,36,Medium,Dreadlocks,Dark Brown,Not of Hispanic Origin,,0,MA,Class D,0
,55279272967,FC24001549,54:00.0,Male,White,43,NULL,NULL,NULL,Hispanic Origin,,0,NULL,,1
,55279760687,FC24001549,54:00.0,Male,Unknown,43,NULL,NULL,NULL,Hispanic Origin,,0,NULL,,1
,55285876251,FC24001552,30:00.0,Male,Black,66,NULL,NULL,NULL,Hispanic Origin,,0,MA,,1
,55287410817,FC24001556,08:00.0,Male,Black,17,Medium,Short,Dark Brown,Not of Hispanic Origin,,0,MA,,0
,55288145010,FC24001559,02:00.0,Male,Black,49,Heavy,Bald or Balding,Dark,Not of Hispanic Origin,,0,MA,,0
,55311654682,FC24001570,30:00.0,Male,White,26,Thin,NULL,NULL,Hispanic Origin,,0,MA,ID Only - Never had Personal Driver License,0
,55311670376,FC24001570,30:00.0,Male,Black,25,Thin,Curly,Light Brown,Hispanic Origin,,0,MA,,0
,55311688949,FC24001570,30:00.0,Male,White,30,Thin,NULL,NULL,Hispanic Origin,,0,MA,Other: Class M,0
,55311696232,FC24001570,30:00.0,Male,Black,20,Thin,Curly,Light Brown,Hispanic Origin,,0,MA,,0
,55319880370,FC24001578,40:00.0,Male,Black,27,Unknown,NULL,NULL,Not of Hispanic Origin,,0,MA,ID Only - Never had Personal Driver License,1
,55165000254,FC24001477,00:00.0,Male,Black,24,Thin,Braided,Dark,Not of Hispanic Origin,,0,MA,ID Only - Never had Personal Driver License,0
,55165002364,FC24001477,00:00.0,Male,Black,29,Medium,Short,Medium Brown,NULL,,0,MA,,0
,55165003841,FC24001477,00:00.0,Male,Black,24,Heavy,Curly,Medium Brown,NULL,,0,MA,,0
,55165016008,FC24001477,00:00.0,Female,Black,24,Thin,Wavy,Light Brown,Hispanic Origin,,0,MA,ID Only - Never had Personal Driver License,0
,55165035563,FC24001477,00:00.0,Male,White,36,NULL,Braided,Dark Brown,NULL,,0,MA,,0
,55165196847,FC24001479,00:00.0,Male,Black,21,NULL,NULL,NULL,Not of Hispanic Origin,,0,MA,Class D,0
,55165309562,FC24001479,00:00.0,Female,White,22,NULL,NULL,NULL,Hispanic Origin,,0,MA,,NULL
,55191115784,FC24001490,40:00.0,Male,Black,19,NULL,NULL,NULL,Not of Hispanic Origin,,0,MA,Instruction Permit,1
,55204775883,FC24001500,17:00.0,Male,White,35,NULL,NULL,NULL,Not of Hispanic Origin,,0,NULL,,0
,55210793157,FC24001503,46:00.0,Male,Black,52,NULL,NULL,NULL,Not of Hispanic Origin,,0,MA,Class D,0
,55210921404,FC24001505,15:00.0,Male,Black,18,Thin,Unkempt,Medium Brown,NULL,,0,MA,,1
,55210925676,FC24001505,15:00.0,Male,Black,14,Medium,Dreadlocks,NULL,Not of Hispanic Origin,,0,NULL,,1
,55212201434,FC24001509,15:00.0,Male,Black,17,Medium,Afro,NULL,Unknown,,0,MA,,0
,55213212779,FC24001512,16:00.0,Male,White,44,Medium,Short,Light,Not of Hispanic Origin,,0,MA,Class D,0
,55214027784,FC24001516,14:00.0,Male,Black,26,Medium,Dreadlocks,Medium,Not of Hispanic Origin,,0,MA,"ID - Had a License, now has ID",1
,55214131846,FC24001517,20:00.0,Male,White,35,NULL,NULL,NULL,Not of Hispanic Origin,,0,MA,ID Only - Never had Personal Driver License,0
,55214137358,FC24001517,20:00.0,Male,White,40,Heavy,NULL,NULL,Not of Hispanic Origin,,0,MA,,0
,55226180024,FC24001524,00:00.0,Male,Black,29,Muscular,Short,Medium,NULL,,0,MA,,0
,55226180897,FC24001524,00:00.0,Female,Black,36,Thin,NULL,NULL,Not of Hispanic Origin,,0,MA,Class D,0
,55226185917,FC24001524,00:00.0,Male,Black,28,NULL,NULL,NULL,Unknown,,0,MA,None,0
,55247471274,FC24001534,14:00.0,Female,Black,36,Thin,Unkempt,Medium,Not of Hispanic Origin,,0,MA,,1
,55247471433,FC24001534,14:00.0,Male,Black,42,Thin,Short,Medium Brown,Not of Hispanic Origin,,0,MA,Other: SUS,1
,55263458662,FC24001539,42:00.0,Male,Black,26,Thin,NULL,NULL,Not of Hispanic Origin,,0,MA,,0
,55263830747,FC24001541,53:00.0,Male,Black,20,Medium,NULL,Dark Brown,Not of Hispanic Origin,,0,MA,,1
,55264711297,FC24001546,53:00.0,Male,Unknown,25,NULL,NULL,NULL,Hispanic Origin,,0,MA,Class D,0
,55276176576,FC24001547,30:00.0,Female,Black,35,NULL,NULL,NULL,Not of Hispanic Origin,,0,MA,ID Only - Never had Personal Driver License,0
,55286675395,FC24001553,30:00.0,Male,Black,13,NULL,NULL,NULL,Not of Hispanic Origin,,0,NULL,,1
,55286683767,FC24001554,30:00.0,Male,Black,18,Thin,Curly,Medium Brown,NULL,,0,MA,,0
,55520436268,FC24001663,00:00.0,Male,Black,35,Heavy,Dreadlocks,Medium Brown,Not of Hispanic Origin,,0,MA,"ID - Had a License, now has ID",1
,55520569266,FC24001664,19:00.0,Male,Black,31,Medium,Short,Light Brown,Hispanic Origin,,0,MA,Class D,1
,55525142061,FC24001670,00:00.0,Male,Black,19,Thin,Dreadlocks,Dark Brown,NULL,,0,MA,Class D,0
,55525152881,FC24001670,00:00.0,Male,Black,26,Medium,Dreadlocks,Medium,Not of Hispanic Origin,,0,MA,"ID - Had a License, now has ID",0
,55525157143,FC24001670,00:00.0,Male,Black,26,Thin,NULL,NULL,Not of Hispanic Origin,,0,MA,,0
,55525586153,FC24001671,20:00.0,Male,White,36,Medium,NULL,NULL,Not of Hispanic Origin,,0,MA,,0
,55526187222,FC24001674,00:00.0,Male,Black,39,Medium,NULL,NULL,Not of Hispanic Origin,,0,MA,Class D,1
,55526187222,FC24001674,00:00.0,Male,Black,39,Medium,NULL,NULL,Not of Hispanic Origin,,0,MA,Class D,NULL
,55537091739,FC24001676,00:00.0,Male,Black,15,Thin,Curly,Medium Brown,Unknown,,0,MA,,1
,55537093893,FC24001676,00:00.0,Male,White,16,Thin,Short,Medium Brown,Unknown,,0,MA,,1
,55537096797,FC24001676,00:00.0,Male,Black,24,Thin,Afro,Dark,Not of Hispanic Origin,,0,MA,,1
,55537105335,FC24001676,00:00.0,Male,Unknown,20,NULL,NULL,NULL,Hispanic Origin,,0,MA,ID Only - Never had Personal Driver License,0
,55537112505,FC24001676,00:00.0,Male,Black,16,Thin,Dreadlocks,Light Brown,NULL,,0,MA,,1
,55537835118,FC24001678,20:00.0,Male,Black,42,Muscular,Dreadlocks,Medium Brown,Not of Hispanic Origin,,0,MA,,1
,55320113717,FC24001578,40:00.0,Male,Black,21,NULL,NULL,NULL,Not of Hispanic Origin,,0,NULL,,1
,55320310091,FC24001578,40:00.0,Male,Black,28,NULL,NULL,NULL,Unknown,,0,MA,Class D,1
,55344708541,FC24001588,30:00.0,Male,Black,NULL,NULL,NULL,NULL,NULL,,0,NULL,,1
,55344871410,FC24001590,42:00.0,Male,White,32,Medium,Wavy,Light,Not of Hispanic Origin,,0,MA,"ID - Had a License, now has ID",0
,55344907044,FC24001590,42:00.0,Male,Black,56,NULL,NULL,NULL,Not of Hispanic Origin,,0,MA,Class D,0
,55344926975,FC24001590,42:00.0,Male,White,35,NULL,NULL,NULL,Not of Hispanic Origin,,0,MA,Class D,0
,55344934363,FC24001590,42:00.0,Male,Black,27,Medium,Short,Dark Brown,Not of Hispanic Origin,,0,MA,,0
,55344937533,FC24001590,42:00.0,Male,White,39,Thin,Short,Light,Not of Hispanic Origin,,0,MA,,1
,55344941094,FC24001590,42:00.0,Male,White,42,Thin,Curly,NULL,NULL,,0,MA,,1
,55345248944,FC24001592,15:00.0,Male,Black,23,NULL,NULL,NULL,Not of Hispanic Origin,,0,MA,Class D,1
,55365021990,FC24001595,40:00.0,Male,Black,30,Thin,Curly,Light Brown,Not of Hispanic Origin,,0,MA,,0
,55365032586,FC24001595,40:00.0,Female,White,30,NULL,NULL,NULL,Not of Hispanic Origin,,0,NULL,,0
,55365350614,FC24001596,00:00.0,Female,Unknown,15,NULL,NULL,NULL,Hispanic Origin,,0,NULL,,0
,55365357994,FC24001596,00:00.0,Female,NULL,15,NULL,NULL,NULL,NULL,,0,NULL,,0
,55365369388,FC24001596,00:00.0,Female,NULL,15,NULL,NULL,NULL,NULL,,0,NULL,,0
,55216628833,FC24001522,34:00.0,Male,Black,24,NULL,NULL,NULL,Hispanic Origin,,0,MA,,1
,55216640166,FC24001522,34:00.0,Male,White,32,Medium,NULL,Medium Brown,Hispanic Origin,,0,MA,,1
,55231055419,FC24001527,16:00.0,Male,White,42,Thin,NULL,NULL,Not of Hispanic Origin,,0,MA,Class D,0
,55231085280,FC24001527,16:00.0,Male,White,33,Medium,NULL,Light,Not of Hispanic Origin,,0,MA,Class D,0
,55241482591,FC24001530,15:00.0,Male,Black,NULL,NULL,NULL,NULL,Not of Hispanic Origin,,0,NULL,,0
,55241575429,FC24001530,15:00.0,Male,White,NULL,NULL,NULL,NULL,Hispanic Origin,,0,NULL,,0
,55242494163,FC24001531,00:00.0,Male,Unknown,18,NULL,NULL,NULL,NULL,,0,NULL,,1
,55244514425,FC24001533,42:00.0,Male,Black,28,Heavy,NULL,NULL,Not of Hispanic Origin,,0,MA,Class D,0
,55244519055,FC24001533,42:00.0,Male,Unknown,29,Medium,NULL,NULL,Hispanic Origin,,0,MA,,0
,55244522788,FC24001533,42:00.0,Male,White,29,NULL,Short,Light Brown,Hispanic Origin,,0,MA,"ID - Had a License, now has ID",0
,55259597558,FC24001536,34:00.0,Male,Black,38,Medium,Afro,Dark,Not of Hispanic Origin,,0,MA,,0
,55261719509,FC24001538,00:00.0,Male,Black,63,Medium,Straight,Light Brown,Unknown,,0,MA,,0
,55288329147,FC24001561,50:00.0,Male,Black,31,NULL,NULL,NULL,Unknown,,0,MA,Class D,1
,55288330207,FC24001561,50:00.0,Female,White,35,Medium,NULL,NULL,Hispanic Origin,,0,MA,Class D,NULL
,55288769331,FC24001565,00:00.0,Male,Other,18,NULL,NULL,NULL,Hispanic Origin,,0,NULL,,1
,55286687482,FC24001554,30:00.0,Male,Black,17,NULL,NULL,NULL,Not of Hispanic Origin,,0,MA,,0
,55286959967,FC24001554,30:00.0,Male,White,18,Thin,Curly,Light,NULL,,0,MA,,0
,55286654481,FC24001554,30:00.0,Male,White,24,Heavy,Straight,Light,Hispanic Origin,,0,MA,No License - Record Only,0
,55286659638,FC24001554,30:00.0,Male,Black,18,Thin,Afro,Dark,Unknown,,0,MA,,0
,55286663512,FC24001554,30:00.0,Male,Black,20,Thin,Short,Medium Brown,Not of Hispanic Origin,,0,MA,,0
,55286668280,FC24001554,30:00.0,Male,Black,17,Thin,Curly,Light Brown,NULL,,0,MA,,0
,55286670819,FC24001554,30:00.0,Male,Black,19,Medium,Braided,Dark Brown,NULL,,0,MA,,0
,55286676513,FC24001554,30:00.0,Male,Black,29,Medium,NULL,NULL,Hispanic Origin,,0,MA,,0
,55287724854,FC24001558,41:00.0,Male,Black,19,Thin,Afro,Medium Brown,Not of Hispanic Origin,,0,MA,Class D,0
,55288691355,FC24001564,30:00.0,Male,Asian,21,NULL,NULL,NULL,Not of Hispanic Origin,,0,NULL,,0
,55288692674,FC24001564,30:00.0,Female,Asian,20,NULL,NULL,NULL,Not of Hispanic Origin,,0,NULL,,0
,55315617673,FC24001571,00:00.0,Male,Black,19,Thin,Braided,Dark Brown,NULL,,0,MA,,0
,55319078154,FC24001575,13:00.0,Male,Black,49,Heavy,Bald or Balding,Dark,Not of Hispanic Origin,,0,MA,,0
,55324734195,FC24001579,50:00.0,Male,White,45,Medium,Curly,Light,Hispanic Origin,,0,MA,,0
,55341035909,FC24001582,00:00.0,Male,Unknown,36,NULL,NULL,NULL,Unknown,,0,NULL,,0
,55365372798,FC24001596,00:00.0,Female,Unknown,15,NULL,NULL,NULL,NULL,,0,NULL,,0
,55365378515,FC24001596,00:00.0,Male,Unknown,16,NULL,NULL,NULL,NULL,,0,NULL,,0
,55369369512,FC24001597,53:00.0,Male,Black,14,Medium,Short,Dark,Hispanic Origin,,0,MA,,1
,55376685200,FC24001603,30:00.0,Male,Black,44,Medium,NULL,Medium,Not of Hispanic Origin,,0,MA,"ID - Had a License, now has ID",0
,55381608072,FC24001605,35:00.0,Male,Unknown,22,Medium,Short,NULL,Unknown,,0,MA,ID Only - Never had Personal Driver License,1
,55381623748,FC24001605,35:00.0,Male,Black,27,Medium,Short,Medium Brown,Not of Hispanic Origin,,0,MA,Class D,NULL
,55384703491,FC24001607,40:00.0,Male,Unknown,31,NULL,NULL,NULL,Unknown,,0,MA,Class D,1
,55384735325,FC24001607,40:00.0,Female,Unknown,27,NULL,NULL,NULL,Unknown,,0,MA,,0
,55395192321,FC24001612,00:00.0,Male,NULL,50,Heavy,Short,Medium Brown,Not of Hispanic Origin,,0,MA,,1
,55397741782,FC24001613,05:00.0,Male,Black,37,NULL,NULL,NULL,Not of Hispanic Origin,,0,CA,Class D,0
,55397783522,FC24001613,05:00.0,Female,Black,24,NULL,NULL,NULL,Unknown,,0,NULL,,0
,55397867754,FC24001613,05:00.0,Male,White,39,Heavy,NULL,NULL,Not of Hispanic Origin,,0,MA,,0
,55431233806,FC24001621,40:00.0,Male,White,55,Medium,NULL,Light,Hispanic Origin,,0,MA,,1
,55431255126,FC24001621,40:00.0,Male,Black,47,Stocky,NULL,NULL,Not of Hispanic Origin,,0,MA,"ID - Had a License, now has ID",0
,55431302518,FC24001621,40:00.0,Male,Black,50,Medium,NULL,NULL,Hispanic Origin,,0,MA,,0
,55288773104,FC24001565,00:00.0,Male,Black,24,NULL,NULL,NULL,Not of Hispanic Origin,,0,MA,ID Only - Never had Personal Driver License,1
,55288777410,FC24001565,00:00.0,Male,Black,14,Medium,Dreadlocks,NULL,Not of Hispanic Origin,,0,NULL,,1
,55288787463,FC24001565,00:00.0,Male,Black,19,NULL,NULL,NULL,Unknown,,0,NULL,,1
,55288807952,FC24001565,00:00.0,Male,Black,16,NULL,NULL,NULL,Unknown,,0,NULL,,1
,55288821304,FC24001565,00:00.0,Male,Black,13,NULL,NULL,NULL,NULL,,0,NULL,,1
,55288803895,FC24001566,05:00.0,Male,Black,31,Medium,Short,Medium,Not of Hispanic Origin,,0,MA,,0
,55288809794,FC24001566,05:00.0,Male,Black,38,Heavy,NULL,NULL,Hispanic Origin,,0,MA,,0
,55288820128,FC24001566,05:00.0,Male,Black,33,Thin,Short,Dark Brown,Not of Hispanic Origin,,0,MA,Class D,0
,55289221640,FC24001567,04:00.0,Male,Black,18,Medium,NULL,Dark Brown,Unknown,,0,MA,,1
,55289279669,FC24001568,15:00.0,Male,White,26,Thin,NULL,NULL,Hispanic Origin,,0,MA,ID Only - Never had Personal Driver License,0
,55289282267,FC24001568,15:00.0,Male,White,15,Medium,Dreadlocks,Light Brown,Hispanic Origin,,0,MA,,0
,55289284648,FC24001568,15:00.0,Male,Black,33,Thin,Short,Dark Brown,Not of Hispanic Origin,,0,MA,Class D,0
,55289287508,FC24001568,15:00.0,Male,Black,38,Heavy,NULL,NULL,Hispanic Origin,,0,MA,,0
,55289291921,FC24001568,15:00.0,Male,Black,31,Medium,Short,Medium,Not of Hispanic Origin,,0,MA,,0
,55440497209,FC24001627,04:00.0,Male,White,34,NULL,NULL,NULL,Unknown,,0,MA,,0
,55441414710,FC24001628,17:00.0,Male,Black,27,Medium,Short,Dark,Not of Hispanic Origin,,0,MA,,1
,55452267122,FC24001636,45:00.0,Male,Black,53,Medium,NULL,NULL,Not of Hispanic Origin,,0,MA,,0
,55452268571,FC24001636,45:00.0,Female,White,27,Medium,Wavy,Light,Not of Hispanic Origin,,0,MA,Other: Suspended,0
,55457392128,FC24001639,52:00.0,Female,Black,32,Medium,Braided,Medium Brown,Not of Hispanic Origin,,0,MA,,0
,55457392839,FC24001639,52:00.0,Male,Black,33,Unknown,NULL,NULL,Not of Hispanic Origin,,0,MA,,0
,55457619106,FC24001640,30:00.0,Male,Black,28,Medium,NULL,NULL,Not of Hispanic Origin,,0,MA,Class D,0
,55476305378,FC24001647,15:00.0,Male,Unknown,20,NULL,NULL,NULL,Unknown,,0,NULL,,0
,55476318822,FC24001647,15:00.0,Male,White,20,NULL,NULL,NULL,Not of Hispanic Origin,,0,NULL,,0
,55476339187,FC24001647,15:00.0,Female,White,19,NULL,NULL,NULL,Not of Hispanic Origin,,0,NULL,,0
,55480183678,FC24001648,15:00.0,Male,Black,30,Thin,Curly,Light Brown,Not of Hispanic Origin,,0,MA,,0
,55481708060,FC24001651,00:00.0,Male,Black,43,Medium,Short,Dark Brown,Not of Hispanic Origin,,0,MA,Class D,1
,55484784841,FC24001653,50:00.0,Male,White,40,Medium,Other,Light,Not of Hispanic Origin,,0,MA,,1
,55485487393,FC24001654,45:00.0,Male,Black,15,Thin,Curly,Medium Brown,Unknown,,0,MA,,1
,55289294967,FC24001568,15:00.0,Male,Black,27,Thin,Braided,Medium Brown,Not of Hispanic Origin,,0,MA,,0
,55289306734,FC24001568,15:00.0,Male,White,27,Thin,Short,Light,Hispanic Origin,,0,MA,,0
,55290584450,FC24001569,36:00.0,Female,Black,27,NULL,NULL,NULL,Not of Hispanic Origin,,0,MA,,0
,55316858955,FC24001572,00:00.0,Male,White,39,Muscular,Short,Light,Not of Hispanic Origin,,0,MA,,0
,55319038905,FC24001574,00:00.0,Male,Black,60,NULL,NULL,NULL,Not of Hispanic Origin,,0,NULL,,0
,55319056070,FC24001576,58:00.0,Male,Unknown,39,NULL,NULL,NULL,NULL,,0,NULL,,1
,55319057367,FC24001576,58:00.0,Male,Black,58,Medium,Short,Medium Brown,Hispanic Origin,,0,MA,,1
,55319326204,FC24001577,00:00.0,Male,NULL,35,Medium,NULL,NULL,Not of Hispanic Origin,,0,MA,,0
,55326419946,FC24001581,34:00.0,Male,Unknown,36,NULL,NULL,NULL,Hispanic Origin,,0,NULL,,0
,55326575835,FC24001581,34:00.0,Male,Unknown,30,NULL,NULL,NULL,Hispanic Origin,,0,NULL,,0
,55344865775,FC24001589,00:00.0,Female,White,18,Medium,Straight,Light,Hispanic Origin,,0,MA,,1
,55344870498,FC24001589,00:00.0,Male,Unknown,22,Medium,Short,NULL,Unknown,,0,MA,ID Only - Never had Personal Driver License,1
,55344871721,FC24001589,00:00.0,Male,Black,27,Medium,Short,Medium Brown,Not of Hispanic Origin,,0,MA,Class D,0
,55345054342,FC24001591,00:00.0,Male,White,22,Medium,NULL,NULL,Hispanic Origin,,0,MA,,0
,55345061697,FC24001591,00:00.0,Male,White,31,Thin,NULL,Light Brown,Hispanic Origin,,0,MA,,0
,55341557672,FC24001583,45:00.0,Male,White,59,NULL,NULL,NULL,Not of Hispanic Origin,,0,MA,Class D,0
,55343393344,FC24001584,19:00.0,Male,Black,38,NULL,NULL,NULL,Hispanic Origin,,0,OTH,,0
,55343547670,FC24001585,13:00.0,Male,Black,16,Thin,Wavy,Medium,NULL,,0,MA,,1
,55343575607,FC24001585,13:00.0,Male,White,15,Thin,Curly,NULL,NULL,,0,MA,,1
,55343578986,FC24001585,13:00.0,Male,Black,15,Thin,Curly,NULL,NULL,,0,MA,,1
,55343601240,FC24001585,13:00.0,Female,Black,NULL,NULL,NULL,NULL,Hispanic Origin,,0,NULL,,0
,55343561407,FC24001586,54:00.0,Male,White,NULL,NULL,NULL,NULL,Hispanic Origin,,0,NULL,,0
,55344683465,FC24001587,00:00.0,Male,NULL,35,Heavy,NULL,NULL,Not of Hispanic Origin,,0,MA,,1
,55363070654,FC24001594,42:00.0,Male,White,27,NULL,NULL,NULL,Unknown,,0,MA,Class D,0
,55383222415,FC24001606,02:00.0,Male,White,29,NULL,NULL,NULL,Hispanic Origin,,0,NULL,,0
,55383292623,FC24001606,02:00.0,Male,White,26,NULL,NULL,NULL,Hispanic Origin,,0,NULL,,0
,55383295387,FC24001606,02:00.0,Male,Unknown,23,NULL,NULL,NULL,Unknown,,0,NULL,,0
,55383317024,FC24001606,02:00.0,Male,White,29,NULL,NULL,NULL,Hispanic Origin,,0,NULL,,1
,55383323256,FC24001606,02:00.0,Male,White,35,NULL,NULL,NULL,Hispanic Origin,,0,NULL,,0
,55386507741,FC24001610,50:00.0,Unknown,Unknown,NULL,NULL,NULL,NULL,NULL,,0,NULL,,0
,55386264975,FC24001611,07:00.0,Male,Black,19,Thin,Dreadlocks,Dark Brown,NULL,,0,MA,Class D,1
,55386317947,FC24001611,07:00.0,Male,Black,26,Thin,NULL,NULL,Not of Hispanic Origin,,0,MA,,1
,55485489970,FC24001654,45:00.0,Male,White,16,Thin,Short,Medium Brown,Unknown,,0,MA,,1
,55485492287,FC24001654,45:00.0,Male,White,25,NULL,NULL,NULL,Hispanic Origin,,0,MA,,0
,55485494019,FC24001654,45:00.0,Male,White,15,Medium,Dreadlocks,Light Brown,Hispanic Origin,,0,MA,,1
,55500189295,FC24001659,30:00.0,Male,Black,49,NULL,NULL,NULL,Unknown,,0,MA,,0
,55501488872,FC24001660,25:00.0,Female,White,37,Medium,NULL,NULL,Not of Hispanic Origin,,0,MA,"ID - Had a License, now has ID",0
,55501507601,FC24001660,25:00.0,Male,White,39,NULL,NULL,NULL,NULL,,0,NULL,,0
,55524984826,FC24001669,03:00.0,Male,Black,23,Medium,Braided,Medium,Hispanic Origin,,0,MA,Instruction Permit,1
,55524987794,FC24001669,03:00.0,Male,Black,26,Thin,NULL,NULL,Not of Hispanic Origin,,0,MA,,1
,55538005478,FC24001679,10:00.0,Male,White,32,Thin,Straight,Medium,Hispanic Origin,,0,MA,,1
,55546774913,FC24001681,18:00.0,Male,Black,28,Medium,Dreadlocks,Dark Brown,Not of Hispanic Origin,,0,MA,Class D,1
,55563041464,FC24001685,30:00.0,Male,Black,46,Thin,Short,Dark Brown,Not of Hispanic Origin,,0,MA,,0
,55571069141,FC24001689,36:00.0,Male,Other,17,NULL,NULL,NULL,Hispanic Origin,,0,NULL,,0
,55571076411,FC24001689,36:00.0,Male,Other,20,NULL,NULL,NULL,Hispanic Origin,,0,NULL,,0
,55571083447,FC24001689,36:00.0,Male,Black,26,Thin,NULL,Light Brown,Not of Hispanic Origin,,0,MA,Class D,NULL
,55571773084,FC24001691,09:00.0,Male,Black,34,Thin,NULL,NULL,Not of Hispanic Origin,,0,MA,,1
,55386340803,FC24001611,07:00.0,Male,Black,26,Medium,Dreadlocks,Medium,Not of Hispanic Origin,,0,MA,"ID - Had a License, now has ID",1
,55386360513,FC24001611,07:00.0,Male,NULL,24,Thin,Dreadlocks,Dark Brown,Not of Hispanic Origin,,0,MA,,0
,55416881746,FC24001614,30:00.0,Female,White,56,Unknown,NULL,NULL,Not of Hispanic Origin,,0,MA,,0
,55419734096,FC24001617,00:00.0,Male,Black,20,NULL,NULL,NULL,Not of Hispanic Origin,,0,NULL,,1
,55426060046,FC24001619,26:00.0,Male,NULL,15,NULL,NULL,NULL,Hispanic Origin,,0,NULL,,1
,55426193668,FC24001619,26:00.0,Male,Unknown,54,NULL,NULL,NULL,Unknown,,0,NULL,,NULL
,55430695338,FC24001620,00:00.0,Female,White,28,Medium,Straight,Light,Not of Hispanic Origin,,0,MA,Class D,0
,55431890000,FC24001624,47:00.0,Female,Black,16,NULL,NULL,NULL,NULL,,0,NULL,,0
,55431896653,FC24001624,47:00.0,Female,Black,13,NULL,NULL,NULL,Not of Hispanic Origin,,0,NULL,,0
,55431903764,FC24001624,47:00.0,Female,Black,19,NULL,NULL,NULL,NULL,,0,MA,No License - Record Only,0
,55431934942,FC24001624,47:00.0,Male,Black,18,NULL,NULL,NULL,Unknown,,0,NULL,,1
,55441965840,FC24001629,03:00.0,Female,White,48,Heavy,NULL,NULL,Hispanic Origin,,0,MA,,1
,55442577471,FC24001630,55:00.0,Male,White,22,NULL,NULL,NULL,Hispanic Origin,,0,MA,Class D,1
,55444516939,FC24001633,52:00.0,Male,Black,24,Medium,Braided,Medium,Not of Hispanic Origin,,0,MA,No License - Record Only,1
,55444520060,FC24001633,52:00.0,Male,Black,22,Thin,Dreadlocks,Medium Brown,Not of Hispanic Origin,,0,MA,,1
,55373739423,FC24001601,00:00.0,Male,White,17,NULL,NULL,NULL,Hispanic Origin,,0,NULL,,0
,55418324721,FC24001616,13:00.0,Male,White,40,Thin,NULL,NULL,Not of Hispanic Origin,,0,MA,,1
,55425486365,FC24001618,15:00.0,Male,White,26,Medium,Braided,Light,Hispanic Origin,,0,MA,,1
,55425498010,FC24001618,15:00.0,Female,Black,33,Medium,NULL,NULL,Not of Hispanic Origin,,0,MA,,0
,55431359977,FC24001623,08:00.0,Male,Black,32,NULL,NULL,NULL,Hispanic Origin,,0,MA,,1
,55431375413,FC24001623,08:00.0,Female,Black,40,NULL,NULL,NULL,Hispanic Origin,,0,MA,,0
,55432111761,FC24001625,52:00.0,Male,Black,16,NULL,NULL,NULL,Unknown,,0,NULL,,1
,55432113111,FC24001625,52:00.0,Male,Black,18,Thin,Afro,Dark,Not of Hispanic Origin,,0,MA,,1
,55439969214,FC24001626,00:00.0,Female,Black,34,Medium,NULL,NULL,Not of Hispanic Origin,,0,MA,Class D,0
,55446391119,FC24001635,38:00.0,Male,Unknown,17,NULL,NULL,NULL,Hispanic Origin,,0,MA,,1
,55446487011,FC24001635,38:00.0,Male,Black,17,Thin,NULL,Light Brown,Hispanic Origin,,0,MA,,0
,55457712466,FC24001641,56:00.0,Male,White,25,NULL,NULL,NULL,NULL,,0,MA,,0
,55457714407,FC24001641,56:00.0,Male,Black,30,Thin,NULL,NULL,Not of Hispanic Origin,,0,MA,,0
,55457715696,FC24001641,56:00.0,Female,Black,25,Heavy,NULL,NULL,Not of Hispanic Origin,,0,MA,,0
,55471112276,FC24001644,33:00.0,Male,Black,31,Thin,Braided,Medium Brown,Not of Hispanic Origin,,0,MA,Class D,0
,55571773770,FC24001691,09:00.0,Male,Black,35,NULL,NULL,NULL,Unknown,,0,NULL,,1
,55571773988,FC24001691,09:00.0,Male,Black,36,Stocky,NULL,NULL,Not of Hispanic Origin,,0,MA,,1
,55571779901,FC24001691,09:00.0,Male,Black,19,Thin,Dreadlocks,Dark Brown,NULL,,0,MA,Class D,0
,55571781142,FC24001691,09:00.0,Male,Black,26,Thin,NULL,NULL,Not of Hispanic Origin,,0,MA,,0
,55571788139,FC24001691,09:00.0,Male,Black,21,NULL,NULL,NULL,Not of Hispanic Origin,,0,MA,Class D,0
,55571834544,FC24001691,09:00.0,Female,White,25,NULL,NULL,NULL,Hispanic Origin,,0,MA,ID Only - Never had Personal Driver License,0
,55573859082,FC24001695,31:00.0,Male,Black,28,Unknown,NULL,NULL,Not of Hispanic Origin,,0,MA,,1
,55574049500,FC24001697,31:00.0,Male,Black,23,Heavy,Afro,Medium,Not of Hispanic Origin,,0,MA,"ID - Had a License, now has ID",1
,55587654490,FC24001700,20:00.0,Male,Black,40,Thin,Dreadlocks,Dark,Not of Hispanic Origin,,0,MA,,0
,55610930680,FC24001710,00:00.0,Male,Black,39,Thin,NULL,NULL,Hispanic Origin,,0,MA,Class D,0
,55610938424,FC24001710,00:00.0,Female,White,37,Thin,NULL,NULL,Not of Hispanic Origin,,0,MA,Class D,0
,55611232521,FC24001711,00:00.0,Male,Unknown,44,NULL,NULL,NULL,Unknown,,0,MA,Class D,0
,55611274889,FC24001711,00:00.0,Male,Black,36,NULL,NULL,NULL,Unknown,,0,MA,Class D,0
,55611331534,FC24001711,00:00.0,Male,White,31,NULL,NULL,NULL,NULL,,0,MA,Class D,0
,55612755399,FC24001714,03:00.0,Male,White,28,NULL,NULL,NULL,Not of Hispanic Origin,,0,MA,,1
,55554200489,FC24001682,20:00.0,Male,Black,19,NULL,NULL,NULL,Not of Hispanic Origin,,0,MA,,0
,55554226659,FC24001682,20:00.0,Male,Black,19,Thin,Corn Rows,Light,NULL,,0,MA,,0
,55555124282,FC24001683,34:00.0,Male,Black,20,Thin,Braided,Dark,Not of Hispanic Origin,,0,MA,Class D,0
,55556357525,FC24001684,00:00.0,Male,Black,27,Thin,Dreadlocks,NULL,Unknown,,0,NULL,,0
,55570666629,FC24001687,00:00.0,Male,Black,17,Heavy,Braided,Light,NULL,,0,MA,,1
,55573657610,FC24001694,10:00.0,Male,Black,21,Thin,Short,NULL,NULL,,0,MA,Class D,0
,55573829081,FC24001694,10:00.0,Male,Black,15,NULL,NULL,NULL,NULL,,0,NULL,,0
,55573831580,FC24001694,10:00.0,Male,Black,22,NULL,NULL,NULL,NULL,,0,NULL,,0
,55587476068,FC24001699,43:00.0,Male,Black,19,Medium,Braided,Dark Brown,Not of Hispanic Origin,,0,MA,,0
,55587477481,FC24001699,43:00.0,Male,Black,22,Thin,Short,Light Brown,Unknown,,0,MA,Instruction Permit,0
,55587488298,FC24001699,43:00.0,Male,Black,34,Medium,Braided,Medium Brown,Not of Hispanic Origin,,0,MA,,0
,55598030534,FC24001702,00:00.0,Female,White,27,NULL,NULL,NULL,NULL,,0,MA,,1
,55601105338,FC24001703,00:00.0,Male,Black,23,NULL,NULL,NULL,Not of Hispanic Origin,,0,MA,ID Only - Never had Personal Driver License,1
,55601674426,FC24001703,00:00.0,Male,Black,25,NULL,NULL,NULL,Not of Hispanic Origin,,0,MA,Class D,1
,55601713887,FC24001703,00:00.0,Male,Black,22,Thin,Short,Medium,Not of Hispanic Origin,,0,MA,,1
,55444528133,FC24001633,52:00.0,Male,Black,20,Thin,Braided,Medium Brown,Not of Hispanic Origin,,0,MA,Class D,1
,55444547315,FC24001633,52:00.0,Male,Black,18,NULL,NULL,NULL,Not of Hispanic Origin,,0,MA,Class D,1
,55456801309,FC24001637,40:00.0,Male,White,36,Medium,NULL,NULL,Not of Hispanic Origin,,0,MA,,0
,55457787939,FC24001642,30:00.0,Male,Black,19,NULL,NULL,NULL,Unknown,,0,MA,,0
,55457793710,FC24001642,30:00.0,Male,White,21,Thin,Corn Rows,Medium,NULL,,0,MA,Class D,0
,55457795061,FC24001642,30:00.0,Male,Black,21,NULL,NULL,NULL,Unknown,,0,MA,,0
,55495221260,FC24001658,44:00.0,Female,White,36,Thin,NULL,NULL,Not of Hispanic Origin,,0,MA,,0
,55510070678,FC24001662,25:00.0,Male,Black,50,Medium,Dreadlocks,Medium Brown,Not of Hispanic Origin,,0,MA,ID Only - Never had Personal Driver License,0
,55521220880,FC24001665,51:00.0,Male,Unknown,35,Stocky,Braided,Light,Not of Hispanic Origin,,0,MA,Class D,1
,55521866025,FC24001665,51:00.0,Female,Black,63,Medium,Braided,Medium Brown,NULL,,0,MA,,NULL
,55524268482,FC24001667,30:00.0,Female,White,45,Thin,NULL,NULL,Not of Hispanic Origin,,0,MA,,0
,55524779069,FC24001668,28:00.0,Male,White,41,Thin,NULL,NULL,Not of Hispanic Origin,,0,MA,,0
,55525730150,FC24001673,46:00.0,Male,White,35,NULL,NULL,NULL,Not of Hispanic Origin,,0,MA,ID Only - Never had Personal Driver License,0
,55535070582,FC24001675,00:00.0,Male,Black,27,NULL,NULL,NULL,Hispanic Origin,,0,MA,Class D,0
,55617061204,FC24001722,48:00.0,Unknown,Unknown,NULL,NULL,NULL,NULL,NULL,,0,NULL,,0
,55617256129,FC24001723,57:00.0,Male,Black,24,NULL,NULL,NULL,Not of Hispanic Origin,,0,MA,Class D,0
,55623687806,FC24001729,00:00.0,Female,Black,28,NULL,NULL,NULL,Not of Hispanic Origin,,0,MA,Class D,0
,55634976033,FC24001737,50:00.0,Female,White,63,Medium,Straight,Light,Unknown,,0,MA,,1
,55643387077,FC24001747,43:00.0,Male,Black,21,Heavy,NULL,Dark Brown,Not of Hispanic Origin,,0,MA,"ID - Had a License, now has ID",0
,55643591097,FC24001747,43:00.0,Male,Black,28,Muscular,NULL,NULL,Not of Hispanic Origin,,0,MA,,NULL
,55645576590,FC24001749,30:00.0,Male,Black,35,Heavy,NULL,Light Brown,NULL,,0,MA,,1
,55645577001,FC24001749,30:00.0,Male,Black,26,Thin,Dreadlocks,Dark,Hispanic Origin,,0,MA,Class D,1
,55649695252,FC24001756,40:00.0,Male,White,41,Heavy,Curly,NULL,Not of Hispanic Origin,,0,MA,,1
,55654056539,FC24001758,15:00.0,Male,Black,19,Thin,NULL,Medium Brown,Hispanic Origin,,0,MA,Class D,1
,55654057784,FC24001758,15:00.0,Male,Black,18,NULL,NULL,NULL,Not of Hispanic Origin,,0,NULL,,1
,55654058222,FC24001758,15:00.0,Male,Black,19,NULL,NULL,NULL,Unknown,,0,MA,"ID - Had a License, now has ID",1
,55654058462,FC24001758,15:00.0,Male,White,19,Thin,Curly,Light Brown,Hispanic Origin,,0,MA,ID Only - Never had Personal Driver License,0
,55654068675,FC24001759,57:00.0,Male,Black,17,Thin,Curly,Light Brown,NULL,,0,MA,ID Only - Never had Personal Driver License,1
,55480670749,FC24001649,20:00.0,Male,White,32,NULL,NULL,NULL,Not of Hispanic Origin,,0,MA,ID Only - Never had Personal Driver License,0
,55480679440,FC24001649,20:00.0,Male,White,33,NULL,NULL,NULL,Not of Hispanic Origin,,0,MA,Class D,0
,55493663938,FC24001656,15:00.0,Male,White,37,Thin,Short,Light,Not of Hispanic Origin,,0,MA,,1
,55494665143,FC24001657,35:00.0,Male,Black,33,Medium,Corn Rows,Dark Brown,Not of Hispanic Origin,,0,MA,Class D,0
,55523178944,FC24001666,27:00.0,Female,Black,46,Medium,Short,Dark Brown,Unknown,,0,MA,Class D,1
,55538293471,FC24001680,00:00.0,Male,Black,34,Medium,NULL,NULL,Not of Hispanic Origin,,0,MA,Class D,1
,55572037328,FC24001692,30:00.0,Male,White,20,Medium,Short,Light,NULL,,0,MA,,0
,55575363294,FC24001698,00:00.0,Male,Unknown,42,NULL,NULL,NULL,Unknown,,0,NULL,,0
,55597903039,FC24001701,30:00.0,Male,Black,21,Thin,Short,NULL,NULL,,0,MA,Class D,1
,55597904768,FC24001701,30:00.0,Male,Black,17,NULL,NULL,NULL,Unknown,,0,NULL,,1
,55597908824,FC24001701,30:00.0,Male,White,16,Thin,NULL,Light Brown,Hispanic Origin,,0,MA,,1
,55668446269,FC24001701,30:00.0,Male,Black,15,NULL,NULL,NULL,NULL,,0,NULL,,1
,55604687047,FC24001707,48:00.0,Male,White,32,Medium,NULL,NULL,Not of Hispanic Origin,,0,MA,,1
,55606674004,FC24001709,02:00.0,Male,Black,19,NULL,NULL,NULL,Unknown,,0,MA,ID Only - Never had Personal Driver License,1
,55606674320,FC24001709,02:00.0,Male,Black,19,NULL,NULL,NULL,Not of Hispanic Origin,,0,MA,Class D,0
,55606736443,FC24001709,02:00.0,Male,Black,21,Thin,Curly,Light Brown,Hispanic Origin,,0,MA,,0
,55613926719,FC24001719,50:00.0,NULL,NULL,NULL,NULL,NULL,NULL,NULL,,0,NULL,,NULL
,55613932514,FC24001719,50:00.0,Male,White,34,Medium,NULL,NULL,Hispanic Origin,,0,MA,,0
,55613953877,FC24001720,34:00.0,Female,White,40,Thin,Short,Light,Unknown,,0,MA,,1
,55623172173,FC24001725,21:00.0,Male,Black,31,Medium,Short,Medium Brown,Not of Hispanic Origin,,0,MA,Class D,0
,55623188796,FC24001725,21:00.0,Male,Unknown,19,NULL,NULL,NULL,Unknown,,0,MA,ID Only - Never had Personal Driver License,NULL
,55623472847,FC24001727,28:00.0,Female,Black,39,Heavy,Straight,Light Brown,Hispanic Origin,,0,MA,Class D,1
,55623474687,FC24001727,28:00.0,Male,Black,16,NULL,NULL,NULL,Hispanic Origin,,0,NULL,,1
,55623475141,FC24001727,28:00.0,Female,White,21,NULL,NULL,NULL,Hispanic Origin,,0,MA,,0
,55623475347,FC24001727,28:00.0,Male,Black,14,NULL,NULL,NULL,Not of Hispanic Origin,,0,NULL,,0
,55623475584,FC24001727,28:00.0,Male,Black,24,Thin,Braided,Medium,Hispanic Origin,,0,MA,,1
,55623476054,FC24001727,28:00.0,Male,White,21,NULL,NULL,NULL,Hispanic Origin,,0,MA,,1
,55623476365,FC24001727,28:00.0,Male,Other,18,NULL,NULL,NULL,Hispanic Origin,,0,NULL,,1
,55623478316,FC24001727,28:00.0,Male,White,18,NULL,NULL,NULL,Hispanic Origin,,0,MA,,1
,55623804445,FC24001731,34:00.0,Male,White,44,Medium,NULL,NULL,Not of Hispanic Origin,,0,MA,"ID - Had a License, now has ID",0
,55537285792,FC24001677,15:00.0,Male,Black,15,Thin,Curly,Medium Brown,Unknown,,0,MA,,0
,55537288437,FC24001677,15:00.0,Male,Black,24,Thin,Afro,Dark,Not of Hispanic Origin,,0,MA,,0
,55537292743,FC24001677,15:00.0,Male,Black,16,Thin,Dreadlocks,Light Brown,NULL,,0,MA,,0
,55537303032,FC24001677,15:00.0,Male,White,16,Thin,Short,Medium Brown,Unknown,,0,MA,,0
,55570428768,FC24001686,00:00.0,Male,Black,31,Medium,Afro,Medium,Not of Hispanic Origin,,0,MA,,1
,55570431158,FC24001686,00:00.0,Male,Black,19,Thin,Afro,Medium Brown,Not of Hispanic Origin,,0,MA,Class D,1
,55570434769,FC24001686,00:00.0,Female,Black,26,NULL,NULL,NULL,Not of Hispanic Origin,,0,MA,ID Only - Never had Personal Driver License,1
,55570948400,FC24001688,29:00.0,Male,Black,18,Thin,Afro,Medium Brown,NULL,,0,MA,,1
,55570948906,FC24001688,29:00.0,Male,Black,19,Thin,Short,Dark,Not of Hispanic Origin,,0,MA,,1
,55570967125,FC24001688,29:00.0,Male,Black,15,NULL,NULL,NULL,Hispanic Origin,,0,NULL,,1
,55572123322,FC24001693,50:00.0,Male,Black,40,Medium,Short,Medium Brown,NULL,,0,MA,,0
,55602399574,FC24001705,21:00.0,Male,Black,21,NULL,NULL,NULL,NULL,,0,MA,Class D,1
,55604460171,FC24001706,10:00.0,Male,Black,NULL,NULL,NULL,NULL,Unknown,,0,NULL,,1
,55604790963,FC24001708,04:00.0,Male,Black,31,Medium,NULL,NULL,Not of Hispanic Origin,,0,MA,,0
,55612053611,FC24001712,08:00.0,Male,White,27,NULL,NULL,NULL,Hispanic Origin,,0,MA,,0
,55654069724,FC24001759,57:00.0,Male,Black,18,Thin,Short,Dark Brown,NULL,,0,MA,,1
,55654070089,FC24001759,57:00.0,Male,Black,18,NULL,NULL,NULL,Unknown,,0,MA,Class D,1
,55654243100,FC24001761,16:00.0,Male,Black,20,NULL,NULL,NULL,Not of Hispanic Origin,,0,MA,ID Only - Never had Personal Driver License,1
,55654289081,FC24001761,16:00.0,Male,Black,42,Muscular,Dreadlocks,Medium Brown,Not of Hispanic Origin,,0,MA,,0
,55656443736,FC24001764,26:00.0,Male,Black,17,NULL,NULL,NULL,Not of Hispanic Origin,,0,NULL,,1
,55656444814,FC24001764,26:00.0,Male,Black,18,Medium,Curly,Medium Brown,Not of Hispanic Origin,,0,MA,,0
,55663247819,FC24001770,47:00.0,Male,Black,42,Medium,Short,Medium Brown,Hispanic Origin,,0,MA,,0
,55663961391,FC24001771,10:00.0,Male,Black,30,Muscular,Dreadlocks,Medium Brown,Not of Hispanic Origin,,0,MA,,1
,55665487973,FC24001773,46:00.0,Male,Black,26,Thin,NULL,NULL,Not of Hispanic Origin,,0,MA,,0
,55669566435,FC24001778,00:00.0,Male,White,21,Thin,Curly,Light,Hispanic Origin,,0,MA,ID Only - Never had Personal Driver License,NULL
,55669571539,FC24001778,00:00.0,Male,Black,14,Thin,Short,Medium Brown,NULL,,0,MA,,0
,55669619189,FC24001778,00:00.0,Male,Black,16,Thin,Afro,Light Brown,NULL,,0,MA,,NULL
,55669621663,FC24001778,00:00.0,Male,Black,15,Thin,NULL,Dark Brown,Not of Hispanic Origin,,0,MA,,NULL
,55669625559,FC24001778,00:00.0,Male,Black,14,Thin,Short,NULL,NULL,,0,MA,,NULL
,55613525871,FC24001716,44:00.0,Male,Black,37,NULL,NULL,NULL,Unknown,,0,MA,ID Only - Never had Personal Driver License,0
,55622828686,FC24001724,30:00.0,Male,Unknown,27,NULL,NULL,NULL,Hispanic Origin,,0,NULL,,0
,55623513617,FC24001728,21:00.0,Male,White,40,NULL,NULL,NULL,Unknown,,0,MA,Other: M,1
,55624963641,FC24001730,07:00.0,Female,Black,39,NULL,NULL,NULL,Unknown,,0,MA,Class D,0
,55624631281,FC24001733,33:00.0,Male,White,39,NULL,NULL,NULL,Not of Hispanic Origin,,0,MA,Class D,1
,55624636355,FC24001733,33:00.0,Male,White,31,NULL,NULL,NULL,Not of Hispanic Origin,,0,MA,Class D,1
,55637615575,FC24001738,41:00.0,Male,Black,50,Medium,Bald or Balding,NULL,Not of Hispanic Origin,,0,MA,"ID - Had a License, now has ID",1
,55640850489,FC24001743,30:00.0,Male,Black,33,Heavy,Short,Dark,Not of Hispanic Origin,,0,MA,Class D,0
,55640853620,FC24001743,30:00.0,Male,Black,27,Thin,NULL,NULL,Not of Hispanic Origin,,0,MA,,0
,55640856329,FC24001743,30:00.0,Male,White,27,Thin,Short,Light,Hispanic Origin,,0,MA,,0
,55640859592,FC24001743,30:00.0,Male,Black,27,Thin,Braided,Medium Brown,Not of Hispanic Origin,,0,MA,,0
,55640862325,FC24001743,30:00.0,Male,White,26,Thin,NULL,NULL,Hispanic Origin,,0,MA,ID Only - Never had Personal Driver License,0
,55640863807,FC24001743,30:00.0,Male,Black,39,Heavy,NULL,NULL,Hispanic Origin,,0,MA,,0
,55640869169,FC24001743,30:00.0,Male,White,38,Stocky,Short,NULL,Hispanic Origin,,0,MA,Class D,0
,55640455986,FC24001741,20:00.0,Male,Black,51,Muscular,NULL,NULL,Not of Hispanic Origin,,0,MA,Class D,0
,55640458602,FC24001741,20:00.0,Male,White,40,Thin,NULL,NULL,Not of Hispanic Origin,,0,MA,,NULL
,55641622573,FC24001744,15:00.0,Male,Black,18,Medium,Short,Light Brown,Not of Hispanic Origin,,0,MA,,0
,55641685439,FC24001744,15:00.0,Male,White,38,Stocky,Short,NULL,Hispanic Origin,,0,MA,Class D,0
,55641688517,FC24001744,15:00.0,Male,White,27,Thin,Short,Light,Hispanic Origin,,0,MA,,0
,55642395805,FC24001745,02:00.0,Male,Unknown,20,NULL,NULL,NULL,NULL,,0,MA,Class D,0
,55642491258,FC24001745,02:00.0,Male,White,21,Thin,Braided,Light,Not of Hispanic Origin,,0,NULL,,0
,55649517541,FC24001754,32:00.0,Female,Black,40,NULL,NULL,NULL,Unknown,,0,MA,Class D,0
,55651573975,FC24001757,48:00.0,Male,NULL,61,NULL,NULL,NULL,NULL,,0,NULL,,0
,55657498202,FC24001766,50:00.0,Male,Black,28,Medium,NULL,NULL,Not of Hispanic Origin,,0,MA,,1
,55657500142,FC24001766,50:00.0,Male,Black,29,Thin,NULL,Medium Brown,Not of Hispanic Origin,,0,MA,,1
,55657504175,FC24001766,50:00.0,Male,Black,35,NULL,NULL,NULL,Not of Hispanic Origin,,0,MA,Class D,1
,55666090777,FC24001774,23:00.0,Male,White,27,NULL,NULL,NULL,Hispanic Origin,,0,NULL,,NULL
,55666103721,FC24001774,23:00.0,Female,White,28,NULL,NULL,NULL,Not of Hispanic Origin,,0,MA,,1
,55670343916,FC24001780,20:00.0,Male,Black,19,Thin,Dreadlocks,Dark Brown,NULL,,0,MA,Class D,0
,55612075335,FC24001713,45:00.0,Male,Black,21,NULL,NULL,NULL,Not of Hispanic Origin,,0,MA,Class D,0
,55612090695,FC24001713,45:00.0,Male,Black,23,NULL,NULL,NULL,Unknown,,0,MA,Class D,0
,55612100284,FC24001713,45:00.0,Male,Black,46,NULL,NULL,NULL,Unknown,,0,MA,Class D,0
,55613268908,FC24001715,27:00.0,Male,Black,56,Heavy,NULL,NULL,Hispanic Origin,,0,MA,,1
,55613729712,FC24001717,08:00.0,Male,Black,50,NULL,NULL,NULL,Hispanic Origin,,0,NULL,,0
,55613741958,FC24001717,08:00.0,Male,White,29,NULL,NULL,NULL,Hispanic Origin,,0,MA,Class D,0
,55613811375,FC24001718,00:00.0,Female,Black,36,Heavy,Short,Brown,Not of Hispanic Origin,,0,MA,ID Only - Never had Personal Driver License,0
,55623320098,FC24001726,00:00.0,Male,Black,36,Muscular,Short,Light Brown,Not of Hispanic Origin,,0,MA,Class D,1
,55623424623,FC24001726,00:00.0,Male,White,41,Medium,NULL,NULL,Not of Hispanic Origin,,0,MA,,1
,55624520120,FC24001732,40:00.0,Female,Black,48,Heavy,NULL,NULL,Not of Hispanic Origin,,0,MA,,0
,55624526549,FC24001732,40:00.0,Female,White,42,Small,Straight,Light Brown,Hispanic Origin,,0,MA,ID Only - Never had Personal Driver License,0
,55624676632,FC24001734,27:00.0,Male,Black,15,Thin,Curly,Medium Brown,Unknown,,0,MA,,1
,55624677764,FC24001734,27:00.0,Male,White,15,Medium,Dreadlocks,Light Brown,Hispanic Origin,,0,MA,,0
,55624678830,FC24001734,27:00.0,Male,Black,24,Thin,Short,Dark,NULL,,0,MA,,0
,55647249112,FC24001751,19:00.0,Male,Black,27,Thin,Dreadlocks,NULL,Unknown,,0,MA,,0
,55647249761,FC24001751,19:00.0,Male,Black,66,Medium,Short,Medium Brown,Not of Hispanic Origin,,0,MA,Class D,NULL
,55647593629,FC24001752,00:00.0,Male,White,38,Thin,Short,Light,Not of Hispanic Origin,,0,MA,,0
,55647595241,FC24001752,00:00.0,Male,White,37,Medium,Short,Light,Not of Hispanic Origin,,0,MA,"ID - Had a License, now has ID",0
,55647598428,FC24001752,00:00.0,Male,White,29,Thin,NULL,NULL,Not of Hispanic Origin,,0,MA,,0
,55647635355,FC24001752,00:00.0,Male,White,47,NULL,NULL,NULL,Not of Hispanic Origin,,0,MA,"ID - Had a License, now has ID",0
,55647637769,FC24001752,00:00.0,Female,White,54,Medium,NULL,NULL,Not of Hispanic Origin,,0,MA,,0
,55647654694,FC24001752,00:00.0,Male,White,47,NULL,NULL,NULL,Unknown,,0,NULL,,0
,55647677427,FC24001752,00:00.0,Male,White,41,Medium,Short,Light,Not of Hispanic Origin,,0,MA,Class D,0
,55647822221,FC24001752,00:00.0,Male,White,47,Medium,Short,Light,Not of Hispanic Origin,,0,MA,ID Only - Never had Personal Driver License,0
,55654340863,FC24001760,00:00.0,Male,Black,34,NULL,NULL,NULL,Unknown,,0,MA,Class D,1
,55654344358,FC24001760,00:00.0,Female,Black,33,Medium,NULL,NULL,Hispanic Origin,,0,MA,,NULL
,55654285224,FC24001762,30:00.0,Male,Black,32,Muscular,Short,Medium Brown,Not of Hispanic Origin,,0,MA,Instruction Permit,0
,55655460928,FC24001763,50:00.0,Male,White,32,Medium,Braided,Dark,Not of Hispanic Origin,,0,MA,Class D,1
,55672269359,FC24001782,56:00.0,Male,Black,14,Medium,Short,Dark,Hispanic Origin,,0,MA,,1
,55672273532,FC24001782,56:00.0,Male,Black,14,Medium,Short,Dark,NULL,,0,MA,,1
,55672562840,FC24001783,35:00.0,Male,White,26,Thin,NULL,Medium,Hispanic Origin,,0,MA,Class D,1
,55693002350,FC24001793,05:00.0,Female,NULL,31,NULL,NULL,NULL,NULL,,0,MA,,NULL
,55693004034,FC24001793,05:00.0,Female,White,56,Unknown,NULL,NULL,Not of Hispanic Origin,,0,MA,,0
,55693431476,FC24001794,00:00.0,Male,White,39,Medium,NULL,NULL,Not of Hispanic Origin,,0,MA,,0
,55694154706,FC24001795,30:00.0,Male,Black,52,Medium,Bald or Balding,Medium Brown,Not of Hispanic Origin,,0,MA,,0
,55703157786,FC24001800,25:00.0,Male,White,24,NULL,NULL,NULL,Not of Hispanic Origin,,0,NULL,,NULL
,55703172337,FC24001800,25:00.0,Male,Unknown,28,NULL,NULL,NULL,Unknown,,0,NULL,,1
,55708207786,FC24001809,12:00.0,Male,White,33,Thin,NULL,NULL,Not of Hispanic Origin,,0,MA,Class D,0
,55708208718,FC24001809,12:00.0,Male,Black,29,Medium,Dreadlocks,Dark,NULL,,0,MA,,0
,55709957030,FC24001810,24:00.0,Male,White,45,Medium,Curly,Light,Hispanic Origin,,0,MA,,1
,55711888554,FC24001811,08:00.0,Male,Black,15,NULL,NULL,NULL,Hispanic Origin,,0,NULL,,0
,55714485959,FC24001814,03:00.0,Male,White,36,Medium,Short,Medium Brown,Hispanic Origin,,0,MA,Other: SUSPENDED,0
,55714785065,FC24001815,30:00.0,Male,White,51,NULL,NULL,NULL,Hispanic Origin,,0,NULL,,0
,55625759098,FC24001735,43:00.0,Male,Unknown,74,NULL,NULL,NULL,NULL,,0,MA,Other: M,0
,55631906708,FC24001736,40:00.0,Male,White,31,Thin,Short,Medium,Unknown,,0,MA,"ID - Had a License, now has ID",0
,55639601757,FC24001740,15:00.0,Male,White,26,Thin,NULL,NULL,Hispanic Origin,,0,MA,ID Only - Never had Personal Driver License,0
,55640822696,FC24001742,49:00.0,Male,Black,31,Medium,Wavy,Dark,Not of Hispanic Origin,,0,MA,,1
,55640826104,FC24001742,49:00.0,Female,White,21,NULL,NULL,NULL,Not of Hispanic Origin,,0,NULL,,NULL
,55643207886,FC24001746,14:00.0,Male,White,48,Thin,Short,Light,Not of Hispanic Origin,,0,MA,"ID - Had a License, now has ID",1
,55645935539,FC24001748,45:00.0,Male,Black,NULL,NULL,NULL,NULL,Unknown,,0,NULL,,0
,55647236064,FC24001750,00:00.0,Male,Black,19,Thin,Dreadlocks,Dark Brown,Not of Hispanic Origin,,0,MA,Class D,1
,55648282503,FC24001753,00:00.0,Male,Black,33,Thin,Curly,NULL,Not of Hispanic Origin,,0,MA,,0
,55648287992,FC24001753,00:00.0,Male,Black,24,Thin,Braided,Dark,Not of Hispanic Origin,,0,MA,ID Only - Never had Personal Driver License,0
,55648290970,FC24001753,00:00.0,Male,Black,25,Heavy,NULL,NULL,Not of Hispanic Origin,,0,MA,,0
,55657420351,FC24001765,42:00.0,Male,Black,32,Heavy,Short,Medium Brown,Unknown,,0,MA,Class D,1
,55661536686,FC24001767,00:00.0,Male,Black,45,Medium,NULL,NULL,Not of Hispanic Origin,,0,MA,,0
,55667316424,FC24001775,30:00.0,Male,Black,34,Medium,NULL,NULL,Not of Hispanic Origin,,0,MA,,0
,55670345241,FC24001780,20:00.0,Male,Black,26,Thin,NULL,NULL,Not of Hispanic Origin,,0,MA,,0
,55679836671,FC24001785,37:00.0,Male,Black,32,Muscular,Corn Rows,Medium Brown,Not of Hispanic Origin,,0,MA,,0
,55696951197,FC24001798,22:00.0,Male,White,65,Medium,NULL,NULL,Not of Hispanic Origin,,0,NULL,,0
,55699693909,FC24001799,30:00.0,Female,White,36,NULL,NULL,NULL,Not of Hispanic Origin,,0,MA,Class D,NULL
,55699696224,FC24001799,30:00.0,Male,White,35,NULL,NULL,NULL,Not of Hispanic Origin,,0,NULL,,0
,55699697252,FC24001799,30:00.0,Male,White,34,Thin,NULL,NULL,Not of Hispanic Origin,,0,MA,,1
,55703193161,FC24001801,39:00.0,Female,White,26,NULL,NULL,NULL,Unknown,,0,MA,ID Only - Never had Personal Driver License,0
,55704959963,FC24001804,45:00.0,Male,White,55,Medium,Short,Light,NULL,,0,MA,,0
,55704978468,FC24001804,45:00.0,Female,White,28,Thin,Short,Light,Not of Hispanic Origin,,0,MA,,NULL
,55705908939,FC24001806,30:00.0,Male,Unknown,23,NULL,NULL,NULL,NULL,,0,MA,Class D,0
,55705911777,FC24001806,30:00.0,Male,Black,19,NULL,NULL,NULL,Not of Hispanic Origin,,0,MA,Class D,0
,55715673080,FC24001818,30:00.0,Male,Black,17,Medium,Afro,NULL,Unknown,,0,MA,,1
,55715675044,FC24001818,30:00.0,Male,Black,15,Thin,Curly,Medium Brown,Unknown,,0,MA,,1
,55715827179,FC24001820,31:00.0,Female,White,23,NULL,NULL,NULL,Not of Hispanic Origin,,0,MA,Class D,1
,55715829352,FC24001820,31:00.0,Male,White,51,Medium,NULL,NULL,Not of Hispanic Origin,,0,MA,,0
,55714799825,FC24001815,30:00.0,Male,White,66,NULL,NULL,NULL,Hispanic Origin,,0,MA,Class D,0
,55715135640,FC24001817,42:00.0,Male,White,53,Medium,Bald or Balding,Medium,Hispanic Origin,,0,MA,,0
,55715138857,FC24001817,42:00.0,Female,White,40,Medium,NULL,NULL,Not of Hispanic Origin,,0,MA,,0
,55716004707,FC24001824,09:00.0,Male,Black,24,Medium,Braided,Medium Brown,Not of Hispanic Origin,,0,MA,Class D,1
,55716004707,FC24001824,09:00.0,Male,Black,24,Medium,Braided,Medium Brown,Not of Hispanic Origin,,0,MA,Class D,NULL
,55716260316,FC24001826,52:00.0,Female,Unknown,21,NULL,NULL,NULL,Hispanic Origin,,0,MA,Class D,1
,55729216362,FC24001837,50:00.0,Male,NULL,44,NULL,NULL,NULL,NULL,,0,NULL,,0
,55730564510,FC24001842,00:00.0,Male,Black,17,Medium,Afro,NULL,Unknown,,0,MA,,1
,55730590155,FC24001842,00:00.0,Male,Black,15,Thin,Curly,Medium Brown,Unknown,,0,MA,,0
,55730615594,FC24001842,00:00.0,Male,White,27,Thin,Short,Light,Hispanic Origin,,0,MA,,0
,55730619832,FC24001842,00:00.0,Male,Black,33,Thin,Short,Dark Brown,Not of Hispanic Origin,,0,MA,Class D,0
,55730621864,FC24001842,00:00.0,Male,Black,28,Thin,NULL,NULL,Hispanic Origin,,0,MA,,0
,55730623054,FC24001842,00:00.0,Male,Black,27,Thin,NULL,NULL,Not of Hispanic Origin,,0,MA,,1
,55730641186,FC24001842,00:00.0,Male,White,15,Medium,Dreadlocks,Light Brown,Hispanic Origin,,0,MA,,0
,55730626078,FC24001842,00:00.0,Male,Black,31,Medium,Short,Medium,Not of Hispanic Origin,,0,MA,,0
,55655487867,FC24001763,50:00.0,Female,Black,26,NULL,NULL,NULL,Not of Hispanic Origin,,0,MA,Class D,1
,55655499654,FC24001763,50:00.0,Female,Black,23,NULL,NULL,NULL,Not of Hispanic Origin,,0,MA,Class D,1
,55661876817,FC24001768,26:00.0,Male,Black,32,Stocky,Dreadlocks,Medium Brown,Not of Hispanic Origin,,0,MA,,0
,55662100582,FC24001769,31:00.0,Male,Black,32,Unknown,NULL,NULL,Not of Hispanic Origin,,0,MA,,0
,55665068140,FC24001772,35:00.0,Male,Black,40,Medium,Wavy,Light Brown,Not of Hispanic Origin,,0,MA,,0
,55669806994,FC24001779,42:00.0,Male,White,40,Medium,Other,Light,Not of Hispanic Origin,,0,MA,,1
,55671218300,FC24001781,44:00.0,Male,Black,23,NULL,NULL,NULL,Not of Hispanic Origin,,0,MA,ID Only - Never had Personal Driver License,0
,55683818621,FC24001788,00:00.0,Male,Black,20,Thin,Short,Medium Brown,Not of Hispanic Origin,,0,MA,,1
,55684008982,FC24001788,00:00.0,Male,Black,21,Thin,NULL,Medium Brown,Not of Hispanic Origin,,0,MA,,1
,55690912698,FC24001791,30:00.0,Male,Black,41,Medium,NULL,Dark Brown,Not of Hispanic Origin,,0,MA,,0
,55695943233,FC24001796,25:00.0,Female,White,54,Medium,Straight,Light,Not of Hispanic Origin,,0,MA,ID Only - Never had Personal Driver License,0
,55695948561,FC24001796,25:00.0,Male,Black,53,NULL,NULL,NULL,Not of Hispanic Origin,,0,MA,ID Only - Never had Personal Driver License,0
,55696022347,FC24001797,25:00.0,Male,Black,28,Thin,Dreadlocks,NULL,Not of Hispanic Origin,,0,MA,Class D,0
,55715863837,FC24001821,00:00.0,Male,Black,21,NULL,NULL,NULL,NULL,,0,MA,Class D,0
,55715871294,FC24001821,00:00.0,Female,Black,25,Thin,NULL,NULL,Not of Hispanic Origin,,0,MA,,0
,55715879860,FC24001821,00:00.0,Female,Black,21,NULL,NULL,NULL,Not of Hispanic Origin,,0,MA,,0
,55718299742,FC24001828,20:00.0,Male,Black,16,Thin,Short,Medium,Not of Hispanic Origin,,0,MA,,1
,55718303162,FC24001828,20:00.0,Female,Black,43,Thin,NULL,NULL,Not of Hispanic Origin,,0,MA,Class D,1
,55729683445,FC24001838,42:00.0,Male,Black,26,Thin,Short,Dark Brown,Not of Hispanic Origin,,0,MA,Class D,1
,55729700761,FC24001838,42:00.0,Female,Black,19,NULL,NULL,NULL,Unknown,,0,NULL,,1
,55730250035,FC24001840,38:00.0,Unknown,NULL,NULL,NULL,NULL,NULL,NULL,,0,NULL,,0
,55733155732,FC24001850,52:00.0,Male,Black,57,Medium,Short,Medium Brown,Not of Hispanic Origin,,0,MA,,0
,55733156600,FC24001850,52:00.0,Male,Black,56,Heavy,Twists,Brown,Not of Hispanic Origin,,0,MA,CDL Class A,0
,55733158103,FC24001850,52:00.0,Male,Black,55,Medium,Short,Medium Brown,Not of Hispanic Origin,,0,MA,,NULL
,55741583475,FC24001864,39:00.0,Male,Unknown,23,NULL,NULL,NULL,NULL,,0,NULL,,1
,55741589581,FC24001864,39:00.0,Male,Black,26,Thin,Straight,Light Brown,Hispanic Origin,,0,OTH,,1
,55741933682,FC24001866,26:00.0,Male,Black,20,NULL,NULL,NULL,Not of Hispanic Origin,,0,MA,Class D,0
,55743868882,FC24001868,00:00.0,Male,White,NULL,NULL,NULL,NULL,Hispanic Origin,,0,NULL,,0
,55668903356,FC24001776,36:00.0,Male,NULL,20,NULL,NULL,NULL,NULL,,0,NULL,,0
,55668915332,FC24001776,36:00.0,Male,White,21,NULL,NULL,NULL,Hispanic Origin,,0,NULL,,0
,55669209711,FC24001777,24:00.0,Male,White,30,Thin,Short,Light,Not of Hispanic Origin,,0,MA,,1
,55672659798,FC24001784,03:00.0,Male,White,28,Medium,Short,NULL,Not of Hispanic Origin,,0,MA,,0
,55683646487,FC24001787,30:00.0,Male,Black,28,Medium,Afro,Dark Brown,Not of Hispanic Origin,,0,MA,Class D,0
,55687034342,FC24001789,10:00.0,Male,Black,23,Heavy,NULL,NULL,Hispanic Origin,,0,MA,Class D,1
,55687036075,FC24001789,10:00.0,Male,Other,24,NULL,NULL,NULL,Hispanic Origin,,0,MA,,1
,55687040139,FC24001789,10:00.0,Male,White,22,NULL,NULL,NULL,Hispanic Origin,,0,MA,ID Only - Never had Personal Driver License,1
,55713310036,FC24001813,45:00.0,Male,Black,29,Thin,NULL,NULL,Not of Hispanic Origin,,0,MA,"ID - Had a License, now has ID",1
,55714860515,FC24001816,30:00.0,Male,Black,59,Medium,NULL,Medium Brown,Not of Hispanic Origin,,0,MA,,0
,55714865938,FC24001816,30:00.0,Female,White,33,NULL,NULL,NULL,Hispanic Origin,,0,NULL,,0
,55714870214,FC24001816,30:00.0,Female,Black,32,Medium,NULL,NULL,Not of Hispanic Origin,,0,MA,Class D,0
,55714875532,FC24001816,30:00.0,Female,White,46,NULL,NULL,NULL,Unknown,,0,MA,Class D,0
,55714879841,FC24001816,30:00.0,Female,Black,35,Heavy,NULL,NULL,Not of Hispanic Origin,,0,MA,Class D,0
,55715781284,FC24001819,50:00.0,Male,Unknown,59,NULL,NULL,NULL,Unknown,,0,MA,Class D,0
,55730631491,FC24001842,00:00.0,Male,Black,16,Thin,Dreadlocks,Light Brown,NULL,,0,MA,,0
,55730633377,FC24001842,00:00.0,Male,Black,39,Heavy,NULL,NULL,Hispanic Origin,,0,MA,,0
,55730635394,FC24001842,00:00.0,Male,White,33,Medium,Short,Light,Hispanic Origin,,0,MA,Other: suspended,0
,55730638471,FC24001842,00:00.0,Male,White,18,Medium,Short,Light,Unknown,,0,MA,,0
,55730639531,FC24001842,00:00.0,Male,Black,27,Thin,Braided,Medium Brown,Not of Hispanic Origin,,0,MA,,0
,55738770001,FC24001856,11:00.0,Male,Black,40,Medium,NULL,NULL,Not of Hispanic Origin,,0,VA,,0
,55746789366,FC24001870,08:00.0,Male,Black,35,Medium,Braided,NULL,Unknown,,0,MA,Class D,0
,55751392926,FC24001873,38:00.0,Male,White,28,Thin,Straight,Light,Not of Hispanic Origin,,0,MA,,0
,55751397188,FC24001873,38:00.0,Male,White,42,NULL,NULL,NULL,Not of Hispanic Origin,,0,NULL,,0
,55759224007,FC24001880,45:00.0,Male,Black,20,NULL,NULL,NULL,Not of Hispanic Origin,,0,MA,,0
,55759225682,FC24001880,45:00.0,Male,Black,21,NULL,NULL,NULL,Not of Hispanic Origin,,0,MA,Class D,0
,55759266110,FC24001880,45:00.0,Male,White,17,NULL,NULL,NULL,Hispanic Origin,,0,NULL,,0
,55760979992,FC24001885,43:00.0,Female,Asian,18,NULL,NULL,NULL,Not of Hispanic Origin,,0,NULL,,NULL
,55760996499,FC24001885,43:00.0,Female,White,56,NULL,NULL,NULL,Unknown,,0,MA,Class D,NULL
,55761004056,FC24001885,43:00.0,Male,Black,54,Thin,Receding or Slightly Receding,Light,Hispanic Origin,,0,MA,Class D,NULL
,55761004056,FC24001885,43:00.0,Male,Black,54,Thin,Receding or Slightly Receding,Light,Hispanic Origin,,0,MA,Class D,0
,55766120823,FC24001886,00:00.0,Male,Black,41,Thin,Curly,Medium,Hispanic Origin,,0,MA,,0
,55835819371,FC24001896,16:00.0,Male,White,55,Heavy,Short,Light,Hispanic Origin,,0,MA,"ID - Had a License, now has ID",0
,55836786788,FC24001897,30:00.0,Male,White,31,NULL,NULL,NULL,Not of Hispanic Origin,,0,MA,Class D,0
,55839316502,FC24001904,28:00.0,Female,Unknown,40,NULL,NULL,NULL,Unknown,,0,NULL,,0
,55839577702,FC24001908,00:00.0,Male,White,27,NULL,NULL,NULL,Not of Hispanic Origin,,0,MA,Class D,0
,55841117711,FC24001910,12:00.0,Male,Black,34,Thin,Dreadlocks,Medium Brown,Not of Hispanic Origin,,0,MA,ID Only - Never had Personal Driver License,0
,55847306372,FC24001915,01:00.0,Male,White,24,NULL,NULL,NULL,Unknown,,0,MA,Class D,0
,55847672852,FC24001916,36:00.0,Male,Black,35,Heavy,NULL,NULL,Not of Hispanic Origin,,0,MA,Class D,0
,55847683121,FC24001916,36:00.0,Female,Black,21,NULL,NULL,NULL,Unknown,,0,MA,Class D,NULL
,55847686092,FC24001916,36:00.0,Female,Unknown,21,NULL,NULL,NULL,Unknown,,0,MA,,NULL
,55847689078,FC24001916,36:00.0,Male,Unknown,NULL,NULL,NULL,NULL,NULL,,0,NULL,,NULL
,55854070609,FC24001925,35:00.0,Male,White,35,Muscular,Curly,Light,Hispanic Origin,,0,MA,,1
,55867740004,FC24001926,50:00.0,Male,Black,35,Thin,Short,Dark,Not of Hispanic Origin,,0,MA,ID Only - Never had Personal Driver License,1
,55721726478,FC24001831,05:00.0,Female,White,25,NULL,NULL,NULL,Not of Hispanic Origin,,0,MA,,0
,55722571694,FC24001832,00:00.0,Male,White,60,Heavy,NULL,NULL,Not of Hispanic Origin,,0,MA,,0
,55728354799,FC24001835,10:00.0,Male,Black,35,Medium,Braided,Light Brown,Not of Hispanic Origin,,0,MA,,1
,55730420896,FC24001841,00:00.0,Male,Unknown,27,NULL,NULL,NULL,Hispanic Origin,,0,NULL,,0
,55730423096,FC24001841,00:00.0,Male,Unknown,23,NULL,NULL,NULL,Hispanic Origin,,0,NULL,,0
,55730430200,FC24001841,00:00.0,Male,NULL,35,NULL,NULL,NULL,NULL,,0,NULL,,0
,55730739346,FC24001843,11:00.0,Female,White,38,NULL,NULL,NULL,Unknown,,0,MA,"ID - Had a License, now has ID",0
,55730742627,FC24001843,11:00.0,Female,White,10,NULL,NULL,NULL,Not of Hispanic Origin,,0,NULL,,0
,55730972348,FC24001844,00:00.0,Male,Black,59,Heavy,Bald or Balding,Medium Brown,Not of Hispanic Origin,,0,MA,,0
,55731096425,FC24001845,00:00.0,Male,Black,18,Thin,Braided,Light Brown,Not of Hispanic Origin,,0,MA,,0
,55731101883,FC24001845,00:00.0,Male,White,21,Thin,Braided,Light,Not of Hispanic Origin,,0,NULL,,0
,55731944290,FC24001846,03:00.0,Female,Black,19,NULL,NULL,NULL,Not of Hispanic Origin,,0,MA,Class D,0
,55732822857,FC24001849,49:00.0,Male,Unknown,22,Thin,Curly,Light Brown,Hispanic Origin,,0,MA,,0
,55732826583,FC24001849,49:00.0,Female,Other,19,NULL,NULL,NULL,Hispanic Origin,,0,NULL,,0
,55736264989,FC24001851,20:00.0,Male,Black,39,Medium,NULL,NULL,Not of Hispanic Origin,,0,MA,,1
,55751716095,FC24001874,45:00.0,Male,Black,21,Medium,Short,Dark Brown,Not of Hispanic Origin,,0,MA,,1
,55754383678,FC24001875,40:00.0,Male,White,32,NULL,NULL,NULL,NULL,,0,NULL,,0
,55754412504,FC24001875,40:00.0,Female,White,39,NULL,NULL,NULL,NULL,,0,NULL,,0
,55756919939,FC24001876,45:00.0,Male,White,20,Thin,Afro,Light,Hispanic Origin,,0,MA,Class D,0
,55756942482,FC24001876,45:00.0,Male,Other,18,NULL,NULL,NULL,Hispanic Origin,,0,NULL,,0
,55756964079,FC24001876,45:00.0,Male,Black,NULL,NULL,NULL,NULL,NULL,,0,NULL,,0
,55758293119,FC24001877,25:00.0,Male,White,29,Medium,Short,Medium,Unknown,,0,MA,,0
,55759309459,FC24001881,07:00.0,Male,Black,20,NULL,NULL,NULL,NULL,,0,MA,Class D,0
,55759729087,FC24001883,11:00.0,Male,Black,20,Thin,Short,Dark Brown,Not of Hispanic Origin,,0,MA,,1
,55759742738,FC24001883,11:00.0,Male,Black,17,NULL,NULL,NULL,Unknown,,0,NULL,,1
,55784311986,FC24001890,00:00.0,Male,Black,31,Medium,NULL,NULL,Not of Hispanic Origin,,0,MA,Class D,1
,55822820037,FC24001893,06:00.0,Male,White,18,Medium,Short,Light,Unknown,,0,MA,,1
,55822840576,FC24001893,06:00.0,Male,Black,17,Medium,Afro,NULL,Unknown,,0,MA,,0
,55822841683,FC24001893,06:00.0,Male,Black,33,Medium,NULL,Medium Brown,Not of Hispanic Origin,,0,MA,,0
,55822843019,FC24001893,06:00.0,Male,Black,33,Thin,Short,Dark Brown,Not of Hispanic Origin,,0,MA,Class D,0
,55822848694,FC24001893,06:00.0,Male,Black,26,Medium,Braided,Medium Brown,Not of Hispanic Origin,,0,MA,,0
,55867909979,FC24001926,50:00.0,Male,Black,33,Medium,NULL,NULL,Not of Hispanic Origin,,0,MA,"ID - Had a License, now has ID",1
,55867965108,FC24001926,50:00.0,Female,White,33,Thin,NULL,NULL,Not of Hispanic Origin,,0,MA,"ID - Had a License, now has ID",0
,55933807241,FC24001931,20:00.0,Female,White,46,Medium,NULL,Medium,NULL,,0,MA,,1
,55934463286,FC24001933,12:00.0,Male,Black,27,Medium,Braided,Medium Brown,Unknown,,0,MA,Class D,1
,55934601666,FC24001933,12:00.0,Male,Black,25,Heavy,NULL,NULL,Hispanic Origin,,0,MA,,NULL
,55944350262,FC24001942,30:00.0,Male,White,65,NULL,NULL,NULL,Not of Hispanic Origin,,0,NULL,,0
,55961403221,FC24001945,51:00.0,Male,Black,29,Thin,NULL,NULL,Not of Hispanic Origin,,0,MA,ID Only - Never had Personal Driver License,1
,55961485555,FC24001945,51:00.0,Male,Black,22,NULL,NULL,NULL,NULL,,0,NULL,,1
,55961534815,FC24001945,51:00.0,Male,White,21,Medium,Afro,Light,Hispanic Origin,,0,MA,,1
,55982421384,FC24001951,30:00.0,Male,White,26,Thin,NULL,NULL,Hispanic Origin,,0,MA,ID Only - Never had Personal Driver License,0
,55982426729,FC24001951,30:00.0,Male,Black,16,Thin,Dreadlocks,Light Brown,NULL,,0,MA,,0
,55982437456,FC24001951,30:00.0,Male,Black,18,Medium,Short,Light Brown,Not of Hispanic Origin,,0,MA,,0
,55982476752,FC24001951,30:00.0,Male,Black,17,Medium,Afro,NULL,Unknown,,0,MA,,0
,55982480193,FC24001951,30:00.0,Male,Black,29,Muscular,Short,Medium,NULL,,0,MA,,0
,55822851050,FC24001893,06:00.0,Male,Black,44,Medium,NULL,NULL,Not of Hispanic Origin,,0,MA,,0
,55837125730,FC24001898,00:00.0,Male,Unknown,20,NULL,NULL,NULL,NULL,,0,NULL,,1
,55837129294,FC24001898,00:00.0,Male,Black,20,Thin,NULL,Light Brown,Not of Hispanic Origin,,0,MA,,1
,55838318139,FC24001900,12:00.0,Male,Black,28,Medium,Short,Medium,Not of Hispanic Origin,,0,MA,Class D,1
,55838983991,FC24001902,12:00.0,Male,Asian,27,NULL,NULL,NULL,Not of Hispanic Origin,,0,NULL,,1
,55839007173,FC24001902,12:00.0,Male,Asian,25,NULL,NULL,NULL,Not of Hispanic Origin,,0,MA,,1
,55839021498,FC24001902,12:00.0,Male,Asian,27,NULL,NULL,NULL,Not of Hispanic Origin,,0,NULL,,1
,55839442324,FC24001905,00:00.0,Male,Black,46,Medium,Bald or Balding,Medium Brown,Not of Hispanic Origin,,0,MA,Other: Revoked,1
,55839463975,FC24001906,00:00.0,Male,Black,29,Medium,Short,Medium Brown,Unknown,,0,MA,ID Only - Never had Personal Driver License,0
,55839575290,FC24001909,28:00.0,NULL,NULL,NULL,NULL,NULL,NULL,NULL,,0,NULL,,NULL
,55839576713,FC24001909,28:00.0,Male,White,34,Thin,NULL,Medium,Hispanic Origin,,0,MA,ID Only - Never had Personal Driver License,0
,55848942529,FC24001918,09:00.0,Male,Black,29,Thin,Dreadlocks,Dark Brown,Not of Hispanic Origin,,0,MA,,0
,55848944029,FC24001918,09:00.0,Female,Black,30,NULL,NULL,NULL,Unknown,,0,MA,Class D,NULL
,55849710535,FC24001920,03:00.0,Male,White,64,Medium,Bald or Balding,Light,Not of Hispanic Origin,,0,MA,,1
,55736295552,FC24001851,20:00.0,Female,Unknown,NULL,NULL,NULL,NULL,Unknown,,0,MA,Class D,0
,55736594382,FC24001852,13:00.0,Male,White,35,NULL,NULL,NULL,Unknown,,0,NULL,,0
,55737885890,FC24001853,35:00.0,Male,Black,33,Thin,NULL,NULL,Not of Hispanic Origin,,0,MA,,0
,55739118204,FC24001857,27:00.0,Male,Black,38,Thin,Short,Medium,Not of Hispanic Origin,,0,MA,,1
,55739850686,FC24001858,22:00.0,Male,Unknown,27,NULL,NULL,NULL,Hispanic Origin,,0,NULL,,1
,55740846166,FC24001860,00:00.0,Male,Black,28,Unknown,NULL,NULL,Not of Hispanic Origin,,0,MA,,1
,55741287783,FC24001862,00:00.0,Female,Black,28,Medium,NULL,NULL,Not of Hispanic Origin,,0,MA,,1
,55741441779,FC24001863,14:00.0,Male,Black,32,Thin,NULL,NULL,Hispanic Origin,,0,MA,,0
,55741444123,FC24001863,14:00.0,Male,White,32,NULL,NULL,NULL,Hispanic Origin,,0,MA,Class D,0
,55741752430,FC24001865,16:00.0,Male,White,61,NULL,NULL,NULL,Not of Hispanic Origin,,0,MA,Class D,0
,55742085579,FC24001867,26:00.0,Male,Black,32,Stocky,NULL,NULL,Not of Hispanic Origin,,0,MA,,0
,55744510854,FC24001869,39:00.0,Male,Black,37,Medium,Braided,Medium,NULL,,0,MA,Class D,1
,55750107498,FC24001871,00:00.0,Male,Black,27,Thin,Short,Dark Brown,Not of Hispanic Origin,,0,MA,Class D,0
,55750111898,FC24001871,00:00.0,Male,White,24,Heavy,Straight,Light,Hispanic Origin,,0,MA,No License - Record Only,0
,55750115624,FC24001871,00:00.0,Male,NULL,18,Medium,Afro,Dark Brown,Not of Hispanic Origin,,0,MA,,0
,55982486555,FC24001951,30:00.0,Male,Black,33,Thin,Short,Dark Brown,Not of Hispanic Origin,,0,MA,Class D,0
,55982489947,FC24001951,30:00.0,Male,Black,24,Thin,Afro,Dark,Not of Hispanic Origin,,0,MA,,0
,55983225875,FC24001954,20:00.0,Male,Black,29,Muscular,Short,Medium,NULL,,0,MA,,0
,55983228231,FC24001954,20:00.0,Male,Black,33,Thin,Short,Dark Brown,Not of Hispanic Origin,,0,MA,Class D,0
,55983229229,FC24001954,20:00.0,Male,Black,17,Medium,Afro,NULL,Unknown,,0,MA,,0
,55983230083,FC24001954,20:00.0,Male,Black,18,Medium,Short,Light Brown,Not of Hispanic Origin,,0,MA,,0
,55983230824,FC24001954,20:00.0,Male,White,26,Thin,NULL,NULL,Hispanic Origin,,0,MA,ID Only - Never had Personal Driver License,0
,55983232740,FC24001954,20:00.0,Male,Black,24,Thin,Afro,Dark,Not of Hispanic Origin,,0,MA,,0
,55983236240,FC24001954,20:00.0,Male,Black,29,Medium,Short,Light Brown,Not of Hispanic Origin,,0,MA,ID Only - Never had Personal Driver License,0
,55983242202,FC24001954,20:00.0,Male,White,27,Thin,Short,Light,Hispanic Origin,,0,MA,,0
,55985314124,FC24001957,29:00.0,Male,Unknown,35,NULL,NULL,NULL,Unknown,,0,MA,,0
,55987280870,FC24001961,11:00.0,Female,Unknown,23,NULL,NULL,NULL,NULL,,0,NULL,,0
,55987283235,FC24001961,11:00.0,Female,Black,27,Unknown,NULL,NULL,Not of Hispanic Origin,,0,MA,ID Only - Never had Personal Driver License,0
,55987284044,FC24001961,11:00.0,Male,Black,32,Muscular,NULL,NULL,Not of Hispanic Origin,,0,MA,No License - Record Only,0
,55704343318,FC24001802,30:00.0,Male,Black,30,NULL,NULL,NULL,Unknown,,0,MA,,0
,55704486282,FC24001803,22:00.0,Male,White,15,Thin,Straight,Light,NULL,,0,MA,,1
,55705934847,FC24001807,00:00.0,Male,Black,34,Heavy,Unkempt,Dark,Unknown,,0,MA,Class D,1
,55705950629,FC24001807,00:00.0,Male,Black,42,Medium,NULL,NULL,Not of Hispanic Origin,,0,MA,,0
,55707887795,FC24001808,20:00.0,Male,Black,44,Medium,Dreadlocks,Medium Brown,Not of Hispanic Origin,,0,MA,,1
,55715917767,FC24001823,05:00.0,Male,Black,44,Medium,NULL,NULL,Hispanic Origin,,0,MA,Class D,0
,55716193158,FC24001825,45:00.0,Male,White,18,NULL,NULL,NULL,Hispanic Origin,,0,NULL,,1
,55718170754,FC24001827,00:00.0,Male,White,57,Medium,Unkempt,Light,Hispanic Origin,,0,MA,,1
,55718369696,FC24001829,25:00.0,Male,Unknown,19,NULL,NULL,NULL,Unknown,,0,MA,,0
,55718369696,FC24001829,25:00.0,Male,Unknown,19,NULL,NULL,NULL,Unknown,,0,MA,,NULL
,55719785838,FC24001830,00:00.0,Male,Black,59,Medium,NULL,Dark Brown,Not of Hispanic Origin,,0,MA,,1
,55719788021,FC24001830,00:00.0,Male,Black,26,Stocky,Short,Medium Brown,Not of Hispanic Origin,,0,MA,Class D,1
,55724851915,FC24001833,24:00.0,Male,Black,21,NULL,NULL,NULL,Unknown,,0,MA,Class D,0
,55724865676,FC24001833,24:00.0,Male,Black,22,Medium,Braided,Dark Brown,NULL,,0,MA,Class D,0
,55732031324,FC24001847,30:00.0,Male,Black,32,Stocky,Bald or Balding,Medium Brown,NULL,,0,MA,,0
,55987291724,FC24001961,11:00.0,Male,Black,27,Heavy,Unkempt,Dark Brown,Not of Hispanic Origin,,0,MA,Class D,0
,55987292321,FC24001962,59:00.0,Female,Black,22,NULL,NULL,NULL,NULL,,0,MA,Class D,1
,55987293732,FC24001962,59:00.0,Female,White,30,NULL,NULL,NULL,NULL,,0,MA,Class D,1
,55987300666,FC24001962,59:00.0,Male,Black,24,NULL,NULL,NULL,Hispanic Origin,,0,MA,Class D,1
,55987308931,FC24001962,59:00.0,Male,Black,21,NULL,NULL,NULL,Hispanic Origin,,0,MA,Class D,1
,55992689936,FC24001965,00:00.0,Male,Black,41,NULL,NULL,NULL,Hispanic Origin,,0,MA,,0
,56002645082,FC24001975,58:00.0,Male,White,44,Thin,Short,Light,Not of Hispanic Origin,,0,MA,,0
,56003819303,FC24001978,20:00.0,Male,Black,20,Medium,Afro,Light,Hispanic Origin,,0,MA,ID Only - Never had Personal Driver License,0
,56003820741,FC24001978,20:00.0,Male,White,26,Thin,NULL,NULL,Hispanic Origin,,0,MA,,0
,56005321283,FC24001979,58:00.0,Male,Black,61,Thin,NULL,NULL,Not of Hispanic Origin,,0,MA,,0
,56006877997,FC24001980,00:00.0,Male,Black,39,Heavy,NULL,NULL,Hispanic Origin,,0,MA,,0
,56006882839,FC24001980,00:00.0,Male,Black,39,Medium,Short,Medium Brown,Not of Hispanic Origin,,0,MA,Class D,0
,56006980292,FC24001980,00:00.0,Male,Black,33,Muscular,NULL,NULL,Not of Hispanic Origin,,0,MA,,0
,56006984759,FC24001980,00:00.0,Male,Black,39,Medium,NULL,Medium Brown,Not of Hispanic Origin,,0,MA,Class D,0
,56007116142,FC24001982,47:00.0,Male,Black,18,Thin,Afro,Dark,Not of Hispanic Origin,,0,MA,,0
,55758572538,FC24001878,54:00.0,Male,Black,17,Medium,Afro,NULL,Unknown,,0,MA,,1
,55758575865,FC24001878,54:00.0,Male,Black,16,Medium,Braided,Medium,NULL,,0,MA,,1
,55758577412,FC24001878,54:00.0,Male,Black,16,Thin,Dreadlocks,Light Brown,NULL,,0,MA,,1
,55758581859,FC24001878,54:00.0,Male,Black,15,Thin,Curly,Medium Brown,Unknown,,0,MA,,1
,55758587822,FC24001878,54:00.0,Male,White,15,Medium,Dreadlocks,Light Brown,Hispanic Origin,,0,MA,,1
,55758593918,FC24001878,54:00.0,Male,Black,24,Thin,Afro,Dark,Not of Hispanic Origin,,0,MA,,1
,55758638632,FC24001879,30:00.0,Male,Black,30,Medium,Short,Medium Brown,Hispanic Origin,,0,MA,"ID - Had a License, now has ID",1
,55758640188,FC24001879,30:00.0,Female,Black,31,NULL,NULL,NULL,Not of Hispanic Origin,,0,MA,Class D,0
,55767593583,FC24001887,30:00.0,Male,Black,21,Medium,NULL,NULL,Not of Hispanic Origin,,0,MA,CDL Class C,0
,55825851662,FC24001895,13:00.0,Female,Unknown,32,NULL,NULL,NULL,Unknown,,0,FL,Other: Class E,0
,55827459235,FC24001895,13:00.0,Female,Black,30,NULL,NULL,NULL,Not of Hispanic Origin,,0,MA,Class D,0
,55827583752,FC24001895,13:00.0,Male,Black,35,Medium,Short,Dark Brown,Not of Hispanic Origin,,0,MA,,0
,55827732503,FC24001895,13:00.0,Male,Black,35,Medium,Dreadlocks,Medium Brown,Unknown,,0,MA,,0
,55838758916,FC24001901,00:00.0,Male,Black,40,Thin,Short,Light,Not of Hispanic Origin,,0,MA,Class D,0
,55853143642,FC24001924,46:00.0,Female,Black,32,NULL,NULL,NULL,Not of Hispanic Origin,,0,MA,,1
,55899547384,FC24001929,59:00.0,Male,Black,54,Medium,Bald or Balding,Light Brown,Not of Hispanic Origin,,0,MA,Class D,1
,55937431579,FC24001938,05:00.0,Male,Black,66,Medium,Bald or Balding,Medium Brown,Not of Hispanic Origin,,0,MA,Class D,0
,55941160074,FC24001940,30:00.0,Male,Black,21,Medium,Short,Dark Brown,Not of Hispanic Origin,,0,MA,,1
,55941306682,FC24001940,30:00.0,Male,Black,22,Medium,Short,Dark,Not of Hispanic Origin,,0,MA,ID Only - Never had Personal Driver License,0
,55958761766,FC24001944,30:00.0,Female,White,41,NULL,NULL,NULL,Not of Hispanic Origin,,0,MA,,0
,55958778582,FC24001944,30:00.0,Male,Black,51,Medium,NULL,NULL,Not of Hispanic Origin,,0,MA,,0
,55981234617,FC24001947,15:00.0,Female,Black,45,Thin,Dreadlocks,Dark Brown,Not of Hispanic Origin,,0,MA,Class D,0
,55983030531,FC24001953,15:00.0,Male,Black,28,NULL,NULL,NULL,Not of Hispanic Origin,,0,MA,ID Only - Never had Personal Driver License,1
,55985945261,FC24001959,35:00.0,Male,Asian,32,Medium,Dreadlocks,Medium Brown,Not of Hispanic Origin,,0,MA,,1
,55985946484,FC24001959,35:00.0,Male,Black,28,Medium,Dreadlocks,Medium Brown,Hispanic Origin,,0,MA,Class D,1
,55986064893,FC24001960,18:00.0,Male,Black,36,Muscular,Short,Dark Brown,Not of Hispanic Origin,,0,MA,,1
,55991859345,FC24001964,11:00.0,Male,Black,44,Medium,NULL,NULL,Unknown,,0,MA,Other: Suspended,0
,55732578690,FC24001848,20:00.0,Male,White,38,Thin,Straight,Light,NULL,,0,MA,,1
,55732581242,FC24001848,20:00.0,Male,Black,56,NULL,NULL,NULL,Not of Hispanic Origin,,0,MA,Class D,0
,55732586868,FC24001848,20:00.0,Male,Black,29,Thin,Short,Dark,Not of Hispanic Origin,,0,MA,ID Only - Never had Personal Driver License,0
,55738002915,FC24001854,42:00.0,Male,NULL,NULL,NULL,NULL,NULL,NULL,,0,NULL,,0
,55738732884,FC24001855,13:00.0,Female,Black,31,NULL,NULL,NULL,Unknown,,0,MA,Class D,0
,55740732062,FC24001859,00:00.0,Male,Black,17,Thin,NULL,Light Brown,Hispanic Origin,,0,MA,,1
,55740734481,FC24001859,00:00.0,Male,White,17,NULL,NULL,NULL,Hispanic Origin,,0,NULL,,1
,55740738152,FC24001859,00:00.0,Male,White,18,NULL,NULL,NULL,Hispanic Origin,,0,NULL,,1
,55751296463,FC24001872,15:00.0,Male,Black,59,Heavy,NULL,NULL,Hispanic Origin,,0,MA,,0
,55759684837,FC24001882,00:00.0,Male,Black,34,Medium,NULL,Medium Brown,Not of Hispanic Origin,,0,MA,Class D,0
,55759688117,FC24001882,00:00.0,Male,Black,32,Muscular,Braided,NULL,Not of Hispanic Origin,,0,MA,,0
,55760093269,FC24001884,58:00.0,Male,Black,25,Thin,Dreadlocks,Dark,Not of Hispanic Origin,,0,MA,,0
,55778570437,FC24001888,00:00.0,Male,Black,14,NULL,NULL,NULL,Not of Hispanic Origin,,0,NULL,,0
,55779399052,FC24001889,03:00.0,Male,Black,14,Medium,Dreadlocks,NULL,Not of Hispanic Origin,,0,NULL,,1
,55785379184,FC24001891,00:00.0,Male,Black,25,Heavy,Curly,Dark Brown,Hispanic Origin,,0,MA,,1
,55839314982,FC24001903,00:00.0,Male,Black,33,Medium,NULL,NULL,Hispanic Origin,,0,MA,,0
,55839555330,FC24001907,40:00.0,Male,Unknown,26,NULL,NULL,NULL,Hispanic Origin,,0,MA,Class D,0
,55842796612,FC24001912,30:00.0,Male,NULL,26,Thin,Dreadlocks,Medium,Not of Hispanic Origin,,0,MA,,1
,55842798872,FC24001912,30:00.0,Male,Black,21,Medium,Dreadlocks,NULL,NULL,,0,MA,,1
,55849380539,FC24001919,35:00.0,Male,White,32,Medium,Wavy,OTHER,Not of Hispanic Origin,,0,MA,Class D,1
,55849535919,FC24001919,35:00.0,Male,White,69,NULL,NULL,NULL,Not of Hispanic Origin,,0,MA,Class D,NULL
,55849911085,FC24001921,40:00.0,Male,Black,67,Medium,NULL,NULL,Not of Hispanic Origin,,0,MA,,0
,55850121927,FC24001922,50:00.0,Male,Unknown,42,NULL,NULL,NULL,NULL,,0,MA,,NULL
,55850137634,FC24001922,50:00.0,Male,Black,31,NULL,NULL,NULL,Not of Hispanic Origin,,0,NULL,,1
,55850141511,FC24001922,50:00.0,Male,Black,35,Thin,Short,Dark,Not of Hispanic Origin,,0,MA,,NULL
,55850147524,FC24001922,50:00.0,Female,White,33,Thin,NULL,NULL,Not of Hispanic Origin,,0,MA,,NULL
,55888059283,FC24001928,42:00.0,Male,Black,26,Thin,Short,Medium,Not of Hispanic Origin,,0,MA,Class D,1
,55888156964,FC24001928,42:00.0,Female,Black,27,NULL,NULL,NULL,Not of Hispanic Origin,,0,MA,Class D,1
,55934575688,FC24001932,15:00.0,Male,Black,29,Medium,NULL,NULL,Hispanic Origin,,0,MA,,0
,55934606135,FC24001932,15:00.0,Male,NULL,18,Medium,Afro,Dark Brown,Not of Hispanic Origin,,0,MA,,0
,55993002999,FC24001966,20:00.0,Female,White,36,Medium,Straight,Light,Not of Hispanic Origin,,0,MA,,0
,55994213338,FC24001967,44:00.0,Female,White,36,NULL,NULL,NULL,Not of Hispanic Origin,,0,MA,,0
,55994215543,FC24001967,44:00.0,Male,White,36,Thin,Short,Light Brown,Hispanic Origin,,0,MA,,NULL
,55995919780,FC24001968,15:00.0,Male,White,58,Medium,Straight,Medium,Not of Hispanic Origin,,0,MA,,1
,55995920429,FC24001968,15:00.0,Male,White,48,Medium,Short,Medium,NULL,,0,MA,,0
,55995920845,FC24001968,15:00.0,Male,White,47,Medium,Straight,Light,Not of Hispanic Origin,,0,MA,,0
,55997006391,FC24001971,13:00.0,Male,Black,31,Thin,Braided,Dark Brown,Not of Hispanic Origin,,0,MA,Class D,1
,55997027608,FC24001971,13:00.0,Male,Black,37,Medium,NULL,NULL,Not of Hispanic Origin,,0,MA,,1
,55997224212,FC24001971,13:00.0,Male,Black,NULL,NULL,NULL,NULL,NULL,,0,NULL,,1
,56003478625,FC24001976,05:00.0,Male,White,20,Thin,Short,Light Brown,Hispanic Origin,,0,MA,ID Only - Never had Personal Driver License,0
,56003527560,FC24001977,30:00.0,Male,NULL,NULL,NULL,NULL,NULL,NULL,,0,MA,,0
,56007081263,FC24001981,30:00.0,Male,White,26,Medium,Unkempt,Light,Not of Hispanic Origin,,0,MA,Class D,0
,56016357174,FC24001990,50:00.0,Male,Black,26,Medium,Short,Medium Brown,Not of Hispanic Origin,,0,MA,Class D,0
,56017101234,FC24001991,35:00.0,Male,Black,19,Thin,Braided,Dark Brown,NULL,,0,MA,,1
,55785516068,FC24001891,00:00.0,Male,Black,22,NULL,NULL,NULL,Unknown,,0,NY,,0
,55801683350,FC24001892,47:00.0,Male,White,35,NULL,NULL,NULL,Not of Hispanic Origin,,0,MA,Class D,0
,55823459343,FC24001894,05:00.0,Male,White,39,Medium,Straight,Light,Hispanic Origin,,0,MA,,0
,55823462768,FC24001894,05:00.0,Female,Asian,29,Thin,Short,Light,NULL,,0,MA,,0
,55837239512,FC24001899,40:00.0,Male,Black,25,NULL,NULL,NULL,Hispanic Origin,,0,MA,,0
,55841319465,FC24001911,03:00.0,Female,Black,34,Medium,NULL,Dark Brown,Not of Hispanic Origin,,0,MA,,0
,55845148610,FC24001914,00:00.0,Female,White,27,Thin,Short,Light,Unknown,,0,MA,ID Only - Never had Personal Driver License,0
,55845150433,FC24001914,00:00.0,Male,White,49,Thin,Short,Light,Not of Hispanic Origin,,0,MA,,0
,55848334140,FC24001917,20:00.0,Male,White,24,NULL,NULL,NULL,Unknown,,0,MA,Class D,0
,55850947847,FC24001923,30:00.0,Male,Black,25,Thin,NULL,Medium,Not of Hispanic Origin,,0,MA,ID Only - Never had Personal Driver License,1
,55850949018,FC24001923,30:00.0,Female,Black,31,NULL,NULL,NULL,Hispanic Origin,,0,MA,None,1
,55878348169,FC24001927,51:00.0,Male,Black,28,Medium,NULL,NULL,Hispanic Origin,,0,MA,Class D,0
,55878349247,FC24001927,51:00.0,Male,Black,57,Medium,Short,Dark Brown,Unknown,,0,MA,Class D,0
,55935379438,FC24001934,27:00.0,Male,Black,29,Medium,Dreadlocks,Light Brown,Hispanic Origin,,0,MA,Class D,0
,56017108576,FC24001991,35:00.0,Male,Black,20,Medium,NULL,Medium Brown,NULL,,0,MA,,1
,56017127256,FC24001991,35:00.0,Male,Black,22,NULL,NULL,NULL,Not of Hispanic Origin,,0,NULL,,1
,56025736604,FC24001994,00:00.0,Male,Black,29,Heavy,Short,Dark,Not of Hispanic Origin,,0,MA,,0
,56025768375,FC24001994,00:00.0,Female,White,28,NULL,NULL,NULL,NULL,,0,NULL,,0
,56045619316,FC24002000,00:00.0,Male,Black,23,Medium,Dreadlocks,Light Brown,Hispanic Origin,,0,MA,ID Only - Never had Personal Driver License,0
,56045622539,FC24002000,00:00.0,Male,Black,33,Stocky,Corn Rows,NULL,NULL,,0,MA,,0
,56045856678,FC24002003,45:00.0,Male,Black,28,Thin,NULL,NULL,Not of Hispanic Origin,,0,MA,,1
,56045902505,FC24002004,38:00.0,Male,Black,30,Medium,Dreadlocks,Dark Brown,Not of Hispanic Origin,,0,MA,ID Only - Never had Personal Driver License,1
,56045902939,FC24002004,38:00.0,Male,Black,26,Heavy,NULL,Dark Brown,NULL,,0,MA,Class D,NULL
,56051774096,FC24002007,30:00.0,Male,Black,53,Thin,Curly,Medium Brown,Hispanic Origin,,0,MA,ID Only - Never had Personal Driver License,0
,56053159505,FC24002011,39:00.0,Female,Black,18,NULL,NULL,NULL,Not of Hispanic Origin,,0,NULL,,NULL
,56053160456,FC24002011,39:00.0,Male,Black,19,Thin,Afro,Medium,Not of Hispanic Origin,,0,MA,,0
,56053170411,FC24002011,39:00.0,Male,Black,22,Muscular,Braided,Medium,Not of Hispanic Origin,,0,MA,Class D,0
,56053334304,FC24002012,40:00.0,Male,Unknown,25,NULL,NULL,NULL,Unknown,,0,NULL,,0
,55934608896,FC24001932,15:00.0,Male,Black,19,Thin,Afro,Light Brown,Hispanic Origin,,0,MA,,0
,55934625838,FC24001932,15:00.0,Male,Black,18,NULL,NULL,NULL,NULL,,0,NULL,,0
,55939418238,FC24001939,30:00.0,Male,Black,22,Thin,Short,Dark Brown,Unknown,,0,MA,Class D,0
,55939441476,FC24001939,30:00.0,Male,White,38,Medium,Short,OTHER,Hispanic Origin,,0,MA,,0
,55939521297,FC24001939,30:00.0,Male,Black,18,Thin,Curly,Light Brown,Hispanic Origin,,0,NULL,,0
,55982380688,FC24001950,00:00.0,Male,Black,47,NULL,NULL,NULL,Not of Hispanic Origin,,0,MA,Class D,0
,55982962033,FC24001952,00:00.0,Male,Black,16,NULL,NULL,NULL,Not of Hispanic Origin,,0,NULL,,1
,55983877436,FC24001955,43:00.0,Male,White,34,Medium,Curly,Light,Not of Hispanic Origin,,0,MA,"ID - Had a License, now has ID",1
,55983877893,FC24001955,43:00.0,Male,Black,45,Medium,Short,Dark,Not of Hispanic Origin,,0,MA,,1
,55985181989,FC24001956,45:00.0,Female,White,52,NULL,NULL,NULL,Unknown,,0,MA,ID Only - Never had Personal Driver License,0
,55991203907,FC24001963,00:00.0,Male,Black,14,NULL,NULL,NULL,Not of Hispanic Origin,,0,NULL,,1
,55997522647,FC24001973,45:00.0,Male,White,29,Medium,Short,Medium,Unknown,,0,MA,,0
,56001966149,FC24001974,25:00.0,Male,Black,27,NULL,NULL,NULL,Not of Hispanic Origin,,0,MA,Class D,0
,56008598044,FC24001986,34:00.0,Male,White,34,Thin,NULL,NULL,Not of Hispanic Origin,,0,MA,,1
,56015941559,FC24001988,35:00.0,Male,White,37,Thin,Wavy,NULL,Not of Hispanic Origin,,0,MA,,1
,55935881790,FC24001935,05:00.0,Male,Black,15,Thin,Curly,Medium Brown,Unknown,,0,MA,,0
,55935886439,FC24001935,05:00.0,Male,White,27,Thin,Short,Light,Hispanic Origin,,0,MA,,0
,55935892590,FC24001935,05:00.0,Male,Black,33,Medium,NULL,Medium Brown,Not of Hispanic Origin,,0,MA,,0
,55935895126,FC24001935,05:00.0,Male,Black,16,Thin,Dreadlocks,Light Brown,NULL,,0,MA,,0
,55935896735,FC24001935,05:00.0,Male,Black,39,Medium,NULL,Medium Brown,Not of Hispanic Origin,,0,MA,Class D,0
,55935925685,FC24001935,05:00.0,Male,White,33,Medium,Short,Light,Hispanic Origin,,0,MA,Other: suspended,0
,55935927691,FC24001935,05:00.0,Male,Black,27,Thin,NULL,NULL,Not of Hispanic Origin,,0,MA,,0
,55935898546,FC24001935,05:00.0,Male,Black,17,Medium,Afro,NULL,Unknown,,0,MA,,0
,55935901137,FC24001935,05:00.0,Female,White,22,Thin,NULL,Light,Hispanic Origin,,0,MA,,0
,55935905633,FC24001935,05:00.0,Male,Black,39,Heavy,NULL,NULL,Hispanic Origin,,0,MA,,0
,55935910688,FC24001935,05:00.0,Male,Black,39,Medium,Short,Medium Brown,Not of Hispanic Origin,,0,MA,Class D,0
,55935916630,FC24001935,05:00.0,Male,Black,26,Medium,Short,Medium Brown,Hispanic Origin,,0,MA,"ID - Had a License, now has ID",0
,55935919668,FC24001935,05:00.0,Male,White,18,Medium,Short,Light,Unknown,,0,MA,,0
,56077795223,FC24001936,00:00.0,Male,Black,34,Medium,Curly,Light Brown,Hispanic Origin,,0,MA,Class D,0
,56028083382,FC24001995,20:00.0,Male,Black,NULL,NULL,NULL,NULL,Unknown,,0,NULL,,0
,56028563154,FC24001996,34:00.0,Male,White,15,NULL,NULL,NULL,Hispanic Origin,,0,NULL,,0
,56028582478,FC24001996,34:00.0,Male,White,17,NULL,NULL,NULL,Hispanic Origin,,0,NULL,,0
,56036575234,FC24001997,16:00.0,Male,Unknown,57,NULL,NULL,NULL,Unknown,,0,NULL,,NULL
,56036577190,FC24001997,16:00.0,Male,Asian,41,NULL,NULL,NULL,Not of Hispanic Origin,,0,MA,Class D,1
,56045098700,FC24001999,45:00.0,Male,White,42,NULL,NULL,NULL,Hispanic Origin,,0,MA,,1
,56045109551,FC24001999,45:00.0,Male,White,43,NULL,NULL,NULL,Hispanic Origin,,0,NULL,,1
,56045617907,FC24002001,30:00.0,Male,Black,19,Thin,Dreadlocks,Medium Brown,Not of Hispanic Origin,,0,MA,,0
,56045619645,FC24002001,30:00.0,Male,Black,17,Thin,NULL,Light Brown,Hispanic Origin,,0,MA,,0
,56045622268,FC24002001,30:00.0,Male,Black,20,NULL,NULL,NULL,Not of Hispanic Origin,,0,MA,,0
,56045660542,FC24002002,57:00.0,Male,White,35,NULL,NULL,NULL,Hispanic Origin,,0,NULL,,0
,56045667201,FC24002002,57:00.0,Female,White,23,NULL,NULL,NULL,Hispanic Origin,,0,NULL,,0
,56048139360,FC24002005,14:00.0,Male,White,37,NULL,NULL,NULL,Not of Hispanic Origin,,0,OTH,Class D,0
,56052650455,FC24002010,45:00.0,Male,Black,25,Medium,Braided,Medium Brown,NULL,,0,MA,,1
,56053382124,FC24002014,00:00.0,Male,Black,33,Medium,NULL,Medium Brown,Not of Hispanic Origin,,0,MA,ID Only - Never had Personal Driver License,0
,56053384693,FC24002014,00:00.0,Male,Black,22,Medium,NULL,Dark Brown,Not of Hispanic Origin,,0,MA,,0
,56053387644,FC24002014,00:00.0,Male,Asian,23,Medium,NULL,NULL,Not of Hispanic Origin,,0,MA,,NULL
,56054144829,FC24002015,25:00.0,Male,Black,14,NULL,NULL,NULL,NULL,,0,NULL,,1
,56054201473,FC24002016,00:00.0,Male,White,20,Thin,Wavy,Fair,Unknown,,0,MA,,1
,56054202572,FC24002016,00:00.0,Male,Black,24,Thin,Short,Dark,NULL,,0,MA,,1
,56054203602,FC24002016,00:00.0,Male,White,16,Thin,Short,Medium Brown,Unknown,,0,MA,,1
,56054228152,FC24002016,00:00.0,Male,Black,19,NULL,NULL,NULL,Hispanic Origin,,0,NULL,,1
,56054244604,FC24002017,30:00.0,Male,Black,15,Thin,Curly,Medium Brown,Unknown,,0,MA,,1
,56054245517,FC24002017,30:00.0,Male,White,18,Medium,Short,Light,Unknown,,0,MA,,1
,56054247213,FC24002017,30:00.0,Male,White,16,Thin,Straight,Light Brown,Hispanic Origin,,0,MA,,1
,56054249918,FC24002017,30:00.0,Male,Black,16,Medium,Braided,Medium,NULL,,0,MA,,1
,56054250920,FC24002017,30:00.0,Male,White,16,Thin,Short,Medium Brown,Unknown,,0,MA,,1
,56055954712,FC24002021,24:00.0,Male,Black,14,NULL,NULL,NULL,Hispanic Origin,,0,NULL,,1
,56055954712,FC24002021,24:00.0,Male,Black,14,NULL,NULL,NULL,Hispanic Origin,,0,NULL,,NULL
,56055957670,FC24002021,24:00.0,Male,Black,15,Medium,Braided,Medium,NULL,,0,MA,,1
,56055957670,FC24002021,24:00.0,Male,Black,15,Medium,Braided,Medium,NULL,,0,MA,,NULL
,56077797008,FC24001936,00:00.0,Male,White,40,Medium,NULL,NULL,Not of Hispanic Origin,,0,MA,Class D,0
,55942682613,FC24001941,22:00.0,Male,Black,19,Thin,Braided,Dark,Not of Hispanic Origin,,0,MA,,1
,55942682613,FC24001941,22:00.0,Male,Black,19,Thin,Braided,Dark,Not of Hispanic Origin,,0,MA,,NULL
,55950989879,FC24001943,45:00.0,Male,Black,19,Heavy,NULL,Medium Brown,Not of Hispanic Origin,,0,MA,,1
,55951027782,FC24001943,45:00.0,Male,Black,NULL,NULL,NULL,NULL,Unknown,,0,NULL,,0
,55980382735,FC24001946,00:00.0,Male,Black,51,Medium,Bald or Balding,Medium Brown,NULL,,0,MA,,0
,55985373427,FC24001958,33:00.0,Male,Black,26,Thin,Dreadlocks,Dark Brown,NULL,,0,MA,,0
,55996528831,FC24001969,15:00.0,Male,White,12,NULL,NULL,NULL,Hispanic Origin,,0,NULL,,0
,55996539582,FC24001969,15:00.0,Female,NULL,16,NULL,NULL,NULL,NULL,,0,NULL,,0
,55996725796,FC24001970,47:00.0,Male,Black,29,Thin,Short,Medium Brown,Not of Hispanic Origin,,0,MA,Class D,0
,55997438141,FC24001972,15:00.0,Male,Black,72,Thin,NULL,Dark Brown,Not of Hispanic Origin,,0,MA,"ID - Had a License, now has ID",0
,56007209816,FC24001983,30:00.0,Male,White,55,NULL,NULL,NULL,Not of Hispanic Origin,,0,NULL,,0
,56008618419,FC24001987,30:00.0,Male,Black,36,Thin,Dreadlocks,Dark Brown,NULL,,0,MA,Personal Driver License,0
,56019667979,FC24001993,00:00.0,Male,Black,17,NULL,NULL,NULL,Not of Hispanic Origin,,0,MA,,1
,56019676729,FC24001993,00:00.0,Male,NULL,19,Medium,Afro,Dark Brown,Not of Hispanic Origin,,0,MA,,0
,56061535776,FC24002027,02:00.0,Male,Black,37,Medium,Bald or Balding,Light Brown,Not of Hispanic Origin,,0,MA,Class D,0
,56061536740,FC24002027,02:00.0,Male,Black,36,Medium,Curly,Light Brown,Not of Hispanic Origin,,0,MA,Class D,0
,56061538237,FC24002027,02:00.0,Male,Black,33,Thin,NULL,NULL,Not of Hispanic Origin,,0,MA,,0
,56061552688,FC24002028,15:00.0,Male,Black,19,Thin,Afro,Light Brown,Hispanic Origin,,0,MA,,0
,56061553968,FC24002028,15:00.0,Male,Black,18,Thin,Afro,Dark,Unknown,,0,MA,ID Only - Never had Personal Driver License,0
,56061554810,FC24002028,15:00.0,Male,Black,27,Thin,Short,Dark Brown,Not of Hispanic Origin,,0,MA,Class D,0
,56061599564,FC24002028,15:00.0,Female,Black,24,Thin,Braided,Medium,Unknown,,0,MA,ID Only - Never had Personal Driver License,0
,56061915680,FC24002031,53:00.0,Male,Black,19,Medium,Braided,Dark Brown,Not of Hispanic Origin,,0,MA,,1
,56061922473,FC24002031,53:00.0,Male,Black,17,Thin,Braided,Dark Brown,Not of Hispanic Origin,,0,MA,,1
,56061927615,FC24002031,53:00.0,Male,Black,16,Thin,Afro,Dark,Not of Hispanic Origin,,0,MA,,1
,56062376504,FC24002032,33:00.0,Male,Black,42,Thin,Dreadlocks,Medium Brown,Unknown,,0,MA,,0
,56062470004,FC24002033,00:00.0,Male,White,31,Medium,Wavy,Medium,Not of Hispanic Origin,,0,MA,"ID - Had a License, now has ID",0
,56063457404,FC24002034,16:00.0,Male,White,30,Thin,Unkempt,Light,Not of Hispanic Origin,,0,MA,Class D,0
,56063472026,FC24002034,16:00.0,Male,White,29,Medium,Short,Medium,Not of Hispanic Origin,,0,NY,Class D,0
,56063529402,FC24002034,16:00.0,Male,White,25,NULL,NULL,NULL,Hispanic Origin,,0,MA,Class D,0
,56064486933,FC24002037,20:00.0,Male,Black,27,Medium,Braided,Light Brown,Not of Hispanic Origin,,0,MA,ID Only - Never had Personal Driver License,0
,56064488344,FC24002037,20:00.0,Male,Black,30,Medium,NULL,Medium Brown,Not of Hispanic Origin,,0,MA,,0
,56064489366,FC24002037,20:00.0,Female,Black,29,Medium,NULL,NULL,Not of Hispanic Origin,,0,MA,,0
,56065001679,FC24002042,00:00.0,Male,Black,31,Medium,Bushy,Dark,Unknown,,0,MA,"ID - Had a License, now has ID",1
,56067148137,FC24002048,00:00.0,Male,Black,24,Thin,Short,Medium Brown,NULL,,0,MA,,1
,56067149712,FC24002048,00:00.0,Male,Black,22,Thin,Short,Dark Brown,Not of Hispanic Origin,,0,MA,,1
,56067195088,FC24002048,00:00.0,Male,Black,25,Thin,NULL,NULL,Not of Hispanic Origin,,0,MA,,1
,56067196020,FC24002048,00:00.0,Male,Unknown,21,NULL,NULL,NULL,Unknown,,0,MA,Class D,1
,56073287811,FC24002053,03:00.0,Female,Black,45,NULL,NULL,NULL,Hispanic Origin,,0,NULL,,NULL
,56073289101,FC24002053,03:00.0,Male,Unknown,17,NULL,NULL,NULL,NULL,,0,NULL,,NULL
,56073306515,FC24002053,03:00.0,Male,White,17,NULL,NULL,NULL,Hispanic Origin,,0,NULL,,0
,56073382828,FC24002055,00:00.0,Male,White,39,Thin,Short,Light,Not of Hispanic Origin,,0,MA,,1
,56008323638,FC24001985,26:00.0,Male,Asian,23,Thin,Wavy,Light,Not of Hispanic Origin,,0,MA,Class D,0
,56008327418,FC24001985,26:00.0,Male,Black,24,Thin,Wavy,Light Brown,NULL,,0,MA,,0
,56008328397,FC24001985,26:00.0,Male,Black,26,Medium,NULL,NULL,Not of Hispanic Origin,,0,MA,,0
,56018393319,FC24001992,00:00.0,Male,Black,28,NULL,NULL,NULL,NULL,,0,NULL,,1
,56052259310,FC24002008,45:00.0,Male,White,50,Medium,Short,Fair,Not of Hispanic Origin,,0,MA,Class D,0
,56052286084,FC24002009,53:00.0,Female,Black,24,Thin,Short,Dark,Not of Hispanic Origin,,0,MA,Class D,NULL
,56052273595,FC24002009,53:00.0,Male,Black,25,Medium,Short,Dark Brown,Not of Hispanic Origin,,0,MA,ID Only - Never had Personal Driver License,1
,56055243003,FC24002020,33:00.0,Male,Black,33,Medium,Braided,Medium Brown,Not of Hispanic Origin,,0,MA,,0
,56060029838,FC24002025,38:00.0,Male,Black,34,Medium,NULL,NULL,Not of Hispanic Origin,,0,MA,,0
,56063835424,FC24002035,50:00.0,Male,Black,29,Thin,NULL,Medium Brown,Not of Hispanic Origin,,0,MA,,0
,56063837498,FC24002035,50:00.0,Male,Black,22,Thin,NULL,Dark Brown,Not of Hispanic Origin,,0,MA,ID Only - Never had Personal Driver License,NULL
,56064977720,FC24002041,00:00.0,Male,Black,21,Thin,NULL,Medium Brown,Not of Hispanic Origin,,0,MA,,1
,56064978758,FC24002041,00:00.0,Male,Black,20,Thin,Short,Medium Brown,Not of Hispanic Origin,,0,MA,,1
,56064987629,FC24002041,00:00.0,Male,Black,18,Thin,Afro,Medium Brown,NULL,,0,MA,,1
,56042761043,FC24001998,32:00.0,Male,Asian,NULL,NULL,NULL,NULL,NULL,,0,NULL,,NULL
,56042774484,FC24001998,32:00.0,Male,Unknown,15,NULL,NULL,NULL,Unknown,,0,NULL,,0
,56054776527,FC24002019,20:00.0,Male,Black,16,Thin,Afro,Dark,Not of Hispanic Origin,,0,MA,,1
,56054781437,FC24002019,20:00.0,Male,Black,16,NULL,NULL,NULL,Unknown,,0,NULL,,1
,56054783057,FC24002019,20:00.0,Male,Black,16,NULL,NULL,NULL,NULL,,0,NULL,,1
,56054785899,FC24002019,20:00.0,Male,Black,17,Thin,Braided,Dark Brown,Not of Hispanic Origin,,0,MA,,1
,56054786424,FC24002019,20:00.0,Male,Black,15,NULL,NULL,NULL,Not of Hispanic Origin,,0,NULL,,1
,56056088107,FC24002022,55:00.0,Male,Black,19,Medium,Braided,Dark Brown,Not of Hispanic Origin,,0,MA,,1
,56056094508,FC24002022,55:00.0,Male,Black,16,Thin,Afro,Dark,Not of Hispanic Origin,,0,MA,,1
,56056103251,FC24002022,55:00.0,Male,Black,17,NULL,NULL,NULL,Not of Hispanic Origin,,0,NULL,,1
,56056107069,FC24002022,55:00.0,Male,Black,18,Thin,Afro,Dark,Not of Hispanic Origin,,0,MA,,1
,56056318792,FC24002022,55:00.0,Male,Black,17,Thin,Braided,Dark Brown,Not of Hispanic Origin,,0,MA,,1
,56057183886,FC24002023,18:00.0,Male,White,28,Medium,NULL,NULL,Hispanic Origin,,0,MA,,0
,56061505524,FC24002026,12:00.0,Male,Black,29,Medium,NULL,Medium Brown,Not of Hispanic Origin,,0,MA,Class D,0
,56061506484,FC24002026,12:00.0,Male,Black,36,Medium,Curly,Light Brown,Not of Hispanic Origin,,0,MA,Class D,0
,56053351132,FC24002012,40:00.0,Male,Unknown,26,NULL,NULL,NULL,Unknown,,0,NULL,,0
,56053319659,FC24002013,17:00.0,Male,Black,33,Medium,Short,Dark Brown,Not of Hispanic Origin,,0,MA,,0
,56058502578,FC24002024,30:00.0,Male,Unknown,18,NULL,NULL,NULL,Unknown,,0,NULL,,1
,56061671987,FC24002030,10:00.0,Male,Black,14,Thin,Short,Medium Brown,Not of Hispanic Origin,,0,MA,,0
,56061675166,FC24002030,10:00.0,Male,Black,17,NULL,NULL,NULL,NULL,,0,NULL,,0
,56061690746,FC24002030,10:00.0,Male,Black,13,NULL,NULL,NULL,Hispanic Origin,,0,NULL,,0
,56063854025,FC24002036,58:00.0,Male,White,25,Medium,Wavy,Medium,Hispanic Origin,,0,MA,Class D,1
,56063856497,FC24002036,58:00.0,Male,White,24,Thin,NULL,NULL,Hispanic Origin,,0,MA,,1
,56063859187,FC24002036,58:00.0,Male,Unknown,23,NULL,NULL,NULL,Unknown,,0,MA,,1
,56064488812,FC24002038,00:00.0,Male,Black,33,Medium,NULL,NULL,Hispanic Origin,,0,MA,,1
,56064626591,FC24002039,45:00.0,Male,Black,30,Medium,NULL,NULL,Not of Hispanic Origin,,0,MA,,1
,56064627614,FC24002039,45:00.0,Male,Black,29,Medium,Corn Rows,Medium Brown,Not of Hispanic Origin,,0,MA,,NULL
,56066084140,FC24002045,28:00.0,Male,Black,22,NULL,NULL,NULL,Not of Hispanic Origin,,0,RI,,0
,56071317579,FC24002050,05:00.0,Male,White,39,Thin,NULL,NULL,Not of Hispanic Origin,,0,MA,Class D,NULL
,56071317579,FC24002050,05:00.0,Male,White,39,Thin,NULL,NULL,Not of Hispanic Origin,,0,MA,Class D,0
,56065116792,FC24002044,21:00.0,Male,Black,45,Heavy,NULL,NULL,Not of Hispanic Origin,,0,MA,Class D,0
,56065121698,FC24002044,21:00.0,Male,Black,46,Thin,Bald or Balding,Medium Brown,Not of Hispanic Origin,,0,MA,Class D,0
,56065123782,FC24002044,21:00.0,Male,Black,43,Medium,Dreadlocks,Dark,Not of Hispanic Origin,,0,MA,"ID - Had a License, now has ID",0
,56066224369,FC24002047,43:00.0,Male,Asian,23,Medium,NULL,NULL,Not of Hispanic Origin,,0,MA,,1
,56066228281,FC24002047,43:00.0,Male,Black,15,Thin,Curly,Medium Brown,Unknown,,0,MA,,1
,56067195910,FC24002049,27:00.0,Male,White,40,Medium,Short,Medium,Not of Hispanic Origin,,0,MA,Class D,1
,56073291261,FC24002054,17:00.0,Male,White,30,Thin,NULL,NULL,Not of Hispanic Origin,,0,MA,ID Only - Never had Personal Driver License,0
,56073314616,FC24002054,17:00.0,Female,White,74,NULL,NULL,NULL,Not of Hispanic Origin,,0,NULL,,0
,56080619004,FC24002067,15:00.0,Male,Black,31,Thin,Braided,Dark Brown,Not of Hispanic Origin,,0,MA,,0
,56080675069,FC24002070,30:00.0,Male,Black,33,Medium,Short,Dark Brown,Not of Hispanic Origin,,0,MA,,0
,56080925580,FC24002071,48:00.0,Male,Black,58,Medium,NULL,NULL,Not of Hispanic Origin,,0,MA,,0
,56085269582,FC24002073,28:00.0,Male,Black,19,Thin,NULL,Medium Brown,Hispanic Origin,,0,MA,Class D,0
,56085269582,FC24002073,28:00.0,Male,Black,19,Thin,NULL,Medium Brown,Hispanic Origin,,0,MA,Class D,NULL
,56089120785,FC24002076,06:00.0,Male,Black,31,Medium,NULL,NULL,Hispanic Origin,,0,MA,,0
,56089124080,FC24002076,06:00.0,Male,White,26,Medium,NULL,NULL,Hispanic Origin,,0,MA,Class D,NULL
,56089128029,FC24002076,06:00.0,Female,White,22,NULL,NULL,NULL,Unknown,,0,NULL,,NULL
,56099323469,FC24002087,22:00.0,Male,Black,44,Medium,NULL,NULL,Not of Hispanic Origin,,0,MA,Class D,1
,56099325291,FC24002087,22:00.0,Male,Black,40,Medium,NULL,NULL,Not of Hispanic Origin,,0,MA,,1
,56100414287,FC24002091,10:00.0,Female,White,33,Thin,NULL,NULL,Not of Hispanic Origin,,0,MA,,0
,56111225263,FC24002099,30:00.0,Male,Black,30,Medium,NULL,Medium Brown,Not of Hispanic Origin,,0,MA,,0
,56113369690,FC24002105,29:00.0,Female,White,33,Thin,NULL,Light,NULL,,0,MA,,0
,56113371393,FC24002105,29:00.0,Female,White,32,NULL,NULL,NULL,NULL,,0,MA,,0
,56113395027,FC24002106,08:00.0,Male,Black,19,NULL,NULL,NULL,Unknown,,0,MA,"ID - Had a License, now has ID",1
,56180274496,FC24002125,35:00.0,Male,White,45,Medium,Curly,Light,Hispanic Origin,,0,MA,,0
,56197898278,FC24002127,10:00.0,Male,Black,18,NULL,NULL,NULL,Hispanic Origin,,0,NULL,,1
,56197920115,FC24002127,10:00.0,Male,Black,14,NULL,NULL,NULL,Unknown,,0,NULL,,1
,56197956914,FC24002127,10:00.0,Male,Unknown,19,NULL,NULL,NULL,Not of Hispanic Origin,,0,NULL,,1
,56204039065,FC24002130,00:00.0,Male,Black,40,Medium,Short,Dark,Not of Hispanic Origin,,0,MA,,1
,56072207226,FC24002052,00:00.0,Male,Black,27,Medium,Short,Medium Brown,Not of Hispanic Origin,,0,MA,Class D,0
,56072209389,FC24002052,00:00.0,Male,Black,28,Medium,NULL,NULL,Not of Hispanic Origin,,0,MA,Class D,0
,56075175699,FC24002056,30:00.0,Male,White,30,Thin,Short,Medium,NULL,,0,MA,Class D,1
,56076061051,FC24002059,50:00.0,Male,Black,32,Thin,NULL,NULL,Not of Hispanic Origin,,0,MA,Class D,0
,56076063959,FC24002059,50:00.0,Male,Black,27,Thin,NULL,NULL,Not of Hispanic Origin,,0,MA,,0
,56076696005,FC24002062,45:00.0,Male,White,57,Thin,Short,Light,Not of Hispanic Origin,,0,MA,,0
,56076722581,FC24002063,52:00.0,Male,Black,38,Medium,NULL,NULL,Not of Hispanic Origin,,0,MA,Class D,1
,56077812330,FC24002066,00:00.0,Male,White,20,NULL,NULL,NULL,NULL,,0,MA,Class D,0
,56077820148,FC24002066,00:00.0,Male,Black,20,NULL,NULL,NULL,NULL,,0,MA,Class D,0
,56096820063,FC24002080,45:00.0,Male,Black,35,Stocky,Short,Medium Brown,Not of Hispanic Origin,,0,MA,,0
,56100566128,FC24002093,40:00.0,Male,Black,44,Thin,NULL,NULL,Not of Hispanic Origin,,0,MA,Class D,0
,56100622567,FC24002094,00:00.0,Male,Black,22,Thin,Short,Dark Brown,Unknown,,0,MA,Class D,0
,56101642980,FC24002097,23:00.0,Male,White,60,Medium,Short,Light,Not of Hispanic Origin,,0,MA,Class D,0
,56101647346,FC24002097,23:00.0,Male,White,48,Medium,Short,Light,Not of Hispanic Origin,,0,MA,,0
,56061509119,FC24002026,12:00.0,Male,Black,37,Medium,Bald or Balding,Light Brown,Not of Hispanic Origin,,0,MA,Class D,0
,56061510693,FC24002026,12:00.0,Male,Black,29,Heavy,NULL,NULL,Not of Hispanic Origin,,0,MA,,0
,56061621705,FC24002029,29:00.0,Male,White,34,NULL,NULL,NULL,NULL,,0,MA,Class D,0
,56061630425,FC24002029,29:00.0,Male,Black,63,NULL,NULL,NULL,NULL,,0,MA,Class D,0
,56064782019,FC24002040,23:00.0,Male,White,16,Medium,Straight,Light,Not of Hispanic Origin,,0,MA,,1
,56065073172,FC24002043,20:00.0,Female,Black,63,Medium,Unkempt,Medium Brown,Not of Hispanic Origin,,0,MA,Class D,0
,56065084370,FC24002043,20:00.0,Female,Black,49,Heavy,Short,Medium Brown,Unknown,,0,MA,,0
,56065846932,FC24002046,53:00.0,Male,Black,48,Stocky,NULL,NULL,Hispanic Origin,,0,MA,,0
,56071661802,FC24002051,50:00.0,Male,Black,60,Medium,Receding or Slightly Receding,Medium,Not of Hispanic Origin,,0,MA,ID Only - Never had Personal Driver License,0
,56075916572,FC24002058,13:00.0,Female,Black,36,Heavy,Short,Medium Brown,Unknown,,0,MA,Class D,0
,56076437224,FC24002060,04:00.0,Male,Black,15,NULL,NULL,NULL,Unknown,,0,NULL,,0
,56077732066,FC24002065,00:00.0,Male,Black,31,Medium,NULL,NULL,Not of Hispanic Origin,,0,MA,Class D,0
,56077735458,FC24002065,00:00.0,Female,White,NULL,NULL,NULL,NULL,Hispanic Origin,,0,NULL,,0
,56085088842,FC24002072,31:00.0,Male,White,36,NULL,NULL,NULL,Unknown,,0,MA,Class D,1
,56096939440,FC24002081,36:00.0,Male,White,23,Thin,Short,Medium,Hispanic Origin,,0,MA,,0
,56097076303,FC24002081,36:00.0,Male,Unknown,23,NULL,NULL,NULL,Unknown,,0,MA,,0
,56096963998,FC24002082,54:00.0,Male,Unknown,20,NULL,NULL,NULL,NULL,,0,NULL,,0
,56096990265,FC24002082,54:00.0,Male to Female Transgender,White,48,Medium,NULL,NULL,Not of Hispanic Origin,,0,MA,,0
,56100358704,FC24002088,35:00.0,Male,White,NULL,NULL,NULL,NULL,Unknown,,0,NULL,,0
,56100173937,FC24002089,42:00.0,Male,Black,42,Thin,NULL,NULL,Not of Hispanic Origin,,0,MA,,0
,56100179744,FC24002089,42:00.0,Male,White,46,Medium,NULL,NULL,Not of Hispanic Origin,,0,MA,,NULL
,56100179664,FC24002090,58:00.0,Male,Black,20,Medium,NULL,NULL,Not of Hispanic Origin,,0,MA,ID Only - Never had Personal Driver License,0
,56148614026,FC24002101,30:00.0,Male,NULL,19,NULL,NULL,NULL,NULL,,0,NULL,,1
,56148634073,FC24002101,30:00.0,Male,NULL,17,NULL,NULL,NULL,NULL,,0,NULL,,1
,56112163440,FC24002102,49:00.0,Male,Unknown,33,NULL,NULL,NULL,Hispanic Origin,,0,OTH,,1
,56112891816,FC24002104,00:00.0,Unknown,Unknown,NULL,NULL,NULL,NULL,Unknown,,0,NULL,,0
,56136992458,FC24002108,00:00.0,Male,Black,14,NULL,NULL,NULL,NULL,,0,NULL,,1
,56137150238,FC24002108,00:00.0,Male,Black,15,NULL,NULL,NULL,Unknown,,0,NULL,,1
,56137199211,FC24002108,00:00.0,Male,Black,16,Medium,Short,Medium,NULL,,0,MA,,1
,56137250571,FC24002108,00:00.0,Male,Black,16,Thin,Curly,Dark,Hispanic Origin,,0,MA,,1
,56204041898,FC24002130,00:00.0,Male,Black,52,NULL,NULL,NULL,Hispanic Origin,,0,MA,,0
,56204045095,FC24002130,00:00.0,Male,Black,33,NULL,NULL,NULL,Hispanic Origin,,0,MA,ID Only - Never had Personal Driver License,0
,56204050959,FC24002130,00:00.0,Male,White,44,Thin,NULL,NULL,Hispanic Origin,,0,MA,,0
,56204053476,FC24002130,00:00.0,Female,White,33,NULL,NULL,NULL,Hispanic Origin,,0,MA,Class D,0
,56236415850,FC24002141,30:00.0,Male,Black,23,Medium,Dreadlocks,Light Brown,Hispanic Origin,,0,MA,ID Only - Never had Personal Driver License,0
,56236480569,FC24002141,30:00.0,Male,White,23,NULL,NULL,NULL,Unknown,,0,MA,Class D,NULL
,56238340353,FC24002143,30:00.0,Male,Black,32,Medium,NULL,NULL,Not of Hispanic Origin,,0,MA,Class D,0
,56265170619,FC24002150,00:00.0,Male,Black,22,Thin,Braided,Brown,Hispanic Origin,,0,MA,,1
,56265173656,FC24002150,00:00.0,Male,Black,24,Thin,NULL,NULL,Hispanic Origin,,0,MA,,1
,56267625456,FC24002151,09:00.0,Male,White,45,Medium,Curly,Light,Hispanic Origin,,0,MA,,1
,56267785452,FC24002153,54:00.0,Female,White,28,NULL,NULL,NULL,Not of Hispanic Origin,,0,MA,Class D,1
,56267787114,FC24002153,54:00.0,Male,White,32,Thin,Unkempt,Light,Hispanic Origin,,0,MA,,1
,56267792585,FC24002153,54:00.0,Female,White,38,Medium,Straight,Light,Not of Hispanic Origin,,0,MA,,1
,56267801378,FC24002154,40:00.0,Male,Black,25,Thin,Braided,Medium,NULL,,0,MA,,0
,56137299597,FC24002108,00:00.0,Male,Black,14,NULL,NULL,NULL,Not of Hispanic Origin,,0,NULL,,1
,56142608826,FC24002112,02:00.0,Male,Black,32,Medium,NULL,NULL,Not of Hispanic Origin,,0,MA,,0
,56162038874,FC24002116,15:00.0,Male,Black,43,Medium,Corn Rows,Medium Brown,NULL,,0,MA,Class D,1
,56162066594,FC24002116,15:00.0,Male,Black,41,Stocky,Braided,Brown,Not of Hispanic Origin,,0,MA,Class D,NULL
,56166838052,FC24002116,15:00.0,Male,Black,48,Thin,NULL,NULL,Not of Hispanic Origin,,0,MA,,1
,56164058963,FC24002118,57:00.0,Male,Black,17,NULL,NULL,NULL,Unknown,,0,NULL,,1
,56164210726,FC24002118,57:00.0,Male,Unknown,16,NULL,NULL,NULL,Unknown,,0,NULL,,1
,56172305669,FC24002120,28:00.0,Male,Black,22,NULL,NULL,NULL,Unknown,,0,MA,Class D,1
,56172306102,FC24002120,28:00.0,Male,Black,21,Medium,Afro,Medium,Unknown,,0,MA,,1
,56172310912,FC24002120,28:00.0,Male,Black,21,NULL,NULL,NULL,Not of Hispanic Origin,,0,MA,Class D,1
,56172316101,FC24002120,28:00.0,Male,Black,23,Thin,NULL,NULL,Not of Hispanic Origin,,0,MA,,1
,56178859330,FC24002122,54:00.0,Male,Black,23,NULL,NULL,NULL,Hispanic Origin,,0,MA,Class D,0
,56178914822,FC24002124,34:00.0,Male,Black,19,Thin,Afro,Light Brown,Hispanic Origin,,0,MA,,1
,56178916981,FC24002124,34:00.0,Male,Black,18,Thin,Curly,Medium Brown,Not of Hispanic Origin,,0,MA,,1
,56201009964,FC24002128,15:00.0,Male,Black,33,Medium,NULL,NULL,Hispanic Origin,,0,MA,,0
,56267810222,FC24002154,40:00.0,Male,Black,28,Thin,Sideburns,Medium Brown,NULL,,0,MA,,0
,56269255242,FC24002159,38:00.0,Male,Black,55,Muscular,Short,Medium Brown,Not of Hispanic Origin,,0,MA,Personal Driver License,0
,56269258563,FC24002159,38:00.0,Male,Black,42,Thin,Braided,Dark Brown,Not of Hispanic Origin,,0,MA,,0
,56269267870,FC24002159,38:00.0,Male,Black,65,Thin,Curly,Medium Brown,Not of Hispanic Origin,,0,MA,ID Only - Never had Personal Driver License,0
,56269269918,FC24002159,38:00.0,Male,Black,37,NULL,NULL,NULL,Not of Hispanic Origin,,0,MA,Class D,0
,56284287679,FC24002177,00:00.0,Male,White,25,Medium,Short,NULL,Hispanic Origin,,0,MA,,1
,56284297212,FC24002177,00:00.0,Male,White,38,NULL,NULL,NULL,Hispanic Origin,,0,NULL,,1
,56321477267,FC24002182,44:00.0,Male,Black,26,Thin,NULL,NULL,Not of Hispanic Origin,,0,MA,,0
,56321583528,FC24002182,44:00.0,Male,Black,18,Thin,Curly,Light,Hispanic Origin,,0,MA,,0
,56364319208,FC24002185,28:00.0,Male,Black,17,NULL,NULL,NULL,Not of Hispanic Origin,,0,MA,ID Only - Never had Personal Driver License,0
,56378360271,FC24002194,00:00.0,Male,Black,31,Medium,Dreadlocks,Medium,Unknown,,0,MA,Class D,0
,56380535830,FC24002196,10:00.0,Male,Black,13,NULL,NULL,NULL,Not of Hispanic Origin,,0,NULL,,1
,56380537832,FC24002196,10:00.0,Male,Black,14,NULL,NULL,NULL,Not of Hispanic Origin,,0,NULL,,1
,56380538910,FC24002196,10:00.0,Male,Black,14,NULL,NULL,NULL,Not of Hispanic Origin,,0,NULL,,1
,56105033127,FC24002098,30:00.0,Male,White,32,Medium,Short,Light,Unknown,,0,MA,,0
,56105109818,FC24002098,30:00.0,Female,White,47,NULL,NULL,NULL,NULL,,0,MA,Class D,0
,56140946621,FC24002110,51:00.0,Male,White,21,Medium,Afro,Light,Hispanic Origin,,0,MA,,1
,56142010960,FC24002111,27:00.0,Male,Black,34,Thin,NULL,NULL,Not of Hispanic Origin,,0,MA,,1
,56159822641,FC24002114,00:00.0,Male,Black,19,NULL,NULL,NULL,Not of Hispanic Origin,,0,MA,Class D,1
,56176914461,FC24002121,45:00.0,Male,Black,29,Muscular,Short,NULL,Not of Hispanic Origin,,0,MA,"ID - Had a License, now has ID",1
,56176916961,FC24002121,45:00.0,Female,NULL,24,NULL,NULL,NULL,NULL,,0,NULL,,1
,56178774391,FC24002123,44:00.0,Male,White,32,NULL,NULL,NULL,NULL,,0,NULL,,0
,56178774391,FC24002123,44:00.0,Male,White,32,NULL,NULL,NULL,NULL,,0,NULL,,NULL
,56203338566,FC24002129,00:00.0,Male,White,40,Medium,NULL,NULL,Hispanic Origin,,0,MA,,0
,56223825245,FC24002133,15:00.0,Female,Black,51,Thin,Short,Dark Brown,Not of Hispanic Origin,,0,MA,Class D,0
,56225692696,FC24002134,24:00.0,Female,Black,21,NULL,NULL,NULL,Not of Hispanic Origin,,0,MA,ID Only - Never had Personal Driver License,1
,56232452563,FC24002138,17:00.0,Male,Black,56,Heavy,Bald or Balding,Medium Brown,Not of Hispanic Origin,,0,MA,,0
,56234864938,FC24002140,03:00.0,Male,White,23,Thin,NULL,NULL,Not of Hispanic Origin,,0,MA,,1
,56234872940,FC24002140,03:00.0,Male,Black,20,Thin,Short,Dark,Not of Hispanic Origin,,0,MA,,1
,56250846058,FC24002147,00:00.0,Male,NULL,21,Thin,Curly,Light Brown,Hispanic Origin,,0,MA,,0
,56250846703,FC24002147,00:00.0,Male,Black,20,Heavy,Braided,Dark Brown,Not of Hispanic Origin,,0,MA,,1
,56250847415,FC24002147,00:00.0,Male,Black,29,Stocky,Short,Medium Brown,Not of Hispanic Origin,,0,MA,ID Only - Never had Personal Driver License,0
,56250848064,FC24002147,00:00.0,Female,Black,27,NULL,NULL,NULL,NULL,,0,MA,ID Only - Never had Personal Driver License,0
,56250848784,FC24002147,00:00.0,Male,Black,43,Medium,NULL,NULL,Not of Hispanic Origin,,0,MA,,0
,56250849693,FC24002147,00:00.0,Female,Black,22,Thin,Braided,Dark Brown,Not of Hispanic Origin,,0,MA,,0
,56251275074,FC24002148,20:00.0,Male,Black,31,Thin,NULL,NULL,Not of Hispanic Origin,,0,MA,,0
,56251811910,FC24002149,38:00.0,Male,Black,16,Thin,Dreadlocks,Light Brown,NULL,,0,MA,,0
,56251813468,FC24002149,38:00.0,Male,Black,15,Thin,Curly,Medium Brown,Unknown,,0,MA,,0
,56251815862,FC24002149,38:00.0,Male,White,20,Thin,Wavy,Fair,Unknown,,0,MA,,0
,56251823740,FC24002149,38:00.0,Male,Black,16,Thin,NULL,Light,NULL,,0,MA,,0
,56251826408,FC24002149,38:00.0,Male,Black,24,Thin,Short,Dark,NULL,,0,MA,,0
,56251841313,FC24002149,38:00.0,Male,Unknown,20,NULL,NULL,NULL,Hispanic Origin,,0,MA,ID Only - Never had Personal Driver License,0
,56251957936,FC24002149,38:00.0,Male,Black,17,NULL,NULL,NULL,Unknown,,0,NULL,,0
,56228290240,FC24002136,31:00.0,Male,Black,30,NULL,NULL,NULL,Unknown,,0,MA,"ID - Had a License, now has ID",0
,56233309273,FC24002139,49:00.0,Male,Unknown,25,NULL,NULL,NULL,Unknown,,0,NULL,,1
,56268254567,FC24002157,30:00.0,Male,White,31,Thin,NULL,Light Brown,Hispanic Origin,,0,MA,,0
,56268265741,FC24002157,30:00.0,Male,Black,24,Medium,Braided,Medium Brown,Not of Hispanic Origin,,0,MA,None,0
,56268269995,FC24002157,30:00.0,Male,Black,22,Heavy,Dreadlocks,Dark,Hispanic Origin,,0,MA,ID Only - Never had Personal Driver License,0
,56268277868,FC24002157,30:00.0,Male,Black,18,Thin,Curly,Light Brown,Hispanic Origin,,0,NULL,,0
,56268282513,FC24002157,30:00.0,Male,White,20,Thin,Curly,Light,Not of Hispanic Origin,,0,MA,,0
,56268285665,FC24002157,30:00.0,Male,Black,21,Thin,Afro,Light,Not of Hispanic Origin,,0,MA,No License - Record Only,0
,56270941667,FC24002162,30:00.0,Female,Black,24,Thin,Wavy,Light Brown,Hispanic Origin,,0,MA,ID Only - Never had Personal Driver License,0
,56270944853,FC24002162,30:00.0,Male,White,31,Thin,Straight,Medium,Not of Hispanic Origin,,0,MA,,0
,56270949292,FC24002162,30:00.0,Male,Black,22,Thin,Straight,Light Brown,Not of Hispanic Origin,,0,MA,,0
,56273622474,FC24002164,34:00.0,Male,White,42,Thin,NULL,NULL,Not of Hispanic Origin,,0,MA,,1
,56280944548,FC24002171,00:00.0,Male,Black,68,NULL,NULL,NULL,NULL,,0,MA,Other: M,0
,56282492350,FC24002173,15:00.0,Male,White,47,Thin,Short,Light,Not of Hispanic Origin,,0,MA,,0
,56380578627,FC24002198,16:00.0,Male,Black,32,Medium,Braided,Medium Brown,Not of Hispanic Origin,,0,MA,,0
,56380587690,FC24002198,16:00.0,Male,White,36,NULL,NULL,NULL,Not of Hispanic Origin,,0,NULL,,0
,56380590894,FC24002198,16:00.0,Male,White,38,Heavy,NULL,NULL,Hispanic Origin,,0,MA,,0
,56391120499,FC24002202,44:00.0,Male,White,38,Thin,NULL,NULL,Hispanic Origin,,0,MA,,0
,56391123751,FC24002202,44:00.0,Male,Black,29,Medium,NULL,NULL,Not of Hispanic Origin,,0,MA,"ID - Had a License, now has ID",0
,56391128658,FC24002202,44:00.0,Male,White,30,NULL,NULL,NULL,Hispanic Origin,,0,MA,Class D,0
,56396484622,FC24002206,12:00.0,Male,Black,17,NULL,NULL,NULL,Not of Hispanic Origin,,0,NULL,,0
,56412954632,FC24002218,01:00.0,Male,Black,35,Medium,Short,Medium,Not of Hispanic Origin,,0,MA,,1
,56412955072,FC24002218,01:00.0,Female,White,36,Medium,NULL,NULL,Not of Hispanic Origin,,0,MA,,0
,56414082397,FC24002221,00:00.0,Male,Black,30,Heavy,NULL,NULL,Not of Hispanic Origin,,0,MA,Class D,1
,56415495095,FC24002226,00:00.0,Male,White,42,NULL,NULL,NULL,NULL,,0,MO,,0
,56415943807,FC24002231,03:00.0,Male,Unknown,42,NULL,NULL,NULL,Hispanic Origin,,0,NULL,,0
,56416912391,FC24002237,04:00.0,Male,Black,18,Thin,Braided,NULL,Unknown,,0,MA,,0
,56416913702,FC24002237,04:00.0,Male,White,21,Thin,Braided,Light,Not of Hispanic Origin,,0,NULL,,0
,56417188917,FC24002238,45:00.0,Male,Black,12,Thin,Afro,NULL,NULL,,0,MA,,0
,56268188761,FC24002156,45:00.0,Male,White,38,Thin,Receding or Slightly Receding,Light,Not of Hispanic Origin,,0,MA,Class D,0
,56269697619,FC24002160,30:00.0,Male,Black,24,NULL,NULL,NULL,Not of Hispanic Origin,,0,MA,Class D,0
,56276237587,FC24002167,00:00.0,Female,White,34,Medium,Wavy,Light,Not of Hispanic Origin,,0,MA,,0
,56276246913,FC24002167,00:00.0,Male,White,34,NULL,NULL,NULL,Not of Hispanic Origin,,0,NULL,,0
,56278404456,FC24002169,30:00.0,Male,Black,15,Thin,Braided,Dark Brown,NULL,,0,MA,,0
,56278406468,FC24002169,30:00.0,Male,Black,15,Thin,NULL,Light Brown,Not of Hispanic Origin,,0,MA,,0
,56278410986,FC24002169,30:00.0,Male,Unknown,15,NULL,NULL,NULL,Hispanic Origin,,0,NULL,,0
,56278460548,FC24002169,30:00.0,Male,Black,12,NULL,NULL,NULL,Not of Hispanic Origin,,0,NULL,,0
,56280242602,FC24002170,45:00.0,Male,White,42,Medium,NULL,NULL,Hispanic Origin,,0,MA,,0
,56281636600,FC24002172,00:00.0,Male,Black,22,Medium,Curly,Light Brown,Hispanic Origin,,0,MA,ID Only - Never had Personal Driver License,0
,56281649865,FC24002172,00:00.0,Male,Black,36,Medium,NULL,NULL,Not of Hispanic Origin,,0,MA,Class D,0
,56281659794,FC24002172,00:00.0,Female,Black,34,Thin,NULL,NULL,Not of Hispanic Origin,,0,MA,ID Only - Never had Personal Driver License,0
,56281701387,FC24002172,00:00.0,Male,Black,41,NULL,NULL,NULL,NULL,,0,NULL,,0
,56283031632,FC24002176,04:00.0,Male,Black,34,Thin,Short,Medium,Hispanic Origin,,0,MA,,1
,56085911521,FC24002074,45:00.0,Male,Black,19,Thin,Braided,Dark Brown,NULL,,0,MA,,0
,56089043451,FC24002075,00:00.0,Male,White,26,Medium,Braided,Light,NULL,,0,MA,,1
,56089538350,FC24002077,00:00.0,Male,Black,39,Medium,NULL,NULL,Not of Hispanic Origin,,0,MA,Class D,0
,56096545111,FC24002078,11:00.0,Male to Female Transgender,White,48,Medium,NULL,NULL,Not of Hispanic Origin,,0,MA,,1
,56096873499,FC24002078,11:00.0,Male,Unknown,20,NULL,NULL,NULL,NULL,,0,NULL,,0
,56096740279,FC24002079,00:00.0,Male,White,59,Heavy,NULL,NULL,Not of Hispanic Origin,,0,MA,Class D,0
,56097982377,FC24002084,29:00.0,Male,Black,25,Medium,Braided,Medium Brown,NULL,,0,MA,,0
,56097987827,FC24002084,29:00.0,Female,Black,26,Medium,Short,Dark Brown,Not of Hispanic Origin,,0,MA,,0
,56098093280,FC24002085,32:00.0,Male,Black,20,Medium,Dreadlocks,Medium Brown,Unknown,,0,MA,ID Only - Never had Personal Driver License,0
,56098097479,FC24002085,32:00.0,Male,Black,23,NULL,NULL,NULL,Unknown,,0,MA,ID Only - Never had Personal Driver License,0
,56098774177,FC24002086,20:00.0,Male,White,34,NULL,NULL,NULL,Hispanic Origin,,0,MA,ID Only - Never had Personal Driver License,0
,56100451423,FC24002092,10:00.0,Male,Black,39,Thin,NULL,NULL,Hispanic Origin,,0,MA,"ID - Had a License, now has ID",1
,56100469600,FC24002092,10:00.0,Male,Unknown,38,NULL,NULL,NULL,Hispanic Origin,,0,MA,Class D,1
,56101932272,FC24002095,05:00.0,Female,Black,29,Medium,NULL,NULL,Not of Hispanic Origin,,0,MA,ID Only - Never had Personal Driver License,0
,56282667772,FC24002175,30:00.0,Male,Black,17,NULL,NULL,NULL,Not of Hispanic Origin,,0,MA,,0
,56282668504,FC24002175,30:00.0,Male,Black,21,Medium,Short,Dark Brown,Not of Hispanic Origin,,0,MA,Class D,0
,56282669636,FC24002175,30:00.0,Male,Black,27,Medium,Short,Medium Brown,Not of Hispanic Origin,,0,MA,Class D,0
,56282671492,FC24002175,30:00.0,Male,Black,27,Thin,Short,Dark Brown,Not of Hispanic Origin,,0,MA,Class D,0
,56282688407,FC24002175,30:00.0,Male,Black,29,Medium,NULL,NULL,Hispanic Origin,,0,MA,,0
,56284307020,FC24002178,40:00.0,Male,Black,40,Medium,NULL,NULL,Not of Hispanic Origin,,0,MA,Class D,0
,56324622957,FC24002183,30:00.0,Male,Black,37,NULL,NULL,NULL,Not of Hispanic Origin,,0,MA,Class D,0
,56368963397,FC24002187,40:00.0,Female,White,47,Medium,NULL,NULL,Not of Hispanic Origin,,0,MA,,0
,56369003548,FC24002187,40:00.0,Male,Black,65,Medium,NULL,NULL,Not of Hispanic Origin,,0,MA,,0
,56369096751,FC24002187,40:00.0,Male,Black,57,NULL,NULL,NULL,Not of Hispanic Origin,,0,NULL,,0
,56372423643,FC24002189,25:00.0,Male,Black,19,Thin,Dreadlocks,Dark,Unknown,,0,MA,ID Only - Never had Personal Driver License,1
,56375008945,FC24002192,30:00.0,Male,Black,31,NULL,NULL,NULL,Unknown,,0,MA,Class D,0
,56375627326,FC24002193,00:00.0,Male,Black,31,Thin,Dreadlocks,Medium Brown,Not of Hispanic Origin,,0,MA,,1
,56375664993,FC24002193,00:00.0,Male,Black,37,Heavy,NULL,NULL,Not of Hispanic Origin,,0,MA,,1
,56424850322,FC24002244,00:00.0,Male,Black,35,NULL,NULL,NULL,Unknown,,0,MA,Class D,0
,56424857405,FC24002244,00:00.0,Male,Black,23,Heavy,Afro,Medium,Not of Hispanic Origin,,0,MA,"ID - Had a License, now has ID",0
,56426283603,FC24002250,54:00.0,Male,Black,32,Muscular,Short,Dark Brown,Not of Hispanic Origin,,0,MA,Class D,1
,56430306646,FC24002252,48:00.0,Male,Black,19,Thin,Braided,Dark Brown,NULL,,0,MA,,0
,56431168698,FC24002253,42:00.0,Male,White,25,NULL,NULL,NULL,Hispanic Origin,,0,NULL,,0
,56431231472,FC24002253,42:00.0,Female,White,26,NULL,NULL,NULL,Hispanic Origin,,0,MA,Class D,NULL
,56431589241,FC24002255,00:00.0,Male,Black,24,Thin,Corn Rows,Light Brown,Not of Hispanic Origin,,0,MA,,0
,56432055993,FC24002257,28:00.0,Male,Black,17,Medium,Afro,NULL,Unknown,,0,MA,,0
,56432056685,FC24002257,28:00.0,Male,White,26,Thin,NULL,NULL,Hispanic Origin,,0,MA,ID Only - Never had Personal Driver License,0
,56432057637,FC24002257,28:00.0,Male,Black,33,Thin,Short,Dark Brown,Not of Hispanic Origin,,0,MA,Class D,0
,56432058641,FC24002257,28:00.0,Male,Black,27,Thin,NULL,NULL,Not of Hispanic Origin,,0,MA,,0
,56432088234,FC24002257,28:00.0,Male,White,27,Thin,Short,Light,Hispanic Origin,,0,MA,,0
,56432081763,FC24002258,00:00.0,Male,Black,14,Thin,NULL,Light Brown,Not of Hispanic Origin,,0,MA,,0
,56432934387,FC24002262,25:00.0,Male,Black,14,NULL,NULL,NULL,NULL,,0,NULL,,1
,56432978448,FC24002262,25:00.0,Male,Black,19,Heavy,NULL,Medium Brown,Not of Hispanic Origin,,0,MA,,1
,56433498061,FC24002267,05:00.0,Male,Black,14,Thin,Short,Medium Brown,NULL,,0,MA,,1
,56444611338,FC24002275,41:00.0,Female,Black,35,NULL,NULL,NULL,Not of Hispanic Origin,,0,NULL,,1
,56444611338,FC24002275,41:00.0,Female,Black,35,NULL,NULL,NULL,Not of Hispanic Origin,,0,NULL,,NULL
,56453811601,FC24002282,00:00.0,Male,Black,16,Thin,Dreadlocks,Light Brown,NULL,,0,MA,,1
,56453813272,FC24002282,00:00.0,Male,White,27,Thin,Short,Light,Hispanic Origin,,0,MA,,0
,56453815035,FC24002282,00:00.0,Male,Black,24,Thin,Afro,Dark,Not of Hispanic Origin,,0,MA,,0
,56453816557,FC24002282,00:00.0,Male,Other,17,NULL,NULL,NULL,Unknown,,0,NULL,,0
,56453822149,FC24002282,00:00.0,Male,White,25,NULL,NULL,NULL,Hispanic Origin,,0,MA,,0
,56455734277,FC24002283,20:00.0,Female,White,42,NULL,NULL,NULL,NULL,,0,NULL,,0
,56455741125,FC24002283,20:00.0,Female,White,36,NULL,NULL,NULL,Not of Hispanic Origin,,0,NULL,,0
,56460638924,FC24002289,06:00.0,Male,Black,24,NULL,NULL,NULL,Unknown,,0,MA,Class D,1
,56460675152,FC24002289,06:00.0,Male,Black,45,Unknown,NULL,NULL,Not of Hispanic Origin,,0,MA,Class D,1
,56460687640,FC24002289,06:00.0,Male,Black,20,NULL,NULL,NULL,NULL,,0,MA,Class D,NULL
,56467286657,FC24002295,48:00.0,Male,Black,18,NULL,NULL,NULL,Not of Hispanic Origin,,0,NULL,,1
,56467421785,FC24002297,45:00.0,Male,White,37,Medium,Braided,Light Brown,Hispanic Origin,,0,MA,"ID - Had a License, now has ID",0
,56101936971,FC24002095,05:00.0,Male,Black,34,Stocky,Short,Medium,Unknown,,0,MA,Class D,0
,56101944462,FC24002095,05:00.0,Male,Black,31,NULL,NULL,NULL,NULL,,0,MA,Class D,0
,56111272229,FC24002100,08:00.0,Male,Black,32,Heavy,Dreadlocks,Dark Brown,Not of Hispanic Origin,,0,MA,ID Only - Never had Personal Driver License,1
,56111275127,FC24002100,08:00.0,Female,Black,41,Thin,Braided,Dark,Not of Hispanic Origin,,0,MA,Class D,NULL
,56116658271,FC24002107,29:00.0,Female,White,51,Medium,Straight,Light,Unknown,,0,MA,,0
,56116729775,FC24002107,29:00.0,Male,Black,40,Thin,Short,Dark,Not of Hispanic Origin,,0,MA,,0
,56152051883,FC24002107,29:00.0,Female,Unknown,33,NULL,NULL,NULL,Unknown,,0,NULL,,0
,56140674029,FC24002109,54:00.0,Male,Black,41,Stocky,Braided,Brown,Not of Hispanic Origin,,0,MA,Class D,1
,56140820075,FC24002109,54:00.0,Female,Black,21,NULL,NULL,NULL,Not of Hispanic Origin,,0,MA,,1
,56144721427,FC24002113,00:00.0,Male,Black,21,NULL,Curly,Light Brown,NULL,,0,MA,,1
,56160203794,FC24002115,45:00.0,Male,Black,32,Medium,NULL,NULL,Not of Hispanic Origin,,0,MA,Class D,0
,56160244449,FC24002115,45:00.0,Male,Black,27,Thin,Dreadlocks,Light Brown,Not of Hispanic Origin,,0,MA,Class D,NULL
,56160371279,FC24002115,45:00.0,Male,Black,26,NULL,Afro,NULL,Not of Hispanic Origin,,0,MA,,NULL
,56160406840,FC24002115,45:00.0,Male,Black,25,Medium,Short,Medium,Not of Hispanic Origin,,0,MA,,NULL
,56380478740,FC24002197,12:00.0,Male,Black,43,Heavy,Short,Medium Brown,Not of Hispanic Origin,,0,MA,Class D,1
,56380479037,FC24002197,12:00.0,Male,Black,41,Thin,Short,Medium Brown,Not of Hispanic Origin,,0,MA,Class D,1
,56389758373,FC24002201,29:00.0,Male,White,41,Medium,NULL,NULL,Not of Hispanic Origin,,0,MA,,1
,56403040738,FC24002210,30:00.0,Male,Black,28,NULL,NULL,NULL,NULL,,0,MA,ID Only - Never had Personal Driver License,0
,56403087264,FC24002210,30:00.0,Female,White,55,Heavy,NULL,NULL,Not of Hispanic Origin,,0,MA,Class D,NULL
,56413897379,FC24002210,30:00.0,Male,Black,42,Thin,NULL,Medium Brown,Not of Hispanic Origin,,0,MA,,NULL
,56406154274,FC24002213,00:00.0,Male,Black,40,Thin,NULL,NULL,Not of Hispanic Origin,,0,MA,,0
,56406160652,FC24002214,31:00.0,Male,Black,23,Medium,NULL,NULL,Not of Hispanic Origin,,0,MA,,0
,56408422287,FC24002216,41:00.0,Male,Black,41,Stocky,Braided,Brown,Not of Hispanic Origin,,0,MA,Class D,0
,56414922374,FC24002224,00:00.0,Male,Black,30,Medium,Bald or Balding,Dark,Not of Hispanic Origin,,0,MA,,0
,56415697490,FC24002227,55:00.0,Female,White,34,NULL,NULL,NULL,Not of Hispanic Origin,,0,MA,Class D,NULL
,56415702970,FC24002227,55:00.0,Male,Asian,25,NULL,NULL,NULL,Not of Hispanic Origin,,0,MA,Class D,0
,56415727480,FC24002228,00:00.0,Male,White,32,Thin,Straight,Medium,Hispanic Origin,,0,MA,,0
,56416324044,FC24002232,43:00.0,Male,Unknown,17,NULL,NULL,NULL,NULL,,0,NULL,,0
,56284355926,FC24002179,48:00.0,Male,Black,15,Medium,Braided,Dark Brown,NULL,,0,MA,,1
,56286719633,FC24002180,45:00.0,Male,Black,29,Thin,Short,NULL,Not of Hispanic Origin,,0,MA,Class D,0
,56368313580,FC24002186,45:00.0,Male,Black,29,Medium,NULL,NULL,Hispanic Origin,,0,MA,,0
,56369303147,FC24002186,45:00.0,Male,White,20,Thin,Curly,Light Brown,Hispanic Origin,,0,MA,,0
,56370429303,FC24002188,46:00.0,Male,White,27,NULL,NULL,NULL,Hispanic Origin,,0,MA,,0
,56370429303,FC24002188,46:00.0,Male,White,27,NULL,NULL,NULL,Hispanic Origin,,0,MA,,NULL
,56379900670,FC24002195,30:00.0,Female,White,39,NULL,NULL,NULL,Unknown,,0,MA,Class D,0
,56382236063,FC24002200,00:00.0,Male,Black,15,NULL,NULL,NULL,NULL,,0,NULL,,0
,56392123354,FC24002204,47:00.0,Male,Black,38,Thin,NULL,NULL,Not of Hispanic Origin,,0,MA,,0
,56400676101,FC24002208,00:00.0,Male,Black,31,Medium,Dreadlocks,Medium,Unknown,,0,MA,Class D,0
,56406070168,FC24002212,00:00.0,Male,White,34,NULL,NULL,NULL,Unknown,,0,MA,Class D,0
,56408430432,FC24002217,04:00.0,Unknown,Unknown,NULL,NULL,NULL,NULL,Unknown,,0,NULL,,1
,56413560123,FC24002220,43:00.0,Male,Black,32,Thin,Short,Light Brown,Hispanic Origin,,0,MA,Class D,1
,56417359062,FC24002239,10:00.0,Male,White,29,NULL,NULL,NULL,Not of Hispanic Origin,,0,MA,Class D,1
,56417411536,FC24002241,31:00.0,Male,Black,43,Medium,Braided,Medium Brown,Not of Hispanic Origin,,0,MA,Class D,1
,56160556436,FC24002115,45:00.0,Male,Black,27,NULL,NULL,NULL,Unknown,,0,MA,Class D,NULL
,56163462580,FC24002117,00:00.0,Male,Black,15,Thin,NULL,Dark Brown,Unknown,,0,NULL,,1
,56163477060,FC24002117,00:00.0,Male,Black,15,Thin,Afro,Medium Brown,Not of Hispanic Origin,,0,MA,,1
,56163491112,FC24002117,00:00.0,Male,Black,18,Thin,Curly,Light Brown,Hispanic Origin,,0,NULL,,0
,56163503481,FC24002117,00:00.0,Male,White,14,NULL,NULL,NULL,Hispanic Origin,,0,NULL,,1
,56163515703,FC24002117,00:00.0,Male,White,20,Thin,Curly,Light,Not of Hispanic Origin,,0,MA,,0
,56163715488,FC24002117,00:00.0,Male,Black,26,Thin,Braided,NULL,Not of Hispanic Origin,,0,MA,,1
,56163922291,FC24002117,00:00.0,Male,Black,35,NULL,NULL,NULL,Unknown,,0,NULL,,0
,56164576572,FC24002117,00:00.0,Male,Black,21,Thin,Afro,Light,Not of Hispanic Origin,,0,MA,No License - Record Only,0
,56171783735,FC24002119,23:00.0,Male,Black,27,Heavy,Dreadlocks,Dark Brown,Not of Hispanic Origin,,0,MA,ID Only - Never had Personal Driver License,1
,56171784088,FC24002119,23:00.0,Female,White,27,NULL,NULL,NULL,Hispanic Origin,,0,MA,Class D,NULL
,56195191653,FC24002126,45:00.0,Female,Black,32,Medium,NULL,NULL,Not of Hispanic Origin,,0,MA,Class D,0
,56217697436,FC24002132,13:00.0,Male,Black,37,Medium,Braided,NULL,Not of Hispanic Origin,,0,MA,,0
,56241571905,FC24002144,17:00.0,Female,Black,19,NULL,NULL,NULL,NULL,,0,NULL,,1
,56241604503,FC24002144,17:00.0,Female,NULL,17,NULL,NULL,NULL,NULL,,0,NULL,,1
,56467423629,FC24002297,45:00.0,Male,Black,17,Medium,Afro,NULL,Unknown,,0,MA,,0
,56467632473,FC24002298,57:00.0,Male,Other,26,NULL,NULL,NULL,Hispanic Origin,,0,MA,Class D,1
,56475024666,FC24002303,00:00.0,Male,Black,40,Medium,Braided,Dark Brown,Not of Hispanic Origin,,0,MA,,0
,56475081093,FC24002304,00:00.0,Male,Unknown,45,NULL,NULL,NULL,Hispanic Origin,,0,NULL,,0
,56486896493,FC24002319,45:00.0,Male,White,49,Medium,Straight,Light,Hispanic Origin,,0,MA,"ID - Had a License, now has ID",1
,56486911918,FC24002319,45:00.0,Male,Black,26,Medium,Short,Medium Brown,Hispanic Origin,,0,MA,"ID - Had a License, now has ID",0
,56486912553,FC24002319,45:00.0,Male,White,26,Thin,NULL,NULL,Hispanic Origin,,0,MA,ID Only - Never had Personal Driver License,0
,56487561815,FC24002321,15:00.0,Male,Black,18,NULL,NULL,NULL,NULL,,0,NULL,,0
,56488546962,FC24002324,45:00.0,Male,White,18,Thin,Curly,Light,NULL,,0,MA,,0
,56488549836,FC24002324,45:00.0,Male,Unknown,20,NULL,NULL,NULL,NULL,,0,NULL,,0
,56488552009,FC24002324,45:00.0,Male,Black,18,NULL,NULL,NULL,Hispanic Origin,,0,MA,ID Only - Never had Personal Driver License,0
,56491024111,FC24002330,30:00.0,Male,Black,26,Medium,Short,Medium,Not of Hispanic Origin,,0,MA,,0
,56491024873,FC24002330,30:00.0,Male,Black,27,Medium,NULL,NULL,Not of Hispanic Origin,,0,MA,,0
,56491027963,FC24002330,30:00.0,Male,Black,31,Medium,Crew Cut,Medium Brown,Not of Hispanic Origin,,0,MA,Class D,0
,56422384310,FC24002242,22:00.0,Male,Black,41,Stocky,Braided,Brown,Not of Hispanic Origin,,0,MA,Class D,0
,56425053835,FC24002246,56:00.0,Male,Black,33,Medium,NULL,NULL,Hispanic Origin,,0,MA,,0
,56425054228,FC24002246,56:00.0,Male,White,31,Thin,NULL,Light Brown,Hispanic Origin,,0,MA,,0
,56425055364,FC24002246,56:00.0,Male,Black,21,Thin,Afro,Light,Not of Hispanic Origin,,0,MA,No License - Record Only,0
,56425055680,FC24002246,56:00.0,Male,Black,22,NULL,NULL,NULL,Unknown,,0,MA,Class D,1
,56425056100,FC24002246,56:00.0,Male,Black,21,Thin,NULL,NULL,Not of Hispanic Origin,,0,MA,,0
,56425056409,FC24002246,56:00.0,Male,Black,22,Heavy,Dreadlocks,Dark,Hispanic Origin,,0,MA,ID Only - Never had Personal Driver License,0
,56425056465,FC24002246,56:00.0,Male,Black,24,Medium,Braided,Medium Brown,Not of Hispanic Origin,,0,MA,None,0
,56432634750,FC24002260,36:00.0,Male,Black,31,Medium,NULL,NULL,Not of Hispanic Origin,,0,MA,,0
,56432876894,FC24002261,10:00.0,Male,Black,34,Heavy,NULL,Dark Brown,Not of Hispanic Origin,,0,MA,Class D,0
,56432879831,FC24002261,10:00.0,Male,Black,33,Thin,Short,Dark,Hispanic Origin,,0,MA,Class D,0
,56432979008,FC24002263,45:00.0,Male,Black,30,Heavy,Short,Dark Brown,Not of Hispanic Origin,,0,MA,,0
,56440844690,FC24002270,10:00.0,Male,Black,29,Medium,Short,Light,Not of Hispanic Origin,,0,MA,,0
,56440848332,FC24002270,10:00.0,Male,White,25,NULL,NULL,NULL,Hispanic Origin,,0,MA,,0
,56416328050,FC24002232,43:00.0,Male,White,18,NULL,NULL,NULL,Unknown,,0,MA,Class D,0
,56416342570,FC24002232,43:00.0,Male,Unknown,17,NULL,NULL,NULL,NULL,,0,NULL,,0
,56424071462,FC24002243,32:00.0,Male,Black,15,Thin,Afro,Light,Hispanic Origin,,0,MA,,0
,56424072768,FC24002243,32:00.0,Male,Black,15,Medium,Short,Dark,Not of Hispanic Origin,,0,MA,,0
,56424081341,FC24002243,32:00.0,Male,Black,15,Thin,Curly,Medium,NULL,,0,MA,,0
,56424980530,FC24002245,00:00.0,Male,Black,29,Medium,NULL,NULL,Not of Hispanic Origin,,0,MA,,0
,56424981364,FC24002245,00:00.0,Male,NULL,17,NULL,NULL,NULL,NULL,,0,MA,,0
,56429421740,FC24002251,30:00.0,Female,White,46,NULL,NULL,NULL,Unknown,,0,MA,Class D,0
,56429421740,FC24002251,30:00.0,Female,White,46,NULL,NULL,NULL,Unknown,,0,MA,Class D,NULL
,56429422394,FC24002251,30:00.0,Male,Black,59,Medium,NULL,Medium Brown,Not of Hispanic Origin,,0,MA,,0
,56429422394,FC24002251,30:00.0,Male,Black,59,Medium,NULL,Medium Brown,Not of Hispanic Origin,,0,MA,,NULL
,56437848189,FC24002251,30:00.0,Male,White,37,Thin,Short,Light,Unknown,,0,MA,,0
,56437848189,FC24002251,30:00.0,Male,White,37,Thin,Short,Light,Unknown,,0,MA,,NULL
,56431897787,FC24002256,38:00.0,Male,Black,28,NULL,NULL,NULL,NULL,,0,MA,ID Only - Never had Personal Driver License,0
,56439093213,FC24002268,12:00.0,Male,NULL,54,NULL,NULL,NULL,NULL,,0,NULL,,1
,56441497540,FC24002271,38:00.0,Male,White,29,Thin,NULL,NULL,Hispanic Origin,,0,MA,,0
,56440903764,FC24002270,10:00.0,Male,Other,17,NULL,NULL,NULL,Unknown,,0,NULL,,0
,56441039506,FC24002270,10:00.0,Male,Black,33,Thin,Short,Dark Brown,Not of Hispanic Origin,,0,MA,Class D,0
,56441081181,FC24002270,10:00.0,Male,White,26,Thin,NULL,NULL,Hispanic Origin,,0,MA,ID Only - Never had Personal Driver License,0
,56441088549,FC24002270,10:00.0,Male,White,27,Thin,Short,Light,Hispanic Origin,,0,MA,,0
,56443398889,FC24002272,50:00.0,Male,Black,NULL,NULL,NULL,NULL,Unknown,,0,NULL,,1
,56444860377,FC24002277,49:00.0,Male,White,25,NULL,NULL,NULL,NULL,,0,NULL,,0
,56450796903,FC24002280,59:00.0,Male,White,29,Thin,NULL,NULL,Hispanic Origin,,0,MA,,0
,56450796903,FC24002280,59:00.0,Male,White,29,Thin,NULL,NULL,Hispanic Origin,,0,MA,,NULL
,56456119565,FC24002284,30:00.0,Male,White,49,Thin,Short,Light,Not of Hispanic Origin,,0,MA,ID Only - Never had Personal Driver License,0
,56456930976,FC24002286,14:00.0,Male,White,26,Medium,NULL,NULL,Hispanic Origin,,0,MA,Class D,0
,56456933192,FC24002286,14:00.0,Male,Black,31,Muscular,Wavy,Medium,NULL,,0,MA,Class D,0
,56457010720,FC24002286,14:00.0,Male,Black,28,NULL,NULL,NULL,Unknown,,0,MA,Class D,0
,56463200890,FC24002291,00:00.0,Male,Black,18,Thin,Curly,Light Brown,Hispanic Origin,,0,NULL,,1
,56610481597,FC24002291,00:00.0,Male,White,14,NULL,NULL,NULL,Hispanic Origin,,0,NULL,,1
,56465710184,FC24002293,35:00.0,Male,Unknown,36,Medium,Braided,Medium,Hispanic Origin,,0,MA,,0
,56441509727,FC24002271,38:00.0,Male,White,33,NULL,NULL,NULL,Not of Hispanic Origin,,0,MA,Class D,0
,56443931230,FC24002273,57:00.0,Male,Black,18,NULL,NULL,NULL,Unknown,,0,MA,Class D,1
,56443956451,FC24002273,57:00.0,Male,Black,49,Medium,NULL,NULL,Not of Hispanic Origin,,0,MA,CDL Class B,0
,56443958319,FC24002273,57:00.0,Male,Black,54,Thin,Bald or Balding,Medium Brown,Not of Hispanic Origin,,0,MA,,0
,56443959192,FC24002273,57:00.0,Male,Black,21,Medium,Short,Dark Brown,Not of Hispanic Origin,,0,MA,Class D,0
,56443959888,FC24002273,57:00.0,Male,Black,17,Thin,Curly,Light Brown,NULL,,0,MA,ID Only - Never had Personal Driver License,0
,56443962148,FC24002273,57:00.0,Male,Black,18,Thin,Curly,Medium Brown,Not of Hispanic Origin,,0,MA,,0
,56443962888,FC24002273,57:00.0,Male,Black,27,Thin,Short,Dark Brown,Not of Hispanic Origin,,0,MA,Class D,0
,56443964384,FC24002273,57:00.0,Male,Black,17,NULL,NULL,NULL,Not of Hispanic Origin,,0,MA,,0
,56444623010,FC24002274,20:00.0,Male,White,29,NULL,NULL,NULL,Not of Hispanic Origin,,0,MA,,NULL
,56444623010,FC24002274,20:00.0,Male,White,29,NULL,NULL,NULL,Not of Hispanic Origin,,0,MA,,0
,56444649704,FC24002276,00:00.0,Male,Black,15,NULL,NULL,NULL,Hispanic Origin,,0,NULL,,1
,56453316679,FC24002281,00:00.0,Male,Black,28,Medium,Short,Medium Brown,Not of Hispanic Origin,,0,MA,ID Only - Never had Personal Driver License,1
,56462157124,FC24002290,15:00.0,Male,White,20,Thin,Curly,Light,Not of Hispanic Origin,,0,MA,,0
,56241607709,FC24002144,17:00.0,Female,Black,17,NULL,NULL,NULL,NULL,,0,NULL,,1
,56241609801,FC24002144,17:00.0,Male,Black,20,Thin,Curly,Medium,Unknown,,0,MA,,1
,56241610610,FC24002144,17:00.0,Male,Black,22,Thin,Braided,Brown,Hispanic Origin,,0,MA,,1
,56250772434,FC24002146,42:00.0,Male,Black,35,Thin,NULL,NULL,Not of Hispanic Origin,,0,MA,ID Only - Never had Personal Driver License,0
,56250774548,FC24002146,42:00.0,Male,Black,36,Medium,Curly,Light Brown,Not of Hispanic Origin,,0,MA,Class D,0
,56250778963,FC24002146,42:00.0,Male,Black,36,Medium,NULL,NULL,Not of Hispanic Origin,,0,MA,Class D,0
,56250781987,FC24002146,42:00.0,Male,Black,37,Medium,Bald or Balding,Light Brown,Not of Hispanic Origin,,0,MA,Class D,0
,56250784726,FC24002146,42:00.0,Male,Black,29,Medium,NULL,Medium Brown,Not of Hispanic Origin,,0,MA,Class D,0
,56269822336,FC24002161,01:00.0,Male,Black,21,Thin,NULL,NULL,Hispanic Origin,,0,MA,,0
,56269826559,FC24002161,01:00.0,Female,Unknown,22,NULL,NULL,NULL,Unknown,,0,MA,,0
,56274480176,FC24002165,00:00.0,Female,NULL,62,NULL,NULL,NULL,NULL,,0,NULL,,NULL
,56274503350,FC24002165,00:00.0,Male,White,33,Thin,Curly,Light Brown,Hispanic Origin,,0,MA,"ID - Had a License, now has ID",1
,56276332040,FC24002168,48:00.0,Unknown,Unknown,NULL,NULL,NULL,NULL,Unknown,,0,NULL,,1
,56305157619,FC24002181,09:00.0,Female,Black,20,Thin,Short,Dark,Not of Hispanic Origin,,0,MA,,0
,56491028810,FC24002330,30:00.0,Male,Black,31,Medium,Dreadlocks,Medium Brown,Not of Hispanic Origin,,0,MA,,0
,56491031314,FC24002330,30:00.0,Male,Black,30,Medium,NULL,NULL,Not of Hispanic Origin,,0,MA,,0
,56491035552,FC24002330,30:00.0,Male,Black,25,Medium,NULL,NULL,Hispanic Origin,,0,MA,,1
,56491040483,FC24002330,30:00.0,Male,Black,32,Stocky,Braided,Light Brown,Not of Hispanic Origin,,0,MA,,0
,56491041782,FC24002330,30:00.0,Male,Black,24,Thin,Curly,Light,Hispanic Origin,,0,MA,,0
,56491046281,FC24002330,30:00.0,Male,Black,40,Medium,NULL,NULL,Not of Hispanic Origin,,0,MA,,0
,56523943760,FC24002338,30:00.0,Male,Black,18,Thin,Curly,Medium Brown,Not of Hispanic Origin,,0,MA,,0
,56523945452,FC24002338,30:00.0,Male,Black,19,Thin,Afro,Light Brown,Hispanic Origin,,0,MA,,0
,56525031237,FC24002339,00:00.0,Male,Black,23,Thin,Braided,Medium,Unknown,,0,MA,ID Only - Never had Personal Driver License,0
,56525135109,FC24002339,00:00.0,Male,Black,22,NULL,NULL,NULL,Unknown,,0,MA,ID Only - Never had Personal Driver License,0
,56536480666,FC24002342,45:00.0,Male,Black,22,Medium,NULL,Medium,Not of Hispanic Origin,,0,MA,,1
,56536490807,FC24002342,45:00.0,Male,Black,22,Medium,NULL,Dark Brown,Not of Hispanic Origin,,0,MA,,0
,56536518044,FC24002342,45:00.0,Male,Black,19,Thin,Curly,Light,Not of Hispanic Origin,,0,MA,,1
,56547113820,FC24002347,55:00.0,Male,Black,20,NULL,NULL,NULL,Unknown,,0,MA,Class D,1
,56468296727,FC24002299,30:00.0,Male,Black,35,Heavy,Dreadlocks,Medium Brown,Not of Hispanic Origin,,0,MA,"ID - Had a License, now has ID",1
,56468297845,FC24002299,30:00.0,Male,Black,30,Medium,NULL,NULL,Not of Hispanic Origin,,0,MA,,0
,56470521172,FC24002299,30:00.0,Female,White,30,Medium,NULL,NULL,Not of Hispanic Origin,,0,MA,,NULL
,56468398443,FC24002300,11:00.0,Male,Black,25,Stocky,NULL,NULL,Not of Hispanic Origin,,0,MA,Class D,1
,56468443221,FC24002300,11:00.0,Male,Black,28,Medium,Dreadlocks,Medium Brown,Not of Hispanic Origin,,0,MA,Class D,0
,56474794970,FC24002302,45:00.0,Male,Black,32,Heavy,NULL,NULL,Not of Hispanic Origin,,0,MA,,0
,56475903697,FC24002305,48:00.0,Male,White,20,Thin,Curly,Light,Hispanic Origin,,0,MA,,0
,56475905879,FC24002305,48:00.0,Male,Black,18,Thin,Braided,Medium,Hispanic Origin,,0,MA,,0
,56475907486,FC24002305,48:00.0,Male,Black,18,Thin,Afro,Light Brown,Unknown,,0,MA,,0
,56476180250,FC24002306,00:00.0,Female,Black,33,Medium,Unkempt,Dark,Not of Hispanic Origin,,0,MA,"ID - Had a License, now has ID",0
,56476181790,FC24002306,00:00.0,Male,Black,50,Medium,Afro,NULL,Not of Hispanic Origin,,0,MA,,0
,56476184485,FC24002306,00:00.0,Female,White,29,Medium,NULL,NULL,Not of Hispanic Origin,,0,MA,,0
,56477000774,FC24002308,10:00.0,Female,White,48,NULL,NULL,NULL,Unknown,,0,MA,Class D,0
,56477014598,FC24002308,10:00.0,Male,White,57,NULL,NULL,NULL,Unknown,,0,MA,Class D,NULL
,56307956039,FC24002181,09:00.0,Male,Black,18,NULL,NULL,NULL,Hispanic Origin,,0,MA,Class D,1
,56325576954,FC24002184,55:00.0,Male,Black,26,Medium,Braided,Medium Brown,Not of Hispanic Origin,,0,MA,,1
,56374256303,FC24002190,03:00.0,Male,Black,20,NULL,NULL,NULL,Not of Hispanic Origin,,0,MA,ID Only - Never had Personal Driver License,0
,56380571000,FC24002199,30:00.0,Male,Black,32,Medium,Braided,Medium Brown,Not of Hispanic Origin,,0,MA,,0
,56380575619,FC24002199,30:00.0,Male,Black,29,NULL,NULL,NULL,Unknown,,0,MA,Class D,NULL
,56392219010,FC24002205,06:00.0,Male,Black,29,NULL,NULL,NULL,Not of Hispanic Origin,,0,MA,Class D,1
,56392223271,FC24002205,06:00.0,Male,Black,33,Medium,NULL,NULL,Not of Hispanic Origin,,0,MA,Class D,1
,56400714688,FC24002209,38:00.0,Male,White,14,NULL,NULL,NULL,Hispanic Origin,,0,NULL,,1
,56400717839,FC24002209,38:00.0,Male,Black,14,NULL,NULL,NULL,Not of Hispanic Origin,,0,NULL,,NULL
,56404010364,FC24002211,43:00.0,Male,Black,34,Thin,NULL,NULL,Hispanic Origin,,0,MA,,0
,56406247161,FC24002215,02:00.0,Female,Black,28,Thin,Short,Medium Brown,NULL,,0,MA,,0
,56413459181,FC24002219,00:00.0,Male,Black,44,Medium,Short,Medium Brown,Hispanic Origin,,0,MA,,0
,56414648608,FC24002223,30:00.0,Male,Black,38,Thin,Dreadlocks,Dark Brown,Not of Hispanic Origin,,0,MA,Other: Suspended,1
,56414650692,FC24002223,30:00.0,Female,Black,34,NULL,NULL,NULL,Not of Hispanic Origin,,0,MA,Class D,0
,56547127076,FC24002347,55:00.0,Male,Unknown,18,NULL,NULL,NULL,Unknown,,0,MA,Class D,1
,56547149127,FC24002347,55:00.0,Male,Black,20,NULL,NULL,NULL,Not of Hispanic Origin,,0,MA,"ID - Had a License, now has ID",1
,56547776359,FC24002348,33:00.0,Unknown,Unknown,NULL,NULL,NULL,NULL,Unknown,,0,NULL,,0
,56548199715,FC24002350,00:00.0,Male,White,30,Thin,Braided,Light,Not of Hispanic Origin,,0,MA,,1
,56557511548,FC24002354,19:00.0,Male,White,62,Unknown,NULL,NULL,Unknown,,0,NULL,,0
,56557521605,FC24002354,19:00.0,Male,Black,67,NULL,NULL,NULL,Unknown,,0,MA,,0
,56560601288,FC24002355,50:00.0,Male,White,32,NULL,NULL,NULL,Not of Hispanic Origin,,0,MA,Class D,0
,56561647336,FC24002356,15:00.0,Male,Black,31,Medium,Short,Dark Brown,Not of Hispanic Origin,,0,MA,Class D,0
,56565080790,FC24002362,29:00.0,Female,Black,23,Heavy,Braided,Medium Brown,Not of Hispanic Origin,,0,MA,Class D,0
,56565081558,FC24002362,29:00.0,Male,Black,20,Thin,Corn Rows,Medium Brown,Not of Hispanic Origin,,0,MA,,0
,56565082547,FC24002362,29:00.0,Male,Black,19,Medium,Curly,Dark,Not of Hispanic Origin,,0,MA,None,0
,56567056373,FC24002367,24:00.0,Male,White,39,Medium,NULL,NULL,Not of Hispanic Origin,,0,MA,,NULL
,56567056373,FC24002367,24:00.0,Male,White,39,Medium,NULL,NULL,Not of Hispanic Origin,,0,MA,,0
,56573277221,FC24002369,10:00.0,Male,Other,47,NULL,NULL,NULL,Not of Hispanic Origin,,0,MA,Class D,0
,56575434093,FC24002383,39:00.0,Male,Black,18,NULL,NULL,NULL,NULL,,0,NULL,,0
,56466874195,FC24002294,14:00.0,Female,White,57,Medium,Short,Light,Not of Hispanic Origin,,0,MA,,0
,56477632895,FC24002310,59:00.0,Male,White,42,Thin,NULL,NULL,Not of Hispanic Origin,,0,MA,,0
,56478772850,FC24002313,21:00.0,Male,Black,15,Thin,Braided,Dark Brown,NULL,,0,MA,,0
,56479269180,FC24002315,00:00.0,Male,Black,36,NULL,NULL,NULL,NULL,,0,NULL,,0
,56480456597,FC24002316,17:00.0,Male,Black,26,Medium,Braided,Medium Brown,Not of Hispanic Origin,,0,MA,,0
,56487917872,FC24002322,28:00.0,Female,White,28,Medium,Short,Light,NULL,,0,MA,Class D,1
,56487919244,FC24002322,28:00.0,Male,White,36,Thin,Straight,Light,Not of Hispanic Origin,,0,MA,Class D,0
,56489125465,FC24002326,25:00.0,Male,Black,31,Medium,Crew Cut,Medium Brown,Not of Hispanic Origin,,0,MA,Class D,0
,56489129980,FC24002326,25:00.0,Male,Black,32,Medium,NULL,NULL,Not of Hispanic Origin,,0,MA,Class D,0
,56490811593,FC24002328,50:00.0,Male,Black,55,Medium,Bald or Balding,Light Brown,Not of Hispanic Origin,,0,MA,"ID - Had a License, now has ID",0
,56493918265,FC24002335,44:00.0,Male,White,36,NULL,NULL,NULL,Unknown,,0,MA,Class D,0
,56553960700,FC24002353,15:00.0,Female,White,25,NULL,NULL,NULL,Not of Hispanic Origin,,0,MA,Class D,0
,56553981750,FC24002353,15:00.0,Male,White,40,Stocky,Wavy,Light,Hispanic Origin,,0,MA,,0
,56563588957,FC24002358,00:00.0,Male,Black,16,NULL,NULL,NULL,Unknown,,0,NULL,,0
,56477134698,FC24002309,23:00.0,Male,Black,16,Thin,NULL,Brown,Not of Hispanic Origin,,0,NULL,,0
,56477135660,FC24002309,23:00.0,Male,White,15,NULL,NULL,NULL,Not of Hispanic Origin,,0,NULL,,0
,56478439307,FC24002312,24:00.0,Male,NULL,34,NULL,NULL,NULL,NULL,,0,NULL,,0
,56478845110,FC24002314,30:00.0,Male,Black,36,Medium,Curly,Light Brown,Not of Hispanic Origin,,0,MA,Class D,0
,56478854334,FC24002314,30:00.0,Male,Black,24,Heavy,NULL,NULL,Hispanic Origin,,0,MA,,0
,56481469302,FC24002317,51:00.0,Male,Black,42,Medium,Braided,Medium Brown,Not of Hispanic Origin,,0,MA,,0
,56488037559,FC24002323,15:00.0,Male,Black,28,Medium,Corn Rows,Dark Brown,Not of Hispanic Origin,,0,MA,,0
,56488830466,FC24002325,53:00.0,Male,White,14,Thin,Unkempt,Light Brown,NULL,,0,MA,,1
,56491681007,FC24002331,59:00.0,Male,White,41,NULL,NULL,NULL,Not of Hispanic Origin,,0,MA,Class D,1
,56491733478,FC24002332,36:00.0,Male,Black,NULL,NULL,NULL,NULL,Unknown,,0,NULL,,0
,56491735433,FC24002332,36:00.0,Male,Black,NULL,NULL,NULL,NULL,Unknown,,0,NULL,,0
,56493828799,FC24002333,21:00.0,Male,Black,18,NULL,NULL,NULL,Not of Hispanic Origin,,0,NULL,,1
,56493898635,FC24002334,15:00.0,Male,Black,33,Heavy,NULL,NULL,Not of Hispanic Origin,,0,MA,,0
,56534734863,FC24002340,53:00.0,Male,Black,23,Muscular,Dreadlocks,Dark,Not of Hispanic Origin,,0,MA,Class D,1
,56534735155,FC24002340,53:00.0,Male,White,24,Thin,Afro,Light Brown,Hispanic Origin,,0,MA,"ID - Had a License, now has ID",1
,56564094860,FC24002359,20:00.0,Male,Unknown,55,NULL,NULL,NULL,Unknown,,0,NULL,,0
,56564836458,FC24002361,45:00.0,Female,Black,33,Medium,Wig/hair Piece,Dark Brown,Not of Hispanic Origin,,0,MA,Class D,0
,56565230543,FC24002363,35:00.0,Male,Black,27,Medium,Dreadlocks,Dark,Unknown,,0,MA,Class D,0
,56565950326,FC24002366,10:00.0,Unknown,Unknown,NULL,NULL,NULL,NULL,Unknown,,0,NULL,,NULL
,56566007549,FC24002366,10:00.0,Female,White,33,Thin,NULL,NULL,Not of Hispanic Origin,,0,MA,,1
,56566009368,FC24002366,10:00.0,Male,Black,41,Medium,NULL,NULL,Not of Hispanic Origin,,0,MA,,1
,56573325347,FC24002370,36:00.0,Male,Black,19,Medium,Braided,Dark Brown,Not of Hispanic Origin,,0,MA,,0
,56573330270,FC24002370,36:00.0,Male,Black,14,Thin,Braided,Light Brown,NULL,,0,MA,,1
,56574293142,FC24002373,23:00.0,Male,Black,29,Thin,Braided,Light Brown,Not of Hispanic Origin,,0,MA,ID Only - Never had Personal Driver License,0
,56574548311,FC24002375,00:00.0,Male,Black,24,NULL,NULL,NULL,Hispanic Origin,,0,NULL,,1
,56574602477,FC24002376,10:00.0,Female,White,27,Thin,NULL,NULL,Not of Hispanic Origin,,0,MA,,0
,56574708601,FC24002377,25:00.0,Male,White,26,Thin,NULL,NULL,Hispanic Origin,,0,MA,ID Only - Never had Personal Driver License,0
,56574711144,FC24002377,25:00.0,Male,Black,24,Thin,Afro,Dark,Not of Hispanic Origin,,0,MA,,0
,56574714601,FC24002377,25:00.0,Male,White,20,Thin,Wavy,Fair,Unknown,,0,MA,,0
,56575440753,FC24002383,39:00.0,Male,Unknown,19,NULL,NULL,NULL,Hispanic Origin,,0,NULL,,0
,56575448462,FC24002383,39:00.0,Male,Unknown,22,NULL,NULL,NULL,NULL,,0,NULL,,0
,56575455542,FC24002383,39:00.0,Male,Unknown,19,NULL,NULL,NULL,Unknown,,0,MA,Class D,0
,56575462257,FC24002383,39:00.0,Male,Unknown,18,NULL,NULL,NULL,NULL,,0,NULL,,0
,56575467531,FC24002383,39:00.0,Male,Unknown,18,NULL,NULL,NULL,NULL,,0,NULL,,0
,56575847601,FC24002385,00:00.0,Male,Black,38,NULL,NULL,NULL,Not of Hispanic Origin,,0,MA,,0
,56575860564,FC24002386,57:00.0,Male,Black,65,Heavy,NULL,NULL,Hispanic Origin,,0,NULL,,0
,56585460886,FC24002394,04:00.0,Male,Black,40,Medium,Short,NULL,Not of Hispanic Origin,,0,MA,ID Only - Never had Personal Driver License,0
,56588832204,FC24002399,00:00.0,Male,White,20,Thin,Short,Light Brown,Hispanic Origin,,0,MA,ID Only - Never had Personal Driver License,0
,56588885496,FC24002399,00:00.0,Male,Black,29,Medium,NULL,NULL,Hispanic Origin,,0,MA,,0
,56589050573,FC24002399,00:00.0,Male,NULL,36,NULL,NULL,NULL,NULL,,0,NULL,,0
,56590235960,FC24002400,58:00.0,Male,Black,39,NULL,NULL,NULL,NULL,,0,MA,,1
,56591442764,FC24002404,50:00.0,Male,White,26,NULL,NULL,NULL,NULL,,0,NULL,,0
,56591442764,FC24002404,50:00.0,Male,White,26,NULL,NULL,NULL,NULL,,0,NULL,,NULL
,56597889590,FC24002408,50:00.0,Male,White,23,Thin,Curly,Light,Unknown,,0,MA,,0
,56605220777,FC24002409,07:00.0,Male,Unknown,NULL,NULL,NULL,NULL,NULL,,0,NULL,,0
,56534735375,FC24002340,53:00.0,Male,NULL,18,Thin,Dreadlocks,Dark,Unknown,,0,MA,,1
,56534735627,FC24002340,53:00.0,Male,Black,24,Thin,Short,NULL,Not of Hispanic Origin,,0,MA,Class D,1
,56535874763,FC24002341,05:00.0,Male,Black,14,Thin,Short,Medium Brown,NULL,,0,MA,,1
,56535899692,FC24002341,05:00.0,Male,Black,15,Thin,NULL,Dark Brown,Not of Hispanic Origin,,0,MA,,0
,56535966554,FC24002341,05:00.0,Male,Black,15,Thin,NULL,Light Brown,Not of Hispanic Origin,,0,MA,,0
,56535997969,FC24002341,05:00.0,Male,Black,16,Thin,Afro,Light Brown,NULL,,0,MA,,0
,56536017573,FC24002341,05:00.0,Male,Black,14,NULL,NULL,NULL,Not of Hispanic Origin,,0,NULL,,0
,56536041416,FC24002341,05:00.0,Male,Black,13,NULL,NULL,NULL,Not of Hispanic Origin,,0,NULL,,0
,56540171571,FC24002343,30:00.0,Male,Black,31,NULL,NULL,NULL,Not of Hispanic Origin,,0,MA,Class D,0
,56540180185,FC24002343,30:00.0,Male,Black,28,Medium,Braided,Dark,Unknown,,0,MA,Class D,0
,56540189547,FC24002343,30:00.0,Male,Black,31,Medium,Short,Dark Brown,Not of Hispanic Origin,,0,MA,Class D,0
,56546233740,FC24002344,58:00.0,Male,Black,26,Medium,Braided,Medium Brown,Not of Hispanic Origin,,0,MA,,1
,56546234195,FC24002344,58:00.0,Male,Black,24,Thin,Afro,Medium,Not of Hispanic Origin,,0,MA,,1
,56546235633,FC24002344,58:00.0,Male,Black,19,Thin,Braided,Dark,Unknown,,0,MA,ID Only - Never had Personal Driver License,1
,56415297291,FC24002225,02:00.0,Female,Black,57,Thin,NULL,NULL,Not of Hispanic Origin,,0,MA,Class D,0
,56415297291,FC24002225,02:00.0,Female,Black,57,Thin,NULL,NULL,Not of Hispanic Origin,,0,MA,Class D,NULL
,56415324036,FC24002225,02:00.0,Male,Black,53,Thin,NULL,NULL,Not of Hispanic Origin,,0,MA,Class D,NULL
,56415780921,FC24002229,53:00.0,Male,Black,31,Thin,Braided,Medium Brown,Not of Hispanic Origin,,0,MA,,1
,56416425660,FC24002233,45:00.0,Male,White,31,NULL,NULL,NULL,Unknown,,0,MA,Class D,0
,56416448312,FC24002235,28:00.0,Female,Black,14,Medium,Straight,Medium Brown,Hispanic Origin,,0,MA,,0
,56416449596,FC24002235,28:00.0,Female,Black,14,NULL,NULL,NULL,Unknown,,0,NULL,,0
,56416825826,FC24002236,18:00.0,Male,Black,43,Medium,NULL,Brown,Not of Hispanic Origin,,0,MA,Class D,1
,56417404348,FC24002240,18:00.0,Male,Black,16,NULL,NULL,NULL,Not of Hispanic Origin,,0,NULL,,1
,56425503084,FC24002247,41:00.0,Male,Black,54,Thin,Short,Medium Brown,Not of Hispanic Origin,,0,MA,Class D,0
,56425503653,FC24002247,41:00.0,Male,Black,55,NULL,NULL,NULL,Not of Hispanic Origin,,0,NULL,,0
,56425504022,FC24002247,41:00.0,Male,Black,52,Medium,Receding or Slightly Receding,Dark Brown,Not of Hispanic Origin,,0,MA,,1
,56425880069,FC24002248,55:00.0,Male,Black,19,NULL,NULL,NULL,NULL,,0,MA,,0
,56425880069,FC24002248,55:00.0,Male,Black,19,NULL,NULL,NULL,NULL,,0,MA,,NULL
,56425881784,FC24002248,55:00.0,Male,Black,20,NULL,NULL,NULL,Not of Hispanic Origin,,0,MA,Class D,0
,56605223473,FC24002409,07:00.0,Female,Unknown,69,NULL,NULL,NULL,NULL,,0,NULL,,0
,56607357963,FC24002411,07:00.0,Male,Black,14,Thin,NULL,NULL,NULL,,0,MA,,0
,56609250085,FC24002413,50:00.0,Male,Black,31,NULL,NULL,NULL,Unknown,,0,MA,Class D,0
,56609900651,FC24002414,00:00.0,Male,White,18,Thin,Wavy,Light,Not of Hispanic Origin,,0,MA,,1
,56609900651,FC24002414,00:00.0,Male,White,18,Thin,Wavy,Light,Not of Hispanic Origin,,0,MA,,NULL
,56609902232,FC24002414,00:00.0,Male,Black,18,NULL,NULL,NULL,Unknown,,0,NULL,,NULL
,56609902232,FC24002414,00:00.0,Male,Black,18,NULL,NULL,NULL,Unknown,,0,NULL,,0
,56615324446,FC24002418,10:00.0,Male,Black,28,NULL,NULL,NULL,Not of Hispanic Origin,,0,MA,Class D,0
,56617506063,FC24002422,21:00.0,Male,Black,34,Medium,NULL,NULL,Not of Hispanic Origin,,0,MA,Class D,0
,56617509448,FC24002422,21:00.0,Male,Black,36,Medium,NULL,NULL,Not of Hispanic Origin,,0,MA,,0
,56619202076,FC24002424,18:00.0,Male,White,47,Thin,NULL,NULL,Not of Hispanic Origin,,0,MA,,0
,56619775982,FC24002428,25:00.0,Male,Black,30,Heavy,NULL,NULL,Hispanic Origin,,0,OTH,,1
,56621533069,FC24002431,36:00.0,Male,White,24,Medium,Braided,Light Brown,Hispanic Origin,,0,MA,,1
,56621534112,FC24002431,36:00.0,Male,Black,23,Medium,Dreadlocks,Light Brown,Hispanic Origin,,0,MA,ID Only - Never had Personal Driver License,1
,56622211937,FC24002432,36:00.0,Male,Black,47,Heavy,Bald or Balding,Dark Brown,Not of Hispanic Origin,,0,MA,Other: Revoked,0
,56574717003,FC24002377,25:00.0,Male,Black,18,Medium,Short,Light Brown,Not of Hispanic Origin,,0,MA,,0
,56574757819,FC24002378,06:00.0,Female,Black,61,NULL,NULL,NULL,Unknown,,0,NULL,,0
,56574761998,FC24002378,06:00.0,Male,Black,60,NULL,NULL,NULL,Unknown,,0,MA,ID Only - Never had Personal Driver License,NULL
,56574755757,FC24002379,10:00.0,Female,White,27,NULL,NULL,NULL,Not of Hispanic Origin,,0,NULL,,0
,56575714773,FC24002384,22:00.0,Male,White,67,Thin,Straight,Light,Not of Hispanic Origin,,0,MA,Class D,0
,56577591535,FC24002388,23:00.0,Male,Black,29,NULL,NULL,NULL,NULL,,0,MA,,0
,56585320384,FC24002393,19:00.0,Male,Black,25,Medium,NULL,NULL,Not of Hispanic Origin,,0,MA,Class D,1
,56585321620,FC24002393,19:00.0,Male,Black,21,Thin,NULL,Medium Brown,Not of Hispanic Origin,,0,MA,,1
,56585323574,FC24002393,19:00.0,Male,Black,24,Thin,Braided,Dark,Not of Hispanic Origin,,0,MA,,1
,56585341207,FC24002393,19:00.0,Male,Black,25,Heavy,Braided,Medium Brown,Not of Hispanic Origin,,0,MA,,1
,56585770366,FC24002395,40:00.0,Male,Unknown,33,Medium,Wavy,Medium,Not of Hispanic Origin,,0,MA,,1
,56586540094,FC24002397,45:00.0,Male,Black,40,Medium,Short,NULL,Not of Hispanic Origin,,0,MA,ID Only - Never had Personal Driver License,0
,56586540094,FC24002397,45:00.0,Male,Black,40,Medium,Short,NULL,Not of Hispanic Origin,,0,MA,ID Only - Never had Personal Driver License,NULL
,56586540336,FC24002397,45:00.0,Male,Black,49,Thin,NULL,NULL,Not of Hispanic Origin,,0,MA,"ID - Had a License, now has ID",NULL
,56547047705,FC24002345,00:00.0,Male,Black,23,Medium,Short,Dark,Not of Hispanic Origin,,0,MA,,0
,56547053717,FC24002345,00:00.0,Male,White,29,Stocky,NULL,NULL,Hispanic Origin,,0,MA,Other: Suspended Lic,0
,56547058462,FC24002345,00:00.0,Male,Black,26,Thin,Dreadlocks,Dark,Hispanic Origin,,0,MA,Class D,0
,56547064624,FC24002345,00:00.0,Male,Black,33,Thin,NULL,NULL,Hispanic Origin,,0,MA,,0
,56547066580,FC24002345,00:00.0,Male,White,27,Thin,NULL,NULL,Hispanic Origin,,0,MA,,0
,56547069072,FC24002345,00:00.0,Male,Black,28,Medium,NULL,NULL,Not of Hispanic Origin,,0,MA,Class D,0
,56547069686,FC24002345,00:00.0,Male,Black,20,Thin,NULL,Light Brown,Hispanic Origin,,0,MA,,0
,56547079690,FC24002346,45:00.0,Male,Black,17,NULL,NULL,NULL,NULL,,0,NULL,,0
,56547084373,FC24002346,45:00.0,Male,White,19,NULL,NULL,NULL,Hispanic Origin,,0,NULL,,0
,56547085603,FC24002346,45:00.0,Male,Unknown,17,NULL,NULL,NULL,Unknown,,0,NULL,,0
,56547108285,FC24002346,45:00.0,Male,NULL,17,NULL,NULL,NULL,NULL,,0,NULL,,0
,56547113564,FC24002346,45:00.0,Male,NULL,17,NULL,NULL,NULL,NULL,,0,NULL,,0
,56549875679,FC24002351,40:00.0,Male,White,55,Thin,Braided,Light,Not of Hispanic Origin,,0,MA,,0
,56549882112,FC24002351,40:00.0,Female to Male Transgender,White,24,NULL,NULL,NULL,NULL,,0,MA,Class D,0
,56574443405,FC24002374,57:00.0,Male,Black,21,Medium,Short,Dark Brown,Not of Hispanic Origin,,0,MA,Class D,0
,56628236907,FC24002436,44:00.0,Male,White,38,Medium,Straight,Light,Not of Hispanic Origin,,0,MA,,1
,56647523354,FC24002443,51:00.0,Male,Other,40,NULL,NULL,NULL,Unknown,,0,MA,Class D,0
,56647524542,FC24002443,51:00.0,Male,White,30,Medium,NULL,NULL,Not of Hispanic Origin,,0,MA,,0
,56648616696,FC24002447,00:00.0,Male,Black,31,Medium,NULL,NULL,Hispanic Origin,,0,MA,,0
,56648620689,FC24002447,00:00.0,Male,Black,20,NULL,NULL,NULL,Not of Hispanic Origin,,0,MA,,1
,56648625281,FC24002447,00:00.0,Male,Black,19,Thin,Dreadlocks,Medium Brown,Not of Hispanic Origin,,0,MA,,0
,56648636622,FC24002447,00:00.0,Female,White,22,NULL,NULL,NULL,Unknown,,0,NULL,,0
,56648713181,FC24002449,31:00.0,Male,White,39,Thin,Receding or Slightly Receding,Light,Not of Hispanic Origin,,0,MA,Class D,0
,56655132590,FC24002450,37:00.0,Male,Black,32,Muscular,Braided,Medium Brown,Not of Hispanic Origin,,0,MA,Class D,0
,56696550297,FC24002453,32:00.0,Male,Black,24,Heavy,Short,Dark,Not of Hispanic Origin,,0,MA,Class D,1
,56712136046,FC24002456,01:00.0,Male,Black,15,Thin,NULL,Dark Brown,Not of Hispanic Origin,,0,MA,,1
,56744417064,FC24002460,36:00.0,Male,Black,14,Thin,NULL,NULL,NULL,,0,MA,,0
,56744445886,FC24002460,36:00.0,Male,Black,16,Thin,NULL,NULL,NULL,,0,MA,,0
,56744562600,FC24002460,36:00.0,Male,Black,16,Thin,Curly,Dark,Hispanic Origin,,0,MA,,1
,56744611193,FC24002460,36:00.0,Male,White,15,Thin,Curly,Light,Hispanic Origin,,0,MA,None,0
,56575079800,FC24002381,35:00.0,Male,Black,15,Thin,Curly,Medium Brown,Unknown,,0,MA,,0
,56575083541,FC24002381,35:00.0,Male,Black,17,Medium,Afro,NULL,Unknown,,0,MA,,0
,56575087192,FC24002381,35:00.0,Male,Black,16,Thin,Dreadlocks,Light Brown,NULL,,0,MA,,0
,56583481976,FC24002391,16:00.0,Male,Black,38,Thin,NULL,NULL,Not of Hispanic Origin,,0,MA,,0
,56586903984,FC24002398,00:00.0,Male,Black,16,NULL,NULL,NULL,NULL,,0,NULL,,0
,56586904649,FC24002398,00:00.0,Male,White,15,Thin,Curly,Light,Hispanic Origin,,0,MA,None,0
,56586907568,FC24002398,00:00.0,Male,White,15,Thin,Braided,Light,NULL,,0,MA,,0
,56586908560,FC24002398,00:00.0,Male,Black,16,Medium,Afro,Light Brown,Hispanic Origin,,0,MA,Class D,0
,56587673853,FC24002398,00:00.0,Male,Black,14,Thin,Short,NULL,NULL,,0,MA,,0
,56597904144,FC24002407,00:00.0,Male,NULL,40,Stocky,NULL,NULL,Unknown,,0,MA,,0
,56609007961,FC24002412,00:00.0,Male,NULL,39,Medium,NULL,NULL,Not of Hispanic Origin,,0,MA,,0
,56610459446,FC24002415,00:00.0,Male,Black,41,Heavy,NULL,NULL,Not of Hispanic Origin,,0,MA,Class D,0
,56615027249,FC24002417,15:00.0,Male,Black,30,Thin,Dreadlocks,Dark Brown,Not of Hispanic Origin,,0,MA,,0
,56615031316,FC24002417,15:00.0,Female,Black,37,Medium,NULL,NULL,Not of Hispanic Origin,,0,MA,,0
,56615593189,FC24002419,10:00.0,Male,Black,39,Heavy,NULL,NULL,Hispanic Origin,,0,MA,,0
,56586540336,FC24002397,45:00.0,Male,Black,49,Thin,NULL,NULL,Not of Hispanic Origin,,0,MA,"ID - Had a License, now has ID",0
,56590350696,FC24002401,30:00.0,Male,Black,40,Medium,NULL,Medium Brown,Not of Hispanic Origin,,0,MA,,1
,56607014948,FC24002403,18:00.0,Male,Black,48,Heavy,NULL,NULL,Not of Hispanic Origin,,0,MA,,1
,56597834723,FC24002406,40:00.0,Male,Black,41,Thin,Dreadlocks,Medium Brown,NULL,,0,MA,,1
,56614751151,FC24002416,30:00.0,Male,Black,16,NULL,NULL,NULL,Unknown,,0,NULL,,1
,56619297872,FC24002425,45:00.0,Female,Black,26,NULL,NULL,NULL,Not of Hispanic Origin,,0,MA,ID Only - Never had Personal Driver License,0
,56619299283,FC24002425,45:00.0,Male,Black,31,Thin,Braided,Medium Brown,Not of Hispanic Origin,,0,MA,,0
,56619465037,FC24002426,00:00.0,Male,Black,37,Muscular,Corn Rows,Dark Brown,Not of Hispanic Origin,,0,MA,,1
,56620209035,FC24002429,00:00.0,Male,Black,35,Medium,NULL,NULL,Hispanic Origin,,0,MA,ID Only - Never had Personal Driver License,0
,56635441086,FC24002439,00:00.0,Male,Black,45,Thin,Short,Dark Brown,NULL,,0,MA,,0
,56635498952,FC24002439,00:00.0,Male,Black,46,Thin,NULL,NULL,Not of Hispanic Origin,,0,MA,,0
,56647694586,FC24002444,10:00.0,Male,Black,26,Thin,Braided,NULL,NULL,,0,MA,Class D,0
,56647699496,FC24002444,10:00.0,Male,Black,27,Thin,NULL,NULL,Not of Hispanic Origin,,0,MA,,0
,56647700990,FC24002444,10:00.0,Male,Black,29,Medium,Short,Light Brown,Not of Hispanic Origin,,0,MA,ID Only - Never had Personal Driver License,0
,56647704565,FC24002444,10:00.0,Male,Black,29,Medium,Short,Light,Not of Hispanic Origin,,0,MA,,0
,56647706439,FC24002444,10:00.0,Male,Black,34,Heavy,Short,Dark,Not of Hispanic Origin,,0,MA,Class D,0
,56647708256,FC24002444,10:00.0,Male,Black,32,Thin,NULL,Medium,Not of Hispanic Origin,,0,MA,,0
,56647770144,FC24002444,10:00.0,Female,Black,43,Thin,NULL,NULL,Not of Hispanic Origin,,0,MA,,0
,56647696284,FC24002444,10:00.0,Male,Black,15,Thin,Curly,Medium Brown,Unknown,,0,MA,,0
,56647696822,FC24002444,10:00.0,Male,White,18,Medium,Short,Light,Unknown,,0,MA,,0
,56647697247,FC24002444,10:00.0,Male,Black,27,Thin,Braided,Medium Brown,Not of Hispanic Origin,,0,MA,,0
,56647697472,FC24002444,10:00.0,Male,White,17,Thin,Short,Medium Brown,Unknown,,0,MA,,0
,56647697787,FC24002444,10:00.0,Male,White,27,Thin,Short,Light,Hispanic Origin,,0,MA,,0
,56647698185,FC24002444,10:00.0,Male,White,20,Thin,Wavy,Fair,Unknown,,0,MA,,0
,56648159628,FC24002445,33:00.0,Male,White,61,NULL,NULL,NULL,NULL,,0,NULL,,NULL
,56648166270,FC24002445,33:00.0,Unknown,NULL,NULL,NULL,NULL,NULL,NULL,,0,NULL,,0
,56648353098,FC24002445,33:00.0,Male,Black,31,NULL,NULL,NULL,Unknown,,0,MA,Class D,0
,56648361577,FC24002445,33:00.0,Male,Black,39,Thin,NULL,NULL,Not of Hispanic Origin,,0,MA,Class D,0
,56648366241,FC24002445,33:00.0,Male,Black,41,NULL,NULL,NULL,Hispanic Origin,,0,MA,Class D,0
,56426215101,FC24002249,45:00.0,Male,White,57,Medium,NULL,NULL,Hispanic Origin,,0,MA,Class D,0
,56432286393,FC24002259,41:00.0,Male,Black,22,NULL,NULL,NULL,NULL,,0,MA,Class D,1
,56432989085,FC24002264,35:00.0,Male,White,54,Thin,Short,Light,Not of Hispanic Origin,,0,MA,,1
,56433306288,FC24002265,30:00.0,Male,White,31,Thin,Straight,Medium,Not of Hispanic Origin,,0,MA,,1
,56433333842,FC24002265,30:00.0,Female,White,20,NULL,NULL,NULL,Not of Hispanic Origin,,0,MA,Class D,0
,56433502316,FC24002266,23:00.0,Male,Black,28,NULL,NULL,NULL,Unknown,,0,MA,Personal Driver License,1
,56440458382,FC24002269,45:00.0,Male,Black,24,Medium,NULL,NULL,Not of Hispanic Origin,,0,MA,Class D,0
,56440460994,FC24002269,45:00.0,Male,NULL,18,Thin,Dreadlocks,Dark,Unknown,,0,MA,,0
,56440466583,FC24002269,45:00.0,Male,Black,24,Thin,Short,NULL,Not of Hispanic Origin,,0,MA,Class D,0
,56445734162,FC24002279,33:00.0,Male,White,38,Heavy,NULL,NULL,Hispanic Origin,,0,MA,,1
,56456892993,FC24002285,00:00.0,Male,Unknown,33,Medium,NULL,NULL,Not of Hispanic Origin,,0,MA,,1
,56456969997,FC24002287,20:00.0,Male,Black,43,NULL,NULL,NULL,Unknown,,0,MA,Class D,0
,56457757259,FC24002288,03:00.0,Male,Black,17,Thin,Afro,Light Brown,Hispanic Origin,,0,MA,,0
,56467413877,FC24002296,00:00.0,Male,Black,47,Heavy,Bald or Balding,Dark Brown,Not of Hispanic Origin,,0,MA,Other: Revoked,1
,56467417123,FC24002296,00:00.0,Male,Black,34,Medium,NULL,NULL,Hispanic Origin,,0,MA,,0
,56616225201,FC24002420,01:00.0,Male,Black,40,NULL,NULL,NULL,Not of Hispanic Origin,,0,NULL,,0
,56616231691,FC24002420,01:00.0,Male,Black,37,NULL,NULL,NULL,Not of Hispanic Origin,,0,NULL,,0
,56616339241,FC24002421,46:00.0,Male,White,66,Medium,NULL,NULL,Not of Hispanic Origin,,0,NULL,,0
,56619753783,FC24002427,15:00.0,Male,Black,19,NULL,NULL,NULL,Unknown,,0,MA,"ID - Had a License, now has ID",0
,56619757656,FC24002427,15:00.0,Male,Black,18,NULL,NULL,NULL,NULL,,0,NULL,,0
,56620386778,FC24002430,21:00.0,Male,Black,39,Medium,Short,Light,Not of Hispanic Origin,,0,MA,Class D,1
,56626371662,FC24002435,35:00.0,Male,White,29,NULL,NULL,NULL,Not of Hispanic Origin,,0,MA,Class D,1
,56626371662,FC24002435,35:00.0,Male,White,29,NULL,NULL,NULL,Not of Hispanic Origin,,0,MA,Class D,NULL
,56632456094,FC24002441,21:00.0,Male,White,40,NULL,NULL,NULL,Hispanic Origin,,0,MA,Class D,0
,56632456149,FC24002441,21:00.0,Female,White,41,NULL,NULL,NULL,Unknown,,0,MA,Class D,0
,56632456212,FC24002441,21:00.0,Male,Black,52,Medium,Short,Medium,Hispanic Origin,,0,MA,Class D,0
,56632456279,FC24002441,21:00.0,Male,White,39,NULL,NULL,NULL,Not of Hispanic Origin,,0,MA,Class D,0
,56632456408,FC24002441,21:00.0,Female,White,34,Medium,Pony Tail,Fair,Not of Hispanic Origin,,0,MA,,0
,56633843104,FC24002442,39:00.0,Male,Black,30,NULL,NULL,NULL,Not of Hispanic Origin,,0,MA,Class D,0
,56633843598,FC24002442,39:00.0,Male,Black,30,Heavy,Short,Dark Brown,Not of Hispanic Origin,,0,MA,,0
,56707377609,FC24002454,30:00.0,Male,White,32,NULL,NULL,NULL,Not of Hispanic Origin,,0,MA,,1
,56711583117,FC24002455,30:00.0,Male,Black,32,Thin,Short,Light Brown,Hispanic Origin,,0,MA,Class D,1
,56711615267,FC24002455,30:00.0,Male,Unknown,62,Medium,NULL,NULL,Not of Hispanic Origin,,0,MA,,1
,56720461993,FC24002458,30:00.0,Male,Black,15,Thin,Curly,Medium Brown,Unknown,,0,MA,,0
,56721940998,FC24002458,30:00.0,Male,White,20,Thin,Wavy,Fair,Unknown,,0,MA,,0
,56722055641,FC24002458,30:00.0,Male,White,17,Thin,Short,Medium Brown,Unknown,,0,MA,,0
,56722537330,FC24002458,30:00.0,Male,White,18,NULL,NULL,NULL,Hispanic Origin,,0,NULL,,0
,56722635328,FC24002458,30:00.0,Male,Black,19,NULL,NULL,NULL,Hispanic Origin,,0,NULL,,0
,56722762493,FC24002458,30:00.0,Male,Black,24,Thin,Short,Dark,NULL,,0,MA,,0
,56722812516,FC24002458,30:00.0,Male,White,15,Thin,Curly,Light,NULL,,0,MA,,0
,56722853294,FC24002458,30:00.0,Male,White,18,Medium,Short,Light,Unknown,,0,MA,,0
,56722889909,FC24002458,30:00.0,Male,White,26,Thin,NULL,NULL,Hispanic Origin,,0,MA,ID Only - Never had Personal Driver License,0
,56758543553,FC24002463,18:00.0,Male,Black,16,Medium,Afro,Light Brown,Hispanic Origin,,0,MA,Class D,1
,56758549430,FC24002463,18:00.0,Male,Black,17,Heavy,Short,Medium Brown,Not of Hispanic Origin,,0,MA,,1
,56758554614,FC24002463,18:00.0,Male,White,15,Thin,Curly,Light,Hispanic Origin,,0,MA,None,1
,56470610289,FC24002301,29:00.0,Male,Black,29,Medium,NULL,NULL,Hispanic Origin,,0,MA,Class D,1
,56470610289,FC24002301,29:00.0,Male,Black,29,Medium,NULL,NULL,Hispanic Origin,,0,MA,Class D,NULL
,56486222030,FC24002318,45:00.0,Male,White,53,Medium,NULL,NULL,Not of Hispanic Origin,,0,MA,,0
,56486222030,FC24002318,45:00.0,Male,White,53,Medium,NULL,NULL,Not of Hispanic Origin,,0,MA,,NULL
,56487504032,FC24002320,50:00.0,Male,Black,36,Medium,Short,Medium Brown,Not of Hispanic Origin,,0,MA,,0
,56490774268,FC24002327,26:00.0,Male,White,28,Thin,Straight,Light,Hispanic Origin,,0,MA,,0
,56501333528,FC24002337,40:00.0,Female,Black,NULL,Small,NULL,Dark Brown,NULL,,0,NULL,,0
,56548199644,FC24002349,33:00.0,Male,White,41,Medium,NULL,NULL,Not of Hispanic Origin,,0,MA,,0
,56548204914,FC24002349,33:00.0,Female,Unknown,39,NULL,NULL,NULL,NULL,,0,NULL,,0
,56548220940,FC24002349,33:00.0,Male,White,40,Thin,Short,Light,Not of Hispanic Origin,,0,MA,,0
,56548225325,FC24002349,33:00.0,Male,White,NULL,NULL,NULL,NULL,Not of Hispanic Origin,,0,NULL,,0
,56549913063,FC24002352,15:00.0,Male,White,41,Medium,NULL,NULL,Not of Hispanic Origin,,0,MA,,0
,56564344435,FC24002360,16:00.0,Male,Black,16,Thin,Afro,Light Brown,NULL,,0,MA,,1
,56564348819,FC24002360,16:00.0,Male,Black,14,Thin,NULL,NULL,NULL,,0,MA,,NULL
,56564351346,FC24002360,16:00.0,Male,Black,15,Thin,NULL,Dark Brown,Not of Hispanic Origin,,0,MA,,NULL
,56564356881,FC24002360,16:00.0,Male,Black,19,Medium,Braided,Dark Brown,Not of Hispanic Origin,,0,MA,,NULL
,56565735218,FC24002364,45:00.0,Male,Black,31,Heavy,Short,Medium Brown,Not of Hispanic Origin,,0,MA,Class D,1
,56565782411,FC24002365,00:00.0,Male,Black,12,Thin,Afro,NULL,NULL,,0,MA,,1
,56572894165,FC24002368,54:00.0,Female,Black,17,Thin,Curly,Light,Not of Hispanic Origin,,0,MA,ID Only - Never had Personal Driver License,NULL
,56572894165,FC24002368,54:00.0,Female,Black,17,Thin,Curly,Light,Not of Hispanic Origin,,0,MA,ID Only - Never had Personal Driver License,NULL
,56572898190,FC24002368,54:00.0,Male,Black,17,NULL,NULL,NULL,Unknown,,0,NULL,,0
,56573667348,FC24002371,00:00.0,Male,White,26,NULL,NULL,NULL,Not of Hispanic Origin,,0,MA,Class D,0
,56573908052,FC24002372,25:00.0,Male,Black,33,Medium,Short,Medium Brown,Not of Hispanic Origin,,0,MA,Class D,0
,56573909714,FC24002372,25:00.0,Female,White,33,Heavy,Processed,Medium,Hispanic Origin,,0,MA,Class D,NULL
,56575096873,FC24002380,23:00.0,Male,Other,18,NULL,NULL,NULL,Hispanic Origin,,0,NULL,,1
,56575098602,FC24002380,23:00.0,Male,Black,35,Thin,Corn Rows,Medium Brown,Hispanic Origin,,0,MA,ID Only - Never had Personal Driver License,0
,56575219229,FC24002382,00:00.0,Male,Black,30,Medium,NULL,Medium Brown,Not of Hispanic Origin,,0,MA,Class D,0
,56575219887,FC24002382,00:00.0,Male,Black,29,Heavy,NULL,NULL,Not of Hispanic Origin,,0,MA,,0
,56575222188,FC24002382,00:00.0,Male,Black,24,Heavy,NULL,NULL,Hispanic Origin,,0,MA,,0
,56575223622,FC24002382,00:00.0,Male,Black,26,Heavy,Braided,Brown,Not of Hispanic Origin,,0,MA,ID Only - Never had Personal Driver License,0
,56575225418,FC24002382,00:00.0,Male,Black,24,Thin,Braided,Medium Brown,Not of Hispanic Origin,,0,MA,Class D,0
,56575235645,FC24002382,00:00.0,Male,Black,14,Thin,Short,Medium Brown,NULL,,0,MA,,0
,56575344955,FC24002382,00:00.0,Male,Black,18,NULL,NULL,NULL,Not of Hispanic Origin,,0,NULL,,NULL
,56576652631,FC24002387,28:00.0,Male,Black,21,NULL,NULL,NULL,Hispanic Origin,,0,MA,Class D,1
,56576696365,FC24002387,28:00.0,Male,Black,23,Thin,NULL,NULL,Not of Hispanic Origin,,0,MA,,1
,56582808827,FC24002390,32:00.0,Male,NULL,21,NULL,NULL,NULL,NULL,,0,NULL,,1
,56582811481,FC24002390,32:00.0,Male,Black,22,Medium,Braided,Medium Brown,Not of Hispanic Origin,,0,MA,Class D,1
,56582877530,FC24002390,32:00.0,Male,NULL,NULL,NULL,NULL,NULL,NULL,,0,NULL,,1
,56585769211,FC24002396,54:00.0,Male,White,21,Thin,Braided,Light,Not of Hispanic Origin,,0,MA,"ID - Had a License, now has ID",0
,56585769750,FC24002396,54:00.0,Male,Native Hawaiian or Other Pacific Islander,22,NULL,NULL,NULL,Not of Hispanic Origin,,0,MA,,0
,56590394755,FC24002402,00:00.0,Male,White,47,Medium,Short,Light,Not of Hispanic Origin,,0,MA,ID Only - Never had Personal Driver License,0
,56590400250,FC24002402,00:00.0,Female,White,38,Thin,Straight,NULL,Not of Hispanic Origin,,0,MA,ID Only - Never had Personal Driver License,0
,56590402512,FC24002402,00:00.0,Male,White,42,Medium,Short,Light,Not of Hispanic Origin,,0,MA,,0
,56590404329,FC24002402,00:00.0,Male,White,33,NULL,NULL,NULL,Not of Hispanic Origin,,0,MA,ID Only - Never had Personal Driver License,0
,56590420895,FC24002402,00:00.0,Male,Unknown,42,NULL,NULL,NULL,Hispanic Origin,,0,MA,Class D,0
,56590503577,FC24002402,00:00.0,Male,White,47,Medium,Receding or Slightly Receding,NULL,Not of Hispanic Origin,,0,MA,"ID - Had a License, now has ID",0
,56606322461,FC24002410,50:00.0,Male,Black,14,NULL,NULL,NULL,NULL,,0,NULL,,1
,56619024905,FC24002423,59:00.0,Male,Black,22,Thin,Afro,NULL,Not of Hispanic Origin,,0,MA,,1
,56619028560,FC24002423,59:00.0,Male,Black,25,Stocky,Short,Medium Brown,Not of Hispanic Origin,,0,MA,ID Only - Never had Personal Driver License,0
,56626230373,FC24002434,00:00.0,Male,Black,23,Thin,Afro,Light Brown,Not of Hispanic Origin,,0,MA,Class D,1
,56626245676,FC24002434,00:00.0,Male,Black,25,NULL,NULL,NULL,Unknown,,0,MA,,1
,56626248808,FC24002434,00:00.0,Male,Black,25,NULL,NULL,NULL,Unknown,,0,MA,Class D,1
,56626256473,FC24002434,00:00.0,Male,Black,24,Thin,NULL,NULL,Not of Hispanic Origin,,0,MA,,1
,56626276118,FC24002434,00:00.0,Male,Black,22,NULL,NULL,NULL,Not of Hispanic Origin,,0,NULL,,1
,56626288477,FC24002434,00:00.0,Male,Black,24,Thin,Wavy,Light Brown,NULL,,0,MA,,1
,56629731067,FC24002437,56:00.0,Male,White,54,Medium,Short,Light,Not of Hispanic Origin,,0,MA,,0
,56629898611,FC24002438,36:00.0,Male,Black,31,Medium,NULL,NULL,Hispanic Origin,,0,MA,,0
,56629899041,FC24002438,36:00.0,Male,Black,19,Thin,Dreadlocks,Medium Brown,Not of Hispanic Origin,,0,MA,,0
,56648317740,FC24002446,30:00.0,Male,Black,33,Medium,Wavy,Medium,Hispanic Origin,,0,MA,,0
,56695358283,FC24002452,47:00.0,Male,Black,19,Thin,Short,Medium Brown,Unknown,,0,MA,,1
,56695358630,FC24002452,47:00.0,Male,White,19,Medium,NULL,NULL,NULL,,0,MA,Class D,1
,56729998874,FC24002459,04:00.0,Male,White,46,NULL,NULL,NULL,Unknown,,0,MA,"ID - Had a License, now has ID",1
,56758766155,FC24002464,48:00.0,Male,White,41,Medium,Short,NULL,Hispanic Origin,,0,MA,,0
,56758912957,FC24002465,19:00.0,Male,Black,30,Heavy,NULL,NULL,Not of Hispanic Origin,,0,MA,ID Only - Never had Personal Driver License,0
,56766380259,FC24002466,29:00.0,Male,White,39,Medium,NULL,NULL,Not of Hispanic Origin,,0,MA,,0
,56766388320,FC24002466,29:00.0,Male,White,54,NULL,NULL,NULL,Not of Hispanic Origin,,0,MA,Personal Driver License,0
,56769860964,FC24002468,45:00.0,Male,Black,16,Thin,NULL,NULL,NULL,,0,MA,,0
,56770147124,FC24002469,00:00.0,Male,White,21,Thin,Braided,Light,Not of Hispanic Origin,,0,MA,"ID - Had a License, now has ID",1
,56770166743,FC24002469,00:00.0,Male,Black,57,Thin,Bald or Balding,Medium Brown,NULL,,0,MA,,0
,56771014516,FC24002469,00:00.0,Male,Black,32,Thin,Dreadlocks,Light Brown,Not of Hispanic Origin,,0,MA,Class D,0
,56771028405,FC24002469,00:00.0,Male,Black,33,Thin,Bald or Balding,Light Brown,Not of Hispanic Origin,,0,MA,"ID - Had a License, now has ID",0
,56802497207,FC24002476,51:00.0,Male,White,18,Medium,Short,Light,Unknown,,0,MA,,0
,56802541728,FC24002476,51:00.0,Male,White,20,Thin,Wavy,Fair,Unknown,,0,MA,,NULL
,56802614947,FC24002476,51:00.0,Male,Black,17,Medium,Afro,NULL,Unknown,,0,MA,,NULL
,56802653023,FC24002476,51:00.0,Male,Black,15,Thin,Curly,Medium Brown,Unknown,,0,MA,,NULL
,56802929773,FC24002476,51:00.0,Male,White,17,Thin,Short,Medium Brown,Unknown,,0,MA,Class D,NULL
,56809940783,FC24002477,00:00.0,Male,White,57,Medium,NULL,NULL,Hispanic Origin,,0,MA,Class D,0
,56829150996,FC24002482,28:00.0,Male,Black,29,NULL,NULL,NULL,Not of Hispanic Origin,,0,MA,Class D,1
,56829152861,FC24002482,28:00.0,Male,Black,17,Thin,Curly,Light Brown,Hispanic Origin,,0,MA,,1
,56829155890,FC24002482,28:00.0,Male,Black,20,Thin,Curly,Medium,Unknown,,0,MA,,1
,56829168249,FC24002482,28:00.0,Female,Black,15,Thin,Curly,Medium Brown,NULL,,0,MA,,1
,56829228432,FC24002482,28:00.0,Female,NULL,17,NULL,NULL,NULL,NULL,,0,NULL,,1
,56835377727,FC24002483,57:00.0,Female,White,37,Medium,NULL,NULL,Not of Hispanic Origin,,0,MA,"ID - Had a License, now has ID",0
,56843923237,FC24002489,00:00.0,Male,Black,28,Heavy,Unkempt,Medium Brown,Not of Hispanic Origin,,0,MA,,1
,56843925687,FC24002489,00:00.0,Male,Black,26,Heavy,Short,Dark,Not of Hispanic Origin,,0,MA,,1
,56851152998,FC24002490,35:00.0,Male,Black,28,Thin,Braided,NULL,NULL,,0,MA,ID Only - Never had Personal Driver License,1
,56851158580,FC24002490,35:00.0,Male,Black,25,Thin,NULL,NULL,Not of Hispanic Origin,,0,MA,,0
,56851167431,FC24002490,35:00.0,Female,Black,28,NULL,NULL,NULL,NULL,,0,NULL,,0
,56851174798,FC24002490,35:00.0,Female,Black,45,Unknown,NULL,NULL,Not of Hispanic Origin,,0,MA,,0
,56851180833,FC24002490,35:00.0,Female,Black,57,NULL,NULL,NULL,Not of Hispanic Origin,,0,MA,Class D,0
,56851433612,FC24002494,33:00.0,Male,Black,17,Medium,NULL,Medium Brown,Hispanic Origin,,0,MA,,1
,56851434845,FC24002494,33:00.0,Male,Black,24,Thin,Short,Dark Brown,Not of Hispanic Origin,,0,MA,Class D,0
,56851435675,FC24002494,33:00.0,Male,NULL,18,Thin,Dreadlocks,Dark,Unknown,,0,MA,,0
,56851436348,FC24002494,33:00.0,Male,Black,24,Thin,Short,NULL,Not of Hispanic Origin,,0,MA,Class D,0
,56851442164,FC24002494,33:00.0,Male,Black,25,Heavy,NULL,NULL,Not of Hispanic Origin,,0,MA,,0
,56856107775,FC24002497,40:00.0,Male,Black,32,NULL,NULL,NULL,Not of Hispanic Origin,,0,MA,Class D,1
,56858357175,FC24002502,43:00.0,Male,Black,23,Thin,NULL,NULL,Not of Hispanic Origin,,0,MA,"ID - Had a License, now has ID",0
,56858682434,FC24002504,51:00.0,Male,White,24,Muscular,Unkempt,Light,Not of Hispanic Origin,,0,MA,Class D,1
,56858975597,FC24002505,50:00.0,Male,White,31,Thin,Short,Light,Not of Hispanic Origin,,0,MA,,0
,56865062804,FC24002513,25:00.0,Male,Asian,26,NULL,NULL,NULL,Not of Hispanic Origin,,0,MA,Class D,0
,56865363054,FC24002514,18:00.0,Male,Black,63,NULL,NULL,NULL,Unknown,,0,MA,Class D,0
,56883900151,FC24002527,19:00.0,Male,Black,27,Medium,Dreadlocks,Dark,Unknown,,0,MA,Class D,0
,56884652322,FC24002529,30:00.0,Male,Black,37,Thin,NULL,NULL,Not of Hispanic Origin,,0,MA,,0
,56890019172,FC24002534,30:00.0,Male,Black,19,Thin,Dreadlocks,Medium Brown,Not of Hispanic Origin,,0,MA,,0
,56890023968,FC24002534,30:00.0,Male,Black,20,NULL,NULL,NULL,Not of Hispanic Origin,,0,MA,,0
,56890024952,FC24002534,30:00.0,Male,Black,17,Thin,NULL,Light Brown,Hispanic Origin,,0,MA,,0
,56894660224,FC24002538,56:00.0,Male,White,42,Thin,NULL,Light,Not of Hispanic Origin,,0,MA,"ID - Had a License, now has ID",1
,56905328677,FC24002542,00:00.0,Male,White,33,NULL,NULL,NULL,Not of Hispanic Origin,,0,MA,Class D,1
,56905328677,FC24002542,00:00.0,Male,White,33,NULL,NULL,NULL,Not of Hispanic Origin,,0,MA,Class D,NULL
,56911288074,FC24002549,00:00.0,Male,NULL,26,Thin,Dreadlocks,Medium,Not of Hispanic Origin,,0,MA,,1
,56911320122,FC24002549,00:00.0,Male,Black,21,NULL,NULL,NULL,Not of Hispanic Origin,,0,NULL,,1
,56911338306,FC24002549,00:00.0,Male,Black,34,Medium,NULL,NULL,Not of Hispanic Origin,,0,MA,,1
,56911349045,FC24002549,00:00.0,Male,Black,26,Medium,Braided,Medium Brown,Not of Hispanic Origin,,0,MA,,1
,56911375083,FC24002549,00:00.0,Male,Black,19,Thin,Braided,Dark,Unknown,,0,MA,ID Only - Never had Personal Driver License,1
,56919017048,FC24002566,30:00.0,Male,Black,35,Thin,NULL,NULL,Not of Hispanic Origin,,0,MA,Personal Driver License,0
,56924850449,FC24002573,45:00.0,Male,Black,25,Stocky,NULL,NULL,Not of Hispanic Origin,,0,MA,Class D,0
,56924908844,FC24002573,45:00.0,Unknown,Unknown,NULL,NULL,NULL,NULL,NULL,,0,NULL,,0
,56927099402,FC24002576,36:00.0,Male,Black,20,Obese,Curly,Medium,Hispanic Origin,,0,FL,,1
,56927357271,FC24002577,04:00.0,Male,White,32,Medium,Braided,Dark,Not of Hispanic Origin,,0,MA,Class D,1
,56928770634,FC24002580,00:00.0,Male,Black,28,Thin,Short,NULL,Not of Hispanic Origin,,0,MA,,1
,56928789284,FC24002580,00:00.0,Male,Black,31,Thin,Braided,Dark,Not of Hispanic Origin,,0,MA,,1
,56975051103,FC24002587,21:00.0,Male,White,18,NULL,NULL,NULL,Hispanic Origin,,0,NULL,,0
,56975053456,FC24002587,21:00.0,Male,Black,17,Medium,Afro,NULL,Unknown,,0,MA,,0
,56975055340,FC24002587,21:00.0,Male,Asian,18,Thin,NULL,Light Brown,Hispanic Origin,,0,MA,,0
,57020083504,FC24002594,16:00.0,Male,White,35,Heavy,Afro,Light,Hispanic Origin,,0,MA,Instruction Permit,1
,57024825173,FC24002595,37:00.0,Male,Unknown,21,NULL,NULL,NULL,Hispanic Origin,,0,NULL,,0
,57025389790,FC24002597,15:00.0,Male,Black,20,Medium,Afro,Light,Hispanic Origin,,0,MA,ID Only - Never had Personal Driver License,0
,57025392199,FC24002597,15:00.0,Male,Black,25,Thin,NULL,NULL,Not of Hispanic Origin,,0,MA,Class D,0
,57064455635,FC24002608,00:00.0,Male,Black,29,Medium,NULL,NULL,Hispanic Origin,,0,MA,,1
,57064471316,FC24002608,00:00.0,Male,White,20,Thin,Short,Light Brown,Hispanic Origin,,0,MA,ID Only - Never had Personal Driver License,1
,57064500725,FC24002608,00:00.0,Male,Black,18,NULL,NULL,NULL,NULL,,0,NULL,,1
,57064510131,FC24002608,00:00.0,Male,Black,19,NULL,NULL,NULL,Unknown,,0,MA,,1
,57064523120,FC24002608,00:00.0,Male,Black,29,Thin,NULL,NULL,Not of Hispanic Origin,,0,MA,,1
,57064537637,FC24002608,00:00.0,Male,Black,19,NULL,NULL,NULL,Unknown,,0,MA,"ID - Had a License, now has ID",1
,57064550127,FC24002608,00:00.0,Male,Black,19,NULL,NULL,NULL,NULL,,0,NULL,,1
,57072549671,FC24002610,00:00.0,Male,Black,38,NULL,NULL,NULL,Not of Hispanic Origin,,0,MA,,NULL
,57072552072,FC24002610,00:00.0,Male,Black,47,NULL,NULL,NULL,Not of Hispanic Origin,,0,MA,Class D,0
,57073487823,FC24002611,55:00.0,Male,Unknown,20,NULL,NULL,NULL,Unknown,,0,MA,Class D,1
,57073490740,FC24002611,55:00.0,Male,White,21,Thin,Corn Rows,Medium,NULL,,0,MA,Class D,1
,57073506030,FC24002611,55:00.0,Female,Asian,19,NULL,NULL,NULL,Unknown,,0,MA,ID Only - Never had Personal Driver License,0
,57073519573,FC24002611,55:00.0,Female,Unknown,20,NULL,NULL,NULL,Unknown,,0,NULL,,0
,57085272213,FC24002614,20:00.0,Male,White,44,Thin,NULL,NULL,Hispanic Origin,,0,MA,,0
,57094429064,FC24002616,37:00.0,Male,White,46,Medium,Bald or Balding,Light,Not of Hispanic Origin,,0,MA,Class D,1
,57108878197,FC24002618,41:00.0,Male,Black,NULL,NULL,NULL,NULL,NULL,,0,NULL,,0
,57109014515,FC24002618,41:00.0,Male,Black,NULL,NULL,NULL,NULL,NULL,,0,NULL,,0
,57109879296,FC24002619,00:00.0,Male,Black,35,Stocky,Short,Medium Brown,Not of Hispanic Origin,,0,MA,,0
,57110502497,FC24002619,00:00.0,Female,Black,38,NULL,NULL,NULL,Not of Hispanic Origin,,0,MA,,NULL
,57125981417,FC24002619,00:00.0,Male,Black,49,Medium,Bald or Balding,NULL,Not of Hispanic Origin,,0,MA,,NULL
,57115051598,FC24002621,03:00.0,Female,White,27,NULL,NULL,NULL,Hispanic Origin,,0,MA,Class D,NULL
,57115232764,FC24002621,03:00.0,Male,Black,36,Thin,Bald or Balding,Dark,Not of Hispanic Origin,,0,MA,Class D,0
,57125725750,FC24002623,28:00.0,Male,Black,19,Thin,Dreadlocks,Medium Brown,Not of Hispanic Origin,,0,MA,,1
,57125737605,FC24002623,28:00.0,Male,White,24,Medium,Braided,Light Brown,Hispanic Origin,,0,MA,,0
,57125740763,FC24002623,28:00.0,Male,Black,31,Medium,NULL,NULL,Hispanic Origin,,0,MA,,0
,57125744419,FC24002623,28:00.0,Male,Black,23,Medium,Dreadlocks,Light Brown,Hispanic Origin,,0,MA,ID Only - Never had Personal Driver License,0
,57125747029,FC24002623,28:00.0,Male,Black,17,Thin,NULL,Light Brown,Hispanic Origin,,0,MA,,1
,57125749751,FC24002623,28:00.0,Male,Black,20,NULL,NULL,NULL,Not of Hispanic Origin,,0,MA,,1
,57125762510,FC24002623,28:00.0,Male,White,20,NULL,NULL,NULL,Hispanic Origin,,0,MA,Instruction Permit,0
,57125768874,FC24002623,28:00.0,Male,Black,19,Thin,Dreadlocks,Medium Brown,Unknown,,0,MA,Class D,NULL
,57126147557,FC24002626,21:00.0,Male,White,45,Thin,NULL,NULL,Not of Hispanic Origin,,0,MA,,0
,57129423014,FC24002628,03:00.0,Male,White,19,NULL,NULL,NULL,Not of Hispanic Origin,,0,MA,,0
,57129436100,FC24002628,03:00.0,Female,White,17,NULL,NULL,NULL,Not of Hispanic Origin,,0,MA,,0
,57129867704,FC24002631,33:00.0,Male,Black,21,Thin,NULL,NULL,Not of Hispanic Origin,,0,MA,Class D,1
,57135856855,FC24002632,08:00.0,Male,Black,27,Heavy,Short,Light Brown,Hispanic Origin,,0,MA,Class D,1
,57135858961,FC24002632,08:00.0,Male,White,24,Medium,Braided,Light Brown,Hispanic Origin,,0,MA,,1
,57135863744,FC24002632,08:00.0,Male,Black,26,Muscular,NULL,NULL,Not of Hispanic Origin,,0,MA,Class D,1
,57143278647,FC24002633,20:00.0,NULL,NULL,NULL,NULL,NULL,NULL,NULL,,0,NULL,,0
,57159113839,FC24002637,50:00.0,Female,White,32,Thin,Straight,Light Brown,Unknown,,0,MA,Class D,0
,57161202122,FC24002640,53:00.0,Male,Black,22,Thin,Braided,Brown,Hispanic Origin,,0,MA,,0
,57161203811,FC24002640,53:00.0,Female,Black,43,NULL,NULL,NULL,Not of Hispanic Origin,,0,MA,,0
,57162629208,FC24002640,53:00.0,Male,Black,21,Heavy,Braided,Medium,Unknown,,0,MA,Class D,NULL
,57164589326,FC24002648,30:00.0,Male,White,55,Medium,NULL,NULL,Not of Hispanic Origin,,0,MA,,0
,57170592812,FC24002655,30:00.0,Male,White,20,Thin,Curly,Fair,Hispanic Origin,,0,NULL,,1
,57170595617,FC24002655,30:00.0,Female,White,39,NULL,NULL,NULL,Not of Hispanic Origin,,0,MA,Class D,NULL
,57170600700,FC24002655,30:00.0,Male,Black,25,Thin,NULL,NULL,Not of Hispanic Origin,,0,MA,ID Only - Never had Personal Driver License,NULL
,57175239154,FC24002661,35:00.0,Male,Black,NULL,NULL,NULL,NULL,NULL,,0,NULL,,0
,57175247742,FC24002661,35:00.0,Male,Unknown,NULL,Thin,Bushy,Light,Unknown,,0,NULL,,0
,57181452189,FC24002664,35:00.0,Male,Black,32,Thin,NULL,NULL,Not of Hispanic Origin,,0,MA,,0
,57183808693,FC24002669,50:00.0,Male,Black,41,Medium,NULL,NULL,Not of Hispanic Origin,,0,MA,,0
,57185052241,FC24002672,18:00.0,Male,White,24,Thin,Afro,Light Brown,Hispanic Origin,,0,MA,"ID - Had a License, now has ID",0
,57185060540,FC24002672,18:00.0,Male,Black,19,Thin,Short,Dark,Not of Hispanic Origin,,0,MA,ID Only - Never had Personal Driver License,NULL
,57185060540,FC24002672,18:00.0,Male,Black,19,Thin,Short,Dark,Not of Hispanic Origin,,0,MA,ID Only - Never had Personal Driver License,0
,57185065880,FC24002672,18:00.0,Male,White,22,Thin,Wavy,Medium,NULL,,0,MA,Class D,1
,57187233411,FC24002674,00:00.0,Male,Black,22,NULL,NULL,NULL,NULL,,0,MA,,1
,57189987199,FC24002676,40:00.0,Male,White,42,NULL,NULL,NULL,Hispanic Origin,,0,MA,"ID - Had a License, now has ID",0
,57191747693,FC24002677,18:00.0,Male,White,40,Unknown,NULL,NULL,Not of Hispanic Origin,,0,MA,,0
,57193890987,FC24002679,50:00.0,Male,White,52,Medium,Bald or Balding,NULL,NULL,,0,MA,,0
,57197759103,FC24002683,00:00.0,Male,White,32,Medium,Dreadlocks,Light,Not of Hispanic Origin,,0,MA,,0
,57197791442,FC24002684,00:00.0,Male,Black,24,NULL,NULL,NULL,Not of Hispanic Origin,,0,MA,Class D,1
,57197796065,FC24002684,00:00.0,Male,Black,20,Medium,Braided,Medium,NULL,,0,MA,,1
,57204222893,FC24002695,34:00.0,Male,White,40,Medium,NULL,NULL,Hispanic Origin,,0,MA,,0
,57204224314,FC24002695,34:00.0,Female,White,34,Thin,Straight,Medium,Not of Hispanic Origin,,0,MA,Class D,0
,57204838008,FC24002696,30:00.0,Male,Black,27,Thin,Braided,Medium Brown,Not of Hispanic Origin,,0,MA,,0
,57204855307,FC24002696,30:00.0,Male,White,30,Thin,NULL,NULL,Hispanic Origin,,0,MA,Other: Class M,0
,57204861310,FC24002696,30:00.0,Male,Black,32,Thin,NULL,Medium,Not of Hispanic Origin,,0,MA,,0
,57204862116,FC24002696,30:00.0,Male,Black,29,Medium,Short,Light Brown,Not of Hispanic Origin,,0,MA,ID Only - Never had Personal Driver License,0
,57204863688,FC24002696,30:00.0,Male,White,26,Thin,NULL,NULL,Hispanic Origin,,0,MA,ID Only - Never had Personal Driver License,0
,57204865486,FC24002696,30:00.0,Male,White,27,Thin,Short,Light,Hispanic Origin,,0,MA,,0
,57206245865,FC24002700,20:00.0,Male,Black,23,Medium,NULL,Medium Brown,Not of Hispanic Origin,,0,MA,,0
,57206263885,FC24002700,20:00.0,Male,Black,27,Thin,Dreadlocks,Dark Brown,Not of Hispanic Origin,,0,MA,,NULL
,57206277818,FC24002701,00:00.0,Male,White,26,Thin,NULL,NULL,Hispanic Origin,,0,MA,ID Only - Never had Personal Driver License,0
,57206279255,FC24002701,00:00.0,Male,Black,17,Medium,Afro,NULL,Unknown,,0,MA,,0
,57206284162,FC24002701,00:00.0,Male,Black,19,NULL,NULL,NULL,Hispanic Origin,,0,NULL,,0
,57206285163,FC24002701,00:00.0,Male,White,37,Medium,Braided,Light Brown,Hispanic Origin,,0,MA,"ID - Had a License, now has ID",0
,57206286354,FC24002701,00:00.0,Male,White,27,Thin,Short,Light,Hispanic Origin,,0,MA,,0
,57206293948,FC24002701,00:00.0,Male,White,30,Thin,NULL,NULL,Hispanic Origin,,0,MA,Other: Class M,0
,57206296191,FC24002701,00:00.0,Male,White,17,Thin,Short,Medium Brown,Unknown,,0,MA,Class D,0
,57206297622,FC24002701,00:00.0,Male,White,20,Thin,Wavy,Fair,Unknown,,0,MA,,0
,57206299150,FC24002701,00:00.0,Male,Unknown,20,NULL,NULL,NULL,Hispanic Origin,,0,MA,ID Only - Never had Personal Driver License,0
,57206302054,FC24002701,00:00.0,Male,Black,27,Thin,Braided,Medium Brown,Not of Hispanic Origin,,0,MA,,0
,57206304322,FC24002701,00:00.0,Male,Black,33,Thin,Short,Dark Brown,Not of Hispanic Origin,,0,MA,Class D,0
,57206306548,FC24002701,00:00.0,Male,Asian,18,Thin,NULL,Light Brown,Hispanic Origin,,0,MA,,0
,57206373287,FC24002703,17:00.0,Male,Black,35,Thin,Short,Dark,Not of Hispanic Origin,,0,MA,ID Only - Never had Personal Driver License,1
,57206480612,FC24002703,17:00.0,Male,Black,33,Medium,Dreadlocks,Medium Brown,Not of Hispanic Origin,,0,MA,"ID - Had a License, now has ID",1
,57213281785,FC24002705,01:00.0,Male,Black,48,Heavy,NULL,NULL,Not of Hispanic Origin,,0,MA,,0
,57215528286,FC24002708,00:00.0,Male,Black,18,NULL,NULL,NULL,NULL,,0,MA,Instruction Permit,0
,57215529892,FC24002708,00:00.0,Male,White,22,Thin,NULL,NULL,Hispanic Origin,,0,MA,,0
,57215531448,FC24002708,00:00.0,Male,Black,22,Thin,Short,Medium,Not of Hispanic Origin,,0,MA,,0
,57215533637,FC24002708,00:00.0,Male,NULL,24,NULL,NULL,NULL,NULL,,0,MA,,0
,57218844438,FC24002712,00:00.0,Male,Black,24,Medium,Braided,Light Brown,Not of Hispanic Origin,,0,MA,ID Only - Never had Personal Driver License,1
,57220032702,FC24002713,46:00.0,Male,White,41,NULL,NULL,NULL,Hispanic Origin,,0,MA,"ID - Had a License, now has ID",0
,57222128417,FC24002714,00:00.0,Male,Black,45,Medium,Bald or Balding,Dark Brown,Not of Hispanic Origin,,0,MA,,0
,57222157885,FC24002714,00:00.0,Female,White,NULL,NULL,NULL,NULL,Not of Hispanic Origin,,0,NULL,,0
,57224881335,FC24002719,00:00.0,Male,Black,29,Heavy,Short,Dark,Unknown,,0,MA,Class D,0
,57270602774,FC24002732,30:00.0,Male,Black,18,Thin,Curly,Light Brown,Hispanic Origin,,0,NULL,,0
,57270604840,FC24002732,30:00.0,Male,Black,31,Medium,Short,Dark Brown,Not of Hispanic Origin,,0,MA,Class D,0
,57270607254,FC24002732,30:00.0,Male,Black,21,Thin,Afro,Light,Not of Hispanic Origin,,0,MA,No License - Record Only,0
,57270620328,FC24002732,30:00.0,Male,White,15,NULL,NULL,NULL,Hispanic Origin,,0,NULL,,0
,57271535833,FC24002735,00:00.0,Male,White,43,NULL,NULL,NULL,Hispanic Origin,,0,NULL,,0
,57272508559,FC24002740,18:00.0,Male,Black,32,NULL,NULL,NULL,Not of Hispanic Origin,,0,MA,Class D,0
,57276150732,FC24002743,30:00.0,Male,Other,35,NULL,NULL,NULL,Hispanic Origin,,0,MA,Class D,0
,57276179931,FC24002743,30:00.0,Female,White,30,NULL,NULL,NULL,NULL,,0,MA,Class D,0
,57276402596,FC24002745,00:00.0,Male,Black,34,Thin,Short,Medium Brown,Unknown,,0,MA,,0
,57276404962,FC24002745,00:00.0,Male,White,34,Thin,Bald or Balding,Light,Not of Hispanic Origin,,0,MA,,0
,57276410922,FC24002745,00:00.0,Male,White,37,NULL,NULL,NULL,Unknown,,0,NULL,,0
,57287434460,FC24002750,00:00.0,Male,Black,45,Medium,Short,Medium Brown,Not of Hispanic Origin,,0,MA,,0
,57297550905,FC24002753,22:00.0,Female,White,43,NULL,NULL,NULL,Unknown,,0,MA,None,0
,57300290606,FC24002761,30:00.0,Male,Black,16,NULL,NULL,NULL,Not of Hispanic Origin,,0,NULL,,0
,57300296049,FC24002761,30:00.0,Male,Black,23,Medium,NULL,NULL,Not of Hispanic Origin,,0,MA,,0
,57300298902,FC24002761,30:00.0,Male,Black,22,Thin,Afro,Medium Brown,Not of Hispanic Origin,,0,MA,,0
,57300485094,FC24002762,10:00.0,Male,Black,33,Thin,NULL,NULL,Not of Hispanic Origin,,0,MA,,0
,57300551409,FC24002762,10:00.0,Male,Black,33,Medium,Short,Black,Not of Hispanic Origin,,0,MA,,0
,57301002844,FC24002763,48:00.0,Female,Black,43,NULL,NULL,NULL,Unknown,,0,MA,Class D,0
,57301008433,FC24002763,48:00.0,Male,Black,20,Thin,Dreadlocks,Medium Brown,Not of Hispanic Origin,,0,MA,,0
,57306535427,FC24002767,06:00.0,Male,Black,27,NULL,NULL,NULL,Not of Hispanic Origin,,0,MA,Class D,1
,57306754442,FC24002767,06:00.0,Male,Black,31,NULL,NULL,NULL,Not of Hispanic Origin,,0,MA,Class D,1
,57332163961,FC24002769,30:00.0,Male,Black,23,NULL,NULL,NULL,NULL,,0,MA,Class D,0
,57396624976,FC24002775,00:00.0,Male,Black,17,Thin,Afro,Medium Brown,Hispanic Origin,,0,MA,ID Only - Never had Personal Driver License,1
,57396627562,FC24002775,00:00.0,Male,Black,23,Medium,Braided,Medium,Hispanic Origin,,0,MA,Instruction Permit,0
,57415911638,FC24002790,05:00.0,Male,NULL,38,Thin,NULL,NULL,Not of Hispanic Origin,,0,MA,,0
,57422742118,FC24002793,06:00.0,Male,Black,23,Thin,Dreadlocks,Dark Brown,Not of Hispanic Origin,,0,MA,Class D,0
,57422743094,FC24002793,06:00.0,Male,Black,32,Thin,NULL,NULL,Not of Hispanic Origin,,0,MA,Class D,0
,57422745235,FC24002793,06:00.0,Male,Black,41,Medium,NULL,NULL,Not of Hispanic Origin,,0,MA,,0
,57422746066,FC24002793,06:00.0,Male,Black,26,Medium,Dreadlocks,Medium,Not of Hispanic Origin,,0,MA,"ID - Had a License, now has ID",0
,57422746818,FC24002793,06:00.0,Male,Black,26,Thin,Braided,NULL,Not of Hispanic Origin,,0,MA,,0
,57422748432,FC24002793,06:00.0,Male,Black,26,Medium,Dreadlocks,Dark Brown,Not of Hispanic Origin,,0,MA,,0
,57424214012,FC24002795,50:00.0,Male,Black,39,Heavy,NULL,NULL,Hispanic Origin,,0,MA,,0
,56768106257,FC24002467,00:00.0,Male,White,24,Thin,NULL,NULL,Hispanic Origin,,0,MA,Class D,1
,56768109589,FC24002467,00:00.0,Female,Black,23,NULL,NULL,NULL,Hispanic Origin,,0,MA,Class D,0
,56782410549,FC24002470,12:00.0,Male,Black,28,Medium,Afro,Light,Not of Hispanic Origin,,0,MA,,1
,56782518546,FC24002470,12:00.0,Male,Black,22,NULL,NULL,NULL,Not of Hispanic Origin,,0,MA,,1
,56802114573,FC24002475,30:00.0,Male,Black,26,Medium,Dreadlocks,Medium Brown,Not of Hispanic Origin,,0,MA,,0
,56813110617,FC24002478,26:00.0,Male,Unknown,32,NULL,NULL,NULL,Hispanic Origin,,0,MA,Class D,1
,56813278412,FC24002478,26:00.0,Male,Unknown,27,NULL,NULL,NULL,Hispanic Origin,,0,MA,Class D,NULL
,56813761271,FC24002479,13:00.0,Male,Black,38,Medium,Short,Light Brown,Hispanic Origin,,0,MA,"ID - Had a License, now has ID",0
,56814270966,FC24002479,13:00.0,Male,White,27,NULL,NULL,NULL,Hispanic Origin,,0,MA,ID Only - Never had Personal Driver License,0
,56814643940,FC24002479,13:00.0,Male,Black,27,NULL,NULL,NULL,Hispanic Origin,,0,MA,Class D,0
,56837782153,FC24002484,16:00.0,Male,Black,31,Medium,NULL,Light,Not of Hispanic Origin,,0,MA,ID Only - Never had Personal Driver License,0
,56837787340,FC24002484,16:00.0,Male,Black,35,Medium,NULL,Medium Brown,Not of Hispanic Origin,,0,MA,,0
,56837911440,FC24002484,16:00.0,Male,Black,66,Medium,NULL,NULL,Not of Hispanic Origin,,0,MA,,0
,56839781737,FC24002486,35:00.0,Male,White,64,Medium,Bald or Balding,Light,Not of Hispanic Origin,,0,MA,,0
,56648749175,FC24002448,00:00.0,Male,Unknown,33,NULL,NULL,NULL,NULL,,0,MA,Class D,0
,56648755658,FC24002448,00:00.0,Male,Black,62,Heavy,NULL,NULL,Not of Hispanic Origin,,0,MA,,0
,56648758490,FC24002448,00:00.0,Male,Black,41,Medium,Short,NULL,Not of Hispanic Origin,,0,MA,,0
,56648776230,FC24002448,00:00.0,Male,White,38,NULL,NULL,NULL,Hispanic Origin,,0,MA,Class D,0
,56721922348,FC24002457,20:00.0,Male,Black,32,Medium,Afro,Medium Brown,Not of Hispanic Origin,,0,MA,"ID - Had a License, now has ID",0
,56786145388,FC24002472,05:00.0,Male,Black,18,NULL,NULL,NULL,NULL,,0,NULL,,1
,56789120915,FC24002473,00:00.0,Male,Black,52,Thin,Short,Brown,Hispanic Origin,,0,MA,,0
,56817818775,FC24002481,37:00.0,Male,Black,30,Medium,Dreadlocks,Dark,Not of Hispanic Origin,,0,MA,,1
,56817852453,FC24002481,37:00.0,Male,Black,33,Thin,Short,Dark,Hispanic Origin,,0,MA,Class D,0
,56839025340,FC24002485,25:00.0,Male,Black,27,Medium,Braided,Light Brown,Not of Hispanic Origin,,0,MA,ID Only - Never had Personal Driver License,1
,56839026502,FC24002485,25:00.0,Male,Black,30,Medium,NULL,Medium Brown,Not of Hispanic Origin,,0,MA,,1
,56839028302,FC24002485,25:00.0,Male,Black,58,Medium,NULL,NULL,Not of Hispanic Origin,,0,MA,,0
,56841788138,FC24002488,26:00.0,Male,Black,21,NULL,NULL,NULL,Not of Hispanic Origin,,0,GA,Class D,1
,56852195586,FC24002495,26:00.0,Male,White,40,NULL,NULL,NULL,NULL,,0,NULL,,0
,56744637739,FC24002460,36:00.0,Male,Black,27,Medium,Short,Medium Brown,Not of Hispanic Origin,,0,MA,Class D,0
,56747629844,FC24002462,00:00.0,Male,Other,24,Medium,Short,Light Brown,Hispanic Origin,,0,MA,Class D,1
,56747740316,FC24002462,00:00.0,Male,White,24,Thin,NULL,NULL,Hispanic Origin,,0,MA,,1
,56747784947,FC24002462,00:00.0,Male,White,25,Thin,Wavy,Light,NULL,,0,MA,,1
,56783169420,FC24002471,00:00.0,Male,Black,19,Thin,Afro,Light Brown,Hispanic Origin,,0,MA,,1
,56801413813,FC24002474,56:00.0,Female,Black,35,Thin,Bald or Balding,Medium Brown,Not of Hispanic Origin,,0,MA,Class D,0
,56813935064,FC24002480,31:00.0,Male,Black,18,Thin,Braided,Light,Hispanic Origin,,0,MA,,1
,56814095551,FC24002480,31:00.0,Male,Black,17,NULL,NULL,NULL,Unknown,,0,NULL,,1
,56814227385,FC24002480,31:00.0,Male,Unknown,18,NULL,NULL,NULL,NULL,,0,NULL,,1
,56839875706,FC24002487,56:00.0,NULL,NULL,NULL,NULL,NULL,NULL,NULL,,0,NULL,,0
,56851170466,FC24002491,22:00.0,Male,White,53,Medium,NULL,NULL,Not of Hispanic Origin,,0,MA,,0
,56851289377,FC24002492,39:00.0,Female,Black,43,NULL,NULL,NULL,Hispanic Origin,,0,MA,,0
,56856611951,FC24002499,17:00.0,Male,Black,22,Medium,Dreadlocks,Medium Brown,Not of Hispanic Origin,,0,MA,Class D,1
,56856645525,FC24002499,17:00.0,Male,White,20,Thin,Afro,Light,Hispanic Origin,,0,MA,Class D,0
,56856654836,FC24002499,17:00.0,Male,Other,18,NULL,NULL,NULL,Hispanic Origin,,0,NULL,,0
,56852201943,FC24002495,26:00.0,Male,Black,62,NULL,NULL,NULL,Not of Hispanic Origin,,0,MA,,0
,56852207405,FC24002495,26:00.0,Male,Black,40,Thin,NULL,NULL,Not of Hispanic Origin,,0,MA,,0
,56852496159,FC24002496,00:00.0,Male,White,27,Thin,Short,Light,Hispanic Origin,,0,MA,,0
,56852498380,FC24002496,00:00.0,Male,White,25,NULL,NULL,NULL,Hispanic Origin,,0,MA,,0
,56852502497,FC24002496,00:00.0,Male,Black,34,Heavy,Short,Dark,Not of Hispanic Origin,,0,MA,Class D,0
,56852521263,FC24002496,00:00.0,Male,White,26,Thin,NULL,NULL,Hispanic Origin,,0,MA,ID Only - Never had Personal Driver License,0
,56852529656,FC24002496,00:00.0,Male,White,36,Thin,NULL,NULL,Hispanic Origin,,0,MA,,0
,56852691690,FC24002496,00:00.0,Male,Black,41,Thin,NULL,NULL,Not of Hispanic Origin,,0,MA,,0
,56852696462,FC24002496,00:00.0,Male,Black,32,Thin,NULL,Medium,Not of Hispanic Origin,,0,MA,,0
,56852704930,FC24002496,00:00.0,Male,Black,29,Medium,Short,Light Brown,Not of Hispanic Origin,,0,MA,ID Only - Never had Personal Driver License,0
,56857598695,FC24002500,00:00.0,Male,Black,19,Thin,Dreadlocks,Medium Brown,Not of Hispanic Origin,,0,MA,,0
,56857654454,FC24002500,00:00.0,Male,White,18,NULL,NULL,NULL,Hispanic Origin,,0,NULL,,0
,56857658805,FC24002500,00:00.0,Male,Black,16,NULL,NULL,NULL,Hispanic Origin,,0,NULL,,0
,56857666910,FC24002500,00:00.0,Male,White,20,NULL,NULL,NULL,Hispanic Origin,,0,MA,Instruction Permit,0
,56856495803,FC24002498,45:00.0,Male,Black,32,Medium,Corn Rows,Medium Brown,Not of Hispanic Origin,,0,MA,,1
,56864970236,FC24002512,41:00.0,Male,Black,42,Thin,Short,Medium Brown,Not of Hispanic Origin,,0,MA,,1
,56869007267,FC24002516,48:00.0,Male,Black,46,NULL,NULL,NULL,Hispanic Origin,,0,MA,Class D,0
,56875479407,FC24002522,10:00.0,Male,Black,23,NULL,NULL,NULL,Unknown,,0,MA,Class D,1
,56876072637,FC24002523,52:00.0,Male,Black,15,Thin,NULL,Dark Brown,NULL,,0,MA,,1
,56876072637,FC24002523,52:00.0,Male,Black,15,Thin,NULL,Dark Brown,NULL,,0,MA,,NULL
,56876074799,FC24002523,52:00.0,Male,Black,15,Thin,NULL,Light Brown,Not of Hispanic Origin,,0,MA,,0
,56876075014,FC24002523,52:00.0,Male,Black,13,NULL,NULL,NULL,Not of Hispanic Origin,,0,NULL,,0
,56885238489,FC24002531,00:00.0,Male,Black,22,Medium,Dreadlocks,Black,Not of Hispanic Origin,,0,MA,None,1
,56885239420,FC24002531,00:00.0,Male,Black,27,Thin,Unkempt,NULL,Not of Hispanic Origin,,0,MA,,0
,56885239985,FC24002531,00:00.0,Male,Black,22,Heavy,Dreadlocks,Dark,Hispanic Origin,,0,MA,ID Only - Never had Personal Driver License,0
,56885251554,FC24002531,00:00.0,Male,Black,22,Thin,Short,Medium Brown,Not of Hispanic Origin,,0,MA,ID Only - Never had Personal Driver License,1
,56885252093,FC24002531,00:00.0,Male,Black,16,Thin,Braided,Medium,NULL,,0,MA,,0
,56894646172,FC24002536,28:00.0,Male,Black,26,Medium,NULL,NULL,Not of Hispanic Origin,,0,MA,,0
,56860079050,FC24002509,10:00.0,Male,White,20,Thin,Short,Light Brown,Hispanic Origin,,0,MA,ID Only - Never had Personal Driver License,1
,56860079867,FC24002509,10:00.0,Male,Black,29,Medium,NULL,NULL,Hispanic Origin,,0,MA,,0
,56864309086,FC24002510,30:00.0,Male,Black,25,NULL,NULL,NULL,Not of Hispanic Origin,,0,MA,ID Only - Never had Personal Driver License,1
,56874569439,FC24002521,00:00.0,Male,Black,55,Heavy,Short,Medium,Not of Hispanic Origin,,0,MA,,0
,56883933671,FC24002528,44:00.0,Male,Black,33,Medium,Afro,Light Brown,NULL,,0,MA,Class D,1
,56884973849,FC24002530,45:00.0,Male,Black,37,Medium,NULL,NULL,Hispanic Origin,,0,MA,,0
,56886283539,FC24002532,07:00.0,Male,White,19,NULL,NULL,NULL,Hispanic Origin,,0,NULL,,1
,56886285478,FC24002532,07:00.0,Male,Other,18,NULL,NULL,NULL,Hispanic Origin,,0,MA,Class D,1
,56899052528,FC24002539,29:00.0,Male,Black,21,Medium,Short,Dark Brown,Not of Hispanic Origin,,0,MA,Class D,1
,56900947940,FC24002541,52:00.0,Male,Black,47,Heavy,Bald or Balding,Medium Brown,Not of Hispanic Origin,,0,MA,Other: Revoked,1
,56907999104,FC24002544,21:00.0,Female,White,39,Medium,Wavy,Light,NULL,,0,MA,,1
,56913053806,FC24002550,04:00.0,Male,White,20,NULL,NULL,NULL,Not of Hispanic Origin,,0,NULL,,0
,56913071001,FC24002550,04:00.0,Male,White,20,NULL,NULL,NULL,Not of Hispanic Origin,,0,NULL,,0
,56913058889,FC24002551,41:00.0,Male,Black,50,Medium,NULL,NULL,Not of Hispanic Origin,,0,MA,,1
,56858182666,FC24002501,07:00.0,Male,Black,17,NULL,NULL,NULL,Not of Hispanic Origin,,0,MA,,0
,56858281633,FC24002501,07:00.0,Male,Black,21,Medium,Short,Dark Brown,Not of Hispanic Origin,,0,MA,Class D,0
,56858379858,FC24002503,00:00.0,Male,Black,19,Thin,Corn Rows,Medium Brown,Not of Hispanic Origin,,0,MA,,1
,56858381777,FC24002503,00:00.0,Male,Black,19,NULL,NULL,NULL,Not of Hispanic Origin,,0,MA,Class D,1
,56858394617,FC24002503,00:00.0,Male,Black,19,NULL,NULL,NULL,NULL,,0,MA,,1
,56859165307,FC24002506,00:00.0,Male,Black,25,Thin,Braided,Dark Brown,Not of Hispanic Origin,,0,MA,Class D,0
,56860047619,FC24002508,44:00.0,Male,Black,30,Medium,Corn Rows,Medium,Not of Hispanic Origin,,0,MA,Class D,0
,56869429761,FC24002517,40:00.0,Male,Black,32,NULL,NULL,NULL,Unknown,,0,MA,Class D,0
,56873466244,FC24002519,50:00.0,Male,White,33,Thin,Unkempt,Light Brown,Not of Hispanic Origin,,0,MA,Class D,0
,56873467036,FC24002519,50:00.0,Male,Black,40,Medium,Short,Brown,Not of Hispanic Origin,,0,MA,,0
,56876720708,FC24002524,00:00.0,Male,Black,38,Thin,NULL,NULL,Not of Hispanic Origin,,0,MA,None,1
,56877548324,FC24002525,36:00.0,Male,White,28,NULL,NULL,NULL,Unknown,,0,MA,Class D,0
,56877557796,FC24002525,36:00.0,Male,White,28,NULL,NULL,NULL,Unknown,,0,MA,,0
,56882256931,FC24002526,55:00.0,Male,NULL,40,Stocky,NULL,NULL,Unknown,,0,MA,,0
,56890639755,FC24002535,19:00.0,Male,White,38,Medium,Straight,Light,Not of Hispanic Origin,,0,MA,,0
,56894661784,FC24002536,28:00.0,Male,White,24,Medium,Short,NULL,Hispanic Origin,,0,MA,None,0
,56894671829,FC24002537,15:00.0,Male,Unknown,47,NULL,NULL,NULL,NULL,,0,NULL,,0
,56911014801,FC24002548,30:00.0,Male,Black,24,Medium,Braided,Medium Brown,Not of Hispanic Origin,,0,MA,None,0
,56911041888,FC24002548,30:00.0,Male,Black,31,Medium,Short,Dark Brown,Not of Hispanic Origin,,0,MA,Class D,0
,56917486932,FC24002559,01:00.0,Male,White,25,NULL,NULL,NULL,Hispanic Origin,,0,MA,Class D,1
,56917497688,FC24002559,01:00.0,Male,White,48,Medium,NULL,Medium,Unknown,,0,MA,,1
,56918718536,FC24002563,30:00.0,Male,Black,25,Heavy,Short,Medium,Hispanic Origin,,0,MA,Class D,1
,56918721739,FC24002563,30:00.0,Female,White,19,NULL,NULL,NULL,Hispanic Origin,,0,MA,ID Only - Never had Personal Driver License,1
,56918732370,FC24002563,30:00.0,Male,Black,19,NULL,NULL,NULL,Hispanic Origin,,0,MA,Other: NO  Status Found on Record,NULL
,56918752721,FC24002563,30:00.0,Male,White,41,NULL,NULL,NULL,Unknown,,0,MA,Class D,NULL
,56919411673,FC24002567,47:00.0,Female,Black,47,Medium,NULL,NULL,Not of Hispanic Origin,,0,MA,Class D,0
,56919961622,FC24002570,20:00.0,Male,White,40,NULL,NULL,NULL,NULL,,0,NULL,,1
,56919966298,FC24002570,20:00.0,Male,NULL,NULL,NULL,NULL,NULL,NULL,,0,NULL,,NULL
,56923526802,FC24002572,00:00.0,Female,NULL,24,NULL,NULL,NULL,Not of Hispanic Origin,,0,MA,,1
,56928021389,FC24002578,40:00.0,Male,White,27,Medium,NULL,NULL,NULL,,0,NULL,,1
,56913061193,FC24002551,41:00.0,Female,Black,35,Medium,Straight,Medium,Hispanic Origin,,0,MA,,NULL
,56913176480,FC24002552,10:00.0,Male,Black,34,Heavy,NULL,Dark Brown,Not of Hispanic Origin,,0,MA,Class D,1
,56913263994,FC24002553,21:00.0,Male,Black,20,Medium,Dreadlocks,Medium Brown,Unknown,,0,MA,ID Only - Never had Personal Driver License,0
,56913476196,FC24002553,21:00.0,Female,Black,43,Medium,NULL,NULL,Not of Hispanic Origin,,0,MA,Class D,NULL
,56916787739,FC24002557,24:00.0,Male,Black,23,Medium,Short,Dark,Not of Hispanic Origin,,0,MA,,0
,56916819199,FC24002558,30:00.0,Male,White,74,NULL,NULL,NULL,Not of Hispanic Origin,,0,MA,Class D,0
,56917982772,FC24002560,04:00.0,Male,Black,39,NULL,NULL,NULL,Hispanic Origin,,0,MA,"ID - Had a License, now has ID",0
,56918962042,FC24002565,49:00.0,Male,Asian,18,Thin,NULL,Light Brown,Hispanic Origin,,0,MA,,0
,56918964694,FC24002565,49:00.0,Male,Black,17,Medium,Afro,NULL,Unknown,,0,MA,,0
,56918966941,FC24002565,49:00.0,Male,White,26,Thin,NULL,NULL,Hispanic Origin,,0,MA,ID Only - Never had Personal Driver License,0
,56918968205,FC24002565,49:00.0,Male,White,18,NULL,NULL,NULL,Hispanic Origin,,0,NULL,,0
,56918993853,FC24002565,49:00.0,Male,White,30,Thin,NULL,NULL,Hispanic Origin,,0,MA,Other: Class M,0
,56918995813,FC24002565,49:00.0,Male,Black,29,Medium,Short,Light Brown,Not of Hispanic Origin,,0,MA,ID Only - Never had Personal Driver License,0
,56928055022,FC24002578,40:00.0,Male,White,44,NULL,NULL,NULL,Not of Hispanic Origin,,0,NULL,,1
,56968377235,FC24002585,08:00.0,Male,Black,23,Thin,Dreadlocks,Dark Brown,Not of Hispanic Origin,,0,MA,Class D,0
,57026464262,FC24002599,57:00.0,Male,White,32,Medium,Wavy,OTHER,Not of Hispanic Origin,,0,MA,Class D,0
,57028457343,FC24002603,07:00.0,Male,Black,35,Thin,NULL,NULL,Not of Hispanic Origin,,0,MA,Personal Driver License,1
,57028459052,FC24002603,07:00.0,Female,White,40,Medium,NULL,NULL,Not of Hispanic Origin,,0,MA,,0
,57084444940,FC24002612,00:00.0,Male,White,20,NULL,NULL,NULL,Hispanic Origin,,0,NULL,,0
,57084608360,FC24002612,00:00.0,Male,White,33,NULL,NULL,NULL,Hispanic Origin,,0,NULL,,NULL
,57084805052,FC24002612,00:00.0,Male,White,27,NULL,NULL,NULL,Hispanic Origin,,0,NULL,,NULL
,57085085578,FC24002612,00:00.0,Male,White,NULL,NULL,NULL,NULL,Hispanic Origin,,0,NULL,,0
,57118983324,FC24002622,30:00.0,Male,Black,19,Thin,Afro,Light Brown,Hispanic Origin,,0,MA,,0
,57119040680,FC24002622,30:00.0,Male,Black,27,Thin,Short,Dark Brown,Not of Hispanic Origin,,0,MA,Class D,0
,57119126655,FC24002622,30:00.0,Male,Black,31,Heavy,Curly,Medium Brown,Not of Hispanic Origin,,0,MA,Class D,0
,57119186506,FC24002622,30:00.0,Male,Black,26,NULL,NULL,NULL,Not of Hispanic Origin,,0,MA,No License - Record Only,0
,57119254630,FC24002622,30:00.0,Male,Black,44,Medium,Unkempt,Medium Brown,Not of Hispanic Origin,,0,MA,ID Only - Never had Personal Driver License,0
,56919005134,FC24002565,49:00.0,Female,Black,26,Medium,Straight,Light Brown,Not of Hispanic Origin,,0,MA,ID Only - Never had Personal Driver License,0
,56919079417,FC24002565,49:00.0,Male,Unknown,20,NULL,NULL,NULL,Hispanic Origin,,0,MA,ID Only - Never had Personal Driver License,0
,56918971361,FC24002565,49:00.0,Male,White,20,Thin,Wavy,Fair,Unknown,,0,MA,,0
,56918972731,FC24002565,49:00.0,Male,White,17,Thin,Short,Medium Brown,Unknown,,0,MA,Class D,0
,56918976494,FC24002565,49:00.0,Male,Black,33,Thin,Short,Dark Brown,Not of Hispanic Origin,,0,MA,Class D,0
,56918986627,FC24002565,49:00.0,Male,Black,19,NULL,NULL,NULL,Hispanic Origin,,0,NULL,,0
,56918990520,FC24002565,49:00.0,Male,Black,34,Heavy,Short,Dark,Not of Hispanic Origin,,0,MA,Class D,0
,56918992301,FC24002565,49:00.0,Male,White,27,Thin,Short,Light,Hispanic Origin,,0,MA,,0
,56919427416,FC24002568,36:00.0,Male,Black,26,Medium,Braided,Medium Brown,Not of Hispanic Origin,,0,MA,,1
,56919429351,FC24002568,36:00.0,Male,Black,34,Medium,NULL,NULL,Not of Hispanic Origin,,0,MA,,1
,56919765477,FC24002569,19:00.0,Male,White,19,Thin,Unkempt,Light,Unknown,,0,MA,,1
,56920423913,FC24002571,42:00.0,Male,White,20,NULL,NULL,NULL,Hispanic Origin,,0,MA,Instruction Permit,0
,56920424790,FC24002571,42:00.0,Male,White,22,NULL,NULL,NULL,Hispanic Origin,,0,MA,Class D,0
,56925825209,FC24002575,50:00.0,Male,Black,20,NULL,NULL,NULL,Not of Hispanic Origin,,0,MA,,0
,56899978952,FC24002540,30:00.0,Male,White,41,Heavy,NULL,NULL,Not of Hispanic Origin,,0,MA,,0
,56900003874,FC24002540,30:00.0,Female,White,29,NULL,NULL,NULL,NULL,,0,NULL,,0
,56907999149,FC24002543,30:00.0,Male,White,31,NULL,NULL,NULL,NULL,,0,NULL,,0
,56908483026,FC24002545,30:00.0,Male,White,23,NULL,NULL,NULL,Hispanic Origin,,0,MA,Class D,0
,56909107380,FC24002546,25:00.0,Male,Black,28,Obese,NULL,NULL,Not of Hispanic Origin,,0,MA,,0
,56909111367,FC24002546,25:00.0,Female,Black,26,NULL,NULL,NULL,Not of Hispanic Origin,,0,NULL,,0
,56913267063,FC24002554,19:00.0,Male,Black,19,NULL,NULL,NULL,Not of Hispanic Origin,,0,MA,Class D,0
,56913475071,FC24002554,19:00.0,Male,Black,21,Thin,Curly,Light Brown,Hispanic Origin,,0,MA,,0
,56916263736,FC24002555,42:00.0,Male,Black,41,NULL,NULL,NULL,Not of Hispanic Origin,,0,MA,Class D,NULL
,56916314066,FC24002555,42:00.0,Male,Black,64,Medium,NULL,NULL,Not of Hispanic Origin,,0,MA,Class D,0
,56918002596,FC24002561,45:00.0,Male to Female Transgender,White,30,NULL,NULL,NULL,Not of Hispanic Origin,,0,MA,ID Only - Never had Personal Driver License,0
,56925138901,FC24002574,00:00.0,Male,Black,50,Medium,Afro,NULL,Not of Hispanic Origin,,0,MA,,0
,56925140900,FC24002574,00:00.0,Female,White,29,Medium,NULL,NULL,Not of Hispanic Origin,,0,MA,,0
,56925143037,FC24002574,00:00.0,Male,Black,38,Medium,Braided,Medium Brown,Not of Hispanic Origin,,0,MA,,0
,56960345650,FC24002582,19:00.0,Male,Black,37,Muscular,Corn Rows,Medium,Not of Hispanic Origin,,0,MA,"ID - Had a License, now has ID",0
,57424214012,FC24002795,50:00.0,Male,Black,39,Heavy,NULL,NULL,Hispanic Origin,,0,MA,,NULL
,57456056436,FC24002799,00:00.0,Male,Black,31,Medium,Dreadlocks,Medium,Unknown,,0,MA,Class D,0
,57460175482,FC24002803,30:00.0,Female,Unknown,47,NULL,NULL,NULL,NULL,,0,MA,ID Only - Never had Personal Driver License,0
,57469367757,FC24002817,28:00.0,Male,Unknown,25,NULL,NULL,NULL,Hispanic Origin,,0,MA,Class D,1
,57470688070,FC24002818,50:00.0,Male,Black,18,Thin,NULL,Dark,Unknown,,0,MA,,1
,57470702217,FC24002818,50:00.0,Male,Black,19,Thin,Afro,Light Brown,Hispanic Origin,,0,MA,,1
,57470714895,FC24002818,50:00.0,Male,Black,18,NULL,NULL,NULL,NULL,,0,NULL,,0
,57470734794,FC24002818,50:00.0,Male,White,17,Thin,Curly,Light,Hispanic Origin,,0,MA,,0
,57470749279,FC24002818,50:00.0,Male,Black,15,NULL,NULL,NULL,Unknown,,0,NULL,,0
,57500935458,FC24002824,48:00.0,Female,Black,33,NULL,NULL,NULL,Hispanic Origin,,0,MA,Class D,0
,57507453250,FC24002835,50:00.0,Male,Black,53,Medium,NULL,NULL,Not of Hispanic Origin,,0,MA,,0
,57507455620,FC24002835,50:00.0,Male,Black,60,Medium,NULL,NULL,Not of Hispanic Origin,,0,MA,,0
,57507458023,FC24002835,50:00.0,Male,White,41,Medium,Short,Medium,Not of Hispanic Origin,,0,MA,Class D,0
,57507776121,FC24002836,57:00.0,Female,Asian,22,NULL,NULL,NULL,NULL,,0,NULL,,NULL
,57507776436,FC24002836,57:00.0,Male,NULL,50,NULL,NULL,NULL,NULL,,0,NULL,,1
,57518761560,FC24002850,56:00.0,Male,Black,41,Stocky,Braided,Brown,Not of Hispanic Origin,,0,MA,Class D,1
,56960367515,FC24002582,19:00.0,Male,Black,34,Medium,NULL,NULL,Not of Hispanic Origin,,0,MA,,0
,56964129163,FC24002583,00:00.0,Male,Black,20,Thin,Braided,Medium Brown,Not of Hispanic Origin,,0,MA,Class D,0
,57182861138,FC24002588,20:00.0,Male,Black,17,Medium,Afro,Medium Brown,Unknown,,0,NULL,,0
,57182865154,FC24002588,20:00.0,Male,Black,17,Medium,Afro,NULL,Unknown,,0,MA,,0
,57182866314,FC24002588,20:00.0,Male,Black,39,Medium,NULL,Medium Brown,Not of Hispanic Origin,,0,MA,Class D,0
,57016131469,FC24002590,00:00.0,Male,Black,15,Thin,NULL,Light Brown,Not of Hispanic Origin,,0,MA,,0
,57016135097,FC24002590,00:00.0,Male,Black,15,Thin,NULL,Dark Brown,NULL,,0,MA,,0
,57016142380,FC24002590,00:00.0,Male,Black,13,NULL,NULL,NULL,Not of Hispanic Origin,,0,NULL,,0
,57016144463,FC24002590,00:00.0,Male,Black,14,Thin,Short,Medium Brown,NULL,,0,MA,,NULL
,57017436198,FC24002591,00:00.0,Male,White,17,Medium,Afro,Light Brown,Unknown,,0,MA,,1
,57017440400,FC24002591,00:00.0,Male,Black,14,Thin,Short,Medium Brown,NULL,,0,MA,,0
,57017445849,FC24002591,00:00.0,Male,White,22,Heavy,Curly,Light,Unknown,,0,MA,ID Only - Never had Personal Driver License,0
,57017449315,FC24002591,00:00.0,Male,Black,18,NULL,NULL,NULL,Not of Hispanic Origin,,0,NULL,,0
,57017450942,FC24002591,00:00.0,Male,Black,24,Thin,Braided,Medium Brown,Not of Hispanic Origin,,0,MA,Class D,0
,56925827151,FC24002575,50:00.0,Male,Black,31,Medium,NULL,NULL,Hispanic Origin,,0,MA,,0
,56925891666,FC24002575,50:00.0,Male,Black,19,Thin,Dreadlocks,Medium Brown,Not of Hispanic Origin,,0,MA,,0
,56925972952,FC24002575,50:00.0,Female,White,26,NULL,NULL,NULL,Hispanic Origin,,0,MA,Class D,0
,56928731713,FC24002579,00:00.0,Male,Black,31,Medium,NULL,NULL,Not of Hispanic Origin,,0,MA,,0
,56955435158,FC24002581,33:00.0,Male,Black,18,Thin,Dreadlocks,Light,NULL,,0,MA,,1
,56955880838,FC24002581,33:00.0,Male,Black,14,NULL,NULL,NULL,NULL,,0,NULL,,1
,56958565030,FC24002581,33:00.0,Male,NULL,NULL,NULL,NULL,NULL,NULL,,0,NULL,,1
,56958703248,FC24002581,33:00.0,Male,White,19,NULL,NULL,NULL,Hispanic Origin,,0,NH,Class D,1
,56966928448,FC24002584,00:00.0,Male,Black,24,Heavy,NULL,NULL,Hispanic Origin,,0,MA,,0
,57014401987,FC24002589,35:00.0,Male,Black,20,Medium,Dreadlocks,NULL,NULL,,0,MA,,1
,57014491916,FC24002589,35:00.0,Male,Black,24,NULL,NULL,NULL,Unknown,,0,MA,Class D,0
,57014501053,FC24002589,35:00.0,Male,Black,18,Medium,NULL,Light Brown,NULL,,0,MA,,1
,57018543752,FC24002592,43:00.0,Female,Unknown,54,NULL,NULL,NULL,Unknown,,0,CA,Class D,0
,57018777496,FC24002593,30:00.0,Female,White,39,Medium,NULL,NULL,Not of Hispanic Origin,,0,MA,"ID - Had a License, now has ID",0
,57025170030,FC24002596,00:00.0,Male,Black,31,Muscular,Wavy,Medium,NULL,,0,MA,Class D,0
,57025170527,FC24002596,00:00.0,Male,Black,44,Medium,Unkempt,Medium Brown,Not of Hispanic Origin,,0,MA,ID Only - Never had Personal Driver License,0
,57119300829,FC24002622,30:00.0,Male,Black,49,Medium,NULL,NULL,Not of Hispanic Origin,,0,MA,CDL Class B,0
,57126000941,FC24002624,00:00.0,Male,Black,27,Thin,Short,Medium Brown,Not of Hispanic Origin,,0,MA,,0
,57126942408,FC24002627,55:00.0,Male,Black,24,Thin,Short,Medium,Not of Hispanic Origin,,0,MA,ID Only - Never had Personal Driver License,0
,57126944115,FC24002627,55:00.0,Male,Black,34,Thin,Short,Medium,Hispanic Origin,,0,MA,,0
,57129628983,FC24002629,45:00.0,Male,Black,27,Medium,Short,Medium Brown,Not of Hispanic Origin,,0,MA,Class D,0
,57129692218,FC24002629,45:00.0,Male,Black,28,Medium,Dreadlocks,Medium Brown,Unknown,,0,MA,ID Only - Never had Personal Driver License,0
,57161109153,FC24002639,00:00.0,Female,Unknown,30,Thin,NULL,NULL,Hispanic Origin,,0,MA,,0
,57161111622,FC24002639,00:00.0,Female,Black,11,NULL,NULL,NULL,NULL,,0,NULL,,NULL
,57162256827,FC24002643,30:00.0,Male,Black,19,NULL,NULL,NULL,Unknown,,0,MA,"ID - Had a License, now has ID",1
,57162258460,FC24002643,30:00.0,Male,Black,18,NULL,NULL,NULL,NULL,,0,NULL,,0
,57162260558,FC24002643,30:00.0,Male,Black,19,Thin,Afro,Light Brown,Hispanic Origin,,0,MA,,0
,57162333798,FC24002644,20:00.0,Male,NULL,42,Unknown,NULL,NULL,Not of Hispanic Origin,,0,NY,,1
,57166941762,FC24002652,26:00.0,Female,White,34,Medium,Pony Tail,Fair,Not of Hispanic Origin,,0,MA,,1
,57166947266,FC24002652,26:00.0,Female,White,41,NULL,NULL,NULL,Unknown,,0,MA,Class D,0
,57026110025,FC24002598,21:00.0,Male,White,38,NULL,NULL,NULL,Not of Hispanic Origin,,0,MA,Class D,1
,57026768014,FC24002602,58:00.0,Male,NULL,55,Medium,NULL,NULL,Not of Hispanic Origin,,0,MA,,1
,57032093637,FC24002604,30:00.0,Male,White,40,Thin,NULL,NULL,Not of Hispanic Origin,,0,MA,,0
,57049216644,FC24002605,00:00.0,Male,White,17,NULL,NULL,NULL,Hispanic Origin,,0,NULL,,1
,57049330906,FC24002605,00:00.0,Male,Black,23,NULL,NULL,NULL,Not of Hispanic Origin,,0,MA,Class D,1
,57049370090,FC24002605,00:00.0,Male,Black,24,Thin,NULL,NULL,Hispanic Origin,,0,MA,ID Only - Never had Personal Driver License,1
,57049402716,FC24002605,00:00.0,Male,Black,16,NULL,NULL,NULL,Hispanic Origin,,0,NULL,,1
,57049991518,FC24002605,00:00.0,Male,Black,15,NULL,NULL,NULL,Unknown,,0,NULL,,NULL
,57050797289,FC24002605,00:00.0,Male,Black,15,Thin,Short,NULL,NULL,,0,MA,,0
,57049919639,FC24002607,30:00.0,Male,White,33,Thin,Unkempt,Light Brown,Not of Hispanic Origin,,0,MA,Class D,0
,57065573165,FC24002609,39:00.0,Male,Black,37,NULL,NULL,NULL,Unknown,,0,NULL,,0
,57065650494,FC24002609,39:00.0,Male,White,30,Heavy,Fade,Medium,Hispanic Origin,,0,MA,,0
,57084404316,FC24002613,45:00.0,Male,White,33,Medium,Short,Fair,Not of Hispanic Origin,,0,MA,"ID - Had a License, now has ID",0
,57090126160,FC24002615,15:00.0,Male,Black,31,Medium,Short,Dark Brown,Not of Hispanic Origin,,0,MA,Class D,1
,57090164579,FC24002615,15:00.0,Male,Black,31,NULL,NULL,NULL,Not of Hispanic Origin,,0,MA,Class D,0
,57025171226,FC24002596,00:00.0,Male,Black,26,NULL,NULL,NULL,Not of Hispanic Origin,,0,MA,No License - Record Only,0
,57033010729,FC24002600,58:00.0,Male,Black,19,NULL,NULL,NULL,Not of Hispanic Origin,,0,NULL,,0
,57046439466,FC24002600,58:00.0,Male,Black,18,NULL,NULL,NULL,Unknown,,0,NULL,,0
,57049428008,FC24002606,00:00.0,Male,White,33,Medium,Short,Fair,Not of Hispanic Origin,,0,MA,"ID - Had a License, now has ID",1
,57049428008,FC24002606,00:00.0,Male,White,33,Medium,Short,Fair,Not of Hispanic Origin,,0,MA,"ID - Had a License, now has ID",NULL
,57094431326,FC24002617,54:00.0,Male,White,29,NULL,NULL,NULL,Not of Hispanic Origin,,0,MA,Class D,1
,57129718132,FC24002630,00:00.0,Male,Black,25,Medium,Short,Medium,Not of Hispanic Origin,,0,MA,,0
,57129719929,FC24002630,00:00.0,Male,Black,24,Heavy,NULL,NULL,Hispanic Origin,,0,MA,,0
,57152830265,FC24002634,55:00.0,Female,Black,32,Thin,NULL,NULL,Not of Hispanic Origin,,0,MA,Class D,0
,57152852475,FC24002634,55:00.0,Female,White,41,NULL,NULL,NULL,Not of Hispanic Origin,,0,MA,Class D,0
,57157956778,FC24002636,00:00.0,Male,White,20,Thin,Short,Light Brown,Hispanic Origin,,0,MA,ID Only - Never had Personal Driver License,0
,57161721625,FC24002641,08:00.0,Male,Black,39,Medium,NULL,Medium Brown,Not of Hispanic Origin,,0,MA,Class D,0
,57161722932,FC24002641,08:00.0,Male,Black,32,Thin,NULL,Medium,Not of Hispanic Origin,,0,MA,,0
,57161730455,FC24002641,08:00.0,Male,Black,27,Thin,NULL,Light,Not of Hispanic Origin,,0,MA,Class D,0
,57170445326,FC24002653,59:00.0,Male,White,41,Medium,NULL,NULL,Not of Hispanic Origin,,0,MA,,0
,57172055758,FC24002657,48:00.0,Male,Black,31,Medium,Short,Dark Brown,Not of Hispanic Origin,,0,MA,,0
,57173038677,FC24002660,00:00.0,Male,White,20,Thin,Short,Light Brown,Hispanic Origin,,0,MA,ID Only - Never had Personal Driver License,0
,57175771776,FC24002662,15:00.0,Male,Black,13,NULL,NULL,NULL,Not of Hispanic Origin,,0,NULL,,1
,57181832775,FC24002665,00:00.0,Female,White,31,NULL,NULL,NULL,Not of Hispanic Origin,,0,MA,Class D,0
,57194507043,FC24002680,00:00.0,Male,Black,20,Medium,NULL,NULL,Not of Hispanic Origin,,0,MA,ID Only - Never had Personal Driver License,0
,57194508899,FC24002680,00:00.0,Male,Black,18,Thin,Curly,Light Brown,Hispanic Origin,,0,NULL,,0
,57194657288,FC24002681,15:00.0,Unknown,Unknown,NULL,NULL,NULL,NULL,Unknown,,0,NULL,,NULL
,57194721718,FC24002681,15:00.0,Male,Black,22,NULL,NULL,NULL,Not of Hispanic Origin,,0,MA,ID Only - Never had Personal Driver License,1
,57194803398,FC24002682,04:00.0,Male,Black,42,Thin,Short,Medium Brown,Not of Hispanic Origin,,0,MA,,1
,57197807055,FC24002685,00:00.0,Male,White,29,Medium,Curly,Light,Not of Hispanic Origin,,0,MA,,0
,57197812886,FC24002685,00:00.0,Female,White,38,Thin,Straight,Light,Hispanic Origin,,0,MA,,0
,57197816066,FC24002685,00:00.0,Male,White,39,Thin,Short,Light,Not of Hispanic Origin,,0,MA,,0
,57197979197,FC24002687,30:00.0,Male,Black,33,Stocky,Corn Rows,NULL,Unknown,,0,MA,Class D,0
,57161733224,FC24002641,08:00.0,Male,Black,27,Thin,NULL,NULL,Not of Hispanic Origin,,0,MA,,0
,57161771411,FC24002642,30:00.0,Male,Black,24,Thin,Braided,Dark,Not of Hispanic Origin,,0,MA,,0
,57161772754,FC24002642,30:00.0,Male,Black,20,Thin,Short,Medium Brown,Not of Hispanic Origin,,0,MA,,0
,57161774105,FC24002642,30:00.0,Male,Black,31,Medium,Dreadlocks,Light Brown,Hispanic Origin,,0,MA,Class D,0
,57161776201,FC24002642,30:00.0,Male,Black,18,Thin,Afro,Medium Brown,NULL,,0,MA,,0
,57161778250,FC24002642,30:00.0,Male,Black,34,Thin,Dreadlocks,Medium Brown,Not of Hispanic Origin,,0,MA,ID Only - Never had Personal Driver License,0
,57161779713,FC24002642,30:00.0,Male,Black,27,Medium,Braided,Dark Brown,Hispanic Origin,,0,MA,ID Only - Never had Personal Driver License,0
,57162769799,FC24002646,17:00.0,Male,White,35,Medium,Unkempt,Light,Not of Hispanic Origin,,0,MA,,1
,57163923818,FC24002647,30:00.0,Male,Black,25,Thin,Fade,Light Brown,Not of Hispanic Origin,,0,MA,Class D,1
,57163937728,FC24002647,30:00.0,Male,White,21,NULL,NULL,NULL,Hispanic Origin,,0,MA,Instruction Permit,1
,57163939472,FC24002647,30:00.0,Male,White,21,NULL,NULL,NULL,Hispanic Origin,,0,MA,Instruction Permit,1
,57163941629,FC24002647,30:00.0,Male,Other,25,NULL,NULL,NULL,Hispanic Origin,,0,MA,Class D,1
,57164784750,FC24002649,44:00.0,Male,Black,38,Medium,Dreadlocks,Medium Brown,Not of Hispanic Origin,,0,MA,Class D,1
,57090376659,FC24002615,15:00.0,Male,Black,21,Thin,Afro,Light,Not of Hispanic Origin,,0,MA,No License - Record Only,0
,57110293626,FC24002620,41:00.0,Female,White,50,NULL,NULL,NULL,NULL,,0,MA,Class D,0
,57110336622,FC24002620,41:00.0,Male,White,72,NULL,NULL,NULL,Not of Hispanic Origin,,0,NULL,,0
,57125976563,FC24002625,20:00.0,Male,Black,30,NULL,NULL,NULL,Hispanic Origin,,0,MA,Class D,1
,57156723022,FC24002635,15:00.0,Male,White,17,Thin,Braided,Light,Hispanic Origin,,0,MA,,0
,57162318174,FC24002645,30:00.0,Male,Black,36,NULL,NULL,NULL,Not of Hispanic Origin,,0,MA,Class D,0
,57162320153,FC24002645,30:00.0,Male,Black,25,Muscular,Short,Dark,Unknown,,0,MA,,0
,57162322872,FC24002645,30:00.0,Male,Black,20,Thin,Corn Rows,Medium Brown,Not of Hispanic Origin,,0,MA,,0
,57162325293,FC24002645,30:00.0,Male,Black,32,Heavy,Short,Dark Brown,Not of Hispanic Origin,,0,MA,,0
,57166645287,FC24002650,39:00.0,Male,Black,41,Thin,Short,Dark Brown,Not of Hispanic Origin,,0,MA,No License - Record Only,1
,57166851492,FC24002651,05:00.0,Male,Black,NULL,NULL,NULL,NULL,Not of Hispanic Origin,,0,NULL,,0
,57166855885,FC24002651,05:00.0,Male,Unknown,NULL,Thin,Bushy,Light Brown,Unknown,,0,NULL,,0
,57171785042,FC24002656,49:00.0,Male,Black,31,Medium,NULL,NULL,Hispanic Origin,,0,MA,,1
,57171787345,FC24002656,49:00.0,Male,Black,19,Thin,Dreadlocks,Medium Brown,Not of Hispanic Origin,,0,MA,,1
,57197981388,FC24002687,30:00.0,Male,Black,38,Medium,Braided,Medium Brown,Not of Hispanic Origin,,0,MA,,0
,57197981984,FC24002687,30:00.0,Male,Black,17,Thin,NULL,Light Brown,Hispanic Origin,,0,MA,,0
,57197983567,FC24002687,30:00.0,Male,White,24,Medium,Braided,Light Brown,Hispanic Origin,,0,MA,,0
,57197985140,FC24002687,30:00.0,Male,Black,26,Muscular,NULL,NULL,Not of Hispanic Origin,,0,MA,Class D,0
,57197986580,FC24002687,30:00.0,Male,Black,16,NULL,NULL,NULL,Hispanic Origin,,0,NULL,,0
,57197991421,FC24002687,30:00.0,Male,White,20,NULL,NULL,NULL,Hispanic Origin,,0,MA,Instruction Permit,0
,57198006715,FC24002687,30:00.0,Male,Unknown,18,NULL,NULL,NULL,Hispanic Origin,,0,MA,,0
,57198015206,FC24002687,30:00.0,Male,Black,21,Thin,NULL,NULL,Not of Hispanic Origin,,0,MA,,0
,57198030128,FC24002688,56:00.0,Male,Black,26,Medium,NULL,NULL,Not of Hispanic Origin,,0,MA,Class D,1
,57198968934,FC24002689,31:00.0,NULL,NULL,NULL,NULL,NULL,NULL,NULL,,0,NULL,,0
,57199047196,FC24002690,17:00.0,Male,Black,26,Stocky,NULL,NULL,Not of Hispanic Origin,,0,MA,Class D,0
,57202311860,FC24002693,55:00.0,Male,Black,20,NULL,NULL,NULL,Not of Hispanic Origin,,0,NULL,,1
,57202456925,FC24002694,30:00.0,Male,Black,40,Thin,NULL,Medium Brown,NULL,,0,MA,,1
,57202457906,FC24002694,30:00.0,Male,Black,23,Thin,Afro,Light Brown,Unknown,,0,MA,Class D,1
,57202463763,FC24002694,30:00.0,Female,Black,22,NULL,NULL,NULL,Not of Hispanic Origin,,0,NULL,,0
,57170492427,FC24002654,00:00.0,Male,Black,37,Thin,Short,Medium,Not of Hispanic Origin,,0,MA,Class D,1
,57170498809,FC24002654,00:00.0,Female,White,34,Thin,Straight,NULL,Not of Hispanic Origin,,0,MA,,1
,57183051668,FC24002668,50:00.0,Male,Black,24,Thin,Braided,Medium,Hispanic Origin,,0,MA,,0
,57183053669,FC24002668,50:00.0,Male,Black,25,NULL,NULL,NULL,Not of Hispanic Origin,,0,NULL,,0
,57184357261,FC24002670,07:00.0,Male,Asian,66,NULL,NULL,NULL,Not of Hispanic Origin,,0,NULL,,0
,57185670991,FC24002673,30:00.0,Male,Black,25,Thin,Dreadlocks,Medium,Unknown,,0,MA,ID Only - Never had Personal Driver License,0
,57185673312,FC24002673,30:00.0,Male,Black,33,Medium,NULL,NULL,Hispanic Origin,,0,MA,Class D,0
,57193270500,FC24002678,17:00.0,Female,White,36,NULL,NULL,NULL,Unknown,,0,MA,,0
,57197845721,FC24002686,00:00.0,Male,Black,35,Medium,Curly,NULL,Unknown,,0,MA,,0
,57202385032,FC24002692,57:00.0,Male,Black,31,Medium,Short,Dark Brown,Not of Hispanic Origin,,0,MA,Class D,1
,57202444487,FC24002692,57:00.0,Male,Black,21,Thin,Afro,Light,Not of Hispanic Origin,,0,MA,No License - Record Only,0
,57207002307,FC24002704,50:00.0,Male,Black,22,Medium,Short,Medium,Unknown,,0,MA,ID Only - Never had Personal Driver License,1
,57207004173,FC24002704,50:00.0,Male,Black,19,Thin,NULL,Medium Brown,Not of Hispanic Origin,,0,MA,,1
,57207011378,FC24002704,50:00.0,Male,Black,18,Medium,NULL,Dark Brown,Not of Hispanic Origin,,0,MA,,1
,57216127612,FC24002710,00:00.0,Male,Black,17,Medium,Afro,NULL,Unknown,,0,MA,,0
,57216129220,FC24002710,00:00.0,Male,White,37,Medium,Braided,Light Brown,Hispanic Origin,,0,MA,"ID - Had a License, now has ID",0
,57216132262,FC24002710,00:00.0,Male,White,27,Thin,Short,Light,Hispanic Origin,,0,MA,,0
,57216132893,FC24002710,00:00.0,Male,Black,12,NULL,NULL,NULL,Not of Hispanic Origin,,0,NULL,,0
,57216134518,FC24002710,00:00.0,Male,Black,26,Thin,Curly,Light Brown,Hispanic Origin,,0,MA,,0
,57216135765,FC24002710,00:00.0,Male,Black,33,Thin,Short,Dark Brown,Not of Hispanic Origin,,0,MA,Class D,0
,57216136640,FC24002710,00:00.0,Male,White,26,Thin,NULL,NULL,Hispanic Origin,,0,MA,ID Only - Never had Personal Driver License,0
,57217685781,FC24002711,08:00.0,Male,Black,21,Thin,Afro,Light,Not of Hispanic Origin,,0,MA,No License - Record Only,1
,57223621586,FC24002718,36:00.0,Male,White,42,Medium,NULL,NULL,Not of Hispanic Origin,,0,MA,,0
,57226749224,FC24002723,07:00.0,Male,Black,35,Heavy,Dreadlocks,Medium Brown,Not of Hispanic Origin,,0,MA,"ID - Had a License, now has ID",0
,57271226984,FC24002729,54:00.0,Male,Black,19,Medium,Short,Medium Brown,NULL,,0,MA,,NULL
,57271243705,FC24002729,54:00.0,Female,White,17,NULL,NULL,NULL,Hispanic Origin,,0,NULL,,0
,57270578793,FC24002731,40:00.0,Male,White,48,Thin,Unkempt,Light,Not of Hispanic Origin,,0,MA,,0
,57271187005,FC24002733,54:00.0,Male,Black,19,Medium,Short,Medium Brown,NULL,,0,MA,,1
,57171788413,FC24002656,49:00.0,Male,Black,20,NULL,NULL,NULL,Not of Hispanic Origin,,0,MA,,1
,57171800334,FC24002656,49:00.0,Male,Other,17,NULL,NULL,NULL,Hispanic Origin,,0,NULL,,1
,57171801817,FC24002656,49:00.0,Male,Black,17,Thin,NULL,Light Brown,Hispanic Origin,,0,MA,,NULL
,57172918260,FC24002658,30:00.0,Male,White,64,Medium,Bald or Balding,Light,Not of Hispanic Origin,,0,MA,,0
,57173033756,FC24002659,32:00.0,Male,Black,55,Thin,Receding or Slightly Receding,Light,Hispanic Origin,,0,MA,Class D,0
,57180778780,FC24002663,30:00.0,Male,Black,61,Heavy,Short,Dark Brown,Not of Hispanic Origin,,0,MA,,1
,57182326926,FC24002666,20:00.0,Male,Black,42,NULL,NULL,NULL,Not of Hispanic Origin,,0,MA,,0
,57182909613,FC24002667,30:00.0,Male,Black,22,NULL,NULL,NULL,Hispanic Origin,,0,MA,Class D,0
,57184650819,FC24002671,30:00.0,Male,Black,27,Thin,NULL,Light,Not of Hispanic Origin,,0,MA,Class D,0
,57184657438,FC24002671,30:00.0,Male,Black,45,Medium,NULL,NULL,Not of Hispanic Origin,,0,MA,,0
,57200356595,FC24002691,00:00.0,Male,Black,25,NULL,NULL,NULL,Not of Hispanic Origin,,0,MA,Class D,0
,57205990838,FC24002698,00:00.0,Male,Black,25,NULL,NULL,NULL,Not of Hispanic Origin,,0,MA,Class D,1
,57205993860,FC24002698,00:00.0,Female,Black,26,NULL,NULL,NULL,Hispanic Origin,,0,MA,,1
,57206055743,FC24002699,30:00.0,Male,Black,35,Muscular,Dreadlocks,Medium Brown,Hispanic Origin,,0,MA,,0
,57205873252,FC24002697,00:00.0,Male,Black,27,Medium,Braided,Dark Brown,Unknown,,0,MA,Class D,0
,57215085100,FC24002706,17:00.0,Male,Unknown,NULL,NULL,NULL,NULL,Unknown,,0,NULL,,0
,57222463904,FC24002715,30:00.0,Male,Black,28,NULL,NULL,NULL,Hispanic Origin,,0,MA,Class D,0
,57222625938,FC24002716,05:00.0,Male,White,55,Medium,Short,Medium,Hispanic Origin,,0,MA,,0
,57222835937,FC24002717,00:00.0,Male,Black,21,Medium,Dreadlocks,Medium Brown,Unknown,,0,MA,Class D,1
,57226231949,FC24002721,20:00.0,Male,Black,NULL,NULL,NULL,NULL,Unknown,,0,NULL,,0
,57226231949,FC24002721,20:00.0,Male,Black,NULL,NULL,NULL,NULL,Unknown,,0,NULL,,NULL
,57226292628,FC24002721,20:00.0,Male,Unknown,NULL,NULL,NULL,NULL,Unknown,,0,NULL,,0
,57226901827,FC24002726,04:00.0,Male,Black,23,Thin,Curly,Medium,Hispanic Origin,,0,MA,,1
,57260865286,FC24002727,26:00.0,Male,Black,34,Medium,NULL,NULL,Not of Hispanic Origin,,0,MA,,0
,57260889944,FC24002728,51:00.0,Male,Black,19,Medium,Afro,Dark Brown,Not of Hispanic Origin,,0,MA,Class D,0
,57260890784,FC24002728,51:00.0,Male,Black,22,NULL,NULL,NULL,Unknown,,0,MA,,0
,57270534852,FC24002730,00:00.0,Male,White,33,NULL,NULL,NULL,Not of Hispanic Origin,,0,MA,Class D,0
,57281410322,FC24002749,35:00.0,Male,Black,28,Medium,Short,Light Brown,Unknown,,0,MA,,1
,57281428067,FC24002749,35:00.0,Male,Black,27,Heavy,Curly,Light Brown,Not of Hispanic Origin,,0,MA,,1
,57271187005,FC24002733,54:00.0,Male,Black,19,Medium,Short,Medium Brown,NULL,,0,MA,,NULL
,57271193727,FC24002733,54:00.0,Female,White,17,NULL,NULL,NULL,Hispanic Origin,,0,NULL,,NULL
,57271678583,FC24002737,16:00.0,Male,White,53,Medium,Bald or Balding,Light,Hispanic Origin,,0,MA,,1
,57271679320,FC24002737,16:00.0,Female,Black,38,Medium,Braided,NULL,Not of Hispanic Origin,,0,MA,,NULL
,57271853318,FC24002738,00:00.0,Male,Black,28,NULL,NULL,NULL,Hispanic Origin,,0,MA,Class D,0
,57273290982,FC24002741,10:00.0,Male,White,34,Thin,Short,Light,Hispanic Origin,,0,MA,,0
,57298348363,FC24002755,45:00.0,Male,Black,19,Medium,NULL,Medium Brown,Not of Hispanic Origin,,0,MA,,0
,57298403593,FC24002755,45:00.0,Male,Black,15,NULL,NULL,NULL,Not of Hispanic Origin,,0,NULL,,1
,57299137779,FC24002759,57:00.0,Male,Black,29,NULL,NULL,NULL,Not of Hispanic Origin,,0,NULL,,0
,57303967011,FC24002766,22:00.0,Male,White,33,Heavy,NULL,NULL,Hispanic Origin,,0,MA,"ID - Had a License, now has ID",0
,57322321537,FC24002768,21:00.0,Male,Black,21,Thin,NULL,Light Brown,Unknown,,0,MA,Class D,0
,57396351579,FC24002774,15:00.0,Male,Black,20,Thin,NULL,Medium Brown,Hispanic Origin,,0,MA,Class D,1
,57397763290,FC24002779,14:00.0,Male,White,22,Medium,NULL,NULL,Hispanic Origin,,0,MA,,1
,57397765559,FC24002779,14:00.0,Male,Black,21,Thin,NULL,NULL,Not of Hispanic Origin,,0,MA,,1
,57397785212,FC24002779,14:00.0,Male,Black,32,Medium,NULL,NULL,Not of Hispanic Origin,,0,MA,,1
,57215102736,FC24002707,00:00.0,Male,Black,20,Thin,NULL,Medium Brown,Hispanic Origin,,0,MA,Class D,0
,57225288948,FC24002720,21:00.0,Female,White,49,NULL,NULL,NULL,Not of Hispanic Origin,,0,MA,,0
,57271192268,FC24002734,40:00.0,Male,White,40,Medium,Crew Cut,Fair,Not of Hispanic Origin,,0,MA,,1
,57273780611,FC24002742,24:00.0,Male,Black,29,Medium,Short,Light Brown,Not of Hispanic Origin,,0,MA,ID Only - Never had Personal Driver License,0
,57273781056,FC24002742,24:00.0,Male,Black,34,Heavy,Short,Dark,Not of Hispanic Origin,,0,MA,Class D,0
,57273781400,FC24002742,24:00.0,Male,Black,32,Thin,NULL,Medium,Not of Hispanic Origin,,0,MA,,0
,57273781678,FC24002742,24:00.0,Male,Black,27,Thin,Braided,Medium Brown,Not of Hispanic Origin,,0,MA,,0
,57273781929,FC24002742,24:00.0,Male,White,26,Thin,NULL,NULL,Hispanic Origin,,0,MA,ID Only - Never had Personal Driver License,0
,57273782282,FC24002742,24:00.0,Male,Black,17,Medium,Afro,NULL,Unknown,,0,MA,,1
,57273782544,FC24002742,24:00.0,Male,Black,34,Medium,NULL,Medium Brown,Not of Hispanic Origin,,0,MA,ID Only - Never had Personal Driver License,0
,57276375089,FC24002744,50:00.0,Male,Black,31,Medium,Dreadlocks,Light Brown,Hispanic Origin,,0,MA,Class D,0
,57278999975,FC24002746,25:00.0,Female,Black,32,Heavy,NULL,NULL,Not of Hispanic Origin,,0,MA,Class D,0
,57280358083,FC24002747,00:00.0,Male,Black,36,Thin,NULL,NULL,Not of Hispanic Origin,,0,MA,,0
,57296365304,FC24002752,06:00.0,Male,Black,32,Medium,Curly,Medium,Hispanic Origin,,0,MA,,1
,57296367161,FC24002752,06:00.0,Male,Black,28,Medium,Braided,Medium,Not of Hispanic Origin,,0,MA,,1
,57298058431,FC24002754,08:00.0,Male,Black,43,Medium,Short,Medium Brown,Not of Hispanic Origin,,0,MA,ID Only - Never had Personal Driver License,1
,57298552238,FC24002756,22:00.0,Male,White,15,Thin,Braided,Light,NULL,,0,MA,,1
,57298554242,FC24002756,22:00.0,Male,Black,19,Medium,NULL,Medium Brown,Not of Hispanic Origin,,0,MA,,1
,57298559168,FC24002756,22:00.0,Male,Black,14,Thin,NULL,NULL,NULL,,0,MA,,0
,57298738904,FC24002757,45:00.0,Male,Black,19,NULL,NULL,NULL,NULL,,0,NULL,,0
,57298743716,FC24002757,45:00.0,Male,Black,19,NULL,NULL,NULL,Unknown,,0,MA,"ID - Had a License, now has ID",0
,57298745886,FC24002757,45:00.0,Male,Black,20,NULL,NULL,NULL,Unknown,,0,MA,,0
,57298749780,FC24002757,45:00.0,Male,White,20,Thin,Short,Light Brown,Hispanic Origin,,0,MA,ID Only - Never had Personal Driver License,0
,57298756355,FC24002757,45:00.0,Male,Black,19,Thin,Afro,Light Brown,Hispanic Origin,,0,MA,,0
,57298759161,FC24002757,45:00.0,Male,Black,18,NULL,NULL,NULL,Unknown,,0,NULL,,0
,57298762813,FC24002757,45:00.0,Male,Black,21,NULL,NULL,NULL,Not of Hispanic Origin,,0,MA,,0
,57301162336,FC24002764,25:00.0,Male,Unknown,27,NULL,NULL,NULL,Hispanic Origin,,0,NULL,,1
,57301190049,FC24002764,25:00.0,Male,Unknown,25,NULL,NULL,NULL,Hispanic Origin,,0,NULL,,1
,57280419335,FC24002748,05:00.0,Male,Black,44,Muscular,NULL,NULL,Not of Hispanic Origin,,0,MA,Class D,0
,57298845451,FC24002758,58:00.0,Male,Black,20,NULL,NULL,NULL,Unknown,,0,MA,No License - Record Only,0
,57299703396,FC24002760,15:00.0,Male,White,33,Heavy,NULL,NULL,Hispanic Origin,,0,MA,"ID - Had a License, now has ID",0
,57369087659,FC24002770,51:00.0,Male,Black,30,Medium,Short,Medium Brown,Unknown,,0,MA,,1
,57375326677,FC24002771,50:00.0,Male,Black,26,Medium,Dreadlocks,Dark Brown,Not of Hispanic Origin,,0,MA,,0
,57375348479,FC24002771,50:00.0,Male,Black,26,Thin,Braided,NULL,Not of Hispanic Origin,,0,MA,,0
,57375368186,FC24002771,50:00.0,Male,Black,28,Medium,NULL,NULL,Not of Hispanic Origin,,0,MA,,0
,57395265558,FC24002772,40:00.0,Male,Black,24,Heavy,Braided,Medium Brown,Hispanic Origin,,0,MA,,1
,57395293063,FC24002772,40:00.0,Male,Black,20,Medium,Afro,Light,Hispanic Origin,,0,MA,ID Only - Never had Personal Driver License,1
,57397681970,FC24002776,00:00.0,Male,Black,28,Thin,Braided,NULL,Hispanic Origin,,0,MA,Class D,0
,57397683281,FC24002776,00:00.0,Male,White,23,Medium,NULL,Medium Brown,Hispanic Origin,,0,MA,CDL Class A,0
,57402918991,FC24002781,30:00.0,Male,Black,49,Medium,NULL,NULL,Not of Hispanic Origin,,0,MA,,0
,57403701939,FC24002782,30:00.0,Male,Black,36,Medium,Short,NULL,Hispanic Origin,,0,MA,Class D,0
,57403719093,FC24002782,30:00.0,Female,Black,57,NULL,NULL,NULL,Not of Hispanic Origin,,0,MA,Class D,0
,57518775746,FC24002850,56:00.0,Male,Black,43,Medium,Corn Rows,Medium Brown,NULL,,0,MA,Class D,0
,57518996477,FC24002852,47:00.0,Male,Black,15,NULL,NULL,NULL,NULL,,0,NULL,,1
,57519333922,FC24002853,00:00.0,Male,Black,37,Medium,Bald or Balding,Dark,Not of Hispanic Origin,,0,MA,"ID - Had a License, now has ID",0
,57526565089,FC24002856,30:00.0,Male,White,50,Medium,NULL,NULL,Not of Hispanic Origin,,0,MA,Class D,0
,57534785756,FC24002864,00:00.0,Male,Black,44,Muscular,NULL,Dark,NULL,,0,MA,Class D,1
,57537141364,FC24002865,31:00.0,Male,Black,30,Medium,Short,Dark,Not of Hispanic Origin,,0,MA,,0
,57537144494,FC24002865,31:00.0,Male,Black,39,Medium,NULL,Brown,Not of Hispanic Origin,,0,MA,Class D,0
,57537613531,FC24002866,00:00.0,Male,Asian,18,Thin,NULL,Light Brown,Hispanic Origin,,0,MA,,0
,57537618305,FC24002866,00:00.0,Male,White,27,Thin,Short,Light,Hispanic Origin,,0,MA,,0
,57537621568,FC24002866,00:00.0,Male,White,26,Thin,NULL,NULL,Hispanic Origin,,0,MA,ID Only - Never had Personal Driver License,0
,57537625588,FC24002866,00:00.0,Male,Black,22,Medium,NULL,Dark Brown,Not of Hispanic Origin,,0,MA,,0
,57540325368,FC24002868,22:00.0,Male,Black,38,Medium,Short,Dark Brown,Not of Hispanic Origin,,0,MA,"ID - Had a License, now has ID",0
,57553009950,FC24002869,20:00.0,Male,Black,23,Thin,Dreadlocks,Dark Brown,Not of Hispanic Origin,,0,MA,Class D,0
,57553010884,FC24002869,20:00.0,Male,Black,26,Medium,Dreadlocks,Dark Brown,Not of Hispanic Origin,,0,MA,"ID - Had a License, now has ID",1
,57397789575,FC24002779,14:00.0,Male,Black,37,Thin,NULL,NULL,Not of Hispanic Origin,,0,MA,,1
,57403859146,FC24002783,40:00.0,Male,Black,35,NULL,NULL,NULL,Unknown,,0,NULL,,1
,57404539820,FC24002784,00:00.0,Male,Black,20,Thin,Short,Medium Brown,Not of Hispanic Origin,,0,MA,,0
,57412104612,FC24002788,50:00.0,Male,Black,29,Thin,Afro,Light,Not of Hispanic Origin,,0,MA,,0
,57454993492,FC24002798,45:00.0,Male,Black,61,Medium,Bald or Balding,Medium Brown,Not of Hispanic Origin,,0,MA,ID Only - Never had Personal Driver License,1
,57458905842,FC24002801,12:00.0,Male,White,42,Thin,Short,Light Brown,Hispanic Origin,,0,MA,Other: Class M,0
,57459432545,FC24002802,00:00.0,Male,Black,33,Thin,Braided,Light Brown,Not of Hispanic Origin,,0,MA,Class D,0
,57460748427,FC24002804,00:00.0,Male,Black,18,Medium,Short,Medium Brown,Not of Hispanic Origin,,0,MA,,0
,57460788939,FC24002804,00:00.0,Male,Asian,18,Thin,NULL,Light Brown,Hispanic Origin,,0,MA,,0
,57460788939,FC24002804,00:00.0,Male,Asian,18,Thin,NULL,Light Brown,Hispanic Origin,,0,MA,,NULL
,57460808461,FC24002804,00:00.0,Male,White,20,Thin,Wavy,Fair,Unknown,,0,MA,,0
,57460829913,FC24002804,00:00.0,Male,Unknown,20,NULL,NULL,NULL,Hispanic Origin,,0,MA,ID Only - Never had Personal Driver License,0
,57460786786,FC24002805,30:00.0,Male,Black,33,NULL,Curly,NULL,Unknown,,0,MA,Class D,1
,57462214587,FC24002809,30:00.0,Male,Unknown,NULL,NULL,NULL,NULL,NULL,,0,NULL,,NULL
,57403743601,FC24002782,30:00.0,Male,White,37,Medium,Short,Medium,Hispanic Origin,,0,MA,Class D,0
,57404603407,FC24002785,15:00.0,Male,Black,20,Thin,Corn Rows,Medium Brown,Not of Hispanic Origin,,0,MA,,1
,57404615911,FC24002785,15:00.0,Male,Black,20,Thin,Braided,Light Brown,NULL,,0,MA,ID Only - Never had Personal Driver License,1
,57404617443,FC24002785,15:00.0,Male,Black,21,Heavy,Corn Rows,Medium,Not of Hispanic Origin,,0,MA,Instruction Permit,1
,57404620997,FC24002785,15:00.0,Male,Black,22,Medium,Corn Rows,Dark Brown,Unknown,,0,MA,Class D,1
,57411388362,FC24002787,06:00.0,Male,White,31,Thin,NULL,NULL,Hispanic Origin,,0,MA,,1
,57411389747,FC24002787,06:00.0,Male,Black,32,Medium,NULL,NULL,Not of Hispanic Origin,,0,MA,Class D,0
,57411391195,FC24002787,06:00.0,Male,Black,40,Medium,NULL,NULL,Not of Hispanic Origin,,0,MA,,0
,57411392726,FC24002787,06:00.0,Male,Black,38,Medium,Braided,Dark Brown,Not of Hispanic Origin,,0,MA,,0
,57411394885,FC24002787,06:00.0,Male,Black,25,Medium,Short,Medium,Not of Hispanic Origin,,0,MA,,0
,57414228244,FC24002789,20:00.0,Male,Black,44,Muscular,NULL,NULL,Not of Hispanic Origin,,0,MA,Class D,0
,57424197768,FC24002794,38:00.0,Male,Black,29,Medium,Short,Light Brown,Not of Hispanic Origin,,0,MA,ID Only - Never had Personal Driver License,0
,57424198024,FC24002794,38:00.0,Male,Black,34,Heavy,Short,Dark,Not of Hispanic Origin,,0,MA,Class D,0
,57301575949,FC24002765,30:00.0,Male,White,34,Thin,Short,Light,Not of Hispanic Origin,,0,MA,"ID - Had a License, now has ID",0
,57395392158,FC24002773,30:00.0,Female,Unknown,19,NULL,NULL,NULL,Unknown,,0,NULL,,1
,57395398256,FC24002773,30:00.0,Male,Black,20,NULL,NULL,NULL,Unknown,,0,MA,Class D,1
,57395478946,FC24002773,30:00.0,Male,NULL,24,NULL,NULL,NULL,NULL,,0,MA,,1
,57397697576,FC24002777,34:00.0,Male,White,35,NULL,NULL,NULL,Unknown,,0,MA,,1
,57402329812,FC24002780,00:00.0,Female,White,34,Heavy,Unkempt,Light,Unknown,,0,MA,,0
,57408248385,FC24002786,31:00.0,Male,Black,29,Thin,Braided,Light Brown,Not of Hispanic Origin,,0,MA,ID Only - Never had Personal Driver License,1
,57408250052,FC24002786,31:00.0,Male,Black,25,Medium,Braided,Medium Brown,Not of Hispanic Origin,,0,MA,Other: Suspended,0
,57421437788,FC24002792,00:00.0,Male,Black,26,Medium,Dreadlocks,Dark,NULL,,0,MA,,0
,57427162082,FC24002796,49:00.0,Male,Asian,23,Thin,Wavy,Light,Not of Hispanic Origin,,0,MA,Class D,1
,57427207140,FC24002796,49:00.0,Male,Black,23,Thin,Afro,Light Brown,Not of Hispanic Origin,,0,MA,Class D,1
,57427248313,FC24002796,49:00.0,Male,Black,25,NULL,NULL,NULL,Unknown,,0,MA,Class D,1
,57458655491,FC24002800,10:00.0,Male,White,33,Medium,Afro,Light Brown,Unknown,,0,MA,ID Only - Never had Personal Driver License,1
,57461239203,FC24002806,12:00.0,Female,Black,34,Medium,Unkempt,Dark,Not of Hispanic Origin,,0,MA,"ID - Had a License, now has ID",0
,57553012559,FC24002869,20:00.0,Male,Black,26,Thin,Braided,NULL,Not of Hispanic Origin,,0,MA,,0
,57553013258,FC24002869,20:00.0,Male,Black,41,Medium,NULL,NULL,Not of Hispanic Origin,,0,MA,,0
,57559510538,FC24002872,00:00.0,Male,Black,15,Thin,Short,Medium Brown,NULL,,0,MA,,0
,57559517335,FC24002872,00:00.0,Male,Black,15,Thin,NULL,Light Brown,Not of Hispanic Origin,,0,MA,,0
,57559522976,FC24002872,00:00.0,Male,White,17,Medium,Afro,Light Brown,Unknown,,0,MA,,0
,57559529457,FC24002872,00:00.0,Male,Black,24,Thin,Braided,Medium Brown,Not of Hispanic Origin,,0,MA,Class D,0
,57559541895,FC24002872,00:00.0,Male,White,22,Heavy,Curly,Light,Unknown,,0,MA,ID Only - Never had Personal Driver License,0
,57559567002,FC24002872,00:00.0,Male,Unknown,18,NULL,NULL,NULL,Unknown,,0,NULL,,0
,57559751213,FC24002872,00:00.0,Male,Black,26,Heavy,Braided,Brown,Not of Hispanic Origin,,0,MA,ID Only - Never had Personal Driver License,0
,57560080439,FC24002873,00:00.0,Male,Black,13,NULL,NULL,NULL,Not of Hispanic Origin,,0,NULL,,1
,57564242858,FC24002878,51:00.0,Male,White,19,NULL,NULL,NULL,Hispanic Origin,,0,MA,Class D,1
,57564289356,FC24002878,51:00.0,Female,White,19,NULL,NULL,NULL,Hispanic Origin,,0,MA,Class D,0
,57564439518,FC24002879,23:00.0,Male,Black,19,Thin,Afro,Medium Brown,NULL,,0,MA,,1
,57564440040,FC24002879,23:00.0,Male,Black,26,Thin,NULL,Light Brown,NULL,,0,MA,Class D,0
,57424209484,FC24002794,38:00.0,Male,White,30,Medium,NULL,NULL,Hispanic Origin,,0,MA,,0
,57424210027,FC24002794,38:00.0,Male,Black,27,Thin,Braided,Medium Brown,Not of Hispanic Origin,,0,MA,,0
,57433442626,FC24002797,15:00.0,Male,Black,18,Thin,Afro,Dark,Not of Hispanic Origin,,0,MA,,1
,57433453374,FC24002797,15:00.0,Male,Black,16,Medium,Short,Dark,Not of Hispanic Origin,,0,MA,,1
,57461283273,FC24002807,50:00.0,Male,Black,32,NULL,NULL,NULL,Not of Hispanic Origin,,0,MA,Class D,0
,57462752300,FC24002811,00:00.0,Male,White,66,Medium,Straight,Light,Not of Hispanic Origin,,0,MA,,0
,57462758249,FC24002811,00:00.0,Male,White,58,Medium,Straight,Medium,Not of Hispanic Origin,,0,MA,,0
,57467429248,FC24002814,00:00.0,Male,White,40,Thin,NULL,NULL,Not of Hispanic Origin,,0,MA,,0
,57469333871,FC24002816,55:00.0,Male,White,56,Thin,Bushy,Light,Not of Hispanic Origin,,0,MA,,1
,57469334657,FC24002816,55:00.0,Male,Black,43,Thin,Afro,Light Brown,Not of Hispanic Origin,,0,MA,,NULL
,57495551219,FC24002820,07:00.0,Male,White,36,Medium,NULL,NULL,Not of Hispanic Origin,,0,MA,Class D,0
,57497050208,FC24002821,05:00.0,Male,Black,25,Stocky,Short,Medium Brown,Not of Hispanic Origin,,0,MA,ID Only - Never had Personal Driver License,0
,57502506451,FC24002826,00:00.0,Male,NULL,23,NULL,NULL,NULL,NULL,,0,NULL,,0
,57503269185,FC24002828,00:00.0,Male,White,43,Thin,Curly,Light Brown,Hispanic Origin,,0,MA,,1
,57462229562,FC24002809,30:00.0,Male,Black,30,Medium,NULL,NULL,Hispanic Origin,,0,MA,Class D,NULL
,57462231333,FC24002809,30:00.0,Male,Black,26,Thin,Dreadlocks,Dark,Hispanic Origin,,0,MA,Class D,NULL
,57462234294,FC24002809,30:00.0,Female,White,NULL,NULL,NULL,NULL,NULL,,0,NULL,,0
,57462806812,FC24002812,37:00.0,Male,White,44,Thin,NULL,NULL,Not of Hispanic Origin,,0,MA,,1
,57464524702,FC24002813,55:00.0,Male,Black,30,Thin,NULL,NULL,Not of Hispanic Origin,,0,MA,,0
,57500529945,FC24002823,18:00.0,Male,White,31,Medium,Straight,Light,Hispanic Origin,,0,MA,ID Only - Never had Personal Driver License,0
,57502972425,FC24002827,51:00.0,Male,White,43,Thin,Curly,Light Brown,Hispanic Origin,,0,MA,,1
,57506172411,FC24002833,43:00.0,Female,Black,27,Medium,Short,Dark Brown,Not of Hispanic Origin,,0,MA,,0
,57506183093,FC24002833,43:00.0,Male,Black,25,Medium,Braided,Medium Brown,NULL,,0,MA,,0
,57506637613,FC24002834,45:00.0,Male,White,41,Thin,NULL,NULL,Hispanic Origin,,0,MA,,0
,57508382074,FC24002837,15:00.0,Male,Black,24,NULL,NULL,NULL,NULL,,0,MA,Class D,1
,57511872546,FC24002838,30:00.0,Male,Black,13,NULL,NULL,NULL,Not of Hispanic Origin,,0,NULL,,1
,57512548634,FC24002841,00:00.0,Male,Black,32,Thin,Short,Light Brown,Hispanic Origin,,0,MA,Class D,0
,57514975250,FC24002843,22:00.0,Female,White,34,NULL,NULL,NULL,NULL,,0,MA,Class D,0
,57515027368,FC24002843,22:00.0,Male,White,35,NULL,NULL,NULL,NULL,,0,MA,Class D,0
,57563870659,FC24002810,12:00.0,Male,Black,44,Medium,NULL,NULL,Not of Hispanic Origin,,0,MA,,1
,57563875345,FC24002810,12:00.0,Female,Black,43,Heavy,Straight,Medium Brown,Not of Hispanic Origin,,0,MA,Class D,1
,57563883269,FC24002810,12:00.0,Male,Black,41,Thin,NULL,NULL,Not of Hispanic Origin,,0,MA,,1
,57487254345,FC24002819,47:00.0,Male,Black,54,Medium,Braided,Dark,Not of Hispanic Origin,,0,MA,,0
,57497850062,FC24002822,00:00.0,Male,Black,55,Thin,NULL,NULL,Not of Hispanic Origin,,0,MA,,0
,57503397057,FC24002830,59:00.0,Female,Black,56,NULL,NULL,NULL,Unknown,,0,MA,,0
,57516972019,FC24002844,34:00.0,Male,Black,30,Thin,NULL,NULL,Not of Hispanic Origin,,0,MA,,1
,57516980328,FC24002844,34:00.0,Female,White,32,Medium,Straight,Light,Hispanic Origin,,0,MA,,0
,57528703093,FC24002858,00:00.0,Male,Black,39,Heavy,Straight,Light,Not of Hispanic Origin,,0,MA,,0
,57528955373,FC24002859,58:00.0,Male,Black,19,Thin,Braided,Light Brown,Not of Hispanic Origin,,0,MA,,1
,57528980974,FC24002859,58:00.0,Male,White,20,Medium,NULL,NULL,Unknown,,0,MA,,1
,57529055656,FC24002860,00:00.0,Male,Black,31,Muscular,Short,Medium Brown,Not of Hispanic Origin,,0,MA,Class D,0
,57529111106,FC24002861,00:00.0,Male,White,35,Medium,Straight,Light,Not of Hispanic Origin,,0,MA,"ID - Had a License, now has ID",0
,57530429066,FC24002862,25:00.0,Male,Black,38,Thin,NULL,NULL,Not of Hispanic Origin,,0,MA,,0
,57505080112,FC24002831,30:00.0,Male,White,62,Thin,Straight,Light,Hispanic Origin,,0,MA,,0
,57505084172,FC24002831,30:00.0,Male,White,43,Heavy,NULL,NULL,Hispanic Origin,,0,MA,,0
,57505087058,FC24002831,30:00.0,Male,White,55,NULL,NULL,NULL,NULL,,0,NULL,,0
,57505090018,FC24002831,30:00.0,Male,Black,37,Thin,NULL,NULL,Hispanic Origin,,0,MA,,0
,57505091495,FC24002831,30:00.0,Male,Asian,57,Thin,NULL,NULL,Not of Hispanic Origin,,0,MA,,0
,57505078812,FC24002831,30:00.0,Male,White,46,Medium,NULL,NULL,Hispanic Origin,,0,MA,,0
,57505195465,FC24002832,00:00.0,Male,Black,69,Medium,NULL,NULL,Not of Hispanic Origin,,0,MA,,0
,57512521614,FC24002840,06:00.0,Male,White,35,Medium,Short,Light,Not of Hispanic Origin,,0,MA,Class D,0
,57512545682,FC24002840,06:00.0,Male,Black,35,NULL,NULL,NULL,Hispanic Origin,,0,NULL,,0
,57512606592,FC24002840,06:00.0,Male,Unknown,39,NULL,NULL,NULL,Unknown,,0,NULL,,0
,57512632117,FC24002842,00:00.0,Male,White,43,Medium,Short,Light,Not of Hispanic Origin,,0,MA,,0
,57517393606,FC24002845,44:00.0,Male,White,44,NULL,NULL,NULL,Not of Hispanic Origin,,0,MA,Class D,1
,57517399907,FC24002845,44:00.0,Male,White,47,Thin,NULL,NULL,Not of Hispanic Origin,,0,MA,,0
,57517404830,FC24002845,44:00.0,Female,White,27,Thin,Short,Light,Unknown,,0,MA,ID Only - Never had Personal Driver License,0
,57517873146,FC24002846,59:00.0,Male,Black,57,Thin,Curly,Light Brown,Hispanic Origin,,0,MA,Class D,0
,57530518665,FC24002862,25:00.0,Male,Black,39,Heavy,Receding or Slightly Receding,Medium,Not of Hispanic Origin,,0,MA,Class D,0
,57540194831,FC24002867,30:00.0,Male,Black,30,NULL,NULL,NULL,Unknown,,0,MA,"ID - Had a License, now has ID",0
,57563692174,FC24002876,45:00.0,Male,Black,31,Medium,NULL,NULL,Hispanic Origin,,0,MA,,0
,57563694966,FC24002876,45:00.0,Male,Black,17,Thin,NULL,Light Brown,Hispanic Origin,,0,MA,,0
,57564097802,FC24002877,45:00.0,Male,Black,16,Thin,Curly,Medium Brown,Unknown,,0,MA,,0
,57564103642,FC24002877,45:00.0,Male,White,15,Thin,Curly,Light,NULL,,0,MA,,0
,57564154836,FC24002877,45:00.0,Male,Black,26,Thin,Braided,NULL,NULL,,0,MA,Class D,0
,57564161392,FC24002877,45:00.0,Male,Black,18,Medium,Short,Light Brown,Not of Hispanic Origin,,0,MA,,0
,57564167255,FC24002877,45:00.0,Male,White,30,Thin,NULL,NULL,Hispanic Origin,,0,MA,Other: Class M,0
,57564199672,FC24002877,45:00.0,Male,Black,27,Thin,NULL,NULL,Not of Hispanic Origin,,0,MA,,0
,57564204979,FC24002877,45:00.0,Male,Black,31,Medium,Short,Medium,Not of Hispanic Origin,,0,MA,,0
,57564209395,FC24002877,45:00.0,Male,Black,29,Medium,Short,Light Brown,Not of Hispanic Origin,,0,MA,ID Only - Never had Personal Driver License,0
,57564225306,FC24002877,45:00.0,Male,Asian,18,Thin,NULL,Light Brown,Hispanic Origin,,0,MA,,0
,57564244361,FC24002877,45:00.0,Male,Black,32,Thin,NULL,Medium,Not of Hispanic Origin,,0,MA,,0
,57517977389,FC24002847,11:00.0,Male,Black,46,Medium,Wavy,NULL,Hispanic Origin,,0,MA,,0
,57519549177,FC24002855,45:00.0,Male,Black,43,Medium,Afro,Dark,Not of Hispanic Origin,,0,MA,Class D,0
,57519549177,FC24002855,45:00.0,Male,Black,43,Medium,Afro,Dark,Not of Hispanic Origin,,0,MA,Class D,NULL
,57528601942,FC24002857,45:00.0,Male,Black,34,Medium,Short,Medium Brown,Unknown,,0,MA,ID Only - Never had Personal Driver License,0
,57532459765,FC24002863,00:00.0,Male,Black,31,Thin,Braided,Dark Brown,Not of Hispanic Origin,,0,MA,,0
,57532530950,FC24002863,00:00.0,Male,Unknown,34,Thin,Short,Light,Not of Hispanic Origin,,0,MA,Class D,0
,57532543450,FC24002863,00:00.0,Male,White,38,NULL,NULL,NULL,Unknown,,0,NULL,,0
,57553186670,FC24002870,08:00.0,Male,Black,18,NULL,NULL,NULL,NULL,,0,NULL,,1
,57553268130,FC24002870,08:00.0,Male,White,28,NULL,NULL,NULL,Hispanic Origin,,0,NULL,,1
,57553284767,FC24002870,08:00.0,Male,Black,18,NULL,NULL,NULL,Not of Hispanic Origin,,0,NULL,,1
,57556495469,FC24002871,07:00.0,Male,Black,31,Medium,NULL,NULL,Not of Hispanic Origin,,0,MA,,0
,57560981579,FC24002874,00:00.0,Male,White,24,NULL,NULL,NULL,NULL,,0,NULL,,1
,57561028809,FC24002874,00:00.0,Female,Black,25,NULL,NULL,NULL,Unknown,,0,NULL,,1
,57573968889,FC24002881,09:00.0,Male,Black,35,Thin,NULL,NULL,Not of Hispanic Origin,,0,MA,Class D,1
,57584878690,FC24002887,40:00.0,Male,Black,36,Thin,NULL,NULL,Not of Hispanic Origin,,0,MA,,0
,57518208598,FC24002848,25:00.0,Male,Black,16,Thin,Curly,Medium Brown,Unknown,,0,MA,,0
,57518693921,FC24002849,57:00.0,Male,Black,15,NULL,NULL,NULL,NULL,,0,NULL,,0
,57518696599,FC24002849,57:00.0,Male,Unknown,17,NULL,NULL,NULL,Hispanic Origin,,0,NULL,,0
,57518698039,FC24002849,57:00.0,Male,Black,14,NULL,NULL,NULL,NULL,,0,NULL,,0
,57518703834,FC24002849,57:00.0,Unknown,Unknown,15,NULL,NULL,NULL,NULL,,0,NULL,,0
,57518712491,FC24002849,57:00.0,Male,Black,14,NULL,NULL,NULL,NULL,,0,NULL,,1
,57518723860,FC24002849,57:00.0,Male,Unknown,14,NULL,NULL,NULL,NULL,,0,NULL,,0
,57518845370,FC24002851,15:00.0,Male,Black,28,Thin,Braided,Medium Brown,Not of Hispanic Origin,,0,MA,Class D,1
,57518847905,FC24002851,15:00.0,Male,Black,36,Medium,NULL,NULL,Not of Hispanic Origin,,0,MA,,NULL
,57518850303,FC24002851,15:00.0,Male,Black,21,Medium,Braided,Medium Brown,Not of Hispanic Origin,,0,MA,,NULL
,57519530888,FC24002854,15:00.0,Male,White,40,Medium,Other,Light,Not of Hispanic Origin,,0,MA,,0
,57519535015,FC24002854,15:00.0,Male,White,32,NULL,NULL,NULL,NULL,,0,NULL,,0
,57519538179,FC24002854,15:00.0,Female,White,38,Thin,Straight,Light,Hispanic Origin,,0,MA,,0
,57562047838,FC24002875,49:00.0,Male,Black,35,Medium,NULL,NULL,Not of Hispanic Origin,,0,MA,Class D,0
,57564467244,FC24002880,00:00.0,Male,White,29,Thin,Straight,Light,NULL,,0,MA,,0
,57577634329,FC24002883,27:00.0,Male,Black,39,Thin,NULL,Dark,Not of Hispanic Origin,,0,MA,,0
,57612522956,FC24002890,40:00.0,Male,Black,43,Muscular,Bald or Balding,Brown,Not of Hispanic Origin,,0,MA,"ID - Had a License, now has ID",0
,57633594295,FC24002896,30:00.0,Male,Black,29,NULL,NULL,NULL,Hispanic Origin,,0,NULL,,0
,57643567172,FC24002900,09:00.0,Male,White,51,Thin,Short,Medium,Not of Hispanic Origin,,0,MA,,1
,57643631224,FC24002901,45:00.0,Male,White,35,Muscular,NULL,NULL,Not of Hispanic Origin,,0,MA,,0
,57643631960,FC24002901,45:00.0,Female,White,59,Medium,NULL,NULL,Not of Hispanic Origin,,0,MA,"ID - Had a License, now has ID",0
,57643633535,FC24002901,45:00.0,Male,Black,35,Medium,Short,Medium Brown,Not of Hispanic Origin,,0,MA,"ID - Had a License, now has ID",0
,57643636065,FC24002901,45:00.0,Female,Black,37,Thin,Wavy,Medium Brown,Hispanic Origin,,0,MA,,0
,57644033089,FC24002902,20:00.0,Male,White,18,NULL,NULL,NULL,Hispanic Origin,,0,NULL,,1
,57644033387,FC24002902,20:00.0,Male,White,23,Medium,NULL,Medium,Hispanic Origin,,0,MA,None,1
,57644039546,FC24002902,20:00.0,Male,White,19,NULL,NULL,NULL,Hispanic Origin,,0,NULL,,1
,57644045589,FC24002902,20:00.0,Male,Unknown,19,NULL,NULL,NULL,Hispanic Origin,,0,NULL,,1
,57644046898,FC24002902,20:00.0,Male,White,16,Thin,Curly,NULL,Hispanic Origin,,0,MA,,1
,57644069598,FC24002902,20:00.0,Male,White,21,Thin,Curly,Medium,NULL,,0,MA,,1
,57644073293,FC24002902,20:00.0,Male,White,19,NULL,NULL,NULL,Hispanic Origin,,0,NULL,,1
,57663826703,FC24002909,02:00.0,Male,White,47,Medium,Short,Light,Not of Hispanic Origin,,0,MA,ID Only - Never had Personal Driver License,0
,57668629003,FC24002911,15:00.0,Male,Black,31,Medium,Dreadlocks,Medium,Unknown,,0,MA,Class D,0
,57679571089,FC24002913,34:00.0,Male,Black,25,Medium,Short,Medium,Not of Hispanic Origin,,0,MA,,1
,57679572434,FC24002913,34:00.0,Female,Black,28,NULL,NULL,NULL,Hispanic Origin,,0,MA,,1
,57695988226,FC24002920,37:00.0,Male,White,24,Medium,NULL,NULL,Hispanic Origin,,0,MA,ID Only - Never had Personal Driver License,0
,57755495106,FC24002934,21:00.0,Male,Black,26,Medium,Dreadlocks,Medium Brown,Not of Hispanic Origin,,0,MA,Class D,1
,57760336501,FC24002939,40:00.0,Male,White,58,Heavy,Wavy,Light,Not of Hispanic Origin,,0,MA,,0
,57760341918,FC24002939,40:00.0,Male,White,58,Thin,Bald or Balding,Medium,Hispanic Origin,,0,MA,,0
,57760352035,FC24002939,40:00.0,Male,White,50,Thin,NULL,Light,Not of Hispanic Origin,,0,MA,,0
,57771890918,FC24002944,28:00.0,Male,Black,18,NULL,NULL,NULL,Not of Hispanic Origin,,0,NULL,,1
,57771915306,FC24002944,28:00.0,Male,Black,16,NULL,NULL,NULL,Unknown,,0,MA,,1
,57771921858,FC24002944,28:00.0,Male,Unknown,13,NULL,NULL,NULL,Unknown,,0,NULL,,1
,57771929884,FC24002944,28:00.0,Male,Unknown,16,NULL,NULL,NULL,Unknown,,0,NULL,,1
,57772476655,FC24002946,33:00.0,Male,White,29,Medium,Short,OTHER,Hispanic Origin,,0,MA,,0
,57564249823,FC24002877,45:00.0,Male,White,26,Thin,NULL,NULL,Hispanic Origin,,0,MA,ID Only - Never had Personal Driver License,0
,57564283777,FC24002877,45:00.0,Male,Black,33,Thin,Short,Dark Brown,Not of Hispanic Origin,,0,MA,Class D,0
,57579156878,FC24002885,00:00.0,Male,Black,35,NULL,NULL,NULL,Not of Hispanic Origin,,0,MA,,0
,57579163673,FC24002885,00:00.0,Male,Black,31,NULL,NULL,NULL,Not of Hispanic Origin,,0,NULL,,0
,57579190459,FC24002885,00:00.0,Female,Black,25,NULL,NULL,NULL,Not of Hispanic Origin,,0,NULL,,0
,57582494350,FC24002886,19:00.0,Male,Black,19,Medium,NULL,Medium Brown,Not of Hispanic Origin,,0,MA,,1
,57582498558,FC24002886,19:00.0,Male,White,40,Medium,NULL,NULL,Hispanic Origin,,0,MA,,1
,57582499972,FC24002886,19:00.0,Male,Black,36,Medium,Curly,Light Brown,Hispanic Origin,,0,MA,,1
,57582507123,FC24002886,19:00.0,Male,Black,14,Thin,NULL,NULL,NULL,,0,MA,,1
,57616644060,FC24002891,00:00.0,Male,Black,34,Thin,Dreadlocks,Medium Brown,Not of Hispanic Origin,,0,MA,,0
,57645071648,FC24002903,27:00.0,Male,White,51,Medium,Bald or Balding,Light,NULL,,0,MA,Class D,0
,57645073073,FC24002903,27:00.0,Female,White,42,NULL,NULL,NULL,Not of Hispanic Origin,,0,NULL,,0
,57648131875,FC24002905,56:00.0,Male,Unknown,33,NULL,NULL,NULL,NULL,,0,MA,,0
,57656658602,FC24002906,36:00.0,Male,Black,20,NULL,NULL,NULL,Unknown,,0,MA,,0
,57656659329,FC24002906,36:00.0,Male,Black,29,Thin,NULL,NULL,Not of Hispanic Origin,,0,MA,,0
,57772479136,FC24002946,33:00.0,Male,Black,20,Thin,Dreadlocks,Medium Brown,Not of Hispanic Origin,,0,MA,,0
,57772826313,FC24002947,00:00.0,Male,Black,25,Medium,Short,Medium,Not of Hispanic Origin,,0,MA,,0
,57799018680,FC24002953,18:00.0,Male,Black,59,Thin,Bald or Balding,Medium Brown,Not of Hispanic Origin,,0,MA,,1
,57816512635,FC24002956,00:00.0,Male,Black,41,NULL,NULL,NULL,Not of Hispanic Origin,,0,MA,,0
,57826521522,FC24002957,00:00.0,Male,Black,20,NULL,NULL,NULL,Unknown,,0,MA,Class D,1
,57826526407,FC24002957,00:00.0,Male,Black,18,NULL,NULL,NULL,Not of Hispanic Origin,,0,MA,,1
,57826533815,FC24002957,00:00.0,Male,Unknown,17,NULL,NULL,NULL,Hispanic Origin,,0,NULL,,1
,57826552664,FC24002957,00:00.0,Male,Unknown,17,NULL,NULL,NULL,Hispanic Origin,,0,NULL,,1
,57826621816,FC24002958,00:00.0,Male,Black,35,Thin,NULL,NULL,Not of Hispanic Origin,,0,MA,,0
,57829258972,FC24002964,34:00.0,Male,Black,21,NULL,NULL,NULL,Not of Hispanic Origin,,0,NULL,,1
,57842178062,FC24002968,00:00.0,Male,Black,26,Heavy,Short,Dark Brown,Not of Hispanic Origin,,0,MA,,0
,57842178560,FC24002968,00:00.0,Male,Black,21,Heavy,Curly,Dark,Not of Hispanic Origin,,0,MA,ID Only - Never had Personal Driver License,0
,57842180293,FC24002968,00:00.0,Male,Black,29,Medium,Braided,Dark,NULL,,0,MA,,0
,57842181249,FC24002968,00:00.0,Male,Black,31,Medium,Dreadlocks,Medium Brown,Not of Hispanic Origin,,0,MA,,0
,57564449009,FC24002879,23:00.0,Male,Black,18,Thin,Braided,NULL,Unknown,,0,MA,,0
,57564459822,FC24002879,23:00.0,Male,NULL,24,NULL,NULL,NULL,NULL,,0,MA,,0
,57564475907,FC24002879,23:00.0,Male,Black,24,NULL,NULL,NULL,Unknown,,0,MA,,0
,57574743975,FC24002882,49:00.0,Female,NULL,37,NULL,NULL,NULL,NULL,,0,MA,Class D,0
,57574745406,FC24002882,49:00.0,Male,Black,29,Thin,NULL,Medium Brown,Not of Hispanic Origin,,0,MA,,0
,57604696645,FC24002889,08:00.0,Male,Black,39,Thin,NULL,Dark,Not of Hispanic Origin,,0,MA,,0
,57604696645,FC24002889,08:00.0,Male,Black,39,Thin,NULL,Dark,Not of Hispanic Origin,,0,MA,,NULL
,57645491332,FC24002904,30:00.0,Male,Black,25,Thin,Short,Dark,Not of Hispanic Origin,,0,MA,Class D,1
,57645495371,FC24002904,30:00.0,Male,Black,19,Thin,Corn Rows,Light,NULL,,0,MA,,1
,57645496139,FC24002904,30:00.0,Male,Black,19,NULL,NULL,NULL,Not of Hispanic Origin,,0,MA,Class D,1
,57660896559,FC24002908,06:00.0,Male,Black,20,Thin,Braided,Light Brown,NULL,,0,MA,ID Only - Never had Personal Driver License,1
,57691555700,FC24002918,30:00.0,Male,Black,27,Medium,NULL,NULL,Not of Hispanic Origin,,0,MA,,0
,57702278665,FC24002922,00:00.0,Male,Black,14,NULL,NULL,NULL,Not of Hispanic Origin,,0,NULL,,1
,57723480073,FC24002925,57:00.0,Female,Black,55,Medium,NULL,NULL,Not of Hispanic Origin,,0,NULL,,0
,57723543947,FC24002925,57:00.0,Male,Black,55,Medium,NULL,NULL,Not of Hispanic Origin,,0,MA,,0
,57577901901,FC24002884,00:00.0,Male,Black,47,Medium,NULL,NULL,Not of Hispanic Origin,,0,MA,,0
,57603525209,FC24002888,12:00.0,Male,White,59,Heavy,NULL,NULL,Not of Hispanic Origin,,0,MA,,1
,57617110031,FC24002892,00:00.0,Male,Unknown,23,NULL,NULL,NULL,Hispanic Origin,,0,MA,Class D,1
,57617343531,FC24002892,00:00.0,Male,Black,27,NULL,NULL,NULL,Unknown,,0,MA,Class D,1
,57617567287,FC24002892,00:00.0,Male,Black,23,NULL,NULL,NULL,Unknown,,0,MA,Class D,1
,57633899804,FC24002897,00:00.0,Male,Black,28,Medium,NULL,NULL,Not of Hispanic Origin,,0,MA,Class D,0
,57633900949,FC24002897,00:00.0,Male,Black,23,NULL,NULL,NULL,Unknown,,0,MA,Class D,0
,57633901910,FC24002897,00:00.0,Male,Unknown,33,Medium,Wavy,Medium,Not of Hispanic Origin,,0,MA,,0
,57633903127,FC24002897,00:00.0,Male,Black,27,Medium,Short,Medium Brown,Not of Hispanic Origin,,0,MA,Class D,0
,57633934406,FC24002898,30:00.0,Male,Black,47,NULL,NULL,NULL,Hispanic Origin,,0,MA,,0
,57633934406,FC24002898,30:00.0,Male,Black,47,NULL,NULL,NULL,Hispanic Origin,,0,MA,,NULL
,57643564120,FC24002899,00:00.0,Male,Black,30,Medium,NULL,NULL,Not of Hispanic Origin,,0,MA,,0
,57643565217,FC24002899,00:00.0,Male,Black,28,Medium,NULL,NULL,Not of Hispanic Origin,,0,MA,,0
,57660200680,FC24002907,45:00.0,Male,Black,31,NULL,NULL,NULL,Not of Hispanic Origin,,0,MA,,1
,57687355597,FC24002915,10:00.0,Male,Black,34,Thin,Dreadlocks,Dark,Not of Hispanic Origin,,0,MA,ID Only - Never had Personal Driver License,0
,57664786412,FC24002910,00:00.0,Male,Black,22,Medium,Dreadlocks,Light Brown,Unknown,,0,MA,"ID - Had a License, now has ID",1
,57664809275,FC24002910,00:00.0,Male,Black,22,Thin,Short,Medium Brown,Not of Hispanic Origin,,0,MA,,1
,57670532721,FC24002912,00:00.0,Male,White,41,Heavy,NULL,NULL,Not of Hispanic Origin,,0,MA,,0
,57683263678,FC24002914,22:00.0,Male,Black,41,Medium,NULL,NULL,Not of Hispanic Origin,,0,MA,,0
,57700691681,FC24002921,20:00.0,Male,Black,20,Thin,Braided,NULL,Unknown,,0,MA,,0
,57716160396,FC24002923,35:00.0,Male,Black,36,NULL,NULL,NULL,Not of Hispanic Origin,,0,MA,Class D,0
,57716227908,FC24002923,35:00.0,Female,White,40,NULL,NULL,NULL,NULL,,0,MA,Class D,NULL
,57722585307,FC24002924,49:00.0,Male,Black,41,Medium,Short,Medium Brown,Not of Hispanic Origin,,0,MA,,0
,57722612601,FC24002924,49:00.0,Female,White,43,Medium,Straight,Light,Not of Hispanic Origin,,0,MA,Class D,0
,57722747846,FC24002924,49:00.0,Male,White,38,NULL,NULL,NULL,Not of Hispanic Origin,,0,MA,Class D,0
,57722805430,FC24002924,49:00.0,Male,White,44,Heavy,Short,Light,NULL,,0,MA,,0
,57723101381,FC24002924,49:00.0,Male,Black,57,Thin,Short,Dark Brown,Not of Hispanic Origin,,0,MA,None,0
,57723119293,FC24002924,49:00.0,Male,White,42,Thin,NULL,NULL,Not of Hispanic Origin,,0,MA,Class D,0
,57753996290,FC24002933,00:00.0,Male,Black,46,Medium,NULL,NULL,Not of Hispanic Origin,,0,MA,,0
,57754007769,FC24002933,00:00.0,Female,Black,26,Medium,NULL,NULL,Not of Hispanic Origin,,0,MA,,NULL
,57759948548,FC24002937,50:00.0,Male,White,22,Thin,NULL,NULL,Hispanic Origin,,0,MA,,0
,57759953416,FC24002937,50:00.0,Male,Black,31,Medium,Dreadlocks,Medium Brown,Not of Hispanic Origin,,0,MA,,0
,57760752670,FC24002940,34:00.0,Male,Black,33,Stocky,Corn Rows,NULL,Unknown,,0,MA,Class D,0
,57760762832,FC24002940,34:00.0,Male,Black,38,Medium,Braided,Medium Brown,Not of Hispanic Origin,,0,MA,,0
,57798575513,FC24002950,00:00.0,Male,Unknown,20,NULL,NULL,NULL,Hispanic Origin,,0,MA,ID Only - Never had Personal Driver License,0
,57798577173,FC24002950,00:00.0,Male,White,20,Thin,Wavy,Fair,Unknown,,0,MA,,0
,57798580970,FC24002950,00:00.0,Male,Asian,18,Thin,NULL,Light Brown,Hispanic Origin,,0,MA,,0
,57798582158,FC24002950,00:00.0,Male,White,17,Thin,Short,Medium Brown,Unknown,,0,MA,Class D,0
,57798588686,FC24002950,00:00.0,Male,Black,19,NULL,NULL,NULL,Unknown,,0,MA,Class D,0
,57798792822,FC24002951,29:00.0,Male,Unknown,52,NULL,NULL,NULL,NULL,,0,NULL,,1
,57798991522,FC24002952,04:00.0,Female,White,23,NULL,NULL,NULL,Hispanic Origin,,0,MA,Class D,0
,57798994844,FC24002952,04:00.0,Male,Black,24,Heavy,Braided,Medium Brown,Hispanic Origin,,0,MA,,NULL
,57827226536,FC24002961,45:00.0,Male,Black,32,Medium,NULL,NULL,Not of Hispanic Origin,,0,MA,Class D,0
,57840850914,FC24002965,37:00.0,Male,Black,17,Thin,Short,Medium Brown,Unknown,,0,MA,,1
,57842187791,FC24002968,00:00.0,Male,Black,27,NULL,Afro,NULL,Not of Hispanic Origin,,0,MA,Class D,0
,57850135377,FC24002976,51:00.0,Male,Black,57,Thin,Bald or Balding,Medium Brown,Not of Hispanic Origin,,0,MA,ID Only - Never had Personal Driver License,0
,57850498417,FC24002977,35:00.0,Male,White,39,Thin,Curly,Light Brown,Hispanic Origin,,0,MA,"ID - Had a License, now has ID",0
,57850501670,FC24002977,35:00.0,Female,White,40,Thin,Straight,Light,Unknown,,0,MA,,0
,57850509157,FC24002977,35:00.0,Female,White,27,Thin,NULL,NULL,Not of Hispanic Origin,,0,MA,,0
,57875855720,FC24002989,15:00.0,Male,Black,29,Thin,Unkempt,Dark Brown,Not of Hispanic Origin,,0,MA,Class D,0
,57881894010,FC24002992,43:00.0,Male,White,39,Thin,Straight,Light Brown,Hispanic Origin,,0,MA,ID Only - Never had Personal Driver License,1
,57882391378,FC24002993,15:00.0,Male,Unknown,42,NULL,NULL,NULL,NULL,,0,MA,,0
,57882403851,FC24002993,15:00.0,Female,Unknown,30,NULL,NULL,NULL,NULL,,0,MA,Class D,0
,57882588185,FC24002995,30:00.0,Male,White,36,NULL,NULL,NULL,Unknown,,0,MA,"ID - Had a License, now has ID",1
,57882705401,FC24002996,55:00.0,Female,White,37,Medium,NULL,NULL,Not of Hispanic Origin,,0,MA,,0
,57882710819,FC24002996,55:00.0,Female,White,29,NULL,NULL,NULL,Not of Hispanic Origin,,0,MA,,0
,57883305386,FC24002997,46:00.0,Female,Asian,NULL,NULL,NULL,NULL,NULL,,0,NULL,,NULL
,57883337318,FC24002997,46:00.0,Male,Black,58,Thin,Short,Medium Brown,Not of Hispanic Origin,,0,MA,,0
,57691271394,FC24002917,18:00.0,Male,Black,20,Thin,Braided,NULL,NULL,,0,MA,,1
,57691279348,FC24002917,18:00.0,Male,Black,17,Thin,Curly,Light Brown,Hispanic Origin,,0,MA,,1
,57691635474,FC24002917,18:00.0,Female,White,17,NULL,NULL,NULL,Not of Hispanic Origin,,0,MA,,NULL
,57691735480,FC24002917,18:00.0,Male,White,20,NULL,NULL,NULL,Hispanic Origin,,0,MA,Class D,NULL
,57692218469,FC24002919,44:00.0,Male,White,15,NULL,NULL,NULL,Hispanic Origin,,0,NULL,,0
,57724579461,FC24002928,32:00.0,Male,White,49,Thin,Short,Light Brown,Not of Hispanic Origin,,0,MA,,1
,57748931480,FC24002930,37:00.0,Male,Black,19,Thin,Afro,Dark Brown,Not of Hispanic Origin,,0,MA,Class D,1
,57760235521,FC24002938,40:00.0,Male,Black,52,Medium,Dreadlocks,Dark Brown,Not of Hispanic Origin,,0,MA,Class D,1
,57760781309,FC24002941,55:00.0,Male,Black,33,Thin,NULL,NULL,Not of Hispanic Origin,,0,MA,,0
,57770052319,FC24002943,09:00.0,Male,Black,45,Medium,Short,Medium,NULL,,0,MA,,0
,57770052319,FC24002943,09:00.0,Male,Black,45,Medium,Short,Medium,NULL,,0,MA,,NULL
,57772391577,FC24002945,40:00.0,Female,Black,45,NULL,NULL,NULL,Not of Hispanic Origin,,0,MA,Class D,0
,57780949904,FC24002948,26:00.0,Male,Black,30,Heavy,NULL,NULL,Not of Hispanic Origin,,0,MA,,0
,57799052434,FC24002954,44:00.0,Male,Unknown,40,Medium,Bald or Balding,Light Brown,Hispanic Origin,,0,MA,Class D,0
,57803269962,FC24002955,21:00.0,Male,White,58,Medium,NULL,NULL,Hispanic Origin,,0,MA,,1
,57886697716,FC24003011,30:00.0,Male,White,22,NULL,NULL,NULL,Hispanic Origin,,0,MA,,0
,57886710204,FC24003011,30:00.0,Male,Black,24,NULL,NULL,NULL,Not of Hispanic Origin,,0,MA,,0
,57886735424,FC24003011,30:00.0,Male,Black,20,Thin,Dreadlocks,Medium Brown,Not of Hispanic Origin,,0,MA,,0
,57886738597,FC24003011,30:00.0,Male,Black,20,NULL,NULL,NULL,Not of Hispanic Origin,,0,MA,,0
,57886739940,FC24003011,30:00.0,Male,Black,17,Thin,NULL,Light Brown,Hispanic Origin,,0,MA,,0
,57887157748,FC24003015,10:00.0,Female,Unknown,47,NULL,NULL,NULL,NULL,,0,MA,ID Only - Never had Personal Driver License,1
,57887322170,FC24003016,00:00.0,Male,White,48,Medium,Short,Light,Not of Hispanic Origin,,0,MA,,0
,57887324339,FC24003016,00:00.0,Male,White,41,Heavy,NULL,NULL,Not of Hispanic Origin,,0,MA,,0
,57894832191,FC24003033,00:00.0,Male,Black,20,Thin,Afro,Light Brown,NULL,,0,MA,,1
,57894836011,FC24003033,00:00.0,Male,Black,21,Thin,Dreadlocks,Medium Brown,Not of Hispanic Origin,,0,MA,None,1
,57894838149,FC24003033,00:00.0,Male,Black,21,Thin,Braided,Medium Brown,Not of Hispanic Origin,,0,MA,Class D,1
,57894839496,FC24003033,00:00.0,Male,Black,18,NULL,NULL,NULL,Not of Hispanic Origin,,0,NULL,,1
,57895360553,FC24003035,36:00.0,Female,White,27,Thin,Short,Light,Unknown,,0,MA,ID Only - Never had Personal Driver License,0
,57896147719,FC24003039,35:00.0,Male,Black,17,NULL,NULL,NULL,Unknown,,0,NULL,,0
,57877005559,FC24002990,58:00.0,Male,Black,32,Heavy,Dreadlocks,Medium,Not of Hispanic Origin,,0,MA,,1
,57882565239,FC24002994,48:00.0,Male,White,40,Thin,NULL,NULL,Hispanic Origin,,0,MA,,0
,57883516209,FC24002998,40:00.0,Female,White,37,Medium,Straight,Light,NULL,,0,MA,,0
,57884661930,FC24002999,10:00.0,Male,Black,38,Medium,NULL,NULL,Not of Hispanic Origin,,0,MA,ID Only - Never had Personal Driver License,0
,57884729992,FC24003000,56:00.0,Male,Black,24,Thin,Braided,Dark Brown,Not of Hispanic Origin,,0,MA,,1
,57885364791,FC24003001,19:00.0,Male,Black,37,NULL,NULL,NULL,Hispanic Origin,,0,NULL,,0
,57885437638,FC24003002,50:00.0,Male,NULL,26,NULL,NULL,NULL,NULL,,0,NULL,,0
,57885442382,FC24003002,50:00.0,Male,Black,72,Medium,Bald or Balding,Medium Brown,Not of Hispanic Origin,,0,MA,,0
,57885445209,FC24003002,50:00.0,Female,Black,19,Heavy,Braided,Dark Brown,Not of Hispanic Origin,,0,MA,,0
,57885447710,FC24003002,50:00.0,Male,Black,56,NULL,NULL,NULL,Not of Hispanic Origin,,0,MA,CDL Class A,0
,57885451817,FC24003002,50:00.0,Female,Black,35,Stocky,Short,Medium Brown,Not of Hispanic Origin,,0,MA,,0
,57885506146,FC24003002,50:00.0,Male,Black,40,Thin,Dreadlocks,Medium Brown,Not of Hispanic Origin,,0,MA,"ID - Had a License, now has ID",0
,57885524036,FC24003002,50:00.0,Female,Black,32,Thin,NULL,NULL,Not of Hispanic Origin,,0,MA,Class D,0
,57885525665,FC24003002,50:00.0,Male,White,42,Obese,Wavy,Light,Not of Hispanic Origin,,0,MA,ID Only - Never had Personal Driver License,0
,57826762872,FC24002960,21:00.0,Male,Black,27,Medium,Dreadlocks,Medium Brown,Not of Hispanic Origin,,0,MA,"ID - Had a License, now has ID",0
,57826789528,FC24002960,21:00.0,Female,White,26,Stocky,Pony Tail,Light Brown,Hispanic Origin,,0,MA,Class D,0
,57826804186,FC24002960,21:00.0,Female,White,49,NULL,NULL,NULL,Hispanic Origin,,0,MA,Class D,0
,57827321960,FC24002962,30:00.0,Female,Black,33,Thin,Curly,Light Brown,Not of Hispanic Origin,,0,MA,,1
,57841168702,FC24002966,34:00.0,Male,Black,29,Medium,NULL,NULL,Not of Hispanic Origin,,0,MA,,0
,57842545061,FC24002970,48:00.0,Male,Other,17,NULL,NULL,NULL,Hispanic Origin,,0,NULL,,0
,57843171497,FC24002971,51:00.0,Male,Black,20,Thin,NULL,NULL,Not of Hispanic Origin,,0,MA,,0
,57843177779,FC24002971,51:00.0,Male,Black,38,Medium,NULL,NULL,Not of Hispanic Origin,,0,MA,Class D,NULL
,57843228883,FC24002972,41:00.0,Male,Black,25,Heavy,Dreadlocks,Light,Unknown,,0,MA,Class D,1
,57843229734,FC24002972,41:00.0,Male,Black,28,Medium,NULL,NULL,Not of Hispanic Origin,,0,MA,,1
,57843230166,FC24002972,41:00.0,Male,White,24,NULL,NULL,NULL,Unknown,,0,MA,Class D,1
,57846008310,FC24002974,16:00.0,Male,White,38,Thin,NULL,Light,Unknown,,0,MA,Class D,1
,57849736869,FC24002975,45:00.0,NULL,NULL,NULL,NULL,NULL,NULL,NULL,,0,NULL,,0
,57852373090,FC24002978,00:00.0,Male,White,15,NULL,NULL,NULL,Not of Hispanic Origin,,0,NULL,,1
,57852380558,FC24002978,00:00.0,Male,Black,19,Thin,NULL,Light Brown,NULL,,0,MA,,NULL
,57885773989,FC24003003,48:00.0,Male,Unknown,53,Thin,Short,Light Brown,Hispanic Origin,,0,MA,None,0
,57886622204,FC24003012,30:00.0,Male,Black,20,Thin,Curly,Medium Brown,NULL,,0,MA,Class D,0
,57886630419,FC24003012,30:00.0,Male,Black,45,Thin,NULL,NULL,Not of Hispanic Origin,,0,MA,Class D,0
,57886688543,FC24003012,30:00.0,Male,Black,20,Thin,Dreadlocks,Medium Brown,Not of Hispanic Origin,,0,MA,,0
,57886689654,FC24003012,30:00.0,Male,Black,20,NULL,NULL,NULL,Not of Hispanic Origin,,0,MA,,0
,57886760063,FC24003014,25:00.0,Male,White,17,Thin,Braided,Light,NULL,,0,MA,,1
,57886760292,FC24003014,25:00.0,Male,White,17,Thin,Afro,Light,Hispanic Origin,,0,MA,,1
,57886760814,FC24003014,25:00.0,Male,Unknown,18,NULL,NULL,NULL,Hispanic Origin,,0,NULL,,1
,57888822088,FC24003019,35:00.0,Male,Black,20,Thin,Dreadlocks,Medium Brown,Not of Hispanic Origin,,0,MA,,0
,57888825798,FC24003019,35:00.0,Male,Black,31,Medium,NULL,NULL,Hispanic Origin,,0,MA,,0
,57888826448,FC24003019,35:00.0,Male,Black,30,Heavy,NULL,NULL,Not of Hispanic Origin,,0,MA,,0
,57888826923,FC24003019,35:00.0,Male,Black,17,Thin,NULL,Light Brown,Hispanic Origin,,0,MA,,0
,57888841365,FC24003019,35:00.0,Male,White,24,Medium,Braided,Light Brown,Hispanic Origin,,0,MA,,0
,57891249710,FC24003023,33:00.0,Male,Black,26,Medium,NULL,Medium Brown,Not of Hispanic Origin,,0,MA,Class D,0
,57896157205,FC24003039,35:00.0,Male,Black,18,Medium,Short,Light Brown,Not of Hispanic Origin,,0,MA,,0
,57896159700,FC24003039,35:00.0,Male,White,17,Thin,Short,Medium Brown,Unknown,,0,MA,Class D,0
,57896161328,FC24003039,35:00.0,Male,Black,16,NULL,NULL,NULL,Not of Hispanic Origin,,0,NULL,,0
,57896162953,FC24003039,35:00.0,Male,Asian,18,Thin,NULL,Light Brown,Hispanic Origin,,0,MA,,0
,57896855992,FC24003043,00:00.0,Male,Black,24,Thin,Short,Medium,Not of Hispanic Origin,,0,MA,ID Only - Never had Personal Driver License,0
,57896894379,FC24003046,58:00.0,Male,White,29,Medium,Straight,Light,Not of Hispanic Origin,,0,MA,,0
,57902984022,FC24003054,24:00.0,Male,Black,24,NULL,NULL,NULL,Not of Hispanic Origin,,0,MA,Class D,0
,57902991931,FC24003054,24:00.0,Male,Black,38,NULL,NULL,NULL,Not of Hispanic Origin,,0,NULL,,0
,57906562904,FC24003068,00:00.0,Male,Black,27,Medium,Braided,Medium Brown,Unknown,,0,MA,Class D,1
,57906564108,FC24003068,00:00.0,Male,Black,18,Thin,Braided,Dark,NULL,,0,MA,,1
,57906565524,FC24003068,00:00.0,Male,Black,20,Thin,NULL,Dark Brown,Not of Hispanic Origin,,0,MA,,1
,57906572407,FC24003068,00:00.0,Male,Black,17,Thin,Short,Dark Brown,NULL,,0,MA,,1
,57906576697,FC24003068,00:00.0,Male,Unknown,21,NULL,NULL,NULL,Unknown,,0,MA,Class D,1
,57909047394,FC24003073,10:00.0,Male,Black,21,Medium,Braided,Medium Brown,NULL,,0,MA,,1
,57870663300,FC24002980,19:00.0,Male,Black,34,Thin,NULL,NULL,Hispanic Origin,,0,MA,Class D,0
,57871339898,FC24002981,52:00.0,Male,Black,21,NULL,NULL,NULL,Unknown,,0,MA,Class D,0
,57871628836,FC24002982,00:00.0,Male,Black,34,Medium,NULL,Medium Brown,Not of Hispanic Origin,,0,MA,ID Only - Never had Personal Driver License,0
,57871630005,FC24002982,00:00.0,Male,Black,18,Medium,Short,Light Brown,Not of Hispanic Origin,,0,MA,,0
,57871633966,FC24002982,00:00.0,Male,Black,19,Medium,Short,Medium Brown,Not of Hispanic Origin,,0,MA,,0
,57871636647,FC24002982,00:00.0,Male,Black,16,NULL,NULL,NULL,Not of Hispanic Origin,,0,NULL,,0
,57871646489,FC24002982,00:00.0,Male,Asian,18,Thin,NULL,Light Brown,Hispanic Origin,,0,MA,,0
,57871647482,FC24002982,00:00.0,Male,White,26,Thin,NULL,NULL,Hispanic Origin,,0,MA,ID Only - Never had Personal Driver License,0
,57871655371,FC24002982,00:00.0,Male,Black,17,NULL,NULL,NULL,Unknown,,0,NULL,,0
,57871657840,FC24002982,00:00.0,Male,White,27,Thin,Short,Light,Hispanic Origin,,0,MA,,0
,57871676969,FC24002982,00:00.0,Male,Black,27,Thin,NULL,NULL,Not of Hispanic Origin,,0,MA,,0
,57871682179,FC24002982,00:00.0,Male,Black,34,Heavy,Short,Dark,Not of Hispanic Origin,,0,MA,Class D,0
,57885764979,FC24003004,25:00.0,Male,Black,34,Medium,NULL,Medium Brown,Not of Hispanic Origin,,0,MA,ID Only - Never had Personal Driver License,0
,57885910087,FC24003006,36:00.0,Male,Black,32,Thin,Short,Light Brown,Hispanic Origin,,0,MA,Class D,0
,57724698354,FC24002926,45:00.0,Male,White,29,Medium,Short,NULL,Hispanic Origin,,0,MA,Class D,1
,57724717161,FC24002927,00:00.0,Male,Black,30,Unknown,NULL,NULL,Not of Hispanic Origin,,0,MA,,0
,57751426491,FC24002931,26:00.0,Male,Black,NULL,NULL,NULL,NULL,NULL,,0,NULL,,0
,57753284350,FC24002932,00:00.0,Female,White,40,Thin,NULL,NULL,Not of Hispanic Origin,,0,MA,,0
,57758344427,FC24002935,05:00.0,Male,Black,23,NULL,NULL,NULL,Unknown,,0,MA,Class D,0
,57759837929,FC24002936,00:00.0,Male,Black,NULL,NULL,NULL,NULL,Not of Hispanic Origin,,0,NULL,,1
,57789508083,FC24002949,00:00.0,Female,Black,34,NULL,NULL,NULL,Unknown,,0,NULL,,0
,57826734650,FC24002959,30:00.0,Male,White,51,Medium,Short,Light,NULL,,0,MA,Class D,0
,57826741400,FC24002959,30:00.0,Female,White,48,Thin,NULL,NULL,Not of Hispanic Origin,,0,MA,Other: M,0
,57828420550,FC24002963,28:00.0,Male,White,57,NULL,NULL,NULL,Not of Hispanic Origin,,0,NULL,,0
,57842420538,FC24002969,40:00.0,Male,Black,21,NULL,NULL,NULL,Unknown,,0,MA,,0
,57876741609,FC24002973,22:00.0,Male,Unknown,25,Thin,Short,NULL,NULL,,0,MA,,1
,57853316910,FC24002979,05:00.0,Male,Black,27,Medium,NULL,NULL,Not of Hispanic Origin,,0,MA,Class D,0
,57853422407,FC24002979,05:00.0,Female,Black,24,NULL,NULL,NULL,Hispanic Origin,,0,MA,Class D,NULL
,57871828636,FC24002984,38:00.0,Male,Black,25,Thin,Afro,Medium Brown,Not of Hispanic Origin,,0,MA,,1
,57871831764,FC24002984,38:00.0,Male,White,26,Thin,Curly,Light Brown,NULL,,0,MA,,NULL
,57891249710,FC24003023,33:00.0,Male,Black,26,Medium,NULL,Medium Brown,Not of Hispanic Origin,,0,MA,Class D,NULL
,57891398113,FC24003024,19:00.0,Male,White,35,NULL,NULL,NULL,Hispanic Origin,,0,MA,,0
,57893718557,FC24003029,35:00.0,Male,White,39,Thin,Receding or Slightly Receding,Light,Not of Hispanic Origin,,0,MA,,0
,57895509775,FC24003036,40:00.0,Male,Black,50,Medium,NULL,NULL,Not of Hispanic Origin,,0,MA,,0
,57895512670,FC24003036,40:00.0,Female,White,27,Thin,Short,Light,Unknown,,0,MA,ID Only - Never had Personal Driver License,NULL
,57895463291,FC24003037,05:00.0,Male,White,26,Heavy,NULL,NULL,Hispanic Origin,,0,MA,,0
,57895465770,FC24003037,05:00.0,Male,White,26,Medium,NULL,NULL,Hispanic Origin,,0,MA,Class D,0
,57895473381,FC24003037,05:00.0,Male,Black,31,Medium,NULL,NULL,Hispanic Origin,,0,MA,,0
,57895475346,FC24003037,05:00.0,Male,Black,20,NULL,NULL,NULL,Not of Hispanic Origin,,0,MA,,0
,57895477075,FC24003037,05:00.0,Male,Black,17,Thin,NULL,Light Brown,Hispanic Origin,,0,MA,,0
,57895480406,FC24003037,05:00.0,Male,Other,17,NULL,NULL,NULL,Hispanic Origin,,0,NULL,,0
,57896943121,FC24003049,00:00.0,Male,Black,23,Thin,Braided,Medium Brown,NULL,,0,MA,,0
,57905063431,FC24003058,45:00.0,Male,Black,24,Thin,NULL,NULL,Not of Hispanic Origin,,0,MA,,1
,57905692568,FC24003060,00:00.0,Male,Black,33,Medium,Short,NULL,Unknown,,0,MA,Class D,0
,57906540207,FC24003067,50:00.0,Male,Black,43,Thin,Short,Medium,Hispanic Origin,,0,MA,ID Only - Never had Personal Driver License,0
,57911114437,FC24003074,20:00.0,Male,Black,65,NULL,NULL,NULL,Not of Hispanic Origin,,0,MA,Class D,0
,57927847236,FC24003077,17:00.0,Male,Black,18,Thin,Curly,Light Brown,Hispanic Origin,,0,NULL,,1
,57927879967,FC24003077,17:00.0,Male,Black,31,Medium,Short,Dark Brown,Not of Hispanic Origin,,0,MA,Class D,1
,57937752895,FC24003085,00:00.0,Male,Black,20,NULL,Afro,Medium Brown,NULL,,0,MA,,0
,57937753992,FC24003085,00:00.0,Male,Black,18,Thin,Curly,Medium Brown,Not of Hispanic Origin,,0,MA,,0
,57937998178,FC24003086,08:00.0,Male,Black,30,Medium,NULL,Medium Brown,Not of Hispanic Origin,,0,MA,Class D,0
,57937999180,FC24003086,08:00.0,Male,Black,27,Medium,Braided,Light Brown,Not of Hispanic Origin,,0,MA,ID Only - Never had Personal Driver License,0
,57938006374,FC24003086,08:00.0,Male,Black,25,Medium,Braided,Dark,Not of Hispanic Origin,,0,MA,Class D,0
,57940073660,FC24003088,58:00.0,Male,Black,35,Thin,NULL,NULL,Not of Hispanic Origin,,0,MA,Personal Driver License,1
,57946215718,FC24003091,00:00.0,Male,White,41,Thin,Bald or Balding,Medium,Not of Hispanic Origin,,0,MA,Class D,0
,57946020686,FC24003092,30:00.0,Male,Black,26,Thin,NULL,NULL,Not of Hispanic Origin,,0,MA,Class D,1
,57946022768,FC24003092,30:00.0,Male,Black,24,Thin,Braided,Medium Brown,Not of Hispanic Origin,,0,MA,Class D,1
,57946025437,FC24003092,30:00.0,Female,Black,25,Heavy,Braided,Medium Brown,Not of Hispanic Origin,,0,MA,Class D,0
,57885912619,FC24003006,36:00.0,Female,White,29,Medium,Straight,NULL,NULL,,0,MA,,NULL
,57885915953,FC24003006,36:00.0,Female,White,37,Medium,NULL,NULL,Not of Hispanic Origin,,0,MA,,NULL
,57886088697,FC24003008,20:00.0,Male,Black,50,Medium,Bald or Balding,NULL,Not of Hispanic Origin,,0,MA,,0
,57889088075,FC24003020,30:00.0,Male,White,24,Medium,Braided,Light Brown,Hispanic Origin,,0,MA,,0
,57889088638,FC24003020,30:00.0,Male,Black,20,Thin,Dreadlocks,Medium Brown,Not of Hispanic Origin,,0,MA,,0
,57889089203,FC24003020,30:00.0,Male,Black,31,Medium,NULL,NULL,Hispanic Origin,,0,MA,,0
,57889090687,FC24003020,30:00.0,Male,Black,30,Heavy,NULL,NULL,Not of Hispanic Origin,,0,MA,,0
,57889091302,FC24003020,30:00.0,Male,Black,17,Thin,NULL,Light Brown,Hispanic Origin,,0,MA,,0
,57891053704,FC24003021,00:00.0,Female,Black,31,Thin,Curly,Light,Not of Hispanic Origin,,0,MA,Class D,0
,57891105244,FC24003022,11:00.0,Male,Black,43,Medium,Short,Medium Brown,Not of Hispanic Origin,,0,MA,ID Only - Never had Personal Driver License,1
,57891586002,FC24003025,49:00.0,Male,Black,26,Thin,Short,Medium,Hispanic Origin,,0,MA,,0
,57894240960,FC24003030,01:00.0,Male,Black,26,Thin,Braided,Medium,Not of Hispanic Origin,,0,MA,Class D,0
,57894262864,FC24003030,01:00.0,Male,Black,34,NULL,NULL,NULL,Not of Hispanic Origin,,0,NULL,,0
,57895166514,FC24003034,32:00.0,Male,Black,58,Medium,Unkempt,Dark,Not of Hispanic Origin,,0,MA,Class D,0
,57871836150,FC24002984,38:00.0,Male,Black,27,Medium,Short,Light Brown,Hispanic Origin,,0,MA,,NULL
,57871839654,FC24002984,38:00.0,Male,Black,25,Thin,Curly,Light,Hispanic Origin,,0,MA,,NULL
,57871841626,FC24002984,38:00.0,Male,Black,28,Medium,NULL,NULL,Not of Hispanic Origin,,0,MA,,NULL
,57879762549,FC24002991,00:00.0,Male,Black,22,Muscular,Braided,Medium,Not of Hispanic Origin,,0,MA,Class D,1
,57885864309,FC24003005,07:00.0,Male,Black,19,Thin,Afro,Light Brown,Hispanic Origin,,0,MA,,1
,57886077785,FC24003007,55:00.0,Male,Black,34,Medium,NULL,Medium Brown,Not of Hispanic Origin,,0,MA,ID Only - Never had Personal Driver License,1
,57886083446,FC24003007,55:00.0,Male,Black,22,NULL,NULL,NULL,Not of Hispanic Origin,,0,MA,Class D,0
,57886086503,FC24003007,55:00.0,Male,Asian,18,Thin,NULL,Light Brown,Hispanic Origin,,0,MA,,0
,57886169300,FC24003009,31:00.0,Male,Black,22,Thin,Short,Medium,Not of Hispanic Origin,,0,MA,,0
,57886177158,FC24003009,31:00.0,Male,Black,25,Medium,NULL,Medium,NULL,,0,MA,,0
,57886585869,FC24003010,00:00.0,Male,Black,50,Thin,Short,Dark Brown,Not of Hispanic Origin,,0,MA,,0
,57887829589,FC24003017,20:00.0,Male,Black,31,Medium,NULL,NULL,Not of Hispanic Origin,,0,MA,,1
,57887834559,FC24003017,20:00.0,Male,Black,26,Medium,NULL,Medium Brown,NULL,,0,MA,,1
,57887844800,FC24003017,20:00.0,Female,Black,25,Thin,Short,Light Brown,Not of Hispanic Origin,,0,MA,"ID - Had a License, now has ID",NULL
,57906863821,FC24003069,15:00.0,Male,Black,44,Medium,NULL,NULL,Not of Hispanic Origin,,0,MA,ID Only - Never had Personal Driver License,0
,57906865650,FC24003069,15:00.0,Male,White,24,Thin,Afro,Medium Brown,NULL,,0,MA,,0
,57913032620,FC24003076,00:00.0,Male,Black,34,Thin,Short,Brown,Not of Hispanic Origin,,0,MA,Class D,0
,57931100178,FC24003078,40:00.0,Male,White,53,Medium,Short,Light,Not of Hispanic Origin,,0,MA,,0
,57934646063,FC24003080,00:00.0,Male,White,38,Thin,NULL,NULL,Not of Hispanic Origin,,0,MA,,1
,57936894969,FC24003082,00:00.0,Male,Black,31,Muscular,Dreadlocks,Medium Brown,Not of Hispanic Origin,,0,MA,ID Only - Never had Personal Driver License,0
,57937378924,FC24003084,24:00.0,Male,Black,27,Stocky,Short,Dark Brown,Not of Hispanic Origin,,0,MA,,0
,57937381988,FC24003084,24:00.0,Male,NULL,27,Medium,Short,Medium,Not of Hispanic Origin,,0,MA,,0
,57937383364,FC24003084,24:00.0,Male,Black,24,Thin,NULL,Light,Not of Hispanic Origin,,0,MA,Class D,0
,57944498499,FC24003089,36:00.0,Male,White,NULL,NULL,NULL,NULL,Hispanic Origin,,0,NULL,,0
,57947167006,FC24003096,38:00.0,Male,White,42,Thin,Straight,Light,Unknown,,0,NULL,,0
,57947389138,FC24003097,00:00.0,Male,Black,31,Medium,NULL,NULL,Not of Hispanic Origin,,0,MA,,1
,57947390107,FC24003097,00:00.0,Male,Black,32,Medium,NULL,NULL,Hispanic Origin,,0,MA,Class D,1
,57962803857,FC24003107,45:00.0,Male,Black,51,Thin,NULL,NULL,Not of Hispanic Origin,,0,MA,,0
,57896618397,FC24003041,24:00.0,Male,Black,24,Thin,Braided,Medium Brown,Not of Hispanic Origin,,0,MA,Class D,0
,57896625604,FC24003041,24:00.0,Male,Black,24,Heavy,NULL,NULL,Hispanic Origin,,0,MA,,0
,57896626928,FC24003041,24:00.0,Male,Black,30,Medium,NULL,Medium Brown,Not of Hispanic Origin,,0,MA,Class D,0
,57896629191,FC24003041,24:00.0,Male,Black,18,NULL,NULL,NULL,Not of Hispanic Origin,,0,NULL,,0
,57896631281,FC24003041,24:00.0,Male,Black,15,Thin,Short,Medium Brown,NULL,,0,MA,,0
,57896986521,FC24003041,24:00.0,Male,White,21,Medium,Short,Light Brown,Hispanic Origin,,0,MA,,0
,57896990437,FC24003041,24:00.0,Male,Black,15,NULL,NULL,NULL,Not of Hispanic Origin,,0,NULL,,0
,57896814787,FC24003042,30:00.0,Male,Black,19,Thin,Braided,Light Brown,Not of Hispanic Origin,,0,MA,,1
,57896816711,FC24003042,30:00.0,Male,White,20,Medium,NULL,NULL,Unknown,,0,MA,,1
,57896841263,FC24003044,00:00.0,Male,Black,28,Heavy,Short,Dark Brown,Not of Hispanic Origin,,0,MA,,0
,57896844365,FC24003044,00:00.0,Male,Black,55,Medium,Short,Medium Brown,Not of Hispanic Origin,,0,MA,,0
,57896845948,FC24003044,00:00.0,Male,White,44,Thin,NULL,NULL,Hispanic Origin,,0,MA,,0
,57896888225,FC24003045,00:00.0,Male,Black,19,Medium,Braided,Medium,NULL,,0,MA,,0
,57896891723,FC24003045,00:00.0,Male,Black,20,Thin,Braided,Light Brown,NULL,,0,MA,ID Only - Never had Personal Driver License,0
,57946927178,FC24003094,35:00.0,Male,White,15,NULL,NULL,NULL,Hispanic Origin,,0,NULL,,1
,57949057758,FC24003099,00:00.0,Male,Black,45,Medium,NULL,NULL,Not of Hispanic Origin,,0,MA,,0
,57955967151,FC24003105,30:00.0,Female,Black,38,Thin,Curly,Light,Unknown,,0,MA,,0
,57967632869,FC24003111,15:00.0,Male,White,22,Heavy,Curly,Light,Unknown,,0,MA,ID Only - Never had Personal Driver License,0
,57967633701,FC24003111,15:00.0,Male,Black,24,Thin,Braided,Medium Brown,Not of Hispanic Origin,,0,MA,Class D,0
,57967639403,FC24003111,15:00.0,Male,Black,15,Thin,Short,Medium Brown,NULL,,0,MA,,1
,57967644158,FC24003111,15:00.0,Male,Black,26,Heavy,Braided,Brown,Not of Hispanic Origin,,0,MA,ID Only - Never had Personal Driver License,0
,57968412945,FC24003113,45:00.0,Male,White,23,NULL,NULL,NULL,Hispanic Origin,,0,MA,Class D,1
,57968629176,FC24003115,38:00.0,Male,Black,19,NULL,NULL,NULL,Not of Hispanic Origin,,0,NULL,,1
,57968667593,FC24003116,08:00.0,Male,Black,29,NULL,NULL,NULL,NULL,,0,MA,Class D,0
,57970499407,FC24003117,24:00.0,Male,Black,39,Medium,NULL,NULL,Not of Hispanic Origin,,0,MA,Class D,0
,57970773304,FC24003118,02:00.0,Male,Black,24,Medium,Afro,Medium Brown,Not of Hispanic Origin,,0,MA,Class D,1
,57970774773,FC24003118,02:00.0,Male,Black,23,Thin,Short,Dark Brown,Not of Hispanic Origin,,0,MA,,1
,57979604754,FC24003125,30:00.0,Female,Black,61,NULL,NULL,NULL,Unknown,,0,MA,Class D,0
,57887850356,FC24003017,20:00.0,Female,Black,19,NULL,NULL,NULL,Unknown,,0,NULL,,NULL
,57887856946,FC24003017,20:00.0,Female,Black,22,Thin,NULL,Light Brown,Not of Hispanic Origin,,0,MA,Instruction Permit,NULL
,57887855135,FC24003018,00:00.0,Male,Asian,23,NULL,NULL,NULL,NULL,,0,NULL,,0
,57891808706,FC24003026,24:00.0,Male,Black,19,Thin,Braided,Dark,Not of Hispanic Origin,,0,MA,,1
,57891832595,FC24003026,24:00.0,Male,Black,18,Thin,Other,Dark,Not of Hispanic Origin,,0,NULL,,0
,57893126300,FC24003027,35:00.0,Male,White,35,NULL,NULL,NULL,Hispanic Origin,,0,MA,,1
,57896301087,FC24003040,03:00.0,Unknown,White,NULL,NULL,NULL,NULL,Not of Hispanic Origin,,0,NULL,,0
,57896301854,FC24003040,03:00.0,Female,Unknown,NULL,NULL,NULL,NULL,Unknown,,0,NULL,,0
,57896302050,FC24003040,03:00.0,Female,White,NULL,NULL,NULL,NULL,Not of Hispanic Origin,,0,NULL,,0
,57902402123,FC24003053,00:00.0,Male,White,42,Medium,Short,Medium,Not of Hispanic Origin,,0,MA,Class D,1
,57902406025,FC24003053,00:00.0,Female,White,36,Thin,NULL,Light,Not of Hispanic Origin,,0,MA,Class D,1
,57904610232,FC24003055,30:00.0,Male,Asian,18,Thin,NULL,Light Brown,Hispanic Origin,,0,MA,,0
,57904611618,FC24003055,30:00.0,Male,Black,34,Heavy,Short,Dark,Not of Hispanic Origin,,0,MA,Class D,0
,57904612643,FC24003055,30:00.0,Male,Black,32,Thin,NULL,Medium,Not of Hispanic Origin,,0,MA,,0
,57904613715,FC24003055,30:00.0,Female,White,23,Thin,NULL,Light,Hispanic Origin,,0,MA,,0
,57963157973,FC24003110,00:00.0,Male,White,42,NULL,NULL,NULL,Unknown,,0,MA,,1
,57968531377,FC24003114,01:00.0,Female,Black,25,Thin,Braided,Medium,Unknown,,0,MA,ID Only - Never had Personal Driver License,0
,57968541752,FC24003114,01:00.0,Female,Black,21,NULL,NULL,NULL,Unknown,,0,MA,,0
,57968573944,FC24003114,01:00.0,Female,Black,21,NULL,NULL,NULL,NULL,,0,NULL,,0
,57975167264,FC24003120,16:00.0,Male,Black,31,NULL,NULL,NULL,Not of Hispanic Origin,,0,NULL,,0
,57975780970,FC24003121,14:00.0,Male,Black,44,Medium,Unkempt,Medium Brown,Not of Hispanic Origin,,0,MA,ID Only - Never had Personal Driver License,0
,57979675283,FC24003126,37:00.0,Male,Black,27,Thin,Short,Dark Brown,Not of Hispanic Origin,,0,MA,Class D,1
,57979676814,FC24003126,37:00.0,Male,Black,27,Medium,Short,Medium Brown,Not of Hispanic Origin,,0,MA,Class D,0
,57981565810,FC24003131,05:00.0,Male,Black,35,Stocky,NULL,NULL,Not of Hispanic Origin,,0,MA,Class D,1
,57982221686,FC24003138,04:00.0,Male,White,19,Medium,Curly,Light,Hispanic Origin,,0,MA,Class D,0
,57982344945,FC24003138,04:00.0,Male,Black,17,NULL,NULL,NULL,Unknown,,0,MA,Class D,0
,57982817651,FC24003141,52:00.0,Male,White,44,NULL,NULL,NULL,Hispanic Origin,,0,NULL,,NULL
,57982818332,FC24003141,52:00.0,Male,Black,35,NULL,NULL,NULL,Unknown,,0,NULL,,0
,57982864009,FC24003142,00:00.0,Male,White,39,Medium,Wavy,Light Brown,Hispanic Origin,,0,MA,Class D,0
,57982864817,FC24003142,00:00.0,Female,White,36,Small,Straight,Fair,Not of Hispanic Origin,,0,MA,,0
,57896893453,FC24003047,00:00.0,Male,White,51,Medium,Short,Medium,Not of Hispanic Origin,,0,MA,,1
,57900009083,FC24003052,20:00.0,Male,Black,20,Medium,Dreadlocks,Medium Brown,Hispanic Origin,,0,MA,,1
,57905743627,FC24003061,30:00.0,Male,Black,53,Thin,Short,Medium,Not of Hispanic Origin,,0,MA,Class D,1
,57905748136,FC24003061,30:00.0,Male,Black,53,NULL,NULL,NULL,Not of Hispanic Origin,,0,MA,Class D,1
,57906282622,FC24003063,21:00.0,Male,Black,40,Thin,Short,Medium Brown,Not of Hispanic Origin,,0,MA,,0
,57906290356,FC24003063,21:00.0,Female,Black,32,NULL,NULL,NULL,Unknown,,0,MA,ID Only - Never had Personal Driver License,0
,57906369873,FC24003066,39:00.0,Male,Black,24,Thin,Short,Dark Brown,Not of Hispanic Origin,,0,MA,Class D,0
,57906373719,FC24003066,39:00.0,Male,Black,25,Thin,Short,NULL,Not of Hispanic Origin,,0,MA,Class D,0
,57906450523,FC24003066,39:00.0,Male,White,24,Thin,Afro,Light Brown,Hispanic Origin,,0,MA,"ID - Had a License, now has ID",0
,57907087392,FC24003071,53:00.0,Female,White,30,NULL,NULL,NULL,Not of Hispanic Origin,,0,MA,Class D,0
,57909078236,FC24003072,27:00.0,Male,Black,40,Medium,Short,Medium Brown,NULL,,0,MA,,1
,57936818417,FC24003081,52:00.0,Male,White,29,Thin,NULL,NULL,Not of Hispanic Origin,,0,MA,,1
,57944602418,FC24003090,25:00.0,Male,Black,54,NULL,NULL,NULL,Unknown,,0,MA,No License - Record Only,0
,57946959778,FC24003095,11:00.0,Male,Black,36,Medium,NULL,NULL,Not of Hispanic Origin,,0,MA,,0
,57981119030,FC24003128,25:00.0,Male,Black,29,Thin,NULL,NULL,Not of Hispanic Origin,,0,MA,"ID - Had a License, now has ID",0
,57981339632,FC24003130,20:00.0,Male,Black,NULL,Unknown,Afro,Black,NULL,,0,NULL,,0
,57993962628,FC24003149,50:00.0,Male,Black,37,Medium,Short,Medium Brown,Hispanic Origin,,0,MA,Class D,1
,57995837997,FC24003151,00:00.0,Male,Black,31,Medium,Dreadlocks,Medium,Unknown,,0,MA,Class D,0
,58007139434,FC24003164,43:00.0,Male,Black,26,Medium,Short,Medium,Not of Hispanic Origin,,0,MA,,0
,58013138528,FC24003171,30:00.0,Male,White,35,NULL,NULL,NULL,Hispanic Origin,,0,MA,Class D,0
,58061201627,FC24003180,26:00.0,Male,White,34,Thin,Curly,Light,NULL,,0,MA,,0
,58061224662,FC24003180,26:00.0,Female,Black,37,Thin,Wavy,Medium Brown,Hispanic Origin,,0,MA,,0
,58061237018,FC24003180,26:00.0,Male,Black,47,Medium,Bald or Balding,Medium,Not of Hispanic Origin,,0,MA,Other: Suspended,0
,58061252628,FC24003180,26:00.0,Male,White,45,Heavy,Bald or Balding,Light,Hispanic Origin,,0,MA,,0
,58064425195,FC24003181,20:00.0,Male,White,20,Thin,Wavy,Fair,Unknown,,0,MA,,0
,58064462363,FC24003181,20:00.0,Male,Asian,18,Thin,NULL,Light Brown,Hispanic Origin,,0,MA,,0
,58064504160,FC24003181,20:00.0,Male,Black,18,Medium,Short,Light Brown,Not of Hispanic Origin,,0,MA,,0
,58064546372,FC24003181,20:00.0,Male,Black,24,Thin,Short,Dark,NULL,,0,MA,,0
,57905001828,FC24003057,50:00.0,Male,White,26,Medium,NULL,NULL,Hispanic Origin,,0,MA,Class D,0
,57905003446,FC24003057,50:00.0,Male,White,29,Medium,Short,OTHER,Hispanic Origin,,0,MA,,0
,57905004913,FC24003057,50:00.0,Male,White,26,Heavy,NULL,NULL,Hispanic Origin,,0,MA,,0
,57906922774,FC24003070,52:00.0,Male,White,35,Thin,Short,Medium,Hispanic Origin,,0,MA,ID Only - Never had Personal Driver License,1
,57906925242,FC24003070,52:00.0,Male,Black,41,Thin,Short,Dark,Not of Hispanic Origin,,0,MA,,0
,57906926196,FC24003070,52:00.0,Female,White,33,Thin,Wavy,Light,Not of Hispanic Origin,,0,MA,,0
,57911140799,FC24003075,30:00.0,Female,White,40,NULL,NULL,NULL,Not of Hispanic Origin,,0,MA,ID Only - Never had Personal Driver License,NULL
,57911208645,FC24003075,30:00.0,Male,Black,NULL,NULL,NULL,NULL,NULL,,0,NULL,,0
,57948718593,FC24003098,34:00.0,Male,Black,14,Thin,Corn Rows,Dark Brown,NULL,,0,MA,,1
,57948718698,FC24003098,34:00.0,Male,Black,14,Thin,NULL,Light Brown,Not of Hispanic Origin,,0,MA,,1
,57948718889,FC24003098,34:00.0,Male,Unknown,18,NULL,NULL,NULL,Unknown,,0,NULL,,1
,57948719028,FC24003098,34:00.0,Female,Black,33,Medium,Straight,Medium,Not of Hispanic Origin,,0,MA,,0
,57948742994,FC24003098,34:00.0,Male,Black,32,Medium,Short,Dark,Not of Hispanic Origin,,0,MA,Class D,NULL
,57951981562,FC24003102,52:00.0,Female,Black,33,Medium,NULL,NULL,Not of Hispanic Origin,,0,MA,Class D,1
,57993086114,FC24003145,35:00.0,Male,Black,18,Medium,Afro,Medium Brown,Not of Hispanic Origin,,0,MA,,1
,57993730779,FC24003146,52:00.0,Male,Black,24,NULL,NULL,NULL,Not of Hispanic Origin,,0,MA,Class D,1
,57993732947,FC24003147,45:00.0,Male,Black,34,Thin,Dreadlocks,Medium Brown,Not of Hispanic Origin,,0,MA,ID Only - Never had Personal Driver License,0
,57993745623,FC24003147,45:00.0,Male,Black,31,Medium,NULL,NULL,Not of Hispanic Origin,,0,MA,Class D,0
,57993748841,FC24003147,45:00.0,Female,Black,35,Medium,NULL,NULL,Not of Hispanic Origin,,0,MA,,0
,58003952101,FC24003159,43:00.0,Male,White,43,NULL,NULL,NULL,Not of Hispanic Origin,,0,MA,"ID - Had a License, now has ID",1
,58003995741,FC24003160,10:00.0,Male,White,40,Thin,NULL,NULL,Hispanic Origin,,0,MA,,0
,58005514157,FC24003161,15:00.0,Male,Black,24,Medium,Braided,Dark,Not of Hispanic Origin,,0,MA,Class D,1
,58012153514,FC24003167,24:00.0,Male,White,24,Thin,Braided,Light,Unknown,,0,MA,Class D,1
,58012153961,FC24003167,24:00.0,Female,Black,19,Thin,NULL,NULL,Not of Hispanic Origin,,0,MA,ID Only - Never had Personal Driver License,1
,58012309846,FC24003169,36:00.0,Male,Black,21,Medium,NULL,NULL,Not of Hispanic Origin,,0,MA,CDL Class C,0
,58012310631,FC24003169,36:00.0,Male,Black,20,Thin,Braided,Medium Brown,Not of Hispanic Origin,,0,MA,,0
,58014050754,FC24003173,30:00.0,Male,White,30,Thin,Short,Medium,NULL,,0,MA,Class D,0
,57949154984,FC24003100,55:00.0,Male,Black,23,Medium,Short,Medium Brown,Not of Hispanic Origin,,0,MA,ID Only - Never had Personal Driver License,0
,57949234107,FC24003101,15:00.0,Male,Black,30,Medium,Corn Rows,Medium,Not of Hispanic Origin,,0,MA,Class D,0
,57962871163,FC24003108,00:00.0,Male,Black,22,NULL,NULL,NULL,Not of Hispanic Origin,,0,MA,Class D,1
,57962876982,FC24003108,00:00.0,Male,Black,19,Medium,Short,Medium Brown,Not of Hispanic Origin,,0,MA,,1
,57962878811,FC24003108,00:00.0,Male,Asian,18,Thin,NULL,Light Brown,Hispanic Origin,,0,MA,,1
,57962880130,FC24003108,00:00.0,Male,White,26,Thin,NULL,NULL,Hispanic Origin,,0,MA,ID Only - Never had Personal Driver License,1
,57963064613,FC24003109,00:00.0,Male,White,20,Thin,Wavy,Fair,Unknown,,0,MA,,0
,57963065401,FC24003109,00:00.0,Male,Black,16,Thin,Dreadlocks,Light Brown,NULL,,0,MA,,0
,57978370127,FC24003122,20:00.0,Female,Black,39,NULL,NULL,NULL,Hispanic Origin,,0,MA,Class D,0
,57978423137,FC24003123,42:00.0,Male,NULL,NULL,NULL,NULL,NULL,NULL,,0,NULL,,NULL
,57978427664,FC24003123,42:00.0,Male,Black,22,Thin,Short,Medium Brown,Not of Hispanic Origin,,0,MA,ID Only - Never had Personal Driver License,0
,57979541438,FC24003124,14:00.0,Male,NULL,19,NULL,NULL,NULL,Hispanic Origin,,0,MA,,0
,57979553687,FC24003124,14:00.0,Male,Other,20,NULL,NULL,NULL,Hispanic Origin,,0,NULL,,0
,57979557085,FC24003124,14:00.0,Male,Other,17,NULL,NULL,NULL,Hispanic Origin,,0,NULL,,0
,58064573566,FC24003181,20:00.0,Male,White,17,Thin,Short,Medium Brown,Unknown,,0,MA,Class D,0
,58064806518,FC24003181,20:00.0,Male,Other,17,NULL,NULL,NULL,Unknown,,0,NULL,,0
,58077340000,FC24003184,52:00.0,Male,Black,43,Medium,Bald or Balding,Medium,Not of Hispanic Origin,,0,MA,Class D,0
,58077340899,FC24003184,52:00.0,Female,Black,26,Medium,Afro,NULL,Not of Hispanic Origin,,0,MA,Class D,NULL
,58081526630,FC24003185,35:00.0,Male,Black,24,NULL,NULL,NULL,Unknown,,0,MA,Class D,1
,58081529461,FC24003185,35:00.0,Male,Black,21,Thin,Short,Medium Brown,Not of Hispanic Origin,,0,MA,ID Only - Never had Personal Driver License,1
,58081535525,FC24003185,35:00.0,Female,Black,26,Heavy,NULL,NULL,Not of Hispanic Origin,,0,MA,Class D,1
,58121476323,FC24003203,30:00.0,Male,Black,23,Medium,NULL,NULL,Not of Hispanic Origin,,0,MA,,1
,58121478582,FC24003203,30:00.0,Male,Black,25,Medium,Braided,Medium Brown,NULL,,0,MA,,1
,58121483477,FC24003203,30:00.0,Female,Black,27,Medium,Short,Dark Brown,Not of Hispanic Origin,,0,MA,,0
,58123900910,FC24003208,13:00.0,Male,Black,41,NULL,NULL,NULL,NULL,,0,NULL,,1
,58124295281,FC24003212,00:00.0,Female,NULL,32,Thin,NULL,NULL,Not of Hispanic Origin,,0,MA,,1
,58125507196,FC24003213,37:00.0,Male,Black,38,NULL,NULL,NULL,Not of Hispanic Origin,,0,MA,"ID - Had a License, now has ID",0
,58125556302,FC24003213,37:00.0,Female,White,47,NULL,NULL,NULL,NULL,,0,MA,Class D,NULL
,58005560964,FC24003103,00:00.0,Male,Black,25,Thin,Short,Dark Brown,Not of Hispanic Origin,,0,MA,Class D,1
,58005565141,FC24003103,00:00.0,Male,Black,25,Thin,Short,NULL,Not of Hispanic Origin,,0,MA,Class D,1
,58005567480,FC24003103,00:00.0,Male,White,24,Thin,Afro,Light Brown,Hispanic Origin,,0,MA,"ID - Had a License, now has ID",1
,57955478048,FC24003104,45:00.0,Male,Black,30,NULL,NULL,NULL,Hispanic Origin,,0,MA,,0
,57955489949,FC24003104,45:00.0,Female,White,27,NULL,NULL,NULL,Hispanic Origin,,0,MA,,0
,57957922434,FC24003106,20:00.0,Female,Black,37,Thin,Wavy,Medium Brown,Hispanic Origin,,0,MA,,0
,57957923147,FC24003106,20:00.0,Female,White,59,Medium,NULL,NULL,Not of Hispanic Origin,,0,MA,"ID - Had a License, now has ID",0
,57957924730,FC24003106,20:00.0,Male,White,45,Heavy,Bald or Balding,Light,Hispanic Origin,,0,MA,,0
,57957940726,FC24003106,20:00.0,Male,White,21,Heavy,Curly,Light,Hispanic Origin,,0,MA,,0
,57957951525,FC24003106,20:00.0,Male,White,30,Thin,Unkempt,Light,Not of Hispanic Origin,,0,MA,Class D,0
,57967848542,FC24003112,00:00.0,Male,Black,27,Medium,Braided,Dark,Not of Hispanic Origin,,0,MA,Class D,1
,57981399500,FC24003129,55:00.0,Male,White,17,Medium,Afro,Light Brown,Unknown,,0,MA,ID Only - Never had Personal Driver License,0
,57981408409,FC24003129,55:00.0,Male,Unknown,18,NULL,NULL,NULL,Unknown,,0,MA,ID Only - Never had Personal Driver License,0
,57979561321,FC24003124,14:00.0,Male,Black,33,Medium,NULL,NULL,Hispanic Origin,,0,MA,Class D,NULL
,57979984930,FC24003127,30:00.0,Male,White,41,NULL,NULL,NULL,Unknown,,0,MA,"ID - Had a License, now has ID",0
,57979984930,FC24003127,30:00.0,Male,White,41,NULL,NULL,NULL,Unknown,,0,MA,"ID - Had a License, now has ID",NULL
,57981807852,FC24003132,32:00.0,Female,Black,38,NULL,Short,Dark,Unknown,,0,MA,,0
,57981824123,FC24003134,00:00.0,Female,White,29,NULL,NULL,NULL,Not of Hispanic Origin,,0,NULL,,0
,57982101354,FC24003135,25:00.0,Male,White,17,Thin,NULL,Light,NULL,,0,MA,,1
,57982101484,FC24003135,25:00.0,Male,Black,17,NULL,NULL,NULL,Not of Hispanic Origin,,0,NULL,,1
,57982101705,FC24003135,25:00.0,Male,NULL,15,NULL,NULL,NULL,NULL,,0,NULL,,1
,57982123154,FC24003136,58:00.0,Male,Black,30,Medium,NULL,NULL,Not of Hispanic Origin,,0,MA,,1
,57982180628,FC24003137,42:00.0,Male,White,16,Thin,Curly,Medium,Hispanic Origin,,0,MA,,1
,57991859651,FC24003143,20:00.0,Male,Black,19,NULL,NULL,NULL,Not of Hispanic Origin,,0,MA,ID Only - Never had Personal Driver License,1
,57993905819,FC24003148,30:00.0,Male,Black,43,Heavy,Braided,Light,Hispanic Origin,,0,MA,,0
,57993906406,FC24003148,30:00.0,Male,Black,44,Medium,Bald or Balding,Medium,Hispanic Origin,,0,MA,,0
,57993907539,FC24003148,30:00.0,Male,Black,47,Medium,NULL,NULL,Not of Hispanic Origin,,0,MA,Class D,0
,57995140783,FC24003150,20:00.0,Male,Black,18,Thin,Afro,Medium Brown,Hispanic Origin,,0,MA,,1
,57982317239,FC24003139,37:00.0,Male,Black,35,Medium,Short,Medium Brown,Not of Hispanic Origin,,0,MA,"ID - Had a License, now has ID",0
,57982388572,FC24003139,37:00.0,Male,White,45,Heavy,Bald or Balding,Light,Hispanic Origin,,0,MA,,0
,57982681955,FC24003140,01:00.0,Male,Black,24,Medium,Short,Dark,Not of Hispanic Origin,,0,MA,Class D,0
,57982683236,FC24003140,01:00.0,Male,Black,33,Medium,NULL,NULL,Not of Hispanic Origin,,0,MA,Class D,0
,57995884793,FC24003152,18:00.0,Female,White,31,NULL,NULL,NULL,Not of Hispanic Origin,,0,MA,Class D,0
,57995885424,FC24003152,18:00.0,Female,White,34,Thin,Straight,Medium,Not of Hispanic Origin,,0,MA,Class D,0
,57995886741,FC24003152,18:00.0,Male,White,40,Medium,NULL,NULL,Hispanic Origin,,0,MA,,0
,57996107625,FC24003153,00:00.0,Male,Black,30,Medium,Corn Rows,Medium,Not of Hispanic Origin,,0,MA,Class D,0
,58002835071,FC24003157,28:00.0,Male,Black,17,NULL,Afro,NULL,Not of Hispanic Origin,,0,MA,,1
,58007118135,FC24003163,57:00.0,Male,White,47,NULL,NULL,NULL,Hispanic Origin,,0,MA,ID Only - Never had Personal Driver License,1
,58007157794,FC24003165,00:00.0,Male,Black,43,Medium,Braided,Medium Brown,Not of Hispanic Origin,,0,MA,,1
,58013986192,FC24003172,00:00.0,Male,Black,19,Thin,NULL,Medium,Unknown,,0,MA,,0
,58014498150,FC24003174,18:00.0,Male,Black,31,Thin,Short,Medium Brown,Not of Hispanic Origin,,0,MA,"ID - Had a License, now has ID",0
,57995591451,FC24003150,20:00.0,Female,Black,19,NULL,NULL,NULL,Not of Hispanic Origin,,0,NULL,,1
,58001132059,FC24003154,41:00.0,Male,Black,35,Thin,Short,Dark,Hispanic Origin,,0,MA,"ID - Had a License, now has ID",1
,58001134699,FC24003154,41:00.0,Male,Black,47,Medium,Curly,Medium Brown,Hispanic Origin,,0,MA,,0
,58001136088,FC24003154,41:00.0,Female,White,38,Thin,Straight,Medium,Not of Hispanic Origin,,0,MA,"ID - Had a License, now has ID",0
,58001138439,FC24003154,41:00.0,Female,White,38,Medium,Straight,Light,Not of Hispanic Origin,,0,MA,,0
,58001140700,FC24003154,41:00.0,Female,White,52,Medium,NULL,NULL,Not of Hispanic Origin,,0,MA,Class D,0
,58001925718,FC24003155,00:00.0,Male,Black,50,Medium,Bald or Balding,NULL,Not of Hispanic Origin,,0,MA,,0
,58001925718,FC24003155,00:00.0,Male,Black,50,Medium,Bald or Balding,NULL,Not of Hispanic Origin,,0,MA,,NULL
,58002264899,FC24003156,45:00.0,Male,Black,21,Thin,NULL,NULL,Not of Hispanic Origin,,0,MA,,0
,58002355677,FC24003156,45:00.0,Male,White,16,Thin,Curly,Medium,Hispanic Origin,,0,MA,,1
,58003551043,FC24003158,10:00.0,Male,Black,18,NULL,NULL,NULL,Not of Hispanic Origin,,0,NULL,,1
,58012292155,FC24003168,03:00.0,Male,Black,17,Stocky,Dreadlocks,Medium Brown,Not of Hispanic Origin,,0,MA,,0
,58012457721,FC24003170,00:00.0,Male,White,71,Medium,NULL,NULL,NULL,,0,MA,,0
,58059948488,FC24003179,20:00.0,Male,White,41,Thin,Bald or Balding,Medium,Not of Hispanic Origin,,0,MA,Class D,1
,58077325346,FC24003183,12:00.0,Male,Black,23,NULL,NULL,NULL,Unknown,,0,MA,Class D,0
,58090684912,FC24003189,17:00.0,Male,White,17,Medium,Afro,Light Brown,Unknown,,0,MA,ID Only - Never had Personal Driver License,1
,58090689623,FC24003189,17:00.0,Male,Black,23,NULL,NULL,NULL,Hispanic Origin,,0,MA,,1
,58090719953,FC24003189,17:00.0,Male,Black,16,NULL,NULL,NULL,NULL,,0,NULL,,1
,58091120682,FC24003190,10:00.0,Male,Black,16,NULL,NULL,NULL,NULL,,0,NULL,,0
,58091120682,FC24003190,10:00.0,Male,Black,16,NULL,NULL,NULL,NULL,,0,NULL,,NULL
,58091122666,FC24003190,10:00.0,Male,Black,28,NULL,NULL,NULL,Not of Hispanic Origin,,0,MA,Class D,NULL
,58118775651,FC24003199,00:00.0,Male,Black,20,Thin,Dreadlocks,Medium Brown,Not of Hispanic Origin,,0,MA,,0
,58118776755,FC24003199,00:00.0,Male,Black,20,NULL,NULL,NULL,Not of Hispanic Origin,,0,MA,,0
,58123818456,FC24003207,04:00.0,Male,Black,32,Thin,NULL,Medium,Not of Hispanic Origin,,0,MA,,0
,58124109323,FC24003209,48:00.0,Male,Black,16,NULL,NULL,NULL,Not of Hispanic Origin,,0,NULL,,0
,58124127040,FC24003209,48:00.0,Male,Black,NULL,NULL,NULL,NULL,Hispanic Origin,,0,NULL,,0
,58124140996,FC24003209,48:00.0,Male,Unknown,15,NULL,NULL,NULL,NULL,,0,NULL,,0
,58124101276,FC24003211,30:00.0,Male,Black,23,Thin,Braided,Dark,Not of Hispanic Origin,,0,MA,,0
,58124103257,FC24003211,30:00.0,Male,Black,23,Medium,NULL,Dark,Not of Hispanic Origin,,0,MA,Class D,0
,58124108000,FC24003211,30:00.0,Male,Black,21,Heavy,Curly,Dark,Not of Hispanic Origin,,0,MA,ID Only - Never had Personal Driver License,NULL
,58015825106,FC24003175,07:00.0,Male,Black,35,NULL,NULL,NULL,Not of Hispanic Origin,,0,MA,Class D,0
,58015826012,FC24003175,07:00.0,Male,Black,27,Thin,NULL,NULL,Not of Hispanic Origin,,0,MA,,0
,58015826748,FC24003175,07:00.0,Male,Asian,18,Thin,NULL,Light Brown,Hispanic Origin,,0,MA,,0
,58015827619,FC24003175,07:00.0,Male,Black,34,Heavy,Short,Dark,Not of Hispanic Origin,,0,MA,Class D,0
,58015828618,FC24003175,07:00.0,Male,Black,36,Thin,NULL,NULL,Not of Hispanic Origin,,0,MA,,0
,58015830515,FC24003175,07:00.0,Male,White,20,Thin,Wavy,Fair,Unknown,,0,MA,,0
,58015831804,FC24003175,07:00.0,Male,White,27,NULL,NULL,NULL,Hispanic Origin,,0,MA,Class D,0
,58015833140,FC24003175,07:00.0,Female,White,23,Thin,NULL,Light,Hispanic Origin,,0,MA,,0
,58015833870,FC24003175,07:00.0,Male,White,26,Thin,NULL,NULL,Hispanic Origin,,0,MA,ID Only - Never had Personal Driver License,0
,58015834795,FC24003175,07:00.0,Male,Black,32,Thin,NULL,Medium,Not of Hispanic Origin,,0,MA,,0
,58057997049,FC24003177,30:00.0,Male,Black,55,Medium,Curly,NULL,Not of Hispanic Origin,,0,MA,Class D,1
,58066398349,FC24003182,02:00.0,Male,Black,35,Muscular,Short,NULL,Not of Hispanic Origin,,0,MA,,0
,58066408996,FC24003182,02:00.0,Male,Black,35,Thin,NULL,NULL,Not of Hispanic Origin,,0,MA,,0
,58085414360,FC24003186,31:00.0,Male,Black,25,Medium,NULL,NULL,Hispanic Origin,,0,MA,"ID - Had a License, now has ID",0
,58125647127,FC24003214,34:00.0,Male,Black,39,Medium,NULL,Dark Brown,Not of Hispanic Origin,,0,MA,Class D,1
,58131173458,FC24003217,00:00.0,Male,Black,NULL,NULL,NULL,NULL,Not of Hispanic Origin,,0,NULL,,0
,58135336633,FC24003223,00:00.0,Male,Black,19,Thin,NULL,Medium Brown,Not of Hispanic Origin,,0,MA,ID Only - Never had Personal Driver License,1
,58135341426,FC24003223,00:00.0,Male,Black,22,Medium,Short,Medium,Unknown,,0,MA,ID Only - Never had Personal Driver License,1
,58144938505,FC24003232,15:00.0,Female,Black,33,NULL,NULL,NULL,NULL,,0,NULL,,NULL
,58144942618,FC24003232,15:00.0,Male,Black,33,Thin,Short,Dark Brown,Not of Hispanic Origin,,0,MA,,1
,58145585745,FC24003233,30:00.0,Male,Black,26,Heavy,Short,Medium Brown,Hispanic Origin,,0,MA,Class D,1
,58145627596,FC24003233,30:00.0,Male,Black,26,NULL,NULL,NULL,Hispanic Origin,,0,NULL,,1
,58147041664,FC24003237,03:00.0,Male,Black,26,NULL,NULL,NULL,NULL,,0,NULL,,NULL
,58147069776,FC24003237,03:00.0,Male,Black,28,Thin,NULL,Dark,Not of Hispanic Origin,,0,MA,ID Only - Never had Personal Driver License,0
,58147074602,FC24003237,03:00.0,Male,Black,22,NULL,NULL,NULL,NULL,,0,NULL,,0
,58147080967,FC24003237,03:00.0,Male,Black,27,NULL,NULL,NULL,NULL,,0,TN,,0
,58231549832,FC24003244,15:00.0,Male,White,32,Thin,Short,Light,Not of Hispanic Origin,,0,MA,,0
,58233043459,FC24003247,00:00.0,Male,White,41,NULL,NULL,NULL,NULL,,0,NULL,,0
,58233485964,FC24003249,00:00.0,Male,White,47,Thin,Bald or Balding,Light,NULL,,0,MA,,0
,58085414360,FC24003186,31:00.0,Male,Black,25,Medium,NULL,NULL,Hispanic Origin,,0,MA,"ID - Had a License, now has ID",NULL
,58090331590,FC24003188,58:00.0,Male,Black,17,NULL,Afro,NULL,Not of Hispanic Origin,,0,MA,,1
,58100874645,FC24003191,53:00.0,Male,White,NULL,NULL,NULL,NULL,Unknown,,0,NULL,,0
,58101537501,FC24003192,47:00.0,Male,Black,57,Thin,Bald or Balding,Medium Brown,Not of Hispanic Origin,,0,MA,ID Only - Never had Personal Driver License,1
,58101633522,FC24003192,47:00.0,Female,White,36,Thin,NULL,NULL,Not of Hispanic Origin,,0,MA,,0
,58108612336,FC24003194,00:00.0,Male,Black,33,Heavy,NULL,NULL,Not of Hispanic Origin,,0,MA,,1
,58109520140,FC24003195,00:00.0,Male,Black,32,Thin,Braided,Dark,Not of Hispanic Origin,,0,MA,,0
,58111569289,FC24003196,55:00.0,Male,Black,18,Thin,Curly,Light Brown,Hispanic Origin,,0,NULL,,1
,58113306559,FC24003197,11:00.0,Male,Black,46,NULL,NULL,NULL,NULL,,0,NULL,,0
,58118785040,FC24003200,42:00.0,Male,White,32,Thin,Braided,Light,Not of Hispanic Origin,,0,MA,,0
,58120136401,FC24003201,30:00.0,Male,White,60,NULL,NULL,NULL,Hispanic Origin,,0,MA,"ID - Had a License, now has ID",1
,58123671978,FC24003205,20:00.0,Male,Black,29,Medium,NULL,NULL,Not of Hispanic Origin,,0,MA,,0
,58131106485,FC24003216,57:00.0,Female,White,57,NULL,NULL,NULL,Not of Hispanic Origin,,0,NULL,,0
,58132289715,FC24003219,00:00.0,Male,Black,26,Heavy,Corn Rows,Dark Brown,Unknown,,0,MA,,0
,58233702978,FC24003251,20:00.0,Male,White,33,NULL,NULL,NULL,Hispanic Origin,,0,MA,Personal Driver License,0
,58242109585,FC24003253,00:00.0,Male,Black,33,NULL,NULL,NULL,Hispanic Origin,,0,MA,Class D,0
,58242488039,FC24003254,30:00.0,Male,Black,20,NULL,NULL,NULL,Hispanic Origin,,0,MA,Class D,0
,58272246896,FC24003262,50:00.0,Male,White,16,Medium,Dreadlocks,Light Brown,Hispanic Origin,,0,MA,,0
,58272254217,FC24003262,50:00.0,Male,White,27,Thin,Short,Light,Hispanic Origin,,0,MA,,NULL
,58272266799,FC24003262,50:00.0,Male,Black,33,Thin,Short,Dark Brown,Not of Hispanic Origin,,0,MA,Class D,NULL
,58272275298,FC24003262,50:00.0,Male,Black,16,Thin,Dreadlocks,Light Brown,Unknown,,0,MA,,NULL
,58285244164,FC24003270,19:00.0,Male,NULL,37,NULL,NULL,NULL,NULL,,0,NULL,,1
,58285246269,FC24003270,19:00.0,Male,NULL,20,NULL,NULL,NULL,NULL,,0,NULL,,1
,58285251901,FC24003270,19:00.0,Male,NULL,20,NULL,NULL,NULL,NULL,,0,NULL,,1
,58285255580,FC24003270,19:00.0,Male,NULL,36,NULL,NULL,NULL,NULL,,0,NULL,,1
,58285258275,FC24003270,19:00.0,Male,NULL,27,NULL,NULL,NULL,NULL,,0,NULL,,1
,58288866913,FC24003271,40:00.0,Male,White,47,NULL,NULL,NULL,NULL,,0,NULL,,0
,58288921004,FC24003272,15:00.0,Male,Black,50,NULL,NULL,NULL,Not of Hispanic Origin,,0,MA,ID Only - Never had Personal Driver License,0
,58298584831,FC24003281,45:00.0,Male,Black,18,Thin,Curly,Medium Brown,Not of Hispanic Origin,,0,MA,,1
,58298586864,FC24003281,45:00.0,Male,Black,19,Thin,Afro,Light Brown,Hispanic Origin,,0,MA,,1
,58014054005,FC24003173,30:00.0,Male,Black,29,Medium,Corn Rows,Dark Brown,Not of Hispanic Origin,,0,MA,,0
,58049543570,FC24003176,18:00.0,Male,White,64,Medium,Bald or Balding,Light,Not of Hispanic Origin,,0,MA,,0
,58049697663,FC24003176,18:00.0,Male,White,51,Medium,Short,Light,NULL,,0,MA,Class D,0
,58107471453,FC24003193,00:00.0,Male,Black,47,Stocky,NULL,NULL,Not of Hispanic Origin,,0,MA,,0
,58117250289,FC24003198,46:00.0,Male,Black,29,Thin,Short,Medium Brown,Not of Hispanic Origin,,0,MA,Class D,1
,58120872561,FC24003202,35:00.0,Male,Black,57,NULL,NULL,NULL,Unknown,,0,NULL,,1
,58130062852,FC24003206,00:00.0,Male,Black,27,Heavy,Curly,Light Brown,Not of Hispanic Origin,,0,MA,,1
,58130072506,FC24003206,00:00.0,Male,Black,36,NULL,NULL,NULL,NULL,,0,MA,Class D,0
,58125971822,FC24003215,29:00.0,Male,Black,49,Medium,Short,Medium Brown,NULL,,0,MA,,1
,58132493119,FC24003221,12:00.0,Male,White,78,Medium,NULL,Medium Brown,Not of Hispanic Origin,,0,MA,Class D,0
,58146147990,FC24003234,02:00.0,Male,Black,17,Thin,Afro,Light Brown,NULL,,0,MA,ID Only - Never had Personal Driver License,1
,58146151119,FC24003234,02:00.0,Male,Black,19,NULL,NULL,NULL,Not of Hispanic Origin,,0,MA,Class D,1
,58146769705,FC24003234,02:00.0,Male,Black,19,NULL,NULL,NULL,Unknown,,0,MA,,1
,58146777233,FC24003234,02:00.0,Male,Black,19,Thin,Braided,Light Brown,Unknown,,0,MA,,1
,58172307181,FC24003239,53:00.0,Male,Black,19,Medium,Short,Medium Brown,Not of Hispanic Origin,,0,MA,,0
,58172482707,FC24003239,53:00.0,Male,Black,31,Medium,Short,Medium,Not of Hispanic Origin,,0,MA,,0
,58172672256,FC24003239,53:00.0,Male,Asian,18,Thin,NULL,Light Brown,Hispanic Origin,,0,MA,,0
,58172922856,FC24003239,53:00.0,Male,Black,29,Medium,Short,Light Brown,Not of Hispanic Origin,,0,MA,ID Only - Never had Personal Driver License,0
,58173112133,FC24003239,53:00.0,Male,Black,32,Thin,NULL,Medium,Not of Hispanic Origin,,0,MA,,0
,58173327495,FC24003239,53:00.0,Male,Black,27,Thin,NULL,NULL,Not of Hispanic Origin,,0,MA,,0
,58193888249,FC24003240,39:00.0,Male,Black,21,Thin,Afro,Light,Not of Hispanic Origin,,0,MA,No License - Record Only,1
,58193914936,FC24003240,39:00.0,Male,Black,19,NULL,NULL,NULL,NULL,,0,MA,Class D,1
,58193935872,FC24003240,39:00.0,Male,Black,22,Thin,Short,Dark Brown,Unknown,,0,MA,Class D,1
,58193966922,FC24003240,39:00.0,Male,Black,19,Thin,NULL,Dark Brown,Not of Hispanic Origin,,0,MA,,1
,58193988143,FC24003240,39:00.0,Male,Black,27,Medium,NULL,Dark Brown,Not of Hispanic Origin,,0,MA,Class D,1
,58194019454,FC24003240,39:00.0,Male,Black,18,Thin,Curly,Light Brown,Hispanic Origin,,0,NULL,,1
,58194050629,FC24003240,39:00.0,Male,Black,20,Medium,Dreadlocks,Dark Brown,Unknown,,0,MA,"ID - Had a License, now has ID",1
,58233191228,FC24003248,20:00.0,Male,White,29,Medium,Short,OTHER,Hispanic Origin,,0,MA,,0
,58132373347,FC24003220,45:00.0,Female,Black,23,Thin,Afro,Medium Brown,Not of Hispanic Origin,,0,MA,ID Only - Never had Personal Driver License,0
,58142227217,FC24003228,00:00.0,Male,Black,27,Medium,Short,Medium Brown,Not of Hispanic Origin,,0,MA,Class D,0
,58146903723,FC24003236,36:00.0,Male,Black,23,Medium,Short,Medium Brown,Not of Hispanic Origin,,0,MA,,0
,58170636606,FC24003238,21:00.0,Male,White,71,NULL,NULL,NULL,Not of Hispanic Origin,,0,NULL,,0
,58170636606,FC24003238,21:00.0,Male,White,71,NULL,NULL,NULL,Not of Hispanic Origin,,0,NULL,,NULL
,58243391247,FC24003255,50:00.0,Male,Unknown,20,NULL,NULL,NULL,NULL,,0,NULL,,0
,58243908549,FC24003257,30:00.0,Male,Black,32,Medium,Dreadlocks,Medium Brown,Not of Hispanic Origin,,0,MA,,1
,58243909329,FC24003257,30:00.0,Male,White,22,Medium,NULL,NULL,Hispanic Origin,,0,MA,,0
,58243910148,FC24003257,30:00.0,Male,Black,38,Obese,NULL,NULL,Not of Hispanic Origin,,0,MA,,1
,58243912770,FC24003257,30:00.0,Male,Black,32,Thin,Braided,Dark,Not of Hispanic Origin,,0,MA,ID Only - Never had Personal Driver License,0
,58243915881,FC24003257,30:00.0,Male,Black,20,NULL,NULL,NULL,Not of Hispanic Origin,,0,MA,,1
,58247664460,FC24003260,20:00.0,Male,Black,15,Thin,Short,Dark,Not of Hispanic Origin,,0,MA,,1
,58247666288,FC24003260,20:00.0,Male,Black,15,Thin,Curly,Light,Hispanic Origin,,0,NULL,,1
,58247667030,FC24003260,20:00.0,Male,Black,10,NULL,NULL,NULL,NULL,,0,NULL,,0
,58233193432,FC24003248,20:00.0,Male,White,26,Medium,NULL,NULL,Hispanic Origin,,0,MA,Class D,0
,58233196307,FC24003248,20:00.0,Male,White,26,Heavy,NULL,NULL,Hispanic Origin,,0,MA,,0
,58233348296,FC24003248,20:00.0,Male,Black,33,Thin,NULL,NULL,Not of Hispanic Origin,,0,MA,,0
,58233349214,FC24003248,20:00.0,Male,Black,32,Thin,NULL,Medium,Not of Hispanic Origin,,0,MA,,0
,58233398576,FC24003248,20:00.0,Male,Black,33,Stocky,Corn Rows,NULL,Unknown,,0,MA,Class D,0
,58233407327,FC24003248,20:00.0,Male,Black,26,Muscular,NULL,NULL,Not of Hispanic Origin,,0,MA,Class D,0
,58240264492,FC24003252,35:00.0,Male,White,67,NULL,NULL,NULL,Not of Hispanic Origin,,0,NULL,,0
,58247789296,FC24003261,00:00.0,Male,Black,48,Medium,Short,Medium Brown,Not of Hispanic Origin,,0,MA,ID Only - Never had Personal Driver License,1
,58281788803,FC24003263,30:00.0,Male,White,40,NULL,NULL,NULL,Not of Hispanic Origin,,0,MA,Class D,0
,58282301335,FC24003264,14:00.0,Male,White,33,NULL,NULL,NULL,Not of Hispanic Origin,,0,MA,No License - Record Only,1
,58282532692,FC24003267,00:00.0,Male,White,34,NULL,NULL,NULL,Not of Hispanic Origin,,0,MA,Class D,1
,58282532692,FC24003267,00:00.0,Male,White,34,NULL,NULL,NULL,Not of Hispanic Origin,,0,MA,Class D,NULL
,58289493450,FC24003273,00:00.0,Female,Black,34,Medium,NULL,NULL,Not of Hispanic Origin,,0,MA,ID Only - Never had Personal Driver License,0
,58289495936,FC24003273,00:00.0,Male,Black,37,Thin,NULL,Dark Brown,Not of Hispanic Origin,,0,MA,ID Only - Never had Personal Driver License,0
,58298588062,FC24003281,45:00.0,Male,Black,18,NULL,NULL,NULL,Unknown,,0,NULL,,0
,58298596457,FC24003282,15:00.0,Male,Black,19,Thin,Braided,Dark Brown,Unknown,,0,MA,Class D,0
,58298885550,FC24003283,09:00.0,NULL,NULL,NULL,NULL,NULL,NULL,NULL,,0,NULL,,NULL
,58298887588,FC24003283,09:00.0,Male,White,17,NULL,NULL,NULL,Hispanic Origin,,0,MA,,0
,58299403580,FC24003285,53:00.0,Male,Black,31,Medium,NULL,NULL,Hispanic Origin,,0,MA,,1
,58334808453,FC24003302,00:00.0,Male,NULL,43,NULL,NULL,NULL,Unknown,,0,MA,,0
,58338236596,FC24003306,15:00.0,Male,Black,20,Thin,Dreadlocks,Medium Brown,Not of Hispanic Origin,,0,MA,,0
,58355631713,FC24003310,00:00.0,Male,Black,33,Thin,Wavy,Medium Brown,Not of Hispanic Origin,,0,MA,,1
,58355691348,FC24003310,00:00.0,Male,Black,19,NULL,NULL,NULL,Unknown,,0,MA,Class D,1
,58358471206,FC24003311,00:00.0,Male,Black,29,Heavy,Curly,Medium,Not of Hispanic Origin,,0,MA,,0
,58395394670,FC24003314,54:00.0,Male,Unknown,14,NULL,NULL,NULL,Hispanic Origin,,0,NULL,,1
,58402859661,FC24003315,00:00.0,Male,Black,15,Thin,Short,Medium Brown,NULL,,0,MA,,0
,58402860895,FC24003315,00:00.0,Male,Black,15,Thin,NULL,Light Brown,Not of Hispanic Origin,,0,MA,,0
,58404405354,FC24003319,24:00.0,Male,White,54,NULL,NULL,NULL,Not of Hispanic Origin,,0,MA,,0
,58404583803,FC24003321,20:00.0,Male,Black,34,Thin,Afro,Medium Brown,Not of Hispanic Origin,,0,MA,,0
,58282443042,FC24003265,00:00.0,Male,Black,17,Thin,Short,Dark,Unknown,,0,MA,,0
,58282528192,FC24003266,00:00.0,Male,White,17,Medium,Afro,Light Brown,Unknown,,0,MA,ID Only - Never had Personal Driver License,0
,58282535970,FC24003266,00:00.0,Male,Black,30,Medium,NULL,Medium Brown,Not of Hispanic Origin,,0,MA,Class D,0
,58282546032,FC24003266,00:00.0,Male,Unknown,18,NULL,NULL,NULL,Unknown,,0,MA,ID Only - Never had Personal Driver License,0
,58298179859,FC24003276,00:00.0,Male,White,26,Thin,Curly,Light Brown,NULL,,0,MA,,1
,58298182195,FC24003276,00:00.0,Female,White,23,NULL,NULL,NULL,Not of Hispanic Origin,,0,MA,Class D,0
,58299246175,FC24003284,42:00.0,Male,Black,21,Thin,Afro,Medium Brown,Hispanic Origin,,0,MA,Class D,0
,58309362541,FC24003293,08:00.0,Male,Black,34,Thin,Afro,Medium Brown,Not of Hispanic Origin,,0,MA,,0
,58309364895,FC24003293,08:00.0,Male,Black,29,Thin,Curly,Dark,Not of Hispanic Origin,,0,MA,ID Only - Never had Personal Driver License,1
,58315025981,FC24003296,00:00.0,Male,Black,18,NULL,NULL,NULL,Unknown,,0,NULL,,1
,58315055216,FC24003296,00:00.0,Male,Black,17,NULL,NULL,NULL,NULL,,0,NULL,,1
,58315068282,FC24003296,00:00.0,Male,Black,18,NULL,NULL,NULL,Unknown,,0,NULL,,1
,58315095709,FC24003296,00:00.0,Male,Black,18,NULL,NULL,NULL,Not of Hispanic Origin,,0,NULL,,1
,58315104722,FC24003296,00:00.0,Male,Black,21,Thin,NULL,NULL,Not of Hispanic Origin,,0,MA,,0
,58290874632,FC24003274,00:00.0,Male,Black,32,Medium,NULL,NULL,Not of Hispanic Origin,,0,MA,Class D,1
,58290875432,FC24003274,00:00.0,Male,Black,31,Medium,NULL,Dark Brown,NULL,,0,MA,,1
,58335854578,FC24003275,00:00.0,Male,Unknown,18,NULL,NULL,NULL,Unknown,,0,MA,ID Only - Never had Personal Driver License,0
,58335858372,FC24003275,00:00.0,Male,Black,17,Thin,Straight,Light Brown,Unknown,,0,MA,,1
,58335861413,FC24003275,00:00.0,Male,White,17,Medium,Afro,Light Brown,Unknown,,0,MA,ID Only - Never had Personal Driver License,0
,58335864660,FC24003275,00:00.0,Male,Black,24,Thin,Braided,Medium Brown,Not of Hispanic Origin,,0,MA,Class D,0
,58300079726,FC24003287,02:00.0,Male,Black,35,Medium,NULL,Light Brown,Hispanic Origin,,0,MA,CDL Class A,1
,58300130050,FC24003288,40:00.0,Male,Black,33,Medium,NULL,NULL,Not of Hispanic Origin,,0,MA,,0
,58300198373,FC24003289,25:00.0,Male,White,66,NULL,NULL,NULL,Unknown,,0,MA,,0
,58303478832,FC24003290,44:00.0,Female,Unknown,25,NULL,NULL,NULL,Unknown,,0,MA,Class D,0
,58303484042,FC24003290,44:00.0,Female,Black,23,NULL,NULL,NULL,Unknown,,0,NULL,,NULL
,58307052542,FC24003291,40:00.0,Male,White,55,Medium,Short,Light,NULL,,0,MA,,1
,58307053971,FC24003291,40:00.0,Male,White,31,NULL,NULL,NULL,NULL,,0,NULL,,0
,58313333451,FC24003295,45:00.0,Male,Black,58,Heavy,Short,Medium,Not of Hispanic Origin,,0,MA,Class D,0
,58313333451,FC24003295,45:00.0,Male,Black,58,Heavy,Short,Medium,Not of Hispanic Origin,,0,MA,Class D,NULL
,58135277596,FC24003222,15:00.0,Male,White,30,Thin,Short,Medium,NULL,,0,MA,Class D,1
,58136236553,FC24003224,30:00.0,Male,White,33,Thin,Unkempt,Light Brown,Not of Hispanic Origin,,0,MA,Class D,0
,58137269329,FC24003225,34:00.0,Male,Black,23,Thin,NULL,Dark Brown,NULL,,0,MA,,1
,58137279442,FC24003225,34:00.0,Female,White,21,NULL,NULL,NULL,Not of Hispanic Origin,,0,MA,Class D,0
,58141113516,FC24003226,59:00.0,Male,White,32,NULL,NULL,NULL,Unknown,,0,MA,Class D,0
,58139560998,FC24003227,45:00.0,Male,Unknown,22,NULL,NULL,NULL,Unknown,,0,NULL,,0
,58195435558,FC24003241,11:00.0,Male,White,23,NULL,NULL,NULL,Hispanic Origin,,0,MA,Other: ID,1
,58195435558,FC24003241,11:00.0,Male,White,23,NULL,NULL,NULL,Hispanic Origin,,0,MA,Other: ID,NULL
,58229721445,FC24003243,34:00.0,Female,White,24,Medium,NULL,Medium,Hispanic Origin,,0,MA,Class D,NULL
,58229721445,FC24003243,34:00.0,Female,White,24,Medium,NULL,Medium,Hispanic Origin,,0,MA,Class D,NULL
,58229727695,FC24003243,34:00.0,Male,Black,25,Thin,Curly,Light,Hispanic Origin,,0,MA,,0
,58232895912,FC24003246,50:00.0,Male,White,22,Medium,NULL,NULL,Hispanic Origin,,0,MA,,0
,58232903423,FC24003246,50:00.0,Male,Black,18,Medium,Dreadlocks,Medium Brown,Not of Hispanic Origin,,0,MA,ID Only - Never had Personal Driver License,0
,58233057932,FC24003246,50:00.0,Male,Black,19,Thin,Corn Rows,Medium Brown,Not of Hispanic Origin,,0,MA,,1
,58315206229,FC24003296,00:00.0,Male,Black,32,Thin,Braided,Dark,Not of Hispanic Origin,,0,MA,ID Only - Never had Personal Driver License,0
,58315833029,FC24003297,22:00.0,Male,White,50,NULL,NULL,NULL,NULL,,0,NULL,,0
,58315848313,FC24003297,22:00.0,Female,White,28,Thin,NULL,NULL,Not of Hispanic Origin,,0,MA,,0
,58327911053,FC24003298,25:00.0,Male,Black,22,NULL,NULL,NULL,NULL,,0,NULL,,0
,58341947610,FC24003307,46:00.0,Male,Black,32,NULL,NULL,NULL,Not of Hispanic Origin,,0,NULL,,1
,58390860207,FC24003313,00:00.0,Male,White,38,Thin,NULL,Light,Unknown,,0,MA,Class D,1
,58391178777,FC24003313,00:00.0,Male,Asian,46,Thin,Short,NULL,Unknown,,0,MA,Class D,0
,58391241962,FC24003313,00:00.0,Female,White,27,Medium,Short,Light,NULL,,0,MA,,1
,58391545766,FC24003313,00:00.0,Male,White,32,NULL,NULL,NULL,Not of Hispanic Origin,,0,MA,Class D,0
,58404076841,FC24003316,51:00.0,Female,Black,41,Thin,Braided,Dark,Not of Hispanic Origin,,0,MA,Class D,0
,58404078942,FC24003316,51:00.0,Male,Black,32,Heavy,Dreadlocks,Dark Brown,Not of Hispanic Origin,,0,MA,ID Only - Never had Personal Driver License,0
,58411678598,FC24003326,53:00.0,Male,Black,34,Medium,NULL,NULL,Not of Hispanic Origin,,0,MA,,0
,58414686024,FC24003328,04:00.0,Male,Black,22,Thin,Short,Medium Brown,Not of Hispanic Origin,,0,MA,ID Only - Never had Personal Driver License,0
,58418184956,FC24003331,00:00.0,Male,White,38,Heavy,NULL,NULL,Hispanic Origin,,0,MA,,1
,58313429574,FC24003295,45:00.0,Female,Black,32,Heavy,NULL,NULL,Not of Hispanic Origin,,0,MA,,NULL
,58313429574,FC24003295,45:00.0,Female,Black,32,Heavy,NULL,NULL,Not of Hispanic Origin,,0,MA,,0
,58330288040,FC24003299,28:00.0,Male,Black,33,Medium,Short,Medium Brown,Not of Hispanic Origin,,0,MA,Class D,0
,58330288040,FC24003299,28:00.0,Male,Black,33,Medium,Short,Medium Brown,Not of Hispanic Origin,,0,MA,Class D,NULL
,58332146551,FC24003300,10:00.0,Male,White,42,NULL,NULL,NULL,Unknown,,0,MA,Other: SUSPENDED,0
,58333134623,FC24003301,00:00.0,Male,Black,16,NULL,NULL,NULL,Not of Hispanic Origin,,0,NULL,,0
,58333139726,FC24003301,00:00.0,Male,Asian,18,Thin,NULL,Light Brown,Hispanic Origin,,0,MA,,0
,58333141091,FC24003301,00:00.0,Male,Black,39,Medium,Short,Medium Brown,Not of Hispanic Origin,,0,MA,Class D,0
,58333143408,FC24003301,00:00.0,Male,Black,31,Medium,Short,Medium Brown,Hispanic Origin,,0,MA,"ID - Had a License, now has ID",0
,58333145492,FC24003301,00:00.0,Male,Black,16,Thin,Dreadlocks,Light Brown,Unknown,,0,MA,,0
,58333197210,FC24003301,00:00.0,Male,White,19,NULL,NULL,NULL,Hispanic Origin,,0,NULL,,0
,58333217827,FC24003301,00:00.0,Male,Black,27,Thin,NULL,NULL,Not of Hispanic Origin,,0,MA,,0
,58333218872,FC24003301,00:00.0,Male,Black,26,Thin,Braided,NULL,NULL,,0,MA,Class D,0
,58333220762,FC24003301,00:00.0,Male,Black,29,Medium,Short,Light Brown,Not of Hispanic Origin,,0,MA,ID Only - Never had Personal Driver License,0
,58405937475,FC24003323,00:00.0,Male,Black,36,Medium,Curly,Light Brown,Hispanic Origin,,0,MA,,0
,58405944205,FC24003323,00:00.0,Male,Black,33,Medium,Curly,NULL,Not of Hispanic Origin,,0,MA,,0
,58434126228,FC24003343,15:00.0,Male,Asian,31,Thin,NULL,OTHER,Unknown,,0,MA,,1
,58435190498,FC24003347,45:00.0,Male,White,34,NULL,NULL,NULL,Not of Hispanic Origin,,0,MA,Class D,0
,58435197528,FC24003347,45:00.0,Female,White,50,NULL,NULL,NULL,Not of Hispanic Origin,,0,MA,,0
,58444031220,FC24003351,10:00.0,Male,White,32,Medium,NULL,NULL,Not of Hispanic Origin,,0,MA,Class D,1
,58455470566,FC24003368,00:00.0,Male,Black,17,Thin,Short,Medium Brown,Unknown,,0,MA,,1
,58457463998,FC24003371,01:00.0,Unknown,Unknown,NULL,NULL,NULL,NULL,Unknown,,0,NULL,,0
,58457464210,FC24003371,01:00.0,Female,Black,35,NULL,NULL,NULL,Unknown,,0,MA,CDL Class B,NULL
,58457467562,FC24003371,01:00.0,Female,NULL,32,NULL,NULL,NULL,NULL,,0,NULL,,NULL
,58457469099,FC24003371,01:00.0,Female,Black,33,NULL,NULL,NULL,Hispanic Origin,,0,NULL,,NULL
,58457473182,FC24003371,01:00.0,Female,Black,35,NULL,NULL,NULL,Not of Hispanic Origin,,0,MA,Class D,NULL
,58457474858,FC24003371,01:00.0,Female,Black,30,NULL,NULL,NULL,Unknown,,0,MA,None,NULL
,58466369922,FC24003380,09:00.0,Male,Black,19,Thin,Short,Medium,Unknown,,0,MA,ID Only - Never had Personal Driver License,1
,58471068536,FC24003384,00:00.0,Male,White,42,Thin,Wavy,Light Brown,Hispanic Origin,,0,MA,,0
,58333222246,FC24003301,00:00.0,Male,Black,31,Medium,Short,Medium,Not of Hispanic Origin,,0,MA,,0
,58333225750,FC24003301,00:00.0,Male,Other,17,NULL,NULL,NULL,Unknown,,0,NULL,,0
,58333228457,FC24003301,00:00.0,Male,White,16,Medium,Dreadlocks,Light Brown,Hispanic Origin,,0,MA,,0
,58333199430,FC24003301,00:00.0,Male,White,20,Thin,Wavy,Fair,Unknown,,0,MA,,0
,58333203541,FC24003301,00:00.0,Male,White,17,Thin,Short,Medium Brown,Unknown,,0,MA,Class D,0
,58333206131,FC24003301,00:00.0,Male,Black,19,Medium,Short,Medium Brown,Not of Hispanic Origin,,0,MA,,0
,58333207941,FC24003301,00:00.0,Male,Black,22,NULL,NULL,NULL,Not of Hispanic Origin,,0,MA,Class D,0
,58333210239,FC24003301,00:00.0,Male,White,26,Thin,NULL,NULL,Hispanic Origin,,0,MA,ID Only - Never had Personal Driver License,0
,58333214259,FC24003301,00:00.0,Male,White,27,Thin,Short,Light,Hispanic Origin,,0,MA,,0
,58335075540,FC24003303,17:00.0,Male,Black,58,NULL,NULL,NULL,Unknown,,0,MA,,0
,58338066096,FC24003305,48:00.0,Male,Unknown,18,NULL,Braided,NULL,Hispanic Origin,,0,MA,ID Only - Never had Personal Driver License,0
,58338069927,FC24003305,48:00.0,Male,Black,18,NULL,NULL,NULL,Hispanic Origin,,0,MA,,0
,58338076233,FC24003305,48:00.0,Male,Black,20,NULL,NULL,NULL,NULL,,0,NULL,,0
,58338079265,FC24003305,48:00.0,Male,Black,19,NULL,NULL,NULL,Unknown,,0,NULL,,0
,58349893988,FC24003308,00:00.0,Male,Black,22,NULL,NULL,NULL,Unknown,,0,NULL,,1
,58349893988,FC24003308,00:00.0,Male,Black,22,NULL,NULL,NULL,Unknown,,0,NULL,,NULL
,58386607637,FC24003312,01:00.0,Male,Black,31,Medium,Short,Light,Hispanic Origin,,0,MA,,0
,58404622525,FC24003320,01:00.0,Male,Black,52,Muscular,Bald or Balding,Dark Brown,Not of Hispanic Origin,,0,MA,ID Only - Never had Personal Driver License,0
,58406286345,FC24003324,01:00.0,Male,Unknown,21,NULL,NULL,NULL,NULL,,0,MA,,0
,58406288280,FC24003324,01:00.0,Male,White,19,Thin,Afro,Light Brown,Hispanic Origin,,0,MA,Class D,0
,58411165342,FC24003325,00:00.0,Male,Black,26,NULL,NULL,NULL,Hispanic Origin,,0,MA,,1
,58417880345,FC24003330,15:00.0,Male,Black,31,Medium,Short,Medium Brown,Hispanic Origin,,0,MA,"ID - Had a License, now has ID",1
,58417883083,FC24003330,15:00.0,Male,Other,17,NULL,NULL,NULL,Unknown,,0,NULL,,0
,58417889535,FC24003330,15:00.0,Male,Black,19,Medium,Short,Medium Brown,Not of Hispanic Origin,,0,MA,,0
,58417892271,FC24003330,15:00.0,Male,Black,32,Thin,NULL,Medium,Not of Hispanic Origin,,0,MA,,0
,58417895646,FC24003330,15:00.0,Male,Black,34,Heavy,Short,Dark,Not of Hispanic Origin,,0,MA,Class D,0
,58417918918,FC24003330,15:00.0,Male,Black,18,Medium,Short,Light Brown,Not of Hispanic Origin,,0,MA,,0
,58417926776,FC24003330,15:00.0,Male,Black,19,Thin,Curly,NULL,NULL,,0,MA,ID Only - Never had Personal Driver License,0
,58417928936,FC24003330,15:00.0,Female,Black,NULL,NULL,NULL,NULL,NULL,,0,NULL,,NULL
,58418196654,FC24003331,00:00.0,Male,NULL,37,NULL,NULL,NULL,NULL,,0,NULL,,0
,58418198909,FC24003331,00:00.0,Male,Black,33,NULL,NULL,NULL,Unknown,,0,MA,ID Only - Never had Personal Driver License,0
,58419414213,FC24003335,03:00.0,Male,Black,18,NULL,NULL,NULL,Unknown,,0,NULL,,1
,58419432432,FC24003336,20:00.0,Male,Black,42,Muscular,NULL,NULL,Not of Hispanic Origin,,0,MA,"ID - Had a License, now has ID",0
,58433626888,FC24003341,45:00.0,Male,White,15,Thin,Braided,Light,Unknown,,0,MA,,1
,58433630323,FC24003341,45:00.0,Male,Black,16,Thin,Afro,Medium Brown,Hispanic Origin,,0,MA,,1
,58433790136,FC24003342,45:00.0,Male,White,37,Thin,Short,Light,Not of Hispanic Origin,,0,MA,ID Only - Never had Personal Driver License,1
,58434334085,FC24003344,21:00.0,Male,White,39,Medium,NULL,NULL,Not of Hispanic Origin,,0,MA,,1
,58437631430,FC24003350,00:00.0,Male,NULL,NULL,NULL,NULL,NULL,NULL,,0,NULL,,1
,58445129149,FC24003354,38:00.0,Male,White,59,NULL,NULL,NULL,Not of Hispanic Origin,,0,MA,Class D,0
,58446028474,FC24003356,48:00.0,Male,White,53,NULL,NULL,NULL,Hispanic Origin,,0,NULL,,1
,58453020516,FC24003359,39:00.0,Male,Black,22,NULL,NULL,NULL,Not of Hispanic Origin,,0,MA,Class D,1
,58453020787,FC24003359,39:00.0,Male,White,27,Thin,NULL,Light,NULL,,0,MA,,1
,58453021172,FC24003359,39:00.0,Male,Unknown,20,NULL,NULL,NULL,Unknown,,0,MA,,1
,58454207900,FC24003363,40:00.0,Male,Black,21,Thin,NULL,NULL,Not of Hispanic Origin,,0,MA,,0
,58417897390,FC24003332,12:00.0,Male,Black,25,NULL,NULL,NULL,Unknown,,0,MA,Class D,1
,58430953415,FC24003339,48:00.0,Male,White,60,Thin,Wavy,Medium,Hispanic Origin,,0,MA,,0
,58432800712,FC24003340,26:00.0,Male,White,40,Medium,NULL,NULL,Not of Hispanic Origin,,0,MA,,1
,58433755509,FC24003340,26:00.0,Male,Black,23,Thin,Curly,OTHER,Unknown,,0,MA,Class D,NULL
,58434355949,FC24003345,00:00.0,Female,Black,52,Heavy,NULL,NULL,Not of Hispanic Origin,,0,MA,,0
,58436316463,FC24003349,42:00.0,Male,Asian,21,NULL,NULL,NULL,Unknown,,0,NULL,,0
,58444405167,FC24003352,15:00.0,Male,Black,32,Medium,Short,Medium,Not of Hispanic Origin,,0,MA,Class D,0
,58447173453,FC24003357,21:00.0,Male,Black,21,Thin,Braided,Light Brown,Not of Hispanic Origin,,0,MA,,1
,58447173764,FC24003357,21:00.0,Male,Black,20,Medium,Curly,Medium Brown,Hispanic Origin,,0,MA,,1
,58447174021,FC24003357,21:00.0,Male,Black,19,Thin,Curly,Light,Not of Hispanic Origin,,0,MA,,1
,58452621844,FC24003358,24:00.0,Male,Black,31,Medium,Short,Dark Brown,Not of Hispanic Origin,,0,MA,Class D,1
,58452622319,FC24003358,24:00.0,Male,Black,23,Thin,Curly,OTHER,Unknown,,0,MA,Class D,1
,58453192019,FC24003360,51:00.0,Female,White,29,NULL,NULL,NULL,Unknown,,0,NULL,,NULL
,58453203629,FC24003360,51:00.0,Female,White,47,Stocky,NULL,NULL,Not of Hispanic Origin,,0,MA,,1
,58453366606,FC24003361,00:00.0,Male,White,41,Heavy,NULL,NULL,Not of Hispanic Origin,,0,MA,,1
,58233241368,FC24003246,50:00.0,Male,White,31,Thin,NULL,Light Brown,Hispanic Origin,,0,MA,,0
,58233482223,FC24003250,05:00.0,Male,Black,34,Thin,Short,Brown,Not of Hispanic Origin,,0,MA,Class D,0
,58243593298,FC24003256,32:00.0,Male,Black,22,NULL,NULL,NULL,NULL,,0,MA,,1
,58245212455,FC24003259,11:00.0,Male,Black,18,NULL,NULL,NULL,Not of Hispanic Origin,,0,RI,,0
,58245217470,FC24003259,11:00.0,Male,Black,16,NULL,NULL,NULL,Not of Hispanic Origin,,0,NULL,,0
,58283520481,FC24003269,15:00.0,Female,White,45,Thin,NULL,NULL,Not of Hispanic Origin,,0,MA,,0
,58283522613,FC24003269,15:00.0,Male,Black,57,Thin,Dreadlocks,Dark,Not of Hispanic Origin,,0,MA,,NULL
,58283528159,FC24003269,15:00.0,Male,White,41,Medium,Other,Light,Not of Hispanic Origin,,0,MA,,NULL
,58336607779,FC24003277,00:00.0,Female,White,45,Thin,NULL,Light Brown,NULL,,0,MA,,0
,58336609265,FC24003277,00:00.0,Male,Black,40,Medium,NULL,Light Brown,Not of Hispanic Origin,,0,MA,,0
,58295251825,FC24003278,19:00.0,Male,Black,41,Thin,NULL,NULL,Not of Hispanic Origin,,0,MA,,0
,58297654979,FC24003279,23:00.0,Male,Asian,45,Thin,NULL,NULL,Not of Hispanic Origin,,0,MA,,1
,58298389464,FC24003280,27:00.0,Male,Asian,NULL,NULL,NULL,NULL,NULL,,0,NULL,,NULL
,58298391359,FC24003280,27:00.0,Male,White,58,NULL,NULL,NULL,Not of Hispanic Origin,,0,NULL,,0
,58299985902,FC24003286,13:00.0,Male,Black,21,Medium,NULL,NULL,Not of Hispanic Origin,,0,MA,CDL Class C,0
,58454209581,FC24003363,40:00.0,Male,Black,17,Thin,NULL,Light Brown,Hispanic Origin,,0,MA,,0
,58454211018,FC24003363,40:00.0,Male,Black,20,NULL,NULL,NULL,Not of Hispanic Origin,,0,MA,,0
,58454212054,FC24003363,40:00.0,Male,Black,20,Thin,Dreadlocks,Medium Brown,Not of Hispanic Origin,,0,MA,,0
,58454213368,FC24003363,40:00.0,Male,Other,17,NULL,NULL,NULL,Hispanic Origin,,0,NULL,,0
,58454215956,FC24003363,40:00.0,Male,Black,19,Thin,Dreadlocks,Medium Brown,Unknown,,0,MA,Class D,NULL
,58455246899,FC24003367,38:00.0,Male,Black,29,Thin,Braided,Dark,NULL,,0,MA,,1
,58455247153,FC24003367,38:00.0,Male,Black,23,Heavy,Short,Medium Brown,Not of Hispanic Origin,,0,MA,ID Only - Never had Personal Driver License,1
,58462581332,FC24003373,45:00.0,Female,Black,32,Heavy,NULL,NULL,Not of Hispanic Origin,,0,MA,,0
,58462583369,FC24003373,45:00.0,Male,Black,35,Medium,Curly,Dark Brown,Not of Hispanic Origin,,0,MA,Class D,0
,58463829934,FC24003375,55:00.0,Female,Unknown,44,NULL,NULL,NULL,Hispanic Origin,,0,MA,Class D,0
,58464013355,FC24003376,00:00.0,Male,White,25,Thin,Straight,Light,Unknown,,0,MA,Class D,1
,58464017852,FC24003376,00:00.0,Female,White,26,Average,Straight,NULL,Hispanic Origin,,0,MA,Class D,1
,58467093748,FC24003381,00:00.0,Male,Black,35,Muscular,Corn Rows,NULL,Not of Hispanic Origin,,0,MA,,0
,58471263530,FC24003385,00:00.0,Male,Black,53,Medium,NULL,NULL,Not of Hispanic Origin,,0,MA,,1
,58453371378,FC24003361,00:00.0,Female,White,29,NULL,NULL,NULL,Unknown,,0,NULL,,NULL
,58453473483,FC24003362,00:00.0,Male,Black,14,NULL,NULL,NULL,Not of Hispanic Origin,,0,NULL,,1
,58453475508,FC24003362,00:00.0,Male,Black,13,NULL,NULL,NULL,Not of Hispanic Origin,,0,NULL,,1
,58453477617,FC24003362,00:00.0,Female,Black,32,Thin,NULL,NULL,Not of Hispanic Origin,,0,MA,,NULL
,58453485381,FC24003362,00:00.0,Female,Black,60,NULL,NULL,NULL,Not of Hispanic Origin,,0,MA,Class D,NULL
,58454307038,FC24003364,00:00.0,Male,Black,26,Stocky,NULL,NULL,Not of Hispanic Origin,,0,MA,Class D,0
,58454384110,FC24003366,00:00.0,Male,White,43,Thin,Wavy,Medium,Not of Hispanic Origin,,0,MA,,1
,58461877072,FC24003372,15:00.0,Male,Black,33,NULL,NULL,NULL,Hispanic Origin,,0,MA,,0
,58463590838,FC24003374,12:00.0,Male,Black,35,Medium,NULL,NULL,Hispanic Origin,,0,MA,Class D,1
,58464588628,FC24003378,00:00.0,Male,Black,32,Thin,NULL,Medium,Not of Hispanic Origin,,0,MA,,0
,58464589753,FC24003378,00:00.0,Male,Black,29,Medium,Short,Light Brown,Not of Hispanic Origin,,0,MA,ID Only - Never had Personal Driver License,0
,58464590943,FC24003378,00:00.0,Male,Black,18,Medium,Short,Light Brown,Not of Hispanic Origin,,0,MA,,0
,58464597327,FC24003378,00:00.0,Male,White,27,Thin,Short,Light,Hispanic Origin,,0,MA,,0
,58464599694,FC24003378,00:00.0,Male,Black,13,NULL,NULL,NULL,Not of Hispanic Origin,,0,NULL,,0
,58464610939,FC24003378,00:00.0,Male,White,16,Medium,Dreadlocks,Light Brown,Hispanic Origin,,0,MA,,0
,58471463494,FC24003387,00:00.0,Male,Black,80,Unknown,NULL,NULL,Not of Hispanic Origin,,0,MA,,1
,58473440123,FC24003388,00:00.0,Female,Black,29,Thin,Short,Dark,Not of Hispanic Origin,,0,MA,Class D,0
,58477344933,FC24003395,19:00.0,Male,Black,41,NULL,NULL,NULL,Hispanic Origin,,0,MA,"ID - Had a License, now has ID",1
,58478273259,FC24003397,16:00.0,Male,White,37,Thin,Short,Light,Not of Hispanic Origin,,0,MA,ID Only - Never had Personal Driver License,0
,58478712255,FC24003398,27:00.0,Male,White,22,NULL,NULL,NULL,NULL,,0,MA,,1
,58485662851,FC24003404,00:00.0,Male,White,38,Thin,NULL,NULL,Not of Hispanic Origin,,0,MA,,1
,58487549697,FC24003405,15:00.0,NULL,NULL,NULL,NULL,NULL,NULL,NULL,,0,NULL,,0
,58487258486,FC24003406,30:00.0,Male,Black,40,Medium,Short,Light,Not of Hispanic Origin,,0,MA,Class D,1
,58490555419,FC24003412,30:00.0,Male,Black,50,Medium,Afro,NULL,Not of Hispanic Origin,,0,MA,,0
,58490987906,FC24003416,00:00.0,Male,Black,52,NULL,NULL,NULL,Not of Hispanic Origin,,0,NULL,,0
,58496868654,FC24003426,12:00.0,Male,Black,24,Heavy,Curly,Medium Brown,Hispanic Origin,,0,MA,Class D,0
,58502095771,FC24003434,15:00.0,Male,Black,15,NULL,NULL,NULL,Not of Hispanic Origin,,0,NULL,,1
,58502097858,FC24003434,15:00.0,Male,Black,15,Thin,NULL,Dark Brown,Not of Hispanic Origin,,0,MA,,1
,58502202966,FC24003435,38:00.0,Male,Black,33,Heavy,NULL,NULL,Not of Hispanic Origin,,0,MA,,0
,58503279601,FC24003436,41:00.0,Male,White,35,Thin,Short,Medium,Hispanic Origin,,0,MA,ID Only - Never had Personal Driver License,0
,58464638269,FC24003378,00:00.0,Male,Black,19,Thin,Curly,NULL,NULL,,0,MA,ID Only - Never had Personal Driver License,0
,58466069540,FC24003379,36:00.0,Male,Unknown,32,NULL,NULL,NULL,NULL,,0,NULL,,0
,58469283209,FC24003383,01:00.0,Male,Black,57,Heavy,NULL,NULL,Not of Hispanic Origin,,0,MA,,0
,58469290479,FC24003383,01:00.0,Male,White,34,NULL,NULL,NULL,Not of Hispanic Origin,,0,MA,,0
,58476315304,FC24003391,35:00.0,Male,Black,29,Medium,Short,Light,Not of Hispanic Origin,,0,MA,,0
,58476316157,FC24003391,35:00.0,Male,Black,27,Thin,Braided,Medium Brown,Not of Hispanic Origin,,0,MA,,0
,58476319300,FC24003391,35:00.0,Female,White,23,Thin,NULL,Light,Hispanic Origin,,0,MA,,0
,58476320393,FC24003391,35:00.0,Male,Black,32,Thin,NULL,Medium,Not of Hispanic Origin,,0,MA,,0
,58476321365,FC24003391,35:00.0,Male,White,26,Thin,NULL,NULL,Hispanic Origin,,0,MA,ID Only - Never had Personal Driver License,0
,58476322342,FC24003391,35:00.0,Male,Black,19,Medium,Short,Medium Brown,Not of Hispanic Origin,,0,MA,,0
,58476323319,FC24003391,35:00.0,Male,Black,19,Thin,Curly,NULL,NULL,,0,MA,ID Only - Never had Personal Driver License,0
,58476324191,FC24003391,35:00.0,Male,Black,34,Heavy,Short,Dark,Not of Hispanic Origin,,0,MA,Class D,0
,58477380356,FC24003396,30:00.0,Male,White,24,Thin,Braided,Light,Unknown,,0,MA,Class D,0
,58479410746,FC24003400,50:00.0,Female,Black,42,Medium,Short,Brown,Not of Hispanic Origin,,0,MA,,0
,58482525616,FC24003402,00:00.0,Male,White,19,NULL,NULL,NULL,Not of Hispanic Origin,,0,MA,Class D,0
,58482527291,FC24003402,00:00.0,Male,White,19,Thin,Unkempt,Light,Unknown,,0,MA,,0
,58482528364,FC24003402,00:00.0,Male,Black,31,Medium,Dreadlocks,Medium Brown,Not of Hispanic Origin,,0,MA,,0
,58490164800,FC24003410,43:00.0,Male,Black,33,NULL,NULL,NULL,Not of Hispanic Origin,,0,MA,Class D,0
,58490817530,FC24003413,10:00.0,Male,Black,41,Medium,Dreadlocks,Light Brown,Not of Hispanic Origin,,0,MA,,NULL
,58490817530,FC24003413,10:00.0,Male,Black,41,Medium,Dreadlocks,Light Brown,Not of Hispanic Origin,,0,MA,,1
,58491156256,FC24003422,45:00.0,Male,White,16,Thin,Curly,Medium,Hispanic Origin,,0,MA,,0
,58491188604,FC24003422,45:00.0,Male,Black,18,Thin,NULL,Medium Brown,NULL,,0,MA,,NULL
,58502103496,FC24003433,00:00.0,Male,White,40,Heavy,Short,Light,Not of Hispanic Origin,,0,MA,,0
,58503293012,FC24003438,52:00.0,Male,Black,46,Medium,Shaved Head,Dark Brown,Not of Hispanic Origin,,0,MA,,1
,58503293954,FC24003438,52:00.0,Male,Black,34,Thin,Afro,Medium Brown,Not of Hispanic Origin,,0,MA,,0
,58509664373,FC24003454,04:00.0,Male,White,51,NULL,NULL,NULL,Not of Hispanic Origin,,0,NULL,,1
,58531147093,FC24003455,23:00.0,Male,Black,31,NULL,NULL,NULL,Not of Hispanic Origin,,0,MA,Class D,0
,58541844234,FC24003456,30:00.0,Male,Black,32,Muscular,NULL,NULL,Not of Hispanic Origin,,0,MA,No License - Record Only,1
,58307979784,FC24003292,40:00.0,Male,Black,28,Medium,NULL,Dark Brown,Hispanic Origin,,0,MA,,0
,58312863726,FC24003294,17:00.0,Male,White,49,NULL,NULL,NULL,Not of Hispanic Origin,,0,MA,,0
,58335809200,FC24003304,21:00.0,Male,Black,32,Medium,NULL,NULL,Hispanic Origin,,0,MA,Class D,0
,58354908875,FC24003309,00:00.0,Male,White,25,Heavy,NULL,NULL,Not of Hispanic Origin,,0,MA,,0
,58354953915,FC24003309,00:00.0,Male,Unknown,18,NULL,NULL,NULL,Unknown,,0,NULL,,0
,58404262781,FC24003317,00:00.0,Male,Black,28,Thin,NULL,NULL,Not of Hispanic Origin,,0,MA,Class D,1
,58404317375,FC24003318,00:00.0,Male,Black,23,Medium,NULL,NULL,Not of Hispanic Origin,,0,MA,,1
,58404318221,FC24003318,00:00.0,Male,Black,23,NULL,NULL,NULL,Not of Hispanic Origin,,0,MA,Class D,1
,58405265199,FC24003322,55:00.0,Male,Black,33,Medium,Braided,Medium Brown,Not of Hispanic Origin,,0,MA,,0
,58413573599,FC24003327,23:00.0,Male,Black,20,Medium,Braided,Medium Brown,Not of Hispanic Origin,,0,MA,Class D,0
,58413611113,FC24003327,23:00.0,Male,White,23,NULL,NULL,NULL,Hispanic Origin,,0,MA,Class D,NULL
,58418739004,FC24003333,59:00.0,Male,NULL,NULL,NULL,NULL,NULL,NULL,,0,NULL,,NULL
,58418961808,FC24003333,59:00.0,Male,White,41,Thin,Bald or Balding,Medium,Not of Hispanic Origin,,0,MA,Class D,1
,58430922321,FC24003338,08:00.0,Male,Black,50,NULL,NULL,NULL,Not of Hispanic Origin,,0,MA,Class D,0
,58444408155,FC24003353,10:00.0,Male,White,26,NULL,NULL,NULL,Hispanic Origin,,0,NULL,,1
,58503311316,FC24003440,52:00.0,Female,Black,38,Medium,NULL,NULL,Not of Hispanic Origin,,0,MA,,0
,58503311617,FC24003440,52:00.0,Male,Black,38,Heavy,NULL,NULL,Not of Hispanic Origin,,0,MA,,0
,58503362658,FC24003441,39:00.0,Male,Black,31,Medium,NULL,NULL,Not of Hispanic Origin,,0,MA,,0
,58506797589,FC24003448,45:00.0,Male,Black,24,NULL,NULL,NULL,Not of Hispanic Origin,,0,MA,Class D,0
,58506798724,FC24003448,45:00.0,Male,Black,26,Medium,Braided,Medium,Not of Hispanic Origin,,0,MA,Class D,0
,58506952396,FC24003449,25:00.0,Male,Black,60,Medium,Short,Medium,Not of Hispanic Origin,,0,MA,Class D,0
,58508919373,FC24003451,51:00.0,Male,White,41,NULL,NULL,NULL,Not of Hispanic Origin,,0,MA,Class D,0
,58509632009,FC24003451,51:00.0,Male,Black,10,NULL,NULL,NULL,Hispanic Origin,,0,NULL,,NULL
,58509220672,FC24003452,20:00.0,Male,White,29,NULL,NULL,NULL,Hispanic Origin,,0,MA,Class D,0
,58558323373,FC24003461,00:00.0,Male,Black,25,Thin,NULL,Dark Brown,Not of Hispanic Origin,,0,MA,,0
,58558324529,FC24003461,00:00.0,Male,Black,26,Medium,NULL,NULL,Not of Hispanic Origin,,0,MA,,0
,58562107662,FC24003467,45:00.0,Female,Black,32,Medium,NULL,NULL,Unknown,,0,MA,Class D,1
,58562108857,FC24003467,45:00.0,Male,Black,48,Stocky,NULL,NULL,Not of Hispanic Origin,,0,MA,"ID - Had a License, now has ID",0
,58562178522,FC24003468,28:00.0,Male,Black,17,NULL,NULL,NULL,Not of Hispanic Origin,,0,MA,ID Only - Never had Personal Driver License,1
,58487430509,FC24003407,00:00.0,Male,White,33,Medium,NULL,NULL,Hispanic Origin,,0,MA,,1
,58488929383,FC24003409,00:00.0,Male,Black,30,Medium,Short,Medium Brown,Not of Hispanic Origin,,0,MA,Instruction Permit,0
,58490950020,FC24003417,30:00.0,Male,Black,16,Medium,Dreadlocks,Medium Brown,Hispanic Origin,,0,MA,,1
,58490963084,FC24003417,30:00.0,Male,Black,23,NULL,NULL,NULL,Not of Hispanic Origin,,0,MA,,0
,58490983664,FC24003418,07:00.0,Male,Black,30,Heavy,NULL,NULL,Not of Hispanic Origin,,0,MA,Class D,0
,58491119963,FC24003421,30:00.0,Male,Black,21,Thin,Dreadlocks,Medium Brown,Not of Hispanic Origin,,0,MA,None,0
,58491126063,FC24003421,30:00.0,Male,Black,15,NULL,NULL,NULL,Not of Hispanic Origin,,0,NULL,,0
,58492901987,FC24003424,00:00.0,Male,Black,33,Medium,NULL,NULL,Not of Hispanic Origin,,0,MA,Class D,1
,58493958531,FC24003425,55:00.0,Male,Black,21,Thin,Curly,Light Brown,Hispanic Origin,,0,MA,Class D,0
,58497309235,FC24003428,50:00.0,Male,White,66,NULL,NULL,NULL,NULL,,0,NULL,,0
,58500579374,FC24003431,46:00.0,Male,Black,20,NULL,NULL,NULL,Hispanic Origin,,0,NULL,,0
,58503306002,FC24003439,12:00.0,Male,Black,22,NULL,NULL,NULL,NULL,,0,NULL,,1
,58503309677,FC24003439,12:00.0,Male,Black,15,NULL,NULL,NULL,NULL,,0,NULL,,1
,58509318741,FC24003453,02:00.0,Female,Black,NULL,NULL,NULL,NULL,Unknown,,0,NULL,,NULL
,58509318741,FC24003453,02:00.0,Female,Black,NULL,NULL,NULL,NULL,Unknown,,0,NULL,,NULL
,58541877528,FC24003456,30:00.0,Male,Black,26,Thin,Braided,NULL,Not of Hispanic Origin,,0,MA,,0
,58541910592,FC24003456,30:00.0,Male,Black,23,Thin,Dreadlocks,Dark Brown,Not of Hispanic Origin,,0,MA,Class D,0
,58541944342,FC24003456,30:00.0,Male,Black,25,Unknown,NULL,NULL,Not of Hispanic Origin,,0,MA,,0
,58541988695,FC24003456,30:00.0,Male,Black,39,Medium,NULL,NULL,Not of Hispanic Origin,,0,MA,,0
,58556325434,FC24003458,00:00.0,Male,Black,25,NULL,NULL,NULL,Not of Hispanic Origin,,0,MA,Class D,1
,58558485969,FC24003460,00:00.0,Male,Black,33,Medium,Short,Light Brown,NULL,,0,MA,,0
,58558329606,FC24003462,57:00.0,Male,Black,16,Medium,Dreadlocks,Dark Brown,NULL,,0,MA,,1
,58558330239,FC24003462,57:00.0,Male,Black,17,Thin,Short,Medium Brown,Unknown,,0,MA,Class D,1
,58558330558,FC24003462,57:00.0,Male,Black,17,Thin,Afro,NULL,NULL,,0,MA,,1
,58558331688,FC24003462,57:00.0,Male,Black,15,NULL,NULL,NULL,NULL,,0,NULL,,1
,58558332481,FC24003462,57:00.0,Male,Black,22,NULL,NULL,Dark Brown,Not of Hispanic Origin,,0,MA,Class D,1
,58558333471,FC24003462,57:00.0,Male,Black,17,NULL,NULL,NULL,Not of Hispanic Origin,,0,NULL,,1
,58558334327,FC24003462,57:00.0,Male,Other,17,NULL,NULL,NULL,Unknown,,0,NULL,,1
,58558334702,FC24003462,57:00.0,Male,Black,15,NULL,NULL,NULL,Not of Hispanic Origin,,0,NULL,,1
,58560886358,FC24003465,10:00.0,Male,NULL,21,NULL,NULL,NULL,Unknown,,0,MA,,1
,58562186771,FC24003468,28:00.0,Male,Black,23,Medium,NULL,Medium,Not of Hispanic Origin,,0,MA,,0
,58562187762,FC24003468,28:00.0,Male,Black,22,NULL,NULL,Dark Brown,Not of Hispanic Origin,,0,MA,Class D,0
,58562188374,FC24003468,28:00.0,Male,Asian,18,Thin,NULL,Light Brown,Hispanic Origin,,0,MA,,0
,58562189142,FC24003468,28:00.0,Male,Black,19,Thin,Curly,NULL,NULL,,0,MA,ID Only - Never had Personal Driver License,0
,58562190288,FC24003468,28:00.0,Male,Other,17,NULL,NULL,NULL,Unknown,,0,NULL,,0
,58563354978,FC24003470,00:00.0,Male,Black,22,Heavy,Braided,Medium,Not of Hispanic Origin,,0,MA,,0
,58563360337,FC24003470,00:00.0,Male,Black,21,Medium,NULL,NULL,Not of Hispanic Origin,,0,MA,,0
,58566959128,FC24003476,15:00.0,Male,Unknown,23,NULL,NULL,NULL,Hispanic Origin,,0,MA,Class D,0
,58571311469,FC24003479,00:00.0,Male,White,31,NULL,NULL,NULL,Not of Hispanic Origin,,0,MA,Class D,0
,58573594010,FC24003484,11:00.0,Male,Black,28,Medium,NULL,NULL,NULL,,0,MA,,0
,58574084290,FC24003485,24:00.0,Male,Black,30,Thin,NULL,NULL,Not of Hispanic Origin,,0,MA,Class D,1
,58574090862,FC24003485,24:00.0,Male,Black,18,NULL,NULL,NULL,Unknown,,0,NULL,,1
,58575815187,FC24003487,00:00.0,Male,Black,32,Thin,Braided,Dark,Not of Hispanic Origin,,0,MA,ID Only - Never had Personal Driver License,0
,58576777832,FC24003491,22:00.0,Male,Black,19,NULL,NULL,NULL,Not of Hispanic Origin,,0,MA,Class D,1
,58576781981,FC24003491,22:00.0,Male,Black,23,Medium,Dreadlocks,Medium,Hispanic Origin,,0,MA,Class D,1
,58563045220,FC24003469,10:00.0,Male,Black,28,Thin,Braided,NULL,NULL,,0,MA,ID Only - Never had Personal Driver License,0
,58563045939,FC24003469,10:00.0,Male,Black,48,Stocky,NULL,NULL,Not of Hispanic Origin,,0,MA,"ID - Had a License, now has ID",0
,58571633591,FC24003480,50:00.0,Male,White,33,Medium,Straight,Light,Not of Hispanic Origin,,0,MA,,0
,58572057361,FC24003481,30:00.0,Male,Black,32,Thin,Braided,Medium Brown,Not of Hispanic Origin,,0,MA,Class D,1
,58576161741,FC24003488,13:00.0,Male,Unknown,18,NULL,NULL,NULL,Unknown,,0,MA,Class D,1
,58576180367,FC24003488,13:00.0,Male,White,20,NULL,NULL,NULL,Hispanic Origin,,0,MA,,1
,58576226140,FC24003488,13:00.0,Male,Unknown,21,NULL,NULL,NULL,Unknown,,0,NULL,,1
,58576628899,FC24003489,51:00.0,Male,Black,35,Medium,NULL,NULL,Not of Hispanic Origin,,0,MA,,0
,58576730750,FC24003490,53:00.0,Male,Black,25,Medium,Short,Medium Brown,Unknown,,0,MA,Class D,0
,58598687176,FC24003498,00:00.0,Male,NULL,20,NULL,NULL,NULL,Hispanic Origin,,0,MA,,1
,58600366648,FC24003498,00:00.0,Male,Black,27,Medium,Short,Medium Brown,Not of Hispanic Origin,,0,MA,Class D,NULL
,58599887406,FC24003499,15:00.0,Male,Black,31,Medium,Dreadlocks,Dark,Not of Hispanic Origin,,0,MA,Class D,1
,58601911467,FC24003500,00:00.0,Male,White,18,NULL,NULL,NULL,Hispanic Origin,,0,MA,,0
,58601983683,FC24003500,00:00.0,Male,Black,26,Thin,Dreadlocks,Medium,Hispanic Origin,,0,MA,,0
,58444409939,FC24003353,10:00.0,Male,Black,26,NULL,NULL,NULL,Unknown,,0,MA,Class D,1
,58445538769,FC24003355,30:00.0,Female,White,35,Medium,NULL,NULL,Not of Hispanic Origin,,0,MA,,0
,58445615620,FC24003355,30:00.0,Male,White,40,NULL,NULL,NULL,Not of Hispanic Origin,,0,MA,Personal Driver License,0
,58454324285,FC24003365,00:00.0,Male,Black,42,Thin,Short,Dark Brown,Not of Hispanic Origin,,0,MA,CDL Class B,0
,58455884088,FC24003369,54:00.0,Male,Black,28,Thin,NULL,NULL,Not of Hispanic Origin,,0,MA,Class D,1
,58464452054,FC24003377,44:00.0,Female,White,41,Medium,NULL,NULL,Not of Hispanic Origin,,0,MA,,0
,58464454620,FC24003377,44:00.0,Male,Black,23,Thin,NULL,NULL,Not of Hispanic Origin,,0,MA,"ID - Had a License, now has ID",0
,58464459898,FC24003377,44:00.0,Female,White,20,NULL,NULL,NULL,Not of Hispanic Origin,,0,MA,,0
,58468152517,FC24003382,58:00.0,Male,Unknown,19,NULL,NULL,NULL,NULL,,0,MA,ID Only - Never had Personal Driver License,1
,58471350589,FC24003386,00:00.0,Male,White,39,Thin,Straight,Light Brown,Hispanic Origin,,0,MA,ID Only - Never had Personal Driver License,0
,58475016386,FC24003389,11:00.0,Male,White,45,Thin,NULL,NULL,Not of Hispanic Origin,,0,MA,,0
,58475470512,FC24003390,40:00.0,Male,Black,16,Thin,Braided,Medium,NULL,,0,MA,,0
,58475717599,FC24003390,40:00.0,Male,Black,20,Medium,NULL,NULL,Unknown,,0,MA,ID Only - Never had Personal Driver License,0
,58476350248,FC24003392,08:00.0,Male,Black,43,Heavy,Braided,Dark,Not of Hispanic Origin,,0,MA,,0
,58509365005,FC24003453,02:00.0,Male,White,41,Medium,NULL,NULL,Not of Hispanic Origin,,0,MA,,0
,58557109814,FC24003459,00:00.0,Male,Unknown,22,NULL,NULL,NULL,NULL,,0,NULL,,1
,58558334740,FC24003463,45:00.0,Male,Black,29,Thin,NULL,NULL,Not of Hispanic Origin,,0,MA,,1
,58559965503,FC24003464,54:00.0,Female,Black,23,Thin,Curly,Light Brown,Hispanic Origin,,0,MA,,0
,58559966995,FC24003464,54:00.0,Male,Black,28,Thin,NULL,NULL,Not of Hispanic Origin,,0,MA,Class D,1
,58565216929,FC24003472,50:00.0,Male,Black,21,Heavy,Braided,Medium,Unknown,,0,MA,Class D,0
,58565265942,FC24003473,24:00.0,Male,White,41,NULL,NULL,NULL,Not of Hispanic Origin,,0,MA,Class D,1
,58565354035,FC24003474,45:00.0,Male,White,25,Medium,Short,NULL,Hispanic Origin,,0,MA,,1
,58565361173,FC24003474,45:00.0,Male,White,26,NULL,NULL,NULL,Hispanic Origin,,0,NULL,,1
,58565379417,FC24003474,45:00.0,Male,White,24,NULL,NULL,NULL,Hispanic Origin,,0,NULL,,0
,58566114704,FC24003475,30:00.0,Female,White,37,NULL,NULL,NULL,NULL,,0,NULL,,1
,58567942714,FC24003477,40:00.0,NULL,NULL,NULL,NULL,NULL,NULL,NULL,,0,NULL,,0
,58573405247,FC24003482,30:00.0,Male,White,48,NULL,NULL,NULL,Hispanic Origin,,0,MA,Class D,0
,58573456864,FC24003483,00:00.0,Male,Black,34,Thin,Dreadlocks,Medium Brown,Not of Hispanic Origin,,0,MA,ID Only - Never had Personal Driver License,0
,58574797360,FC24003486,04:00.0,Male,NULL,19,NULL,NULL,NULL,Unknown,,0,MA,,0
,58580990332,FC24003494,30:00.0,Male,Black,32,Thin,NULL,NULL,Not of Hispanic Origin,,0,MA,Class D,0
,58595590634,FC24003497,33:00.0,Male,Unknown,31,NULL,NULL,NULL,Hispanic Origin,,0,MA,Class D,0
,58615362687,FC24003509,24:00.0,Male,Black,51,Medium,Short,Light Brown,Not of Hispanic Origin,,0,MA,,0
,58623193307,FC24003514,40:00.0,Male,Black,21,NULL,NULL,NULL,NULL,,0,MA,Class D,0
,58623201462,FC24003514,40:00.0,Male,White,19,Medium,Curly,Light,Hispanic Origin,,0,MA,Class D,0
,58623709647,FC24003515,15:00.0,Male,Black,19,Thin,Corn Rows,Medium Brown,Not of Hispanic Origin,,0,MA,,1
,58623710966,FC24003515,15:00.0,Male,Black,18,Medium,Dreadlocks,Medium Brown,Not of Hispanic Origin,,0,MA,ID Only - Never had Personal Driver License,1
,58623715260,FC24003515,15:00.0,Male,Black,18,NULL,NULL,NULL,Unknown,,0,NULL,,0
,58623716392,FC24003515,15:00.0,Male,Black,31,NULL,NULL,NULL,Not of Hispanic Origin,,0,MA,Class D,0
,58623718208,FC24003515,15:00.0,Male,Black,31,Thin,Bald or Balding,Brown,Not of Hispanic Origin,,0,MA,Class D,0
,58624700223,FC24003517,57:00.0,Male,White,20,Thin,NULL,Light,Hispanic Origin,,0,MA,,0
,58625109210,FC24003518,04:00.0,Male,Unknown,18,NULL,NULL,NULL,Hispanic Origin,,0,NULL,,0
,58625714047,FC24003520,30:00.0,Male,White,64,Medium,Bald or Balding,Light,Not of Hispanic Origin,,0,MA,,0
,58632678885,FC24003526,53:00.0,Male,Black,33,Medium,Afro,Light Brown,NULL,,0,MA,Class D,0
,58633065780,FC24003527,53:00.0,Male,Black,43,Thin,Bald or Balding,Light Brown,Not of Hispanic Origin,,0,MA,,0
,58476351593,FC24003392,08:00.0,Male,Black,32,Medium,Corn Rows,Medium Brown,Not of Hispanic Origin,,0,MA,,0
,58476352769,FC24003392,08:00.0,Male,Black,34,Muscular,NULL,NULL,Not of Hispanic Origin,,0,MA,,0
,58476354670,FC24003392,08:00.0,Female,Black,23,Thin,Braided,Dark Brown,Not of Hispanic Origin,,0,MA,,0
,58476358873,FC24003392,08:00.0,Male,Black,29,Stocky,Short,Medium Brown,Not of Hispanic Origin,,0,MA,ID Only - Never had Personal Driver License,0
,58476360875,FC24003392,08:00.0,Male,Black,22,Thin,NULL,NULL,Not of Hispanic Origin,,0,MA,,0
,58476362307,FC24003392,08:00.0,Male,Black,33,Medium,Afro,Light Brown,NULL,,0,MA,Class D,0
,58476849608,FC24003393,20:00.0,Female,Black,24,NULL,NULL,NULL,Not of Hispanic Origin,,0,MA,Class D,1
,58476855975,FC24003393,20:00.0,Male,Black,25,Medium,NULL,NULL,Not of Hispanic Origin,,0,MA,Class D,0
,58476869092,FC24003393,20:00.0,Male,Black,42,Medium,Short,Dark,Not of Hispanic Origin,,0,MA,"ID - Had a License, now has ID",0
,58476872315,FC24003393,20:00.0,Female,White,41,Medium,NULL,NULL,Not of Hispanic Origin,,0,MA,,0
,58478940475,FC24003399,40:00.0,Male,Black,30,Heavy,Short,Dark Brown,Not of Hispanic Origin,,0,MA,Class D,0
,58483214152,FC24003403,30:00.0,Male,White,35,Medium,Short,Light,Not of Hispanic Origin,,0,MA,Other: M,1
,58487798322,FC24003408,00:00.0,Female,Black,27,NULL,NULL,NULL,NULL,,0,NULL,,0
,58487800001,FC24003408,00:00.0,Male,Black,25,Medium,NULL,NULL,Not of Hispanic Origin,,0,MA,ID Only - Never had Personal Driver License,1
,58633697183,FC24003530,28:00.0,Male,Black,15,Thin,NULL,Light Brown,Not of Hispanic Origin,,0,MA,,0
,58633698630,FC24003530,28:00.0,Male,Black,19,NULL,NULL,NULL,NULL,,0,MA,Class D,0
,58634832429,FC24003533,51:00.0,Male,Black,46,Medium,Bushy,Light,Hispanic Origin,,0,MA,ID Only - Never had Personal Driver License,0
,58636259068,FC24003538,25:00.0,Male,Other,17,NULL,NULL,NULL,Unknown,,0,NULL,,1
,58636260599,FC24003538,25:00.0,Male,Black,32,Thin,NULL,Medium,Not of Hispanic Origin,,0,MA,,0
,58636261651,FC24003538,25:00.0,Male,Black,19,Medium,Short,Medium Brown,Not of Hispanic Origin,,0,MA,,0
,58636265701,FC24003538,25:00.0,Male,Asian,18,Thin,NULL,Light Brown,Hispanic Origin,,0,MA,,0
,58636268652,FC24003538,25:00.0,Male,Black,31,Medium,Short,Medium,Not of Hispanic Origin,,0,MA,,0
,58636279777,FC24003538,25:00.0,Male,Black,19,Thin,Curly,NULL,NULL,,0,MA,ID Only - Never had Personal Driver License,0
,58636286545,FC24003538,25:00.0,Male,Black,22,NULL,NULL,NULL,Not of Hispanic Origin,,0,MA,Class D,0
,58636300667,FC24003538,25:00.0,Male,Black,29,Medium,Short,Light Brown,Not of Hispanic Origin,,0,MA,ID Only - Never had Personal Driver License,0
,58636302161,FC24003538,25:00.0,Male,Black,23,Medium,NULL,Dark Brown,Not of Hispanic Origin,,0,MA,,0
,58643614502,FC24003542,59:00.0,Male,Black,20,Thin,NULL,Medium Brown,Hispanic Origin,,0,MA,Class D,0
,58643635251,FC24003542,59:00.0,Male,White,20,Thin,Wavy,Light Brown,Hispanic Origin,,0,MA,,0
,58487807436,FC24003408,00:00.0,Male,Black,31,Thin,Braided,Medium Brown,Not of Hispanic Origin,,0,MA,Class D,1
,58490534793,FC24003411,30:00.0,Male,Black,36,Medium,Braided,Dark Brown,Not of Hispanic Origin,,0,MA,Class D,0
,58490543434,FC24003411,30:00.0,Male,Black,35,Heavy,NULL,Dark Brown,Not of Hispanic Origin,,0,MA,Class D,0
,58490859637,FC24003414,15:00.0,Male,White,28,NULL,NULL,NULL,Not of Hispanic Origin,,0,MA,Class D,0
,58490935325,FC24003415,25:00.0,Male,Black,35,NULL,NULL,NULL,Not of Hispanic Origin,,0,MA,,0
,58490942375,FC24003415,25:00.0,Male,White,35,Thin,Short,Medium,Hispanic Origin,,0,MA,ID Only - Never had Personal Driver License,0
,58490964701,FC24003415,25:00.0,Female,White,31,NULL,NULL,NULL,Not of Hispanic Origin,,0,MA,Class D,0
,58491008506,FC24003415,25:00.0,Male,Black,36,Medium,NULL,NULL,Not of Hispanic Origin,,0,MA,,0
,58491093240,FC24003420,00:00.0,Male,White,31,Thin,NULL,Light Brown,Hispanic Origin,,0,MA,,0
,58492028054,FC24003423,00:00.0,Male,Black,32,Thin,Short,Light Brown,NULL,,0,MA,,0
,58500486734,FC24003429,30:00.0,Male,NULL,32,Thin,Straight,Medium,Hispanic Origin,,0,MA,,0
,58500580353,FC24003430,00:00.0,Male,White,37,Thin,NULL,NULL,Not of Hispanic Origin,,0,MA,,0
,58502090128,FC24003432,00:00.0,Female,Unknown,37,NULL,NULL,NULL,NULL,,0,NULL,,1
,58503780475,FC24003442,55:00.0,Male,Black,25,Thin,Braided,Medium,NULL,,0,MA,,0
,58503782598,FC24003442,55:00.0,Male,Black,27,Medium,NULL,NULL,Not of Hispanic Origin,,0,MA,Class D,0
,58503783292,FC24003442,55:00.0,Male,Black,16,NULL,NULL,NULL,NULL,,0,NULL,,0
,58505224034,FC24003443,49:00.0,Male,Black,27,Medium,Dreadlocks,Medium Brown,Not of Hispanic Origin,,0,MA,,1
,58505921469,FC24003444,00:00.0,Male,Black,43,NULL,NULL,NULL,Unknown,,0,NULL,,1
,58505930854,FC24003445,15:00.0,Male,Black,44,Medium,Bald or Balding,Medium Brown,Not of Hispanic Origin,,0,MA,Class D,1
,58506680871,FC24003446,00:00.0,Male,White,29,Thin,Curly,Light,Unknown,,0,MA,ID Only - Never had Personal Driver License,0
,58506895472,FC24003447,02:00.0,Male,White,29,NULL,NULL,NULL,Not of Hispanic Origin,,0,TX,Personal Driver License,0
,58506939198,FC24003447,02:00.0,Male,Black,30,NULL,NULL,NULL,Not of Hispanic Origin,,0,NH,Personal Driver License,0
,58506972488,FC24003447,02:00.0,Male,Black,33,NULL,NULL,NULL,Not of Hispanic Origin,,0,NULL,,0
,58507170832,FC24003450,01:00.0,Male,White,43,Heavy,Straight,Light,Not of Hispanic Origin,,0,MA,,1
,58542893742,FC24003457,00:00.0,Male,Black,21,Medium,NULL,NULL,Not of Hispanic Origin,,0,MA,,0
,58543003606,FC24003457,00:00.0,Male,Black,20,Thin,Short,NULL,Not of Hispanic Origin,,0,NULL,,0
,58543059780,FC24003457,00:00.0,Male,NULL,25,Thin,NULL,NULL,Not of Hispanic Origin,,0,MA,,0
,58543143931,FC24003457,00:00.0,Male,Black,25,Stocky,Short,Medium Brown,Not of Hispanic Origin,,0,MA,ID Only - Never had Personal Driver License,0
,58580424464,FC24003493,00:00.0,Male,Black,16,Thin,Afro,Medium Brown,Hispanic Origin,,0,MA,,0
,58580427340,FC24003493,00:00.0,Male,White,18,Thin,Afro,Light,Hispanic Origin,,0,MA,,0
,58613754885,FC24003508,00:00.0,Male,Unknown,33,Thin,Unkempt,Light,Not of Hispanic Origin,,0,MA,Class D,1
,58618317821,FC24003510,57:00.0,Male,Black,41,Thin,Short,Medium Brown,Not of Hispanic Origin,,0,MA,Class D,1
,58620692551,FC24003511,00:00.0,Male,Black,30,Medium,Curly,NULL,Not of Hispanic Origin,,0,MA,Class D,0
,58622756928,FC24003513,50:00.0,Male,White,56,Medium,NULL,NULL,Not of Hispanic Origin,,0,MA,,0
,58624230024,FC24003516,43:00.0,Male,Black,20,NULL,NULL,NULL,Not of Hispanic Origin,,0,MA,,0
,58624237632,FC24003516,43:00.0,Male,Black,17,NULL,NULL,NULL,NULL,,0,NULL,,0
,58624254842,FC24003516,43:00.0,Male,Black,18,NULL,NULL,NULL,Not of Hispanic Origin,,0,NULL,,0
,58631171504,FC24003524,00:00.0,Male,Black,19,NULL,NULL,NULL,NULL,,0,MA,Class D,1
,58632197373,FC24003525,18:00.0,Male,Black,35,Heavy,Dreadlocks,Dark,Not of Hispanic Origin,,0,MA,Class D,1
,58634600726,FC24003531,48:00.0,Male,Black,29,Thin,NULL,NULL,Hispanic Origin,,0,MA,"ID - Had a License, now has ID",0
,58636066953,FC24003537,00:00.0,Male,White,35,Thin,Unkempt,Light,NULL,,0,MA,,0
,58636434233,FC24003539,51:00.0,Male,White,46,Medium,NULL,NULL,Not of Hispanic Origin,,0,MA,,0
,58648368061,FC24003543,30:00.0,Male,Black,27,NULL,NULL,NULL,Not of Hispanic Origin,,0,MA,Class D,0
,58602004084,FC24003500,00:00.0,Male,White,19,Thin,Unkempt,Light,Unknown,,0,MA,,0
,58602014735,FC24003500,00:00.0,Male,Black,26,Heavy,Short,Dark Brown,Not of Hispanic Origin,,0,MA,,0
,58602020218,FC24003500,00:00.0,Male,Black,19,Thin,NULL,Medium,Unknown,,0,MA,,0
,58601940907,FC24003502,30:00.0,Male,Black,22,NULL,NULL,NULL,Not of Hispanic Origin,,0,NULL,,0
,58622204671,FC24003512,10:00.0,Male,Black,27,Medium,Short,Dark,Not of Hispanic Origin,,0,MA,,0
,58626508018,FC24003521,20:00.0,Male,Black,36,Muscular,Dreadlocks,Medium Brown,Hispanic Origin,,0,MA,,0
,58629908779,FC24003523,33:00.0,Male,Black,33,Medium,Dreadlocks,Medium Brown,Not of Hispanic Origin,,0,MA,"ID - Had a License, now has ID",1
,58635061943,FC24003535,00:00.0,Male,White,25,Medium,NULL,Medium,Unknown,,0,MA,,0
,58637983760,FC24003540,21:00.0,Male,Black,35,Medium,Dreadlocks,Medium Brown,Hispanic Origin,,0,MA,,1
,58638423299,FC24003540,21:00.0,Male,Black,36,Thin,NULL,NULL,Not of Hispanic Origin,,0,MA,,1
,58657096147,FC24003546,50:00.0,Male,Black,52,NULL,NULL,NULL,NULL,,0,NULL,,0
,58657105218,FC24003546,50:00.0,Male,White,39,NULL,NULL,NULL,Not of Hispanic Origin,,0,MA,Class D,0
,58657118514,FC24003546,50:00.0,Male,Black,43,Thin,NULL,NULL,Hispanic Origin,,0,MA,,0
,58657138990,FC24003546,50:00.0,Female,Black,37,Thin,NULL,NULL,Hispanic Origin,,0,MA,,0
,58657615117,FC24003547,00:00.0,Male,White,36,NULL,NULL,NULL,NULL,,0,NY,Class D,0
,58543238783,FC24003457,00:00.0,Male,Black,20,Thin,Corn Rows,Medium Brown,Not of Hispanic Origin,,0,MA,,0
,58543300946,FC24003457,00:00.0,Male,Black,29,Thin,NULL,NULL,Not of Hispanic Origin,,0,MA,"ID - Had a License, now has ID",0
,58543342598,FC24003457,00:00.0,Male,Black,25,Thin,Short,Medium,Unknown,,0,MA,Class D,0
,58543407431,FC24003457,00:00.0,Male,Black,23,Thin,Afro,NULL,Not of Hispanic Origin,,0,MA,,0
,58561515929,FC24003466,39:00.0,Male,White,25,Thin,Straight,Light,Unknown,,0,MA,Class D,0
,58561518118,FC24003466,39:00.0,Male,White,24,Thin,NULL,NULL,Hispanic Origin,,0,MA,Class D,0
,58561522528,FC24003466,39:00.0,Male,Black,24,Medium,Short,Medium Brown,Not of Hispanic Origin,,0,MA,Class D,0
,58563620649,FC24003471,30:00.0,Male,White,39,Medium,Wavy,Light Brown,Hispanic Origin,,0,MA,Class D,1
,58567943396,FC24003478,50:00.0,Male,Black,26,Thin,Short,Dark Brown,Not of Hispanic Origin,,0,MA,,0
,58593669145,FC24003496,55:00.0,Male,Black,31,Thin,NULL,NULL,Hispanic Origin,,0,MA,ID Only - Never had Personal Driver License,1
,58601945683,FC24003501,00:00.0,Male,White,52,NULL,NULL,NULL,Hispanic Origin,,0,MA,ID Only - Never had Personal Driver License,1
,58601969002,FC24003501,00:00.0,Male,White,31,NULL,NULL,NULL,Unknown,,0,MA,,1
,58603271912,FC24003503,00:00.0,Male,White,40,Medium,NULL,NULL,Not of Hispanic Origin,,0,MA,,0
,58605357469,FC24003504,29:00.0,Male,Black,40,Medium,NULL,NULL,Not of Hispanic Origin,,0,MA,,1
,58651320770,FC24003544,37:00.0,Male,NULL,29,NULL,NULL,NULL,NULL,,0,NULL,,1
,58651348121,FC24003544,37:00.0,Male,White,28,NULL,NULL,NULL,Not of Hispanic Origin,,0,MA,Class D,0
,58659767477,FC24003548,25:00.0,Male,White,27,NULL,NULL,NULL,NULL,,0,MA,Class D,0
,58659844697,FC24003548,25:00.0,Male,Black,42,Medium,Braided,Medium Brown,Hispanic Origin,,0,MA,ID Only - Never had Personal Driver License,0
,58659857014,FC24003548,25:00.0,Male,Black,43,Thin,NULL,NULL,Hispanic Origin,,0,MA,"ID - Had a License, now has ID",0
,58660022026,FC24003549,44:00.0,Male,Black,26,Medium,Dreadlocks,Medium Brown,Not of Hispanic Origin,,0,MA,Class D,0
,58660029723,FC24003549,44:00.0,Male,Black,28,Medium,Short,Light Brown,Unknown,,0,MA,,0
,58660039476,FC24003549,44:00.0,Male,Black,21,Thin,Short,Medium Brown,Not of Hispanic Origin,,0,MA,ID Only - Never had Personal Driver License,0
,58660050309,FC24003549,44:00.0,Male,White,23,NULL,NULL,NULL,Hispanic Origin,,0,MA,,0
,58660065060,FC24003549,44:00.0,Male,Black,26,Medium,NULL,NULL,Not of Hispanic Origin,,0,MA,,0
,58670782883,FC24003554,00:00.0,Male,Black,53,Medium,NULL,NULL,Not of Hispanic Origin,,0,MA,,0
,58671470064,FC24003558,30:00.0,Male,Other,20,NULL,NULL,NULL,Hispanic Origin,,0,NULL,,1
,58671474700,FC24003558,30:00.0,Male,Black,17,NULL,NULL,NULL,Not of Hispanic Origin,,0,NULL,,0
,58671481177,FC24003558,30:00.0,Male,Black,20,Medium,Wavy,Medium Brown,Not of Hispanic Origin,,0,MA,Class D,NULL
,58606569469,FC24003505,02:00.0,Male,Black,22,Medium,NULL,NULL,Not of Hispanic Origin,,0,NULL,,1
,58606571180,FC24003505,02:00.0,Male,Black,17,Thin,Short,Dark,Unknown,,0,MA,,1
,58609536085,FC24003506,50:00.0,Male,White,29,NULL,NULL,NULL,Unknown,,0,NULL,,0
,58609537082,FC24003506,50:00.0,Female,Black,26,NULL,NULL,NULL,Unknown,,0,MA,Personal Driver License,NULL
,58610479716,FC24003507,46:00.0,Male,NULL,15,NULL,NULL,NULL,NULL,,0,NULL,,1
,58610484864,FC24003507,46:00.0,Male,Black,16,Medium,Afro,Medium,NULL,,0,MA,,0
,58625184928,FC24003519,14:00.0,Male,Black,33,Thin,Short,Dark Brown,Not of Hispanic Origin,,0,MA,,1
,58625195340,FC24003519,14:00.0,Male,Black,31,Medium,Dreadlocks,Medium Brown,Not of Hispanic Origin,,0,MA,,0
,58627570238,FC24003522,15:00.0,Male,White,41,Thin,Bald or Balding,Medium,Not of Hispanic Origin,,0,MA,Class D,1
,58627573678,FC24003522,15:00.0,Female,White,23,NULL,NULL,NULL,Not of Hispanic Origin,,0,MA,ID Only - Never had Personal Driver License,NULL
,58627599251,FC24003522,15:00.0,Male,White,32,NULL,NULL,NULL,NULL,,0,MA,None,NULL
,58633307444,FC24003529,35:00.0,Male,Black,28,Medium,Dreadlocks,Medium Brown,Not of Hispanic Origin,,0,MA,Class D,0
,58634717727,FC24003532,00:00.0,Male,Black,36,Medium,Dreadlocks,Medium Brown,Not of Hispanic Origin,,0,MA,,0
,58634723107,FC24003532,00:00.0,Male,Black,18,NULL,NULL,NULL,Unknown,,0,NULL,,0
,58634999484,FC24003534,22:00.0,Male,Black,57,Medium,NULL,NULL,Not of Hispanic Origin,,0,MA,,0
,58635718683,FC24003536,09:00.0,Male,Black,42,Medium,NULL,NULL,Hispanic Origin,,0,MA,Class D,1
,58635718994,FC24003536,09:00.0,Female,White,39,Medium,Straight,Light,Not of Hispanic Origin,,0,MA,Class D,0
,58638861894,FC24003541,00:00.0,Male,Black,30,Thin,Short,NULL,Not of Hispanic Origin,,0,MA,Class D,0
,58661067269,FC24003550,47:00.0,Male,Black,44,Medium,NULL,NULL,Not of Hispanic Origin,,0,MA,,0
,58661068853,FC24003550,47:00.0,Male,Black,44,Medium,NULL,NULL,Not of Hispanic Origin,,0,MA,,0
,58661075394,FC24003550,47:00.0,Female,Black,26,Medium,NULL,NULL,Not of Hispanic Origin,,0,MA,ID Only - Never had Personal Driver License,0
,58670210812,FC24003553,30:00.0,Male,White,41,Medium,NULL,NULL,Not of Hispanic Origin,,0,MA,,0
,58671525204,FC24003559,30:00.0,Male,Other,20,NULL,NULL,NULL,Hispanic Origin,,0,NULL,,0
,58674660982,FC24003564,30:00.0,Male,Black,30,NULL,NULL,NULL,Not of Hispanic Origin,,0,NULL,,1
,58679823936,FC24003568,51:00.0,Male,Black,17,NULL,NULL,NULL,Not of Hispanic Origin,,0,NULL,,1
,58681652635,FC24003572,50:00.0,Female,Black,43,Thin,NULL,NULL,Unknown,,0,MA,,0
,58681654634,FC24003573,30:00.0,Male,White,42,Medium,Mullet,NULL,Not of Hispanic Origin,,0,MA,Class D,0
,58681656238,FC24003573,30:00.0,Male,White,27,NULL,NULL,NULL,Not of Hispanic Origin,,0,MA,Class D,0
,58681659781,FC24003573,30:00.0,Male,White,30,Stocky,NULL,Light,Not of Hispanic Origin,,0,MA,,0
,58681664031,FC24003573,30:00.0,Male,White,29,Medium,Curly,Light,Not of Hispanic Origin,,0,MA,,0
,58681665587,FC24003573,30:00.0,Male,White,32,Thin,Short,Light,Not of Hispanic Origin,,0,MA,,0
,58687444266,FC24003577,00:00.0,Male,Unknown,17,NULL,NULL,NULL,NULL,,0,NULL,,0
,58697369117,FC24003583,28:00.0,Male,Unknown,57,NULL,NULL,NULL,Hispanic Origin,,0,MA,,NULL
,58697423110,FC24003583,28:00.0,Male,Unknown,31,NULL,NULL,NULL,Hispanic Origin,,0,MA,ID Only - Never had Personal Driver License,0
,58698249525,FC24003586,29:00.0,Male,Black,41,Medium,NULL,NULL,Not of Hispanic Origin,,0,MA,,1
,58704296153,FC24003591,30:00.0,Male,White,16,NULL,NULL,NULL,Hispanic Origin,,0,NULL,,1
,58826755155,FC24003591,30:00.0,Female,Black,NULL,NULL,NULL,NULL,NULL,,0,NULL,,1
,58708820501,FC24003594,54:00.0,Male,White,20,Thin,Afro,Light,Hispanic Origin,,0,MA,Class D,0
,58708821074,FC24003594,54:00.0,Male,White,24,Thin,NULL,NULL,Hispanic Origin,,0,MA,,0
,58708821786,FC24003594,54:00.0,Male,Black,23,Medium,Dreadlocks,Medium Brown,Not of Hispanic Origin,,0,MA,Class D,0
,58732005262,FC24003611,15:00.0,Male,Black,32,Muscular,Braided,Medium Brown,Not of Hispanic Origin,,0,MA,Class D,0
,58740429475,FC24003612,31:00.0,Male,Black,66,Heavy,Short,Medium,NULL,,0,MA,Class D,0
,58740432946,FC24003612,31:00.0,Female,Black,38,Stocky,NULL,NULL,Not of Hispanic Origin,,0,MA,,0
,58750291315,FC24003617,30:00.0,Female,White,62,Thin,NULL,Light,Not of Hispanic Origin,,0,MA,"ID - Had a License, now has ID",0
,58750312790,FC24003617,30:00.0,Male,Black,56,Thin,Short,Dark Brown,Not of Hispanic Origin,,0,MA,"ID - Had a License, now has ID",NULL
,58750527462,FC24003617,30:00.0,Male,Black,53,Medium,Curly,Medium,Unknown,,0,MA,Other: Suspended,NULL
,58762085513,FC24003622,20:00.0,Male,Black,25,Thin,NULL,NULL,Not of Hispanic Origin,,0,MA,Class D,0
,58763683089,FC24003623,36:00.0,Male,Black,25,Thin,Dreadlocks,Medium,Unknown,,0,MA,ID Only - Never had Personal Driver License,1
,58764208441,FC24003624,00:00.0,Male,Black,29,Thin,Braided,Medium Brown,Not of Hispanic Origin,,0,MA,,0
,58764252292,FC24003624,00:00.0,Male,Black,31,Medium,Bushy,Dark,Unknown,,0,MA,"ID - Had a License, now has ID",0
,58764272886,FC24003624,00:00.0,Male,Black,19,Thin,NULL,Light Brown,Hispanic Origin,,0,MA,,0
,58764287005,FC24003624,00:00.0,Male,White,24,Thin,Braided,Medium,Hispanic Origin,,0,MA,,0
,58764299852,FC24003624,00:00.0,Male,Black,31,Medium,Short,Dark,Not of Hispanic Origin,,0,MA,,0
,58764441967,FC24003624,00:00.0,Male,Black,19,Thin,Dreadlocks,Medium Brown,Not of Hispanic Origin,,0,MA,,0
,58764465139,FC24003624,00:00.0,Male,Black,28,Heavy,NULL,NULL,Not of Hispanic Origin,,0,MA,,0
,58764559308,FC24003624,00:00.0,Male,Black,20,Medium,NULL,Dark Brown,Not of Hispanic Origin,,0,MA,ID Only - Never had Personal Driver License,0
,58765464634,FC24003625,03:00.0,Male,Unknown,30,NULL,NULL,NULL,Hispanic Origin,,0,NULL,,0
,58765485263,FC24003625,03:00.0,Male,Unknown,26,NULL,NULL,NULL,Hispanic Origin,,0,NULL,,0
,58766523311,FC24003628,14:00.0,Male,Black,36,Medium,Curly,Light Brown,Hispanic Origin,,0,MA,,1
,58656888619,FC24003545,00:00.0,Male,Black,19,Medium,Braided,Dark Brown,Not of Hispanic Origin,,0,MA,,0
,58669610474,FC24003552,00:00.0,Male,Black,19,Thin,Afro,Medium Brown,NULL,,0,MA,,0
,58669612099,FC24003552,00:00.0,Male,Black,16,Thin,NULL,Dark Brown,NULL,,0,MA,,1
,58670836517,FC24003555,20:00.0,Male,Black,20,Thin,NULL,Medium Brown,Hispanic Origin,,0,MA,Class D,0
,58671360826,FC24003556,27:00.0,Male,White,15,NULL,NULL,NULL,Hispanic Origin,,0,NULL,,1
,58671362074,FC24003556,27:00.0,Male,White,15,NULL,NULL,NULL,Hispanic Origin,,0,NULL,,1
,58671362421,FC24003556,27:00.0,Male,White,17,NULL,NULL,NULL,Hispanic Origin,,0,NULL,,1
,58671362895,FC24003556,27:00.0,Male,White,16,NULL,NULL,NULL,Hispanic Origin,,0,NULL,,1
,58671363368,FC24003556,27:00.0,Male,White,20,NULL,NULL,NULL,Hispanic Origin,,0,MA,Class D,1
,58671363617,FC24003556,27:00.0,Male,American Indian or Alaskan Native,17,Thin,Straight,Light Brown,Hispanic Origin,,0,NULL,,1
,58671406474,FC24003556,27:00.0,Male,White,22,Thin,Short,Light,NULL,,0,MA,,1
,58671760042,FC24003560,45:00.0,Male,White,63,Medium,NULL,NULL,Hispanic Origin,,0,NULL,,0
,58671800554,FC24003560,45:00.0,Female,White,60,NULL,NULL,NULL,Hispanic Origin,,0,MA,Class D,0
,58671922947,FC24003561,32:00.0,Female,Unknown,21,NULL,NULL,NULL,Hispanic Origin,,0,NULL,,0
,58671923304,FC24003561,32:00.0,Male,White,21,Thin,Curly,Light,NULL,,0,MA,ID Only - Never had Personal Driver License,1
,58766524774,FC24003628,14:00.0,Male,Black,20,Medium,NULL,Medium Brown,Not of Hispanic Origin,,0,MA,,1
,58766778223,FC24003631,15:00.0,Male,Black,50,Medium,NULL,NULL,Not of Hispanic Origin,,0,MA,CDL Class B,0
,58766790180,FC24003631,15:00.0,Male,Black,50,Medium,Braided,Dark,Not of Hispanic Origin,,0,MA,Class D,1
,58773692127,FC24003639,30:00.0,Male,Black,39,NULL,NULL,NULL,Not of Hispanic Origin,,0,MA,,0
,58774195146,FC24003640,45:00.0,Male,White,44,Thin,Short,Light,Not of Hispanic Origin,,0,MA,No License - Record Only,1
,58774195146,FC24003640,45:00.0,Male,White,44,Thin,Short,Light,Not of Hispanic Origin,,0,MA,No License - Record Only,NULL
,58800995191,FC24003646,30:00.0,Male,White,36,Medium,NULL,NULL,Hispanic Origin,,0,MA,Class D,0
,58855347528,FC24003653,00:00.0,Male,Black,45,Medium,Short,Medium,NULL,,0,MA,,0
,58872232951,FC24003663,00:00.0,Male,Black,26,Medium,Short,Dark,Not of Hispanic Origin,,0,MA,None,0
,58874462641,FC24003667,33:00.0,Male,Black,33,NULL,NULL,NULL,NULL,,0,MA,Class D,0
,58877101201,FC24003671,05:00.0,Male,Black,18,NULL,NULL,NULL,NULL,,0,MA,Class D,1
,58877106382,FC24003671,05:00.0,Male,Unknown,NULL,NULL,NULL,NULL,Unknown,,0,NULL,,1
,58882938705,FC24003672,06:00.0,Male,White,18,Thin,Afro,Light,Hispanic Origin,,0,MA,,1
,58882983331,FC24003672,06:00.0,Male,Black,21,NULL,NULL,NULL,NULL,,0,NULL,,1
,58883024230,FC24003672,06:00.0,Male,Black,21,NULL,NULL,NULL,Hispanic Origin,,0,NULL,,1
,58671923450,FC24003561,32:00.0,Male,White,22,Thin,Short,NULL,Hispanic Origin,,0,MA,,1
,58671925977,FC24003561,32:00.0,Male,White,22,NULL,NULL,NULL,Hispanic Origin,,0,NULL,,1
,58673014913,FC24003562,54:00.0,Male,White,26,Medium,NULL,NULL,Hispanic Origin,,0,MA,Class D,0
,58673014913,FC24003562,54:00.0,Male,White,26,Medium,NULL,NULL,Hispanic Origin,,0,MA,Class D,NULL
,58679279984,FC24003566,49:00.0,Male,Black,27,Medium,Short,Dark,Not of Hispanic Origin,,0,MA,,0
,58679280431,FC24003566,49:00.0,Male,Black,35,Heavy,NULL,Dark Brown,Not of Hispanic Origin,,0,MA,Class D,0
,58679637424,FC24003567,00:00.0,Male,Black,37,NULL,NULL,NULL,Not of Hispanic Origin,,0,FL,Other: Class E,0
,58680953393,FC24003569,07:00.0,Male,White,26,Medium,Crew Cut,NULL,Hispanic Origin,,0,MA,,1
,58680958783,FC24003569,07:00.0,Female,White,45,Thin,Wavy,Medium,Unknown,,0,MA,,1
,58681219747,FC24003570,35:00.0,Male,Unknown,22,NULL,NULL,NULL,Hispanic Origin,,0,MA,Class D,0
,58681229034,FC24003570,35:00.0,Male,Unknown,21,NULL,NULL,NULL,Hispanic Origin,,0,MA,Class D,0
,58681240114,FC24003570,35:00.0,Male,Unknown,22,NULL,NULL,NULL,Hispanic Origin,,0,MA,Class D,0
,58681249349,FC24003570,35:00.0,Male,Unknown,21,NULL,NULL,NULL,Hispanic Origin,,0,MA,ID Only - Never had Personal Driver License,0
,58684570547,FC24003575,00:00.0,Male,Unknown,22,NULL,NULL,NULL,Unknown,,0,NULL,,1
,58687659309,FC24003578,30:00.0,Male,White,24,NULL,NULL,NULL,Unknown,,0,NULL,,NULL
,58669464357,FC24003551,40:00.0,Male,Black,46,Medium,NULL,NULL,Not of Hispanic Origin,,0,MA,,1
,58669468032,FC24003551,40:00.0,Female,Black,23,NULL,NULL,NULL,NULL,,0,NULL,,NULL
,58671419263,FC24003557,00:00.0,Male,Black,21,Thin,Braided,Medium Brown,Not of Hispanic Origin,,0,MA,Class D,0
,58671420283,FC24003557,00:00.0,Male,Black,19,NULL,NULL,NULL,NULL,,0,MA,Class D,0
,58673449607,FC24003563,11:00.0,Male,White,32,NULL,NULL,NULL,Hispanic Origin,,0,MA,Class D,1
,58695219828,FC24003579,45:00.0,Male,Black,32,Medium,Dreadlocks,Medium Brown,Not of Hispanic Origin,,0,MA,,0
,58695434040,FC24003580,19:00.0,Male,Black,65,Unknown,NULL,NULL,Unknown,,0,NULL,,0
,58695444427,FC24003580,19:00.0,Male,White,34,NULL,NULL,NULL,NULL,,0,MA,,0
,58695446211,FC24003580,19:00.0,Male,Black,47,Medium,NULL,NULL,Hispanic Origin,,0,MA,,0
,58695448389,FC24003580,19:00.0,Male,Black,54,Thin,NULL,NULL,Not of Hispanic Origin,,0,MA,Class D,0
,58695453596,FC24003580,19:00.0,Male,NULL,66,NULL,NULL,NULL,NULL,,0,NULL,,0
,58695456214,FC24003580,19:00.0,Male,Black,28,NULL,NULL,NULL,NULL,,0,NULL,,0
,58695458171,FC24003580,19:00.0,Male,White,28,NULL,NULL,NULL,Not of Hispanic Origin,,0,NULL,,0
,58697408870,FC24003584,20:00.0,Male,Black,23,NULL,NULL,NULL,Not of Hispanic Origin,,0,MA,Class D,0
,58701494819,FC24003588,30:00.0,Male,Black,26,Thin,NULL,NULL,Not of Hispanic Origin,,0,MA,Class D,1
,58703454724,FC24003589,23:00.0,Male,NULL,34,NULL,NULL,NULL,Unknown,,0,MA,,1
,58687669884,FC24003578,30:00.0,Female,White,30,Thin,Unkempt,Light Brown,NULL,,0,MA,,0
,58706756712,FC24003592,25:00.0,Male,White,18,Thin,Wavy,Light,Not of Hispanic Origin,,0,MA,ID Only - Never had Personal Driver License,0
,58706757679,FC24003592,25:00.0,Female,White,39,NULL,NULL,NULL,Not of Hispanic Origin,,0,MA,Class D,0
,58706758692,FC24003592,25:00.0,Male,Black,22,Thin,NULL,Dark Brown,Not of Hispanic Origin,,0,MA,ID Only - Never had Personal Driver License,0
,58717050323,FC24003602,01:00.0,Male,NULL,34,Medium,NULL,Medium Brown,Not of Hispanic Origin,,0,MA,,1
,58717060231,FC24003602,01:00.0,Male,Black,23,Medium,NULL,NULL,Not of Hispanic Origin,,0,MA,,1
,58717923576,FC24003605,40:00.0,Male,White,21,NULL,NULL,NULL,Not of Hispanic Origin,,0,NULL,,1
,58719277630,FC24003606,15:00.0,Male,Black,20,Thin,Corn Rows,Medium Brown,Not of Hispanic Origin,,0,MA,,1
,58719290209,FC24003606,15:00.0,Male,Black,20,Thin,Curly,Light Brown,Hispanic Origin,,0,MA,,0
,58719299260,FC24003606,15:00.0,Male,Black,21,Thin,NULL,NULL,Not of Hispanic Origin,,0,MA,,0
,58720024094,FC24003606,15:00.0,Male,Black,20,Thin,Braided,Light Brown,Not of Hispanic Origin,,1,MA,ID Only - Never had Personal Driver License,0
,58729379260,FC24003608,48:00.0,Male,Black,29,Medium,Corn Rows,Dark Brown,Not of Hispanic Origin,,0,MA,,1
,58729444283,FC24003608,48:00.0,Male,Black,20,Thin,Corn Rows,Medium Brown,Not of Hispanic Origin,,0,MA,,0
,58730703341,FC24003608,48:00.0,Male,Black,20,NULL,NULL,NULL,Unknown,,0,MA,Class D,0
,58729279220,FC24003608,48:00.0,Male,Black,22,Heavy,Braided,Medium,Not of Hispanic Origin,,0,MA,,1
,58729328248,FC24003608,48:00.0,Male,Black,27,Medium,Braided,Light Brown,Not of Hispanic Origin,,0,MA,ID Only - Never had Personal Driver License,0
,58729684581,FC24003609,50:00.0,Male,Black,26,Medium,Corn Rows,Medium Brown,Hispanic Origin,,0,MA,Class D,0
,58744514662,FC24003614,50:00.0,Male,Black,28,Thin,NULL,NULL,Not of Hispanic Origin,,0,MA,Class D,0
,58749178818,FC24003615,45:00.0,Female,White,18,Thin,NULL,Light,NULL,,0,MA,,1
,58749180451,FC24003615,45:00.0,Male,White,18,NULL,NULL,NULL,Unknown,,0,NULL,,1
,58749183646,FC24003615,45:00.0,Male,Black,23,Thin,NULL,NULL,Not of Hispanic Origin,,0,MA,Class D,1
,58759258196,FC24003621,12:00.0,Male,Black,20,Medium,NULL,Medium Brown,NULL,,0,MA,Class D,1
,58759270963,FC24003621,12:00.0,Male,Black,21,NULL,NULL,NULL,Not of Hispanic Origin,,0,NULL,,0
,58759274393,FC24003621,12:00.0,Male,Black,15,Medium,Short,NULL,NULL,,0,MA,,0
,58759299719,FC24003621,12:00.0,Male,Black,22,Medium,Short,Dark Brown,Not of Hispanic Origin,,0,MA,,0
,58759305046,FC24003621,12:00.0,Male,Black,24,Medium,NULL,Medium Brown,Unknown,,0,MA,Class D,0
,58763813854,FC24003621,12:00.0,Male,Black,15,NULL,NULL,NULL,NULL,,0,NULL,,1
,58763830358,FC24003621,12:00.0,Male,Black,20,Medium,NULL,Dark Brown,Not of Hispanic Origin,,0,MA,ID Only - Never had Personal Driver License,0
,58703461468,FC24003589,23:00.0,Female,Black,28,Medium,Straight,Dark,Not of Hispanic Origin,,0,MA,Class D,NULL
,58703641535,FC24003589,23:00.0,Male,Black,34,Thin,NULL,NULL,Not of Hispanic Origin,,0,MA,,NULL
,58708623082,FC24003593,56:00.0,Male,Black,19,Thin,Curly,Dark,Not of Hispanic Origin,,0,MA,None,0
,58708625626,FC24003593,56:00.0,Male,Black,25,Thin,Short,Medium,Unknown,,0,MA,Class D,0
,58709548176,FC24003596,49:00.0,Male,Black,30,Thin,Short,NULL,Not of Hispanic Origin,,0,MA,Class D,1
,58709914938,FC24003597,21:00.0,Female,Black,43,Medium,Afro,NULL,Not of Hispanic Origin,,0,MA,Class D,0
,58709916131,FC24003597,21:00.0,Male,Black,60,Medium,NULL,NULL,Not of Hispanic Origin,,0,MA,Class D,NULL
,58709950490,FC24003598,14:00.0,Male,Unknown,14,NULL,NULL,NULL,NULL,,0,NULL,,0
,58709953657,FC24003598,14:00.0,Male,White,18,Thin,Braided,Light,NULL,,0,MA,,NULL
,58709954729,FC24003598,14:00.0,Male,Black,23,Medium,Dreadlocks,Light Brown,Hispanic Origin,,0,MA,ID Only - Never had Personal Driver License,NULL
,58709956267,FC24003598,14:00.0,Male,White,28,NULL,NULL,NULL,Hispanic Origin,,0,MA,Class D,NULL
,58709959871,FC24003598,14:00.0,Male,White,24,Medium,Short,Medium,Hispanic Origin,,0,MA,Class D,NULL
,58709989750,FC24003598,14:00.0,Male,Black,16,Thin,Short,Medium Brown,Hispanic Origin,,0,MA,,NULL
,58710713590,FC24003598,14:00.0,Male,Black,16,NULL,NULL,NULL,Hispanic Origin,,0,NULL,,NULL
,58677928145,FC24003565,00:00.0,Male,Black,29,Thin,Braided,Medium Brown,Not of Hispanic Origin,,0,MA,,1
,58681492432,FC24003571,00:00.0,Male,White,20,NULL,NULL,NULL,Hispanic Origin,,0,NULL,,1
,58696352043,FC24003581,01:00.0,Female,White,47,NULL,NULL,NULL,Not of Hispanic Origin,,0,MA,Class D,0
,58696506337,FC24003582,55:00.0,Female,White,31,Medium,Straight,Light,Not of Hispanic Origin,,0,MA,Class D,1
,58697490836,FC24003585,07:00.0,Male,Black,28,NULL,NULL,NULL,Not of Hispanic Origin,,0,NULL,,1
,58698562232,FC24003587,47:00.0,Male,Black,31,NULL,NULL,NULL,Unknown,,0,MA,Class D,1
,58698563429,FC24003587,47:00.0,Male,White,29,Medium,Short,Light Brown,Hispanic Origin,,0,MA,Class D,1
,58698565035,FC24003587,47:00.0,Male,Black,22,Thin,Braided,Brown,Hispanic Origin,,0,MA,,1
,58708840904,FC24003595,00:00.0,Male,Black,31,Stocky,NULL,NULL,Unknown,,0,NY,ID Only - Never had Personal Driver License,0
,58708844162,FC24003595,00:00.0,Male,White,18,NULL,NULL,NULL,Unknown,,0,NULL,,0
,58749990233,FC24003616,20:00.0,Male,Black,19,Thin,Braided,Medium Brown,NULL,,0,MA,,1
,58766130422,FC24003626,39:00.0,Male,White,22,Thin,Short,NULL,Hispanic Origin,,0,MA,,0
,58766723581,FC24003630,05:00.0,Male,Black,23,Thin,Curly,Medium Brown,Not of Hispanic Origin,,0,MA,Class D,1
,58766731066,FC24003630,05:00.0,Male,Black,24,NULL,NULL,NULL,Not of Hispanic Origin,,0,MA,,1
,58766735652,FC24003630,05:00.0,Male,Black,24,NULL,NULL,NULL,Not of Hispanic Origin,,0,MA,Class D,1
,58710840104,FC24003598,14:00.0,Male,Black,20,Thin,Dreadlocks,Medium Brown,Not of Hispanic Origin,,0,MA,,NULL
,58713432407,FC24003599,16:00.0,Male,Black,41,Thin,Unkempt,Medium Brown,Not of Hispanic Origin,,0,MA,"ID - Had a License, now has ID",1
,58714164264,FC24003600,37:00.0,Male,Black,37,Thin,Short,Medium,Not of Hispanic Origin,,0,MA,,0
,58717920335,FC24003603,20:00.0,Male,White,26,Thin,NULL,NULL,Hispanic Origin,,0,MA,ID Only - Never had Personal Driver License,0
,58717922163,FC24003603,20:00.0,Male,White,27,Thin,Short,Light,Hispanic Origin,,0,MA,,0
,58717924170,FC24003603,20:00.0,Male,Black,32,Thin,NULL,Medium,Not of Hispanic Origin,,0,MA,,0
,58717925650,FC24003603,20:00.0,Male,Black,29,Medium,Short,Light Brown,Not of Hispanic Origin,,0,MA,ID Only - Never had Personal Driver License,0
,58717960722,FC24003603,20:00.0,Male,White,27,Medium,NULL,Light Brown,Hispanic Origin,,0,MA,"ID - Had a License, now has ID",0
,58717963061,FC24003603,20:00.0,Male,Other,17,NULL,NULL,NULL,Unknown,,0,NULL,,0
,58717964231,FC24003603,20:00.0,Male,Black,29,Medium,Short,Light,Not of Hispanic Origin,,0,MA,,0
,58729057130,FC24003607,46:00.0,Male,Black,19,Thin,Braided,Light Brown,Not of Hispanic Origin,,0,MA,Class D,1
,58729062129,FC24003607,46:00.0,Male,Black,28,Medium,Short,Light Brown,Unknown,,0,MA,,1
,58729075644,FC24003607,46:00.0,Male,Black,20,Medium,NULL,Dark Brown,Not of Hispanic Origin,,0,MA,ID Only - Never had Personal Driver License,1
,58766761297,FC24003630,05:00.0,Male,Black,26,Thin,NULL,NULL,Not of Hispanic Origin,,0,MA,,1
,58766856908,FC24003633,00:00.0,Male,Black,16,Thin,Dreadlocks,Medium Brown,NULL,,0,MA,,1
,58766859307,FC24003633,00:00.0,Male,Black,21,Thin,NULL,NULL,Not of Hispanic Origin,,0,MA,,1
,58766864173,FC24003633,00:00.0,Male,Black,16,Thin,Afro,Light,NULL,,0,MA,,1
,58768639869,FC24003636,07:00.0,Male,White,33,NULL,NULL,NULL,Not of Hispanic Origin,,0,NULL,,1
,58771410440,FC24003637,00:00.0,Male,White,20,NULL,NULL,NULL,Hispanic Origin,,0,NULL,,0
,58771719943,FC24003638,00:00.0,Male,White,33,Thin,Short,Light,Not of Hispanic Origin,,0,MA,,0
,58786880242,FC24003642,08:00.0,Male,Black,13,Thin,Dreadlocks,Light,Not of Hispanic Origin,,0,MA,,0
,58786897282,FC24003642,08:00.0,Male,Black,22,NULL,NULL,Dark Brown,Not of Hispanic Origin,,0,MA,Class D,0
,58786928523,FC24003642,08:00.0,Male,White,27,Medium,NULL,Light Brown,Hispanic Origin,,0,MA,"ID - Had a License, now has ID",0
,58820216022,FC24003648,00:00.0,Male,Black,20,Thin,Afro,Light Brown,NULL,,0,MA,,0
,58820248029,FC24003648,00:00.0,Male,Black,21,Thin,Braided,Medium Brown,Not of Hispanic Origin,,0,MA,Class D,0
,58865377673,FC24003657,38:00.0,Male,Unknown,22,NULL,NULL,NULL,Unknown,,0,NULL,,1
,58899902714,FC24003682,00:00.0,Male,Black,36,Medium,NULL,NULL,Not of Hispanic Origin,,0,MA,,1
,58900022219,FC24003683,19:00.0,Male,Black,42,Thin,NULL,NULL,Not of Hispanic Origin,,0,MA,,1
,58766568791,FC24003629,00:00.0,Male,Black,31,Muscular,Short,Dark Brown,Not of Hispanic Origin,,0,MA,Class D,0
,58766836989,FC24003632,30:00.0,Male,Black,27,Heavy,Short,Dark Brown,Not of Hispanic Origin,,0,MA,Instruction Permit,0
,58767617444,FC24003635,38:00.0,Male,Black,30,Medium,NULL,Medium Brown,Not of Hispanic Origin,,0,MA,Class D,0
,58767618590,FC24003635,38:00.0,Male,Black,27,Medium,Braided,Light Brown,Not of Hispanic Origin,,0,MA,ID Only - Never had Personal Driver License,0
,58774361483,FC24003641,00:00.0,Male,White,48,Thin,Short,Light,Not of Hispanic Origin,,0,MA,,0
,58774364764,FC24003641,00:00.0,Male,White,55,NULL,NULL,NULL,Not of Hispanic Origin,,0,MA,Class D,0
,58794818308,FC24003644,23:00.0,Male,Black,19,Thin,Dreadlocks,Medium,NULL,,0,MA,,1
,58794843595,FC24003644,23:00.0,Male,Black,20,NULL,NULL,NULL,Unknown,,0,NULL,,1
,58800569342,FC24003645,03:00.0,Male,White,32,Thin,Straight,Medium,Not of Hispanic Origin,,0,MA,ID Only - Never had Personal Driver License,1
,58801425207,FC24003647,45:00.0,Female,Black,25,NULL,NULL,NULL,Unknown,,0,NULL,,0
,58802359339,FC24003647,45:00.0,Male,Black,31,NULL,NULL,NULL,Not of Hispanic Origin,,0,MA,Class D,0
,58852105043,FC24003652,00:00.0,Male,White,17,NULL,NULL,NULL,Hispanic Origin,,0,NULL,,0
,58852341793,FC24003652,00:00.0,Male,White,17,Thin,Straight,Light Brown,Hispanic Origin,,0,NULL,,0
,58852545988,FC24003652,00:00.0,Male,White,20,NULL,NULL,NULL,Hispanic Origin,,0,NULL,,0
,58729131444,FC24003607,46:00.0,Male,Black,19,Thin,Curly,Dark,Not of Hispanic Origin,,0,MA,None,1
,58729154205,FC24003607,46:00.0,Male,Black,22,NULL,NULL,NULL,NULL,,0,NULL,,1
,58729177558,FC24003607,46:00.0,Male,Black,21,Thin,Short,Medium Brown,Not of Hispanic Origin,,0,MA,ID Only - Never had Personal Driver License,1
,58729263822,FC24003607,46:00.0,Male,White,23,NULL,NULL,NULL,Hispanic Origin,,0,MA,,1
,58729288605,FC24003607,46:00.0,Male,Black,19,NULL,NULL,NULL,Not of Hispanic Origin,,0,NULL,,1
,58729703982,FC24003607,46:00.0,Male,Black,20,Medium,Braided,Medium Brown,Not of Hispanic Origin,,0,MA,,1
,58731187280,FC24003610,18:00.0,Male,Black,26,Medium,Curly,NULL,NULL,,0,MA,,1
,58731188979,FC24003610,18:00.0,Male,White,22,NULL,NULL,NULL,Hispanic Origin,,0,MA,Instruction Permit,1
,58731193520,FC24003610,18:00.0,Male,Other,26,NULL,NULL,NULL,Hispanic Origin,,0,MA,Class D,1
,58740633410,FC24003613,00:00.0,Male,Black,23,NULL,NULL,NULL,Hispanic Origin,,0,MA,Class D,0
,58740665945,FC24003613,00:00.0,Male,White,24,NULL,NULL,NULL,Hispanic Origin,,0,NULL,,0
,58750558959,FC24003618,26:00.0,Male,White,47,NULL,NULL,NULL,Hispanic Origin,,0,NULL,,1
,58753875118,FC24003619,30:00.0,Male,White,63,NULL,NULL,NULL,NULL,,0,NULL,,0
,58766386142,FC24003627,44:00.0,Male,Black,44,NULL,NULL,NULL,Unknown,,0,MA,Class D,1
,58767205712,FC24003634,00:00.0,Male,Black,42,Medium,NULL,NULL,Not of Hispanic Origin,,0,MA,,1
,58883045328,FC24003672,06:00.0,Male,NULL,21,NULL,NULL,NULL,NULL,,0,NULL,,1
,58884749697,FC24003674,30:00.0,Male,Unknown,53,NULL,NULL,NULL,NULL,,0,NULL,,0
,58897328238,FC24003677,00:00.0,Male,White,37,Medium,Short,Light,Not of Hispanic Origin,,0,MA,"ID - Had a License, now has ID",1
,58898079678,FC24003680,00:00.0,Male,White,40,Thin,Short,Light,Not of Hispanic Origin,,0,MA,,0
,58915604406,FC24003688,15:00.0,Female,White,35,NULL,NULL,NULL,Not of Hispanic Origin,,0,NULL,,0
,58915823574,FC24003688,15:00.0,Male,White,27,NULL,NULL,NULL,Unknown,,0,NULL,,NULL
,58923218431,FC24003691,25:00.0,Female,White,56,NULL,NULL,NULL,NULL,,0,NULL,,1
,58923516455,FC24003692,03:00.0,Male,White,22,Thin,Short,NULL,Hispanic Origin,,0,MA,Class D,0
,58957853326,FC24003702,15:00.0,Female,Black,31,NULL,NULL,NULL,Hispanic Origin,,0,MA,None,0
,58957891685,FC24003702,15:00.0,Male,Black,63,Medium,Straight,Light Brown,Unknown,,0,MA,,0
,58968816521,FC24003706,06:00.0,Male,Unknown,36,NULL,NULL,NULL,NULL,,0,NULL,,NULL
,58969440427,FC24003706,06:00.0,Male,Unknown,37,NULL,NULL,NULL,Hispanic Origin,,0,NULL,,1
,59018461962,FC24003708,36:00.0,Male,Black,21,NULL,NULL,NULL,Hispanic Origin,,0,NULL,,0
,59019611188,FC24003709,56:00.0,Male,Black,30,NULL,NULL,NULL,Not of Hispanic Origin,,0,MA,Class D,0
,59019729489,FC24003709,56:00.0,Male,Black,33,Thin,Curly,NULL,Not of Hispanic Origin,,0,MA,,0
,59019777913,FC24003709,56:00.0,Male,Black,21,Medium,NULL,NULL,Not of Hispanic Origin,,0,MA,,0
,58852646297,FC24003652,00:00.0,Male,Unknown,18,NULL,NULL,NULL,Hispanic Origin,,0,NULL,,0
,58857430121,FC24003655,46:00.0,Male,White,57,NULL,NULL,NULL,Not of Hispanic Origin,,0,MA,,0
,58868056548,FC24003660,49:00.0,Male,Black,22,NULL,NULL,NULL,Unknown,,0,MA,Class D,0
,58868999687,FC24003661,16:00.0,Male,Black,25,Thin,Dreadlocks,Dark Brown,Not of Hispanic Origin,,0,MA,,0
,58875154411,FC24003668,21:00.0,Male,Black,50,Medium,Short,Light Brown,Not of Hispanic Origin,,0,MA,,0
,58876915736,FC24003669,54:00.0,Male,Black,42,Thin,Curly,Medium,Hispanic Origin,,0,MA,,1
,58876919753,FC24003669,54:00.0,Male,White,39,Medium,NULL,NULL,Hispanic Origin,,0,MA,,1
,58884073382,FC24003673,44:00.0,Male,Black,52,NULL,NULL,NULL,Not of Hispanic Origin,,0,NULL,,0
,58884373158,FC24003673,44:00.0,Male,Black,46,NULL,NULL,NULL,Not of Hispanic Origin,,0,MA,Class D,NULL
,58890651705,FC24003675,09:00.0,Male,Black,21,Medium,NULL,NULL,Not of Hispanic Origin,,0,MA,,1
,58890679259,FC24003675,09:00.0,Male,Black,20,Thin,Corn Rows,Medium Brown,Not of Hispanic Origin,,0,MA,,0
,58890697539,FC24003675,09:00.0,Male,Black,20,Medium,NULL,Medium Brown,NULL,,0,MA,Class D,0
,58890725790,FC24003675,09:00.0,Male,NULL,25,Thin,NULL,NULL,Not of Hispanic Origin,,0,MA,,0
,58890766423,FC24003675,09:00.0,Male,Black,27,Medium,NULL,Dark Brown,Not of Hispanic Origin,,0,MA,ID Only - Never had Personal Driver License,0
,58890792022,FC24003675,09:00.0,Male,Black,27,Medium,Braided,Light Brown,Not of Hispanic Origin,,0,MA,ID Only - Never had Personal Driver License,0
,58906970916,FC24003685,46:00.0,Male,NULL,25,NULL,NULL,NULL,NULL,,0,NULL,,1
,58906987005,FC24003685,46:00.0,Male,Black,21,Thin,NULL,NULL,Not of Hispanic Origin,,0,MA,,NULL
,58913854316,FC24003686,00:00.0,Female,White,36,Heavy,NULL,NULL,Not of Hispanic Origin,,0,MA,,0
,58925436036,FC24003694,22:00.0,Male,White,58,Medium,Short,Light,Not of Hispanic Origin,,0,MA,,0
,58925438937,FC24003694,22:00.0,Female,White,35,NULL,NULL,NULL,Unknown,,0,MA,"ID - Had a License, now has ID",0
,58925441454,FC24003694,22:00.0,Female,White,70,NULL,NULL,NULL,Unknown,,0,MA,"ID - Had a License, now has ID",0
,58925661616,FC24003694,22:00.0,Male,Black,60,Thin,Short,Medium,Not of Hispanic Origin,,0,MA,,NULL
,58926255239,FC24003695,00:00.0,Male,Black,22,Heavy,Braided,Medium,Not of Hispanic Origin,,0,MA,,0
,58942423487,FC24003698,18:00.0,Male,Black,18,Medium,Curly,Dark Brown,NULL,,0,MA,,1
,58955161239,FC24003700,06:00.0,Male,Black,27,Thin,Short,Dark Brown,Not of Hispanic Origin,,0,MA,Class D,1
,59045348884,FC24003713,18:00.0,Male,White,26,Heavy,NULL,NULL,Hispanic Origin,,0,MA,,0
,59045431376,FC24003713,18:00.0,Male,White,27,Medium,NULL,NULL,Hispanic Origin,,0,MA,Class D,NULL
,59222365759,FC24003736,13:00.0,Male,Black,22,Medium,Dreadlocks,NULL,Unknown,,0,MA,,1
,59222366005,FC24003736,13:00.0,Male,Black,41,Stocky,Braided,Brown,Not of Hispanic Origin,,0,MA,Class D,1
,59222381209,FC24003736,13:00.0,Male,Black,39,Thin,Braided,Light Brown,Not of Hispanic Origin,,0,MA,,0
,58788146126,FC24003643,50:00.0,Male,White,23,NULL,NULL,NULL,NULL,,0,NULL,,0
,58840433040,FC24003650,20:00.0,Male,White,37,Thin,NULL,Light,Not of Hispanic Origin,,0,MA,"ID - Had a License, now has ID",0
,58845287052,FC24003651,45:00.0,Male,Black,21,Medium,Afro,Light,Hispanic Origin,,0,MA,ID Only - Never had Personal Driver License,0
,58859018676,FC24003656,31:00.0,Male,Black,27,Obese,Short,Dark Brown,Not of Hispanic Origin,,0,MA,,1
,58859040442,FC24003656,31:00.0,Male,Black,33,Muscular,NULL,NULL,Not of Hispanic Origin,,0,MA,,0
,58859086745,FC24003656,31:00.0,Male,Black,21,NULL,NULL,NULL,Not of Hispanic Origin,,0,MA,Class D,0
,58859246526,FC24003656,31:00.0,Male,White,22,Thin,Dreadlocks,Light,Hispanic Origin,,0,MA,ID Only - Never had Personal Driver License,0
,58859276135,FC24003656,31:00.0,Male,White,21,Thin,Corn Rows,Medium,NULL,,0,MA,Class D,0
,58859287146,FC24003656,31:00.0,Male,White,18,NULL,NULL,NULL,Hispanic Origin,,0,NULL,,0
,58873955423,FC24003664,38:00.0,Male,Black,31,Medium,Bald or Balding,Dark Brown,Not of Hispanic Origin,,0,MA,Class D,0
,58874605873,FC24003665,14:00.0,Male,Black,30,Thin,Dreadlocks,Medium Brown,Hispanic Origin,,0,MA,Class D,0
,58874609893,FC24003665,14:00.0,Male,Black,25,Thin,Braided,Medium Brown,Hispanic Origin,,0,MA,ID Only - Never had Personal Driver License,0
,58874611592,FC24003665,14:00.0,Female,Black,24,NULL,NULL,NULL,Not of Hispanic Origin,,0,NULL,,0
,58890823084,FC24003675,09:00.0,Male,White,30,Thin,Short,NULL,Not of Hispanic Origin,,0,MA,Class D,0
,58890842650,FC24003675,09:00.0,Male,Black,19,Thin,Curly,Dark,Not of Hispanic Origin,,0,MA,None,0
,58890862348,FC24003675,09:00.0,Male,Black,25,Stocky,Short,Medium Brown,Not of Hispanic Origin,,0,MA,ID Only - Never had Personal Driver License,0
,58890880336,FC24003675,09:00.0,Male,Black,21,Heavy,Corn Rows,Medium,Not of Hispanic Origin,,0,MA,Instruction Permit,0
,58895544849,FC24003676,55:00.0,Male,Unknown,25,Heavy,Short,Light,Unknown,,0,MA,Class D,0
,58897435615,FC24003678,53:00.0,Male,White,36,Medium,NULL,NULL,Not of Hispanic Origin,,0,MA,,0
,58898855384,FC24003681,39:00.0,Male,White,57,Thin,Straight,Light,Not of Hispanic Origin,,0,MA,Class D,0
,58948894858,FC24003699,28:00.0,Male,Asian,18,NULL,NULL,NULL,Not of Hispanic Origin,,0,NULL,,NULL
,58948952454,FC24003699,28:00.0,Unknown,Unknown,NULL,NULL,NULL,NULL,Unknown,,0,NULL,,NULL
,58948952454,FC24003699,28:00.0,Unknown,Unknown,NULL,NULL,NULL,NULL,Unknown,,0,NULL,,0
,59031672482,FC24003711,30:00.0,Male,Black,26,Thin,NULL,NULL,Hispanic Origin,,0,MA,"ID - Had a License, now has ID",1
,59047170917,FC24003716,15:00.0,Unknown,Unknown,NULL,NULL,NULL,NULL,Unknown,,0,NULL,,0
,59047179697,FC24003716,15:00.0,Male,Black,21,Heavy,Curly,Dark,Not of Hispanic Origin,,0,MA,ID Only - Never had Personal Driver License,0
,59049429335,FC24003717,24:00.0,Male,Black,34,NULL,NULL,NULL,NULL,,0,MA,,0
,59021856673,FC24003710,22:00.0,Male,Black,21,NULL,NULL,NULL,Hispanic Origin,,0,MA,Class D,0
,59042078141,FC24003712,17:00.0,Male,Black,20,NULL,NULL,NULL,Hispanic Origin,,0,MA,Class D,0
,59042213053,FC24003712,17:00.0,Male,Black,20,Medium,NULL,NULL,Not of Hispanic Origin,,0,MA,,0
,59042357233,FC24003712,17:00.0,Female,Black,20,NULL,NULL,NULL,Unknown,,0,MA,Other: M,0
,59046230506,FC24003714,02:00.0,Male,Black,65,Thin,Short,Dark Brown,Not of Hispanic Origin,,0,MA,,1
,59057820215,FC24003720,37:00.0,Male,White,19,NULL,NULL,NULL,Hispanic Origin,,0,NULL,,1
,59057940911,FC24003720,37:00.0,Male,White,21,NULL,Short,Light,Hispanic Origin,,0,MA,,1
,59058104225,FC24003720,37:00.0,Male,White,20,Thin,Short,Light,NULL,,0,MA,,1
,59059271735,FC24003720,37:00.0,Male,White,25,NULL,NULL,NULL,Hispanic Origin,,0,NULL,,1
,59060591856,FC24003720,37:00.0,Male,Unknown,17,NULL,NULL,NULL,Hispanic Origin,,0,NULL,,1
,59132448773,FC24003724,00:00.0,Male,White,71,NULL,NULL,NULL,Not of Hispanic Origin,,0,MA,Personal Driver License,0
,59137154928,FC24003726,10:00.0,Female,White,35,Medium,Straight,Light,Not of Hispanic Origin,,0,MA,ID Only - Never had Personal Driver License,0
,59137222707,FC24003726,10:00.0,Female,Unknown,35,NULL,NULL,NULL,Hispanic Origin,,0,MA,ID Only - Never had Personal Driver License,0
,59137248912,FC24003726,10:00.0,Male,White,36,Thin,Short,Light,NULL,,0,MA,,0
,59137627201,FC24003726,10:00.0,Female,NULL,NULL,NULL,NULL,NULL,NULL,,0,NULL,,0
,58874405316,FC24003666,00:00.0,Male,White,16,Medium,Dreadlocks,Light Brown,Hispanic Origin,,0,MA,,0
,58897912719,FC24003679,09:00.0,Male,White,21,Medium,Short,Light Brown,Hispanic Origin,,0,MA,,1
,58897922434,FC24003679,09:00.0,Male,White,18,Medium,Afro,Light Brown,Unknown,,0,MA,ID Only - Never had Personal Driver License,1
,58906466623,FC24003684,30:00.0,Male,Black,18,NULL,NULL,NULL,Unknown,,0,NULL,,1
,58920081506,FC24003689,00:00.0,Male,White,48,Thin,Receding or Slightly Receding,Medium,Unknown,,0,MA,,0
,58923700249,FC24003693,15:00.0,Male,Black,13,Thin,Dreadlocks,Light,Not of Hispanic Origin,,0,MA,,0
,58923700705,FC24003693,15:00.0,Male,Black,29,Medium,Short,Light Brown,Not of Hispanic Origin,,0,MA,ID Only - Never had Personal Driver License,0
,58923701787,FC24003693,15:00.0,Male,Black,32,Thin,NULL,Medium,Not of Hispanic Origin,,0,MA,,0
,58923705154,FC24003693,15:00.0,Male,White,20,Thin,Wavy,Fair,Unknown,,0,MA,,0
,58923706251,FC24003693,15:00.0,Male,Asian,18,Thin,NULL,Light Brown,Hispanic Origin,,0,MA,,0
,58923722302,FC24003693,15:00.0,Female,Black,32,NULL,NULL,NULL,Not of Hispanic Origin,,0,MA,Class D,0
,58930643896,FC24003696,20:00.0,Male,White,53,NULL,NULL,NULL,Hispanic Origin,,0,NULL,,0
,58956265186,FC24003701,04:00.0,Male,Unknown,34,NULL,NULL,NULL,NULL,,0,MA,Class D,1
,58956328652,FC24003701,04:00.0,Male,Black,29,Medium,Curly,Dark Brown,Not of Hispanic Origin,,0,MA,Class D,0
,59049453337,FC24003718,30:00.0,Male,White,19,NULL,NULL,NULL,Hispanic Origin,,0,NULL,,1
,59049458847,FC24003718,30:00.0,Male,White,17,NULL,NULL,NULL,Hispanic Origin,,0,NULL,,1
,59049463997,FC24003718,30:00.0,Male,Black,19,NULL,NULL,NULL,Not of Hispanic Origin,,0,MA,Class D,1
,59049475554,FC24003718,30:00.0,Male,Black,18,NULL,NULL,NULL,Not of Hispanic Origin,,0,MA,,1
,59056173898,FC24003719,29:00.0,Male,Black,18,NULL,NULL,NULL,Not of Hispanic Origin,,0,NULL,,1
,59056386440,FC24003719,29:00.0,Male,Black,18,NULL,NULL,NULL,Unknown,,0,MA,None,1
,59056502613,FC24003719,29:00.0,Male,Black,18,Thin,Curly,Medium,NULL,,0,MA,ID Only - Never had Personal Driver License,1
,59158526622,FC24003728,00:00.0,Male,Black,45,Medium,NULL,NULL,Not of Hispanic Origin,,0,MA,,0
,59158562005,FC24003728,00:00.0,Male,Black,27,Thin,NULL,Light,Not of Hispanic Origin,,0,MA,Class D,0
,59163088278,FC24003729,03:00.0,Male,Black,22,NULL,NULL,NULL,Not of Hispanic Origin,,0,NULL,,0
,59174586299,FC24003732,03:00.0,Male,Black,50,Medium,Short,Light Brown,Not of Hispanic Origin,,0,MA,,0
,59231860066,FC24003739,08:00.0,Male,Black,22,NULL,NULL,Dark Brown,Not of Hispanic Origin,,0,MA,Class D,0
,59239918539,FC24003741,31:00.0,Male,White,27,Thin,NULL,NULL,Not of Hispanic Origin,,0,MA,,0
,59240191948,FC24003741,31:00.0,Male,NULL,26,NULL,NULL,NULL,NULL,,0,NULL,,0
,59242069755,FC24003743,51:00.0,Male,White,19,NULL,NULL,NULL,Hispanic Origin,,0,MA,ID Only - Never had Personal Driver License,1
,59222651441,FC24003737,55:00.0,Male,White,37,Medium,Braided,Medium Brown,Unknown,,0,MA,Class D,0
,59276037071,FC24003749,45:00.0,Male,Black,31,Thin,NULL,NULL,Hispanic Origin,,0,MA,,0
,59298391862,FC24003750,30:00.0,Male,White,21,Medium,Short,Light Brown,Hispanic Origin,,0,MA,,0
,59298414686,FC24003750,30:00.0,Male,White,18,Medium,Afro,Light Brown,Unknown,,0,MA,ID Only - Never had Personal Driver License,1
,59300039868,FC24003754,30:00.0,Male,Black,15,NULL,NULL,NULL,Hispanic Origin,,0,NULL,,0
,59300735429,FC24003755,00:00.0,Male,Black,20,Thin,Short,Medium Brown,Not of Hispanic Origin,,0,MA,,0
,59300830148,FC24003755,00:00.0,Male,Black,28,Heavy,Short,Dark,Not of Hispanic Origin,,0,MA,Class D,0
,59321865284,FC24003758,12:00.0,Male,Black,32,Thin,NULL,NULL,Not of Hispanic Origin,,0,MA,Class D,0
,59343358653,FC24003759,20:00.0,Male,White,42,NULL,NULL,NULL,Not of Hispanic Origin,,0,MA,Class D,0
,59366686373,FC24003777,15:00.0,Male,Black,54,Thin,Bald or Balding,Dark,Not of Hispanic Origin,,0,MA,,1
,59368792343,FC24003779,06:00.0,Male,Black,41,NULL,NULL,NULL,Not of Hispanic Origin,,0,MA,Class D,0
,59369466764,FC24003782,45:00.0,Male,Black,32,Medium,Afro,Light Brown,Hispanic Origin,,0,MA,No License - Record Only,1
,59369486794,FC24003782,45:00.0,Female,White,34,Medium,Straight,Medium,NULL,,0,MA,,NULL
,59377961005,FC24003788,25:00.0,Male,Black,24,NULL,NULL,NULL,Not of Hispanic Origin,,0,MA,ID Only - Never had Personal Driver License,0
,59155795080,FC24003727,25:00.0,Male,Black,20,Medium,Dreadlocks,Dark Brown,Unknown,,0,MA,"ID - Had a License, now has ID",0
,59155809297,FC24003727,25:00.0,Male,Black,22,Thin,Short,Dark Brown,Unknown,,0,MA,Class D,0
,59173753358,FC24003731,15:00.0,Male,White,38,Medium,Short,NULL,Not of Hispanic Origin,,0,MA,,0
,59216808948,FC24003734,16:00.0,Male,Black,44,Medium,Short,Medium,NULL,,0,MA,,1
,59219578806,FC24003735,00:00.0,Female,Black,31,Heavy,Braided,Light,Not of Hispanic Origin,,0,MA,,0
,59230767808,FC24003738,33:00.0,Male,Black,18,Thin,Braided,Dark Brown,Unknown,,0,MA,Class D,0
,59258326086,FC24003745,30:00.0,Male,Black,24,Heavy,NULL,NULL,Hispanic Origin,,0,MA,Class D,0
,59271143331,FC24003747,35:00.0,Male,Black,15,Thin,Curly,Medium,Not of Hispanic Origin,,0,MA,,0
,59344490147,FC24003761,01:00.0,Male,White,NULL,NULL,NULL,NULL,NULL,,0,NULL,,0
,59344336842,FC24003762,00:00.0,Male,Black,45,Medium,Short,Medium,NULL,,0,MA,Class D,0
,59345230350,FC24003764,00:00.0,Male,Black,27,Thin,Afro,Dark Brown,Hispanic Origin,,0,MA,,0
,59345274682,FC24003764,00:00.0,Female,Black,51,Thin,Short,Dark Brown,Not of Hispanic Origin,,0,MA,"ID - Had a License, now has ID",NULL
,59345289951,FC24003764,00:00.0,Male,Black,22,Thin,NULL,Dark Brown,Not of Hispanic Origin,,0,MA,ID Only - Never had Personal Driver License,NULL
,59347255832,FC24003765,00:00.0,Female,Black,33,Thin,Curly,Light Brown,Not of Hispanic Origin,,0,MA,,0
,58956362142,FC24003701,04:00.0,Male,Black,29,Thin,Dreadlocks,NULL,Not of Hispanic Origin,,0,MA,Class D,0
,58959764153,FC24003703,56:00.0,Male,Black,31,Medium,NULL,NULL,Not of Hispanic Origin,,0,MA,,1
,59058890206,FC24003721,00:00.0,Male,Black,44,Heavy,Short,Medium,Not of Hispanic Origin,,0,MA,ID Only - Never had Personal Driver License,1
,59058938871,FC24003721,00:00.0,Female,Unknown,36,Thin,Braided,Dark Brown,Not of Hispanic Origin,,0,MA,,0
,59058976921,FC24003721,00:00.0,Female,Black,36,Thin,Braided,Medium Brown,Not of Hispanic Origin,,0,MA,,0
,59059093477,FC24003721,00:00.0,Male,Black,33,Heavy,Short,Medium Brown,Unknown,,0,MA,Class D,0
,59094917187,FC24003722,16:00.0,Male,Black,22,Medium,Short,Dark,Not of Hispanic Origin,,0,MA,Class D,1
,59130805340,FC24003723,30:00.0,Male,White,38,Medium,Short,NULL,Not of Hispanic Origin,,0,MA,,0
,59134617585,FC24003725,36:00.0,Male,Black,37,Medium,NULL,NULL,Not of Hispanic Origin,,0,MA,,1
,59170010718,FC24003730,40:00.0,Male,Unknown,21,NULL,NULL,NULL,NULL,,0,NULL,,1
,59170010718,FC24003730,40:00.0,Male,Unknown,21,NULL,NULL,NULL,NULL,,0,NULL,,NULL
,59208618128,FC24003733,25:00.0,Male,Black,26,NULL,NULL,NULL,Hispanic Origin,,0,NULL,,1
,59233404231,FC24003740,00:00.0,Male,Black,19,Thin,Afro,Light Brown,Hispanic Origin,,0,MA,,0
,59233433082,FC24003740,00:00.0,Male,Black,29,Medium,NULL,NULL,Hispanic Origin,,0,MA,,0
,59268406902,FC24003746,00:00.0,Female,White,42,Medium,Short,Medium,Not of Hispanic Origin,,0,MA,,0
,59276607433,FC24003748,17:00.0,Male,White,44,NULL,NULL,NULL,Not of Hispanic Origin,,0,MA,Class D,1
,59301459646,FC24003756,00:00.0,Male,White,22,Medium,NULL,NULL,Hispanic Origin,,0,MA,,0
,59343542458,FC24003760,15:00.0,Male,Black,30,Medium,NULL,NULL,Not of Hispanic Origin,,0,MA,Class D,0
,59344736077,FC24003763,30:00.0,Male,Black,15,Thin,Curly,Medium,Not of Hispanic Origin,,0,MA,,0
,59347487996,FC24003766,27:00.0,Male,Black,36,NULL,NULL,NULL,Unknown,,0,MA,,0
,59347492193,FC24003766,27:00.0,Female,White,34,Thin,Wavy,Light,Unknown,,0,MA,,0
,59347524202,FC24003766,27:00.0,Male,White,28,NULL,NULL,NULL,Not of Hispanic Origin,,0,MA,"ID - Had a License, now has ID",0
,59349886086,FC24003768,09:00.0,Male,Black,29,Thin,Curly,Medium,NULL,,0,MA,,1
,59350069156,FC24003769,00:00.0,Male,Black,16,Medium,Afro,Light Brown,Hispanic Origin,,0,MA,Class D,1
,59360139292,FC24003775,58:00.0,Male,White,26,NULL,NULL,NULL,Hispanic Origin,,0,MA,,1
,59360215095,FC24003775,58:00.0,Female,White,17,NULL,NULL,NULL,Hispanic Origin,,0,NULL,,0
,59360252049,FC24003775,58:00.0,Male,Black,19,Medium,Short,Medium Brown,NULL,,0,MA,,0
,59369596510,FC24003783,30:00.0,Male,Black,29,Medium,Braided,Dark Brown,Not of Hispanic Origin,,0,MA,None,1
,59369602568,FC24003783,30:00.0,Male,Black,27,Heavy,Pony Tail,Light,Not of Hispanic Origin,,0,MA,,1
,59378452345,FC24003789,21:00.0,Male,Black,29,Thin,Corn Rows,Medium,Not of Hispanic Origin,,0,MA,Class D,0
,59379102061,FC24003791,09:00.0,Male,Black,40,Thin,Short,Medium Brown,Not of Hispanic Origin,,0,MA,,1
,59379102061,FC24003791,09:00.0,Male,Black,40,Thin,Short,Medium Brown,Not of Hispanic Origin,,0,MA,,NULL
,59379182745,FC24003792,19:00.0,Male,Black,28,Thin,Braided,NULL,Hispanic Origin,,0,MA,Class D,1
,59379183400,FC24003792,19:00.0,Male,Black,31,Medium,Short,Medium Brown,Unknown,,0,MA,ID Only - Never had Personal Driver License,1
,59383579772,FC24003794,30:00.0,Male,Black,26,NULL,NULL,NULL,Unknown,,0,NULL,,0
,59386549407,FC24003797,00:00.0,Female,Unknown,16,NULL,NULL,NULL,NULL,,0,NULL,,0
,59386562486,FC24003797,00:00.0,Female,Unknown,15,NULL,NULL,NULL,NULL,,0,NULL,,0
,59388883587,FC24003800,16:00.0,Male,White,28,Thin,NULL,Light,NULL,,0,MA,,0
,59388890276,FC24003800,16:00.0,Male,White,22,Medium,NULL,NULL,Hispanic Origin,,0,MA,None,0
,59391824351,FC24003804,00:00.0,Male,Black,NULL,NULL,NULL,NULL,Not of Hispanic Origin,,0,NULL,,0
,59394551738,FC24003807,22:00.0,Male,Black,18,Thin,Curly,NULL,NULL,,0,MA,Class D,1
,59394763494,FC24003807,22:00.0,Male,Black,22,Medium,Curly,Medium Brown,Not of Hispanic Origin,,0,MA,,1
,59396677775,FC24003808,36:00.0,Male,White,35,NULL,NULL,NULL,NULL,,0,NULL,,0
,59400281356,FC24003815,42:00.0,Male,White,37,Thin,NULL,Light,Not of Hispanic Origin,,0,MA,"ID - Had a License, now has ID",1
,59240885181,FC24003742,51:00.0,Male,Asian,40,Thin,Wavy,Light,Not of Hispanic Origin,,0,MA,"ID - Had a License, now has ID",1
,59254662700,FC24003744,45:00.0,Male,White,39,Stocky,Short,Light,Not of Hispanic Origin,,0,RI,,1
,59298550742,FC24003752,50:00.0,Male,Black,19,Thin,NULL,Medium,Unknown,,0,MA,,0
,59298976306,FC24003752,50:00.0,Female,Black,17,NULL,NULL,NULL,Not of Hispanic Origin,,0,NULL,,0
,59298817262,FC24003753,30:00.0,Male,White,55,NULL,NULL,NULL,Not of Hispanic Origin,,0,NULL,,0
,59298883914,FC24003753,30:00.0,Male,White,50,NULL,NULL,NULL,NULL,,0,NULL,,0
,59298918059,FC24003753,30:00.0,Female,White,45,NULL,NULL,NULL,Unknown,,0,NULL,,0
,59299144391,FC24003753,30:00.0,Male,Unknown,33,NULL,NULL,NULL,NULL,,0,MA,Class D,0
,59304639932,FC24003757,50:00.0,Male,White,29,Thin,Curly,Light,Unknown,,0,MA,ID Only - Never had Personal Driver License,1
,59350076738,FC24003770,45:00.0,Male,White,20,Thin,Wavy,Fair,Unknown,,0,MA,,0
,59350078031,FC24003770,45:00.0,Male,Black,19,Medium,Short,Medium Brown,Not of Hispanic Origin,,0,MA,,0
,59350078796,FC24003770,45:00.0,Male,Black,24,Thin,Short,Dark,Unknown,,0,MA,,0
,59350079415,FC24003770,45:00.0,Male,Black,29,Medium,Short,Light Brown,Not of Hispanic Origin,,0,MA,ID Only - Never had Personal Driver License,0
,59350080516,FC24003770,45:00.0,Male,Black,18,Medium,Afro,NULL,Unknown,,0,MA,,0
,59350081402,FC24003770,45:00.0,Male,White,27,Medium,NULL,Light Brown,Hispanic Origin,,0,MA,"ID - Had a License, now has ID",0
,59383422244,FC24003793,15:00.0,Male,Black,40,Thin,Braided,NULL,Not of Hispanic Origin,,0,MA,Class D,0
,59383441628,FC24003793,15:00.0,Male,Black,55,NULL,NULL,NULL,Unknown,,0,MA,,0
,59387918047,FC24003798,30:00.0,Male,Black,50,Medium,Short,Light Brown,Not of Hispanic Origin,,0,MA,,1
,59388306697,FC24003799,00:00.0,Male,Black,45,Medium,NULL,NULL,Not of Hispanic Origin,,0,MA,,0
,59389212383,FC24003801,30:00.0,Male,Black,36,NULL,NULL,NULL,NULL,,0,NULL,,1
,59389612341,FC24003802,15:00.0,Male,Black,36,Heavy,NULL,NULL,Not of Hispanic Origin,,0,MA,,1
,59390037822,FC24003803,00:00.0,Male,White,30,Medium,NULL,NULL,Not of Hispanic Origin,,0,MA,Class D,1
,59390057692,FC24003803,00:00.0,Female,Black,25,NULL,NULL,NULL,Unknown,,0,NULL,,1
,59390063271,FC24003803,00:00.0,Female,Unknown,26,NULL,NULL,NULL,NULL,,0,MA,ID Only - Never had Personal Driver License,1
,59390067885,FC24003803,00:00.0,Male,Black,NULL,NULL,NULL,NULL,NULL,,0,NULL,,1
,59390069926,FC24003803,00:00.0,Male,Black,NULL,NULL,NULL,NULL,NULL,,0,NULL,,1
,59392909079,FC24003806,25:00.0,Male,Black,33,Medium,Short,Medium Brown,Not of Hispanic Origin,,0,MA,Class D,0
,59399622945,FC24003813,35:00.0,Male,Black,38,Medium,Short,Medium Brown,Not of Hispanic Origin,,0,MA,"ID - Had a License, now has ID",1
,59399622945,FC24003813,35:00.0,Male,Black,38,Medium,Short,Medium Brown,Not of Hispanic Origin,,0,MA,"ID - Had a License, now has ID",NULL
,59399626495,FC24003813,35:00.0,Female,Black,33,NULL,NULL,NULL,Not of Hispanic Origin,,0,NULL,,NULL
,59458649874,FC24003825,45:00.0,Male,Black,33,Medium,Dreadlocks,Medium Brown,Not of Hispanic Origin,,0,MA,"ID - Had a License, now has ID",0
,59458782247,FC24003825,45:00.0,Male,Black,36,Thin,Short,Dark,Not of Hispanic Origin,,0,MA,ID Only - Never had Personal Driver License,0
,59489291452,FC24003829,40:00.0,Male,Black,51,Medium,NULL,Light,Not of Hispanic Origin,,0,MA,Class D,1
,59505497917,FC24003834,41:00.0,Male,Black,18,Medium,Afro,NULL,Unknown,,0,MA,,0
,59505498828,FC24003834,41:00.0,Male,Black,27,Thin,Braided,Medium Brown,Not of Hispanic Origin,,0,MA,,0
,59514241675,FC24003842,50:00.0,Male,White,34,Medium,NULL,NULL,Hispanic Origin,,0,MA,,0
,59514247762,FC24003842,50:00.0,Male,Black,31,Medium,NULL,NULL,Hispanic Origin,,0,MA,,0
,59519352486,FC24003847,53:00.0,Male,Black,14,NULL,NULL,NULL,Not of Hispanic Origin,,0,NULL,,1
,59531926153,FC24003854,29:00.0,Male,Black,28,Medium,NULL,NULL,Not of Hispanic Origin,,0,MA,Class D,0
,59532276661,FC24003856,33:00.0,Male,White,61,Medium,Bald or Balding,Light,Not of Hispanic Origin,,0,MA,,0
,59532300215,FC24003856,33:00.0,Female,White,39,Thin,Curly,Light,Not of Hispanic Origin,,0,MA,,0
,59532751026,FC24003858,30:00.0,Male,Black,33,NULL,NULL,NULL,Unknown,,0,MA,Class D,1
,59556080065,FC24003860,37:00.0,Male,Asian,42,Thin,NULL,NULL,Not of Hispanic Origin,,0,MA,,1
,59573768369,FC24003864,00:00.0,Male,Black,31,Medium,Short,Dark Brown,Not of Hispanic Origin,,0,MA,Class D,1
,59350103608,FC24003770,45:00.0,Male,Black,32,Thin,NULL,Medium,Not of Hispanic Origin,,0,MA,,0
,59350104580,FC24003770,45:00.0,Male,Asian,18,Thin,NULL,Light Brown,Hispanic Origin,,0,MA,,0
,59350126321,FC24003770,45:00.0,Male,Black,19,Medium,Short,Light Brown,Not of Hispanic Origin,,0,MA,,0
,59350128462,FC24003770,45:00.0,Male,White,16,Medium,Dreadlocks,Light Brown,Hispanic Origin,,0,MA,,0
,59368780542,FC24003778,40:00.0,Male,White,36,NULL,NULL,NULL,Not of Hispanic Origin,,0,NULL,,1
,59368783547,FC24003778,40:00.0,Female,White,31,Medium,Straight,Light,Not of Hispanic Origin,,0,MA,,1
,59368819629,FC24003780,00:00.0,Male,White,50,Thin,NULL,NULL,Not of Hispanic Origin,,0,MA,Other: Suspended,1
,59368842647,FC24003780,00:00.0,Female,White,41,Medium,Straight,Light,NULL,,0,MA,,NULL
,59369086118,FC24003781,00:00.0,Male,Black,18,NULL,NULL,NULL,NULL,,0,NULL,,1
,59370479518,FC24003784,46:00.0,Male,White,34,Thin,NULL,NULL,NULL,,0,MA,,1
,59375829659,FC24003785,20:00.0,Male,Black,31,Medium,Wavy,Medium Brown,Not of Hispanic Origin,,0,MA,,0
,59376687791,FC24003787,00:00.0,Male,Black,21,Medium,Braided,Medium Brown,Not of Hispanic Origin,,0,MA,Class D,0
,59376689196,FC24003787,00:00.0,Male,Black,22,Thin,Short,Dark,NULL,,0,MA,,0
,59384510814,FC24003795,19:00.0,Male,Black,45,Medium,Short,Medium,NULL,,0,MA,Class D,0
,59392780727,FC24003805,39:00.0,Male,White,33,NULL,NULL,NULL,Unknown,,0,MA,Class D,0
,59574803564,FC24003864,00:00.0,Male,Black,27,Medium,NULL,Dark Brown,Not of Hispanic Origin,,0,MA,Class D,1
,59574817921,FC24003864,00:00.0,Male,Black,21,Thin,Afro,Light,Not of Hispanic Origin,,0,MA,No License - Record Only,1
,59586021177,FC24003869,40:00.0,Male,White,21,NULL,NULL,NULL,Not of Hispanic Origin,,0,MA,,0
,59591254180,FC24003876,33:00.0,Male,White,19,NULL,NULL,NULL,Hispanic Origin,,0,MA,ID Only - Never had Personal Driver License,1
,59591366258,FC24003876,33:00.0,Male,NULL,NULL,NULL,NULL,NULL,NULL,,0,NULL,,NULL
,59632865053,FC24003892,25:00.0,Male,Black,23,Medium,Short,NULL,NULL,,0,MA,,1
,59632891167,FC24003892,25:00.0,Male,Unknown,24,NULL,NULL,NULL,NULL,,0,NULL,,1
,59632944059,FC24003892,25:00.0,Male,Black,26,Thin,Dreadlocks,Medium Brown,Unknown,,0,MA,,1
,59635883668,FC24003896,05:00.0,Male,Black,19,Thin,Curly,NULL,NULL,,0,MA,ID Only - Never had Personal Driver License,0
,59635885619,FC24003896,05:00.0,Male,Black,29,Medium,Short,Light Brown,Not of Hispanic Origin,,0,MA,ID Only - Never had Personal Driver License,0
,59635893799,FC24003896,05:00.0,Male,Black,33,Thin,Short,Dark Brown,Not of Hispanic Origin,,0,MA,Class D,0
,59635897719,FC24003896,05:00.0,Male,Black,32,Thin,NULL,Medium,Not of Hispanic Origin,,0,MA,,0
,59641105009,FC24003902,40:00.0,Male,Black,26,NULL,NULL,NULL,Hispanic Origin,,0,NULL,,1
,59643742364,FC24003903,14:00.0,Male,Black,32,Thin,NULL,NULL,Not of Hispanic Origin,,0,MA,Class D,0
,59347596028,FC24003767,22:00.0,Male,NULL,27,NULL,NULL,NULL,NULL,,0,NULL,,NULL
,59347613886,FC24003767,22:00.0,Male,Unknown,25,NULL,NULL,NULL,Hispanic Origin,,0,OTH,ID Only - Never had Personal Driver License,0
,59350143234,FC24003771,52:00.0,Male,White,15,Thin,Curly,Light,Hispanic Origin,,0,MA,None,1
,59354630615,FC24003773,40:00.0,Male,White,26,NULL,NULL,NULL,Hispanic Origin,,0,MA,ID Only - Never had Personal Driver License,0
,59354697774,FC24003773,40:00.0,Male,White,27,Muscular,Curly,Light Brown,Hispanic Origin,,0,MA,,0
,59360027035,FC24003774,31:00.0,Male,Black,31,NULL,NULL,NULL,Not of Hispanic Origin,,0,MA,Class D,0
,59366002978,FC24003776,41:00.0,Male,Black,50,Medium,Short,Light Brown,Not of Hispanic Origin,,0,MA,,0
,59379078916,FC24003790,33:00.0,Male,White,41,Medium,NULL,Light,Not of Hispanic Origin,,0,MA,,0
,59384703629,FC24003796,09:00.0,Male,Black,21,NULL,NULL,NULL,Not of Hispanic Origin,,0,MA,ID Only - Never had Personal Driver License,0
,59396805875,FC24003809,00:00.0,Female,White,18,Thin,NULL,Light,NULL,,0,MA,,0
,59397372217,FC24003811,51:00.0,Male,Black,45,Medium,Corn Rows,Medium Brown,Not of Hispanic Origin,,0,MA,,0
,59405695007,FC24003818,50:00.0,Male,Black,68,NULL,NULL,NULL,Not of Hispanic Origin,,0,MA,Class D,0
,59407330551,FC24003819,00:00.0,NULL,NULL,NULL,NULL,NULL,NULL,NULL,,0,NULL,,0
,59421573739,FC24003820,25:00.0,Female,Black,31,Heavy,NULL,NULL,Hispanic Origin,,0,MA,Class D,0
,59399721352,FC24003814,00:00.0,Male,Black,24,NULL,NULL,NULL,Unknown,,0,MA,Class D,1
,59405170012,FC24003817,35:00.0,Male,Asian,26,NULL,NULL,NULL,Not of Hispanic Origin,,0,NULL,,0
,59435079928,FC24003822,30:00.0,Male,Black,17,Thin,Braided,Dark Brown,Not of Hispanic Origin,,0,MA,,1
,59435136904,FC24003822,30:00.0,Male,White,16,Thin,Curly,Medium Brown,Hispanic Origin,,0,MA,,1
,59489250309,FC24003828,36:00.0,Female,Black,44,Heavy,Short,Medium Brown,Not of Hispanic Origin,,0,MA,,0
,59489309763,FC24003830,40:00.0,Male,Black,55,Medium,Short,Medium Brown,Not of Hispanic Origin,,0,MA,,NULL
,59489315644,FC24003830,40:00.0,Male,Black,28,Heavy,Short,Medium Brown,Not of Hispanic Origin,,0,MA,,NULL
,59489318035,FC24003830,40:00.0,Male,Black,55,Medium,NULL,NULL,Not of Hispanic Origin,,0,MA,,1
,59489410318,FC24003832,40:00.0,Female,Black,40,Medium,NULL,NULL,Not of Hispanic Origin,,0,MA,ID Only - Never had Personal Driver License,NULL
,59489415768,FC24003832,40:00.0,Female,Black,40,NULL,NULL,NULL,NULL,,0,NULL,,1
,59512282254,FC24003837,27:00.0,Male,Black,17,Heavy,Short,Medium Brown,Not of Hispanic Origin,,0,MA,,0
,59512289786,FC24003837,27:00.0,Male,White,15,Thin,Curly,Light,Hispanic Origin,,0,MA,None,0
,59512295340,FC24003837,27:00.0,Male,Black,17,NULL,NULL,NULL,Not of Hispanic Origin,,0,NULL,,0
,59513819902,FC24003840,00:00.0,Male,Black,15,NULL,NULL,NULL,Unknown,,0,NULL,,0
,59392784780,FC24003805,39:00.0,Male,White,31,NULL,NULL,NULL,Unknown,,0,MA,Class D,0
,59396875960,FC24003810,50:00.0,Male,Black,30,Medium,NULL,NULL,Not of Hispanic Origin,,0,MA,,0
,59399307617,FC24003812,30:00.0,Male,Black,30,Heavy,NULL,NULL,Not of Hispanic Origin,,0,MA,Class D,0
,59399324310,FC24003812,30:00.0,Male,White,25,NULL,NULL,NULL,Hispanic Origin,,0,MA,Class D,0
,59435944211,FC24003821,20:00.0,Male,Black,26,Medium,NULL,Medium Brown,Not of Hispanic Origin,,0,MA,Class D,1
,59437271360,FC24003823,24:00.0,Male,White,30,Thin,NULL,NULL,Hispanic Origin,,0,MA,,1
,59437271360,FC24003823,24:00.0,Male,White,30,Thin,NULL,NULL,Hispanic Origin,,0,MA,,NULL
,59456202525,FC24003824,27:00.0,Male,Black,33,Medium,NULL,NULL,Hispanic Origin,,0,MA,,1
,59456297546,FC24003824,27:00.0,Female,Black,32,NULL,NULL,NULL,Hispanic Origin,,0,MA,Class D,1
,59489249932,FC24003827,40:00.0,Male,Black,55,Medium,NULL,NULL,Not of Hispanic Origin,,0,MA,,1
,59512799492,FC24003838,00:00.0,Male,Black,26,Medium,Short,Medium Brown,Not of Hispanic Origin,,0,MA,Class D,0
,59512802578,FC24003838,00:00.0,Male,Black,30,Thin,NULL,Dark,Not of Hispanic Origin,,0,MA,,NULL
,59513745833,FC24003841,45:00.0,Male,Black,18,Thin,NULL,Medium Brown,NULL,,0,MA,,0
,59515342547,FC24003845,12:00.0,Male,White,59,NULL,NULL,NULL,Not of Hispanic Origin,,0,NULL,,1
,59515365250,FC24003845,12:00.0,Male,White,36,NULL,NULL,NULL,Unknown,,0,MA,Class D,0
,59513847297,FC24003840,00:00.0,Male,Unknown,18,NULL,NULL,NULL,NULL,,0,MA,,0
,59514980997,FC24003843,15:00.0,Male,Black,43,Medium,Dreadlocks,Dark,Not of Hispanic Origin,,0,MA,Class D,0
,59514983460,FC24003843,15:00.0,Male,Black,31,NULL,NULL,NULL,Unknown,,0,MA,Class D,0
,59514987570,FC24003843,15:00.0,Female,White,37,NULL,NULL,NULL,NULL,,0,MA,Class D,0
,59531467902,FC24003851,06:00.0,Female,White,36,Thin,NULL,NULL,Not of Hispanic Origin,,0,MA,,0
,59531748603,FC24003852,00:00.0,Male,Black,32,Thin,Short,Dark Brown,Unknown,,0,MA,Other: Suspended,0
,59531750457,FC24003852,00:00.0,Male,Black,50,Medium,Short,Dark Brown,Not of Hispanic Origin,,0,MA,"ID - Had a License, now has ID",0
,59531753567,FC24003852,00:00.0,Male,Black,35,Medium,Short,Medium Brown,Unknown,,0,MA,Class D,0
,59531779524,FC24003852,00:00.0,Male,Black,27,NULL,NULL,NULL,Unknown,,0,MA,Class D,NULL
,59566269763,FC24003861,45:00.0,Male,White,72,Medium,NULL,NULL,Not of Hispanic Origin,,0,NULL,,1
,59576223374,FC24003867,25:00.0,Male,Black,18,Medium,Afro,NULL,Unknown,,0,MA,,0
,59576239435,FC24003867,25:00.0,Male,Black,13,Thin,Dreadlocks,Light,Not of Hispanic Origin,,0,MA,,0
,59576256504,FC24003867,25:00.0,Male,Black,19,Medium,Short,Medium Brown,Not of Hispanic Origin,,0,MA,,0
,59576562424,FC24003867,25:00.0,Male,Black,16,Thin,Curly,Medium Brown,Unknown,,0,MA,,0
,59576577221,FC24003867,25:00.0,Male,White,19,NULL,NULL,NULL,Hispanic Origin,,0,NULL,,0
,59515366769,FC24003845,12:00.0,Male,White,50,NULL,NULL,NULL,Not of Hispanic Origin,,0,MA,,0
,59520442686,FC24003849,51:00.0,Male,Black,15,NULL,NULL,NULL,Unknown,,0,NULL,,1
,59520444912,FC24003849,51:00.0,Male,Black,18,Thin,Afro,NULL,Not of Hispanic Origin,,0,MA,,0
,59520447989,FC24003849,51:00.0,Male,Unknown,18,NULL,NULL,NULL,NULL,,0,MA,,0
,59531849818,FC24003853,29:00.0,Male,Black,22,Medium,Short,Dark,Not of Hispanic Origin,,0,MA,Class D,0
,59531850451,FC24003853,29:00.0,Male,Black,21,Medium,Braided,Medium Brown,Not of Hispanic Origin,,0,MA,Class D,0
,59531851308,FC24003853,29:00.0,Male,White,17,NULL,NULL,NULL,Unknown,,0,NULL,,0
,59540248414,FC24003859,30:00.0,Female,White,27,NULL,NULL,NULL,Unknown,,0,MA,Class D,0
,59586475971,FC24003871,27:00.0,Male,White,31,NULL,NULL,NULL,NULL,,0,NULL,,0
,59586744149,FC24003872,00:00.0,Female,White,25,NULL,NULL,NULL,NULL,,0,NULL,,NULL
,59586762438,FC24003872,00:00.0,Male,White,42,Medium,Short,NULL,Not of Hispanic Origin,,0,MA,Class D,1
,59602698950,FC24003877,18:00.0,Male,Black,36,Medium,Short,Dark,Not of Hispanic Origin,,0,MA,Class D,0
,59615800718,FC24003878,15:00.0,Male,White,35,Medium,NULL,NULL,Not of Hispanic Origin,,0,MA,,1
,59617636273,FC24003880,20:00.0,Male,Black,38,Thin,NULL,NULL,Not of Hispanic Origin,,0,MA,Class D,1
,59619082304,FC24003882,00:00.0,Male,White,21,Medium,Short,Light Brown,Hispanic Origin,,0,MA,,1
,59576618518,FC24003867,25:00.0,Male,Black,34,Heavy,Short,Dark,Not of Hispanic Origin,,0,MA,Class D,0
,59576641356,FC24003867,25:00.0,Male,White,27,Thin,Short,Light,Hispanic Origin,,0,MA,,0
,59576775402,FC24003867,25:00.0,Male,White,27,Medium,NULL,Light Brown,Hispanic Origin,,0,MA,"ID - Had a License, now has ID",0
,59576802477,FC24003867,25:00.0,Male,Black,29,Medium,Short,Light Brown,Not of Hispanic Origin,,0,MA,ID Only - Never had Personal Driver License,0
,59576824855,FC24003867,25:00.0,Male,Black,32,Thin,NULL,Medium,Not of Hispanic Origin,,0,MA,,0
,59586407327,FC24003870,00:00.0,Male,Black,19,NULL,NULL,NULL,Unknown,,0,NULL,,0
,59586922622,FC24003873,45:00.0,Male,White,48,Medium,NULL,NULL,Not of Hispanic Origin,,0,MA,,0
,59586936331,FC24003873,45:00.0,Female,White,36,Thin,Straight,NULL,Not of Hispanic Origin,,0,MA,"ID - Had a License, now has ID",0
,59587387687,FC24003874,45:00.0,Female,Black,38,Medium,NULL,NULL,Not of Hispanic Origin,,0,MA,,0
,59587415896,FC24003874,45:00.0,Male,Unknown,46,NULL,NULL,NULL,Not of Hispanic Origin,,0,NULL,,0
,59587494813,FC24003874,45:00.0,Male,Black,57,Thin,Curly,Light Brown,Hispanic Origin,,0,MA,Class D,0
,59588196771,FC24003874,45:00.0,Male,White,39,Thin,NULL,NULL,Not of Hispanic Origin,,0,MA,,0
,59618487547,FC24003881,15:00.0,Male,White,55,Heavy,NULL,NULL,Hispanic Origin,,0,MA,,0
,59620496664,FC24003886,58:00.0,Male,White,24,Medium,Short,NULL,Hispanic Origin,,0,MA,None,1
,59619084726,FC24003882,00:00.0,Male,White,18,Medium,Afro,Light Brown,Unknown,,0,MA,ID Only - Never had Personal Driver License,1
,59619086969,FC24003882,00:00.0,Male,White,20,Thin,Corn Rows,Light,Hispanic Origin,,0,MA,ID Only - Never had Personal Driver License,1
,59619148059,FC24003883,00:00.0,Male,Black,16,Thin,Braided,NULL,NULL,,0,MA,,0
,59619155189,FC24003883,00:00.0,Male,NULL,17,NULL,NULL,NULL,NULL,,0,NULL,,0
,59634031582,FC24003893,00:00.0,Male,White,27,Thin,Short,Light,Hispanic Origin,,0,MA,,0
,59634054059,FC24003893,00:00.0,Male,Black,33,Thin,Short,Dark Brown,Not of Hispanic Origin,,0,MA,Class D,0
,59634060052,FC24003893,00:00.0,Male,Black,19,Medium,Short,Medium Brown,Not of Hispanic Origin,,0,MA,,0
,59635811430,FC24003894,19:00.0,Male,Black,39,Medium,Short,Light,Not of Hispanic Origin,,0,MA,Class D,1
,59635817290,FC24003894,19:00.0,Male,Black,27,Thin,NULL,Dark,Not of Hispanic Origin,,0,MA,ID Only - Never had Personal Driver License,1
,59635841444,FC24003895,35:00.0,Male,White,27,Thin,Short,Light,Hispanic Origin,,0,MA,,0
,59636613440,FC24003898,30:00.0,Male,Black,21,Medium,NULL,NULL,Not of Hispanic Origin,,0,MA,,0
,59636630581,FC24003898,30:00.0,Male,Black,23,NULL,NULL,NULL,Not of Hispanic Origin,,0,MA,,0
,59638361463,FC24003900,58:00.0,Male,Black,43,Medium,Braided,Medium Brown,Not of Hispanic Origin,,0,MA,,0
,59645910438,FC24003904,30:00.0,Male,Unknown,22,Obese,NULL,NULL,Not of Hispanic Origin,,0,MA,,1
,59421576416,FC24003820,25:00.0,Female,Black,27,NULL,NULL,NULL,Not of Hispanic Origin,,0,MA,Class D,0
,59459389074,FC24003826,00:00.0,Male,White,43,Thin,NULL,NULL,Not of Hispanic Origin,,0,MA,"ID - Had a License, now has ID",1
,59489339080,FC24003831,40:00.0,Male,Black,55,Medium,Short,Medium Brown,Not of Hispanic Origin,,0,MA,,1
,59489339080,FC24003831,40:00.0,Male,Black,55,Medium,Short,Medium Brown,Not of Hispanic Origin,,0,MA,,NULL
,59493159454,FC24003833,38:00.0,Male,Black,30,Medium,NULL,NULL,Hispanic Origin,,0,MA,Class D,0
,59493196968,FC24003833,38:00.0,Male,Black,50,Thin,NULL,NULL,Hispanic Origin,,0,MA,Class D,NULL
,59506621710,FC24003835,30:00.0,Female,Unknown,23,NULL,NULL,NULL,NULL,,0,MA,Class D,0
,59506722597,FC24003835,30:00.0,Male,Black,19,Thin,Braided,Dark,Unknown,,0,MA,ID Only - Never had Personal Driver License,0
,59507093926,FC24003836,52:00.0,Male,White,39,Muscular,Short,Light,Not of Hispanic Origin,,0,MA,,0
,59513331655,FC24003839,15:00.0,Male,Black,33,Thin,NULL,NULL,Not of Hispanic Origin,,0,MA,,0
,59515280183,FC24003844,38:00.0,Male,Black,34,Heavy,NULL,NULL,Not of Hispanic Origin,,0,MA,,0
,59515710050,FC24003846,00:00.0,Male,White,30,NULL,NULL,NULL,Not of Hispanic Origin,,0,MA,Class D,0
,59528401259,FC24003850,38:00.0,Male,White,26,Thin,NULL,NULL,Hispanic Origin,,0,MA,ID Only - Never had Personal Driver License,0
,59532234168,FC24003855,01:00.0,Male,Black,34,Thin,Short,Medium Brown,Not of Hispanic Origin,,0,MA,,1
,59620501065,FC24003886,58:00.0,Male,Black,28,Medium,NULL,NULL,Not of Hispanic Origin,,0,MA,Class D,1
,59627854504,FC24003888,51:00.0,Male,Asian,56,NULL,NULL,NULL,Not of Hispanic Origin,,0,MA,ID Only - Never had Personal Driver License,1
,59628400621,FC24003888,51:00.0,Male,White,54,NULL,NULL,NULL,Unknown,,0,NULL,,NULL
,59638996126,FC24003901,10:00.0,Male,White,37,Medium,NULL,NULL,Not of Hispanic Origin,,0,MA,,1
,59646169139,FC24003906,22:00.0,Male,Black,32,Medium,Dreadlocks,Dark Brown,NULL,,0,MA,,0
,59646946293,FC24003907,30:00.0,Male,White,26,Thin,NULL,NULL,Hispanic Origin,,0,MA,ID Only - Never had Personal Driver License,0
,59646968863,FC24003907,30:00.0,Male,Black,29,Medium,Short,Light Brown,Not of Hispanic Origin,,0,MA,ID Only - Never had Personal Driver License,0
,59646982285,FC24003907,30:00.0,Female,Black,22,Heavy,Short,Dark,NULL,,0,MA,,0
,59647048965,FC24003907,30:00.0,Female,Black,22,Thin,NULL,NULL,Hispanic Origin,,0,MA,"ID - Had a License, now has ID",0
,59647450244,FC24003907,30:00.0,Male,Black,32,Thin,NULL,Medium,Not of Hispanic Origin,,0,MA,,0
,59647453979,FC24003907,30:00.0,Male,Black,18,Medium,Afro,NULL,Unknown,,0,MA,,0
,59648565634,FC24003908,00:00.0,Male,Black,32,Medium,NULL,NULL,Not of Hispanic Origin,,0,MA,Class D,0
,59648830072,FC24003911,15:00.0,Male,White,25,NULL,NULL,NULL,Hispanic Origin,,0,MA,Class D,0
,59672537373,FC24003918,39:00.0,Male,Black,39,Thin,Short,Medium Brown,Not of Hispanic Origin,,0,MA,,0
,59532234168,FC24003855,01:00.0,Male,Black,34,Thin,Short,Medium Brown,Not of Hispanic Origin,,0,MA,,NULL
,59532442366,FC24003857,00:00.0,Female,Black,25,NULL,NULL,NULL,Not of Hispanic Origin,,0,NULL,,1
,59532453423,FC24003857,00:00.0,Male,Black,36,NULL,NULL,NULL,Not of Hispanic Origin,,0,NULL,,1
,59572473557,FC24003862,05:00.0,Female,Unknown,NULL,NULL,NULL,NULL,Not of Hispanic Origin,,0,NULL,,NULL
,59572693097,FC24003862,05:00.0,Male,White,35,Thin,Short,Light,NULL,,0,MA,,1
,59573720927,FC24003863,36:00.0,Male,Black,50,Medium,Short,Light Brown,Not of Hispanic Origin,,0,MA,,0
,59587479615,FC24003875,10:00.0,Male,White,19,Medium,Curly,Light,Hispanic Origin,,0,MA,Class D,0
,59616116926,FC24003879,10:00.0,Male,Black,31,Medium,NULL,NULL,Not of Hispanic Origin,,0,MA,,0
,59619251593,FC24003884,18:00.0,Male,White,39,Thin,Receding or Slightly Receding,Light,Not of Hispanic Origin,,0,MA,,0
,59624990916,FC24003887,55:00.0,Male,White,27,Thin,Short,Light,Hispanic Origin,,0,MA,,0
,59625092873,FC24003887,55:00.0,Male,White,26,Thin,NULL,NULL,Hispanic Origin,,0,MA,ID Only - Never had Personal Driver License,NULL
,59625096797,FC24003887,55:00.0,Male,White,25,NULL,NULL,NULL,Hispanic Origin,,0,MA,,NULL
,59631890983,FC24003889,30:00.0,Male,Black,37,Medium,Short,Medium Brown,Not of Hispanic Origin,,0,MA,ID Only - Never had Personal Driver License,0
,59631896048,FC24003890,27:00.0,Male,White,38,Medium,Straight,Light,Not of Hispanic Origin,,0,MA,,0
,59698662487,FC24003927,25:00.0,Male,Black,46,NULL,NULL,NULL,NULL,,0,MA,,0
,59699029570,FC24003930,11:00.0,Male,White,52,Thin,Bald or Balding,Medium,Hispanic Origin,,0,MA,,1
,59707746115,FC24003937,20:00.0,Female,Black,17,NULL,NULL,NULL,Unknown,,0,NULL,,1
,59707746902,FC24003937,20:00.0,Female,Black,17,NULL,NULL,NULL,Not of Hispanic Origin,,0,NULL,,1
,59707747801,FC24003937,20:00.0,Male,Black,19,Thin,NULL,Medium,Unknown,,0,MA,,1
,59707749424,FC24003937,20:00.0,Female,Black,17,NULL,NULL,NULL,Not of Hispanic Origin,,0,NULL,,NULL
,59710379810,FC24003938,32:00.0,Male,Black,21,Thin,Braided,Medium Brown,Not of Hispanic Origin,,0,MA,,1
,59710385829,FC24003938,32:00.0,Female,Black,15,Thin,NULL,NULL,Unknown,,0,MA,,0
,59710822362,FC24003942,22:00.0,Male,Black,34,Heavy,Short,Dark,Not of Hispanic Origin,,0,MA,Class D,0
,59710824027,FC24003942,22:00.0,Male,Black,29,Medium,Short,Light Brown,Not of Hispanic Origin,,0,MA,ID Only - Never had Personal Driver License,0
,59712262886,FC24003949,05:00.0,Male,Black,46,NULL,NULL,NULL,Unknown,,0,NULL,,0
,59712263451,FC24003949,05:00.0,Female,Black,35,Thin,Curly,Medium,Unknown,,0,MA,,0
,59712493480,FC24003950,00:00.0,Male,Black,25,Thin,NULL,NULL,Not of Hispanic Origin,,0,MA,,1
,59712501749,FC24003950,00:00.0,Male,Black,26,Thin,NULL,NULL,Hispanic Origin,,0,MA,None,1
,59713230635,FC24003951,37:00.0,Male,Black,31,Medium,Short,Dark Brown,Not of Hispanic Origin,,0,MA,Class D,1
,59755936751,FC24003964,11:00.0,Male,Asian,54,Thin,Straight,Medium Brown,Not of Hispanic Origin,,0,MA,,1
,59756078351,FC24003966,00:00.0,Male,White,34,Medium,NULL,NULL,Not of Hispanic Origin,,0,MA,Class D,0
,59756584425,FC24003967,05:00.0,Male,Unknown,20,NULL,NULL,NULL,Hispanic Origin,,0,MA,ID Only - Never had Personal Driver License,0
,59757337794,FC24003970,11:00.0,Male,Black,34,Thin,Short,Dark,Not of Hispanic Origin,,0,MA,,0
,59760644978,FC24003971,15:00.0,Male,Black,29,Medium,Braided,Dark Brown,Not of Hispanic Origin,,0,MA,,0
,59761147704,FC24003972,35:00.0,Male,Black,42,Medium,NULL,NULL,Not of Hispanic Origin,,0,MA,Class D,0
,59761153338,FC24003972,35:00.0,Male,Black,34,Thin,Dreadlocks,Medium Brown,Not of Hispanic Origin,,0,MA,,0
,59761161166,FC24003972,35:00.0,Male,Black,37,NULL,NULL,NULL,Not of Hispanic Origin,,0,NULL,,0
,59761175770,FC24003972,35:00.0,Male,Black,34,NULL,NULL,NULL,Not of Hispanic Origin,,0,MA,,0
,59762826334,FC24003973,15:00.0,Male,Black,29,Medium,Dreadlocks,Light Brown,Not of Hispanic Origin,,0,MA,Class D,1
,59762849176,FC24003973,15:00.0,Male,Unknown,56,NULL,NULL,NULL,Not of Hispanic Origin,,0,NULL,,1
,59829016647,FC24003982,48:00.0,Male,Black,31,Thin,Dreadlocks,Light Brown,Hispanic Origin,,0,MA,Class D,0
,59829018454,FC24003982,48:00.0,Male,Black,25,Heavy,Braided,Medium Brown,Not of Hispanic Origin,,0,MA,,0
,59835514563,FC24003983,48:00.0,Female,White,20,NULL,NULL,NULL,Not of Hispanic Origin,,0,NULL,,0
,59835518905,FC24003983,48:00.0,Male,Black,30,Medium,Corn Rows,Medium,Not of Hispanic Origin,,0,MA,Class D,NULL
,59847077251,FC24003986,30:00.0,Male,White,26,Thin,NULL,NULL,Hispanic Origin,,0,MA,ID Only - Never had Personal Driver License,0
,59847077884,FC24003986,30:00.0,Male,Black,29,Medium,Short,Light Brown,Not of Hispanic Origin,,0,MA,ID Only - Never had Personal Driver License,0
,59847081053,FC24003986,30:00.0,Male,Black,18,Medium,Afro,NULL,Unknown,,0,MA,,0
,59847082429,FC24003986,30:00.0,Male,Black,19,Medium,Short,Medium Brown,Not of Hispanic Origin,,0,MA,,0
,59847085255,FC24003986,30:00.0,Male,Black,13,Thin,Dreadlocks,Light,Not of Hispanic Origin,,0,MA,,0
,59847417707,FC24003988,00:00.0,Male,Black,26,Medium,Corn Rows,Medium Brown,Hispanic Origin,,0,MA,Class D,0
,59855626741,FC24003993,00:00.0,Male,Unknown,32,NULL,NULL,NULL,NULL,,0,NULL,,0
,59856512205,FC24003994,00:00.0,Female,White,40,Medium,NULL,NULL,Hispanic Origin,,0,MA,,0
,59856683399,FC24003995,00:00.0,Male,Black,17,Thin,Braided,Dark,Not of Hispanic Origin,,0,MA,,0
,59859468295,FC24003999,27:00.0,Male,Unknown,47,NULL,NULL,NULL,Hispanic Origin,,0,MA,Class D,1
,59859885173,FC24004003,40:00.0,Male,White,43,Heavy,Bald or Balding,Light,Hispanic Origin,,0,MA,ID Only - Never had Personal Driver License,0
,59870644281,FC24004007,28:00.0,Male,Black,16,NULL,NULL,NULL,Unknown,,0,MA,,0
,59871667718,FC24004008,16:00.0,Male,Black,29,Heavy,Corn Rows,Dark,Not of Hispanic Origin,,0,MA,Class D,0
,59871714917,FC24004008,16:00.0,Male,Black,30,Medium,Corn Rows,Medium,Not of Hispanic Origin,,0,MA,Class D,0
,59871758510,FC24004010,22:00.0,Male,White,21,NULL,Short,Light,Hispanic Origin,,0,MA,,0
,59871773696,FC24004010,22:00.0,Male,Unknown,19,NULL,NULL,NULL,Hispanic Origin,,0,NULL,,0
,59871779536,FC24004010,22:00.0,Male,Unknown,17,NULL,NULL,NULL,Hispanic Origin,,0,NULL,,0
,59871785489,FC24004010,22:00.0,Male,White,18,Thin,Short,Light Brown,NULL,,0,MA,,0
,59871791496,FC24004010,22:00.0,Male,White,19,NULL,NULL,NULL,Hispanic Origin,,0,NULL,,0
,59871795160,FC24004010,22:00.0,Male,White,21,Thin,Curly,Medium,NULL,,0,MA,,0
,59871798294,FC24004010,22:00.0,Male,White,19,NULL,NULL,NULL,Hispanic Origin,,0,NULL,,0
,59873965064,FC24004015,57:00.0,Male,Black,30,Medium,Corn Rows,Medium,Not of Hispanic Origin,,0,MA,Class D,1
,59873966798,FC24004015,57:00.0,Female,White,31,Thin,Unkempt,Light Brown,NULL,,0,MA,,1
,59874001068,FC24004015,57:00.0,Male,Black,55,NULL,NULL,NULL,NULL,,0,MA,,1
,59874001859,FC24004015,57:00.0,Female,White,60,NULL,NULL,NULL,Not of Hispanic Origin,,0,MA,"ID - Had a License, now has ID",1
,59898193352,FC24004020,30:00.0,Male,Black,41,Medium,Short,Brown,Not of Hispanic Origin,,0,MA,,1
,59898324483,FC24004020,30:00.0,Female,Black,61,NULL,NULL,NULL,Not of Hispanic Origin,,0,NULL,,1
,59898964425,FC24004023,10:00.0,Male,Black,16,Thin,Dreadlocks,Light Brown,Unknown,,0,MA,,0
,59898985909,FC24004023,10:00.0,Male,White,30,Thin,NULL,NULL,Hispanic Origin,,0,MA,Other: Class M,NULL
,59899031523,FC24004023,10:00.0,Male,Black,29,Medium,Short,Light Brown,Not of Hispanic Origin,,0,MA,ID Only - Never had Personal Driver License,NULL
,59899109620,FC24004023,10:00.0,Male,White,16,Medium,Dreadlocks,Light Brown,Hispanic Origin,,0,MA,,0
,59899340131,FC24004023,10:00.0,Male,Black,19,Medium,Short,Medium Brown,Not of Hispanic Origin,,0,MA,,NULL
,59901023063,FC24004026,00:00.0,Male,White,13,NULL,NULL,NULL,Not of Hispanic Origin,,0,NULL,,0
,59901023655,FC24004026,00:00.0,Male,Black,13,NULL,NULL,NULL,Not of Hispanic Origin,,0,NULL,,0
,59901025683,FC24004026,00:00.0,Male,Black,11,NULL,NULL,NULL,Not of Hispanic Origin,,0,NULL,,0
,59901829844,FC24004030,49:00.0,Male,Black,23,Medium,Dreadlocks,Medium Brown,Not of Hispanic Origin,,0,MA,Class D,1
,59916267314,FC24004033,59:00.0,Male,Black,39,Medium,NULL,NULL,Not of Hispanic Origin,,0,MA,,0
,59916267314,FC24004033,59:00.0,Male,Black,39,Medium,NULL,NULL,Not of Hispanic Origin,,0,MA,,NULL
,59916988946,FC24004035,00:00.0,Male,White,35,NULL,NULL,NULL,Hispanic Origin,,0,NULL,,1
,59941350435,FC24004045,26:00.0,Male,Black,33,Thin,NULL,Medium,Not of Hispanic Origin,,0,MA,,0
,59941352170,FC24004045,26:00.0,Male,Black,29,Medium,Short,Light Brown,Not of Hispanic Origin,,0,MA,ID Only - Never had Personal Driver License,0
,59941354597,FC24004045,26:00.0,Male,Black,18,Medium,Afro,NULL,Unknown,,0,MA,,0
,59632501744,FC24003891,55:00.0,Male,Black,18,Thin,Shaved Head,Dark Brown,Not of Hispanic Origin,,0,MA,,0
,59632587268,FC24003891,55:00.0,Male,Black,15,NULL,NULL,NULL,Not of Hispanic Origin,,0,NULL,,0
,59645899662,FC24003905,38:00.0,Male,Black,29,Medium,Short,Light Brown,Not of Hispanic Origin,,0,MA,ID Only - Never had Personal Driver License,0
,59645900977,FC24003905,38:00.0,Male,Black,32,Thin,NULL,Medium,Not of Hispanic Origin,,0,MA,,0
,59645901981,FC24003905,38:00.0,Male,Black,34,Heavy,Short,Dark,Not of Hispanic Origin,,0,MA,Class D,0
,59645903725,FC24003905,38:00.0,Male,Black,18,Medium,Afro,NULL,Unknown,,0,MA,,0
,59645905936,FC24003905,38:00.0,Male,Black,19,Medium,Short,Medium Brown,Not of Hispanic Origin,,0,MA,,0
,59645908784,FC24003905,38:00.0,Male,White,26,Thin,NULL,NULL,Hispanic Origin,,0,MA,ID Only - Never had Personal Driver License,0
,59645941022,FC24003905,38:00.0,Male,Black,24,Thin,Afro,Dark,Not of Hispanic Origin,,0,MA,,0
,59669342040,FC24003915,10:00.0,Male,White,27,Muscular,Short,Light,Hispanic Origin,,0,MA,,1
,59669876675,FC24003917,00:00.0,Male,Black,28,Obese,Short,Dark Brown,Not of Hispanic Origin,,0,MA,,0
,59675090365,FC24003921,30:00.0,Female,Black,29,NULL,NULL,NULL,NULL,,0,MA,Class D,1
,59675218587,FC24003921,30:00.0,Male,Black,28,NULL,NULL,NULL,Not of Hispanic Origin,,0,MA,None,1
,59676945508,FC24003922,00:00.0,Male,Black,17,NULL,NULL,NULL,Hispanic Origin,,0,NULL,,1
,59941357427,FC24004045,26:00.0,Male,Black,13,Thin,Dreadlocks,Light,Not of Hispanic Origin,,0,MA,,0
,59942892435,FC24004048,00:00.0,Female,Unknown,47,NULL,NULL,NULL,NULL,,0,MA,ID Only - Never had Personal Driver License,0
,59943368560,FC24004049,29:00.0,Male,White,24,Stocky,Pony Tail,NULL,Hispanic Origin,,0,MA,Class D,0
,59943369635,FC24004049,29:00.0,Male,Black,31,Medium,Dreadlocks,Dark,Not of Hispanic Origin,,0,MA,,0
,59943371770,FC24004049,29:00.0,Male,Black,30,Medium,NULL,NULL,Not of Hispanic Origin,,0,MA,,0
,59943377913,FC24004049,29:00.0,Male,NULL,37,Heavy,Braided,Medium Brown,Not of Hispanic Origin,,0,MA,,0
,59943381046,FC24004049,29:00.0,Male,Black,33,Thin,NULL,NULL,Not of Hispanic Origin,,0,MA,,0
,59954912391,FC24004056,37:00.0,Female,Unknown,47,NULL,NULL,NULL,NULL,,0,MA,ID Only - Never had Personal Driver License,0
,59955191549,FC24004057,01:00.0,Female,White,40,Thin,NULL,NULL,Not of Hispanic Origin,,0,MA,,0
,59976316730,FC24004066,40:00.0,Male,Black,23,NULL,NULL,NULL,Not of Hispanic Origin,,0,MA,,0
,59985964680,FC24004073,00:00.0,Male,Other,14,Medium,Curly,NULL,Hispanic Origin,,0,NULL,,1
,59985972166,FC24004073,00:00.0,Male,NULL,14,NULL,NULL,NULL,NULL,,0,NULL,,1
,59986264637,FC24004074,00:00.0,Male,Black,22,Heavy,Braided,Medium,Not of Hispanic Origin,,0,MA,,0
,59986266450,FC24004074,00:00.0,Male,Black,21,Medium,Braided,Medium Brown,Not of Hispanic Origin,,0,MA,Class D,0
,59648632352,FC24003909,15:00.0,Male,White,39,NULL,NULL,NULL,NULL,,0,NULL,,1
,59659754532,FC24003912,13:00.0,Male,White,18,Thin,Wavy,Light,Not of Hispanic Origin,,0,MA,ID Only - Never had Personal Driver License,0
,59659822792,FC24003912,13:00.0,Male,Black,23,Medium,Afro,Light,NULL,,0,MA,,0
,59668275091,FC24003913,30:00.0,Male,Black,22,NULL,NULL,NULL,Not of Hispanic Origin,,0,MA,Class D,0
,59669420562,FC24003913,30:00.0,Male,Black,34,Heavy,Short,Dark,Not of Hispanic Origin,,0,MA,Class D,0
,59669446789,FC24003913,30:00.0,Male,Black,23,Medium,NULL,Dark Brown,Not of Hispanic Origin,,0,MA,,0
,59668812245,FC24003914,53:00.0,Male,Black,63,Medium,NULL,NULL,Hispanic Origin,,0,MA,,0
,59673073603,FC24003919,52:00.0,Male,Black,29,Medium,Short,Light Brown,Unknown,,0,MA,,0
,59673075785,FC24003919,52:00.0,Male,White,23,NULL,NULL,NULL,Hispanic Origin,,0,MA,,0
,59702939591,FC24003932,00:00.0,Female,White,35,Thin,NULL,NULL,Hispanic Origin,,0,MA,,1
,59705182990,FC24003935,30:00.0,Male,Black,44,Medium,Dreadlocks,Light Brown,NULL,,0,MA,,0
,59705647759,FC24003935,30:00.0,Male,Black,32,Medium,NULL,NULL,Not of Hispanic Origin,,0,MA,None,NULL
,59705785503,FC24003935,30:00.0,Male,White,28,Thin,Bushy,OTHER,Hispanic Origin,,0,MA,,NULL
,59705844332,FC24003935,30:00.0,Male,White,29,Medium,Bald or Balding,Light,Not of Hispanic Origin,,0,MA,"ID - Had a License, now has ID",NULL
,59676972638,FC24003922,00:00.0,Male,Unknown,17,NULL,NULL,NULL,NULL,,0,NULL,,1
,59697954354,FC24003926,00:00.0,Male,Black,14,Thin,NULL,Light Brown,Not of Hispanic Origin,,0,MA,,1
,59697972543,FC24003926,00:00.0,Male,Unknown,18,NULL,NULL,NULL,Unknown,,0,MA,ID Only - Never had Personal Driver License,0
,59697995851,FC24003926,00:00.0,Male,White,22,Heavy,Curly,Light,Unknown,,0,MA,ID Only - Never had Personal Driver License,0
,59698125109,FC24003926,00:00.0,Male,Black,34,Medium,NULL,NULL,Hispanic Origin,,0,MA,,0
,59698151953,FC24003926,00:00.0,Male,Black,21,Medium,Short,Dark,Hispanic Origin,,0,MA,Class D,1
,59702866552,FC24003931,15:00.0,Male,Black,17,NULL,NULL,NULL,Unknown,,0,NULL,,1
,59702866868,FC24003931,15:00.0,Male,Black,28,Thin,NULL,NULL,Not of Hispanic Origin,,0,MA,Class D,1
,59702867100,FC24003931,15:00.0,Male,White,20,Thin,Wavy,Fair,Unknown,,0,MA,,1
,59703076871,FC24003933,01:00.0,Female,Black,34,NULL,NULL,NULL,Hispanic Origin,,0,MA,Class D,1
,59703081977,FC24003933,01:00.0,Male,Black,15,Thin,Afro,Medium Brown,Hispanic Origin,,0,NULL,,1
,59703090107,FC24003933,01:00.0,Female,Black,15,NULL,NULL,NULL,Hispanic Origin,,0,NULL,,1
,59703102394,FC24003934,32:00.0,Male,Black,19,Thin,Afro,Medium Brown,NULL,,0,MA,,1
,59703104280,FC24003934,32:00.0,Female,Black,27,Heavy,NULL,NULL,Not of Hispanic Origin,,0,MA,,1
,59703109446,FC24003934,32:00.0,Female,Black,26,NULL,NULL,NULL,Not of Hispanic Origin,,0,NULL,,1
,59986272412,FC24004074,00:00.0,Male,Black,22,Medium,NULL,NULL,Not of Hispanic Origin,,0,MA,,0
,59986275920,FC24004074,00:00.0,Male,Black,22,Thin,Short,Dark,NULL,,0,MA,,0
,59986911381,FC24004076,25:00.0,Male,White,43,Thin,NULL,NULL,Hispanic Origin,,0,MA,,NULL
,59986920842,FC24004076,25:00.0,Male,White,29,Thin,Short,Dark,Not of Hispanic Origin,,0,MA,ID Only - Never had Personal Driver License,1
,59999864167,FC24004087,00:00.0,Male,Unknown,12,NULL,NULL,NULL,Not of Hispanic Origin,,0,NULL,,1
,60000719689,FC24004092,46:00.0,Male,Black,47,Obese,Bald or Balding,Medium,Not of Hispanic Origin,,0,MA,Class D,0
,60001430090,FC24004093,40:00.0,Male,Black,30,Thin,Dreadlocks,Dark,Not of Hispanic Origin,,0,MA,,0
,60001434269,FC24004093,40:00.0,Female,Black,38,Medium,NULL,NULL,Not of Hispanic Origin,,0,MA,,0
,60001671134,FC24004094,21:00.0,Male,Black,61,Medium,NULL,NULL,Not of Hispanic Origin,,0,MA,,0
,60012919941,FC24004100,07:00.0,Male,Black,25,NULL,NULL,NULL,Unknown,,0,MA,Class D,0
,60012942172,FC24004100,07:00.0,Male,Black,19,NULL,NULL,NULL,Not of Hispanic Origin,,0,NULL,,0
,60012948687,FC24004100,07:00.0,Male,Unknown,20,NULL,NULL,NULL,Not of Hispanic Origin,,0,MA,Class D,0
,60020620488,FC24004108,18:00.0,Male,Black,44,NULL,NULL,NULL,Not of Hispanic Origin,,0,MA,Class D,1
,60037847768,FC24004121,37:00.0,Male,White,53,NULL,NULL,NULL,NULL,,0,NULL,,1
,60037852478,FC24004121,37:00.0,Female,Black,52,NULL,NULL,NULL,Not of Hispanic Origin,,0,MA,ID Only - Never had Personal Driver License,NULL
,59705872994,FC24003935,30:00.0,Male,Black,26,Thin,Dreadlocks,Medium,Hispanic Origin,,0,MA,,NULL
,59710420457,FC24003940,20:00.0,Male,Black,34,Heavy,Short,Dark,Not of Hispanic Origin,,0,MA,Class D,0
,59711831412,FC24003943,17:00.0,Male,White,20,Thin,Wavy,Fair,Unknown,,0,MA,,0
,59711833112,FC24003943,17:00.0,Male,White,26,Thin,NULL,NULL,Hispanic Origin,,0,MA,ID Only - Never had Personal Driver License,0
,59711835857,FC24003943,17:00.0,Male,Black,23,Medium,NULL,Dark Brown,Not of Hispanic Origin,,0,MA,,0
,59711956141,FC24003944,02:00.0,Male,Other,33,NULL,NULL,NULL,Unknown,,0,MA,Class D,1
,59712118493,FC24003948,09:00.0,Male,Black,44,Unknown,NULL,NULL,Hispanic Origin,,0,MA,Class D,0
,59746571744,FC24003958,19:00.0,Male,White,48,NULL,NULL,NULL,Unknown,,0,MA,Class D,0
,59746710819,FC24003959,20:00.0,Female,Black,44,NULL,NULL,NULL,Not of Hispanic Origin,,0,MA,Class D,0
,59754974382,FC24003960,09:00.0,Male,Black,28,Thin,Short,Light Brown,Not of Hispanic Origin,,0,MA,"ID - Had a License, now has ID",0
,59755643933,FC24003962,24:00.0,Male,Black,42,Thin,NULL,NULL,Not of Hispanic Origin,,0,MA,,0
,59757332493,FC24003969,11:00.0,Male,Black,30,Thin,Short,Dark,Not of Hispanic Origin,,0,MA,,0
,59757333780,FC24003969,11:00.0,Male,Black,34,Thin,Short,Dark,Not of Hispanic Origin,,0,MA,,0
,59757334947,FC24003969,11:00.0,Male,Black,24,Medium,Afro,Dark,Not of Hispanic Origin,,0,MA,,0
,59669747382,FC24003916,00:00.0,Male,Other,18,NULL,NULL,NULL,Hispanic Origin,,0,NULL,,0
,59669852706,FC24003916,00:00.0,Male,White,22,NULL,NULL,NULL,Hispanic Origin,,0,NULL,,0
,59669954888,FC24003916,00:00.0,Male,White,16,NULL,NULL,NULL,NULL,,0,NULL,,0
,59670031627,FC24003916,00:00.0,Male,White,16,NULL,NULL,NULL,Hispanic Origin,,0,NULL,,1
,59675401930,FC24003920,00:00.0,Male,White,36,NULL,NULL,NULL,Not of Hispanic Origin,,0,MA,Class D,0
,59677431716,FC24003923,30:00.0,Male,Black,27,Medium,Dreadlocks,Medium Brown,Not of Hispanic Origin,,0,MA,Class D,0
,59677436121,FC24003923,30:00.0,Female,Black,21,NULL,NULL,NULL,Not of Hispanic Origin,,0,MA,Class D,0
,59677561873,FC24003924,47:00.0,Male,White,52,Medium,NULL,NULL,Hispanic Origin,,0,MA,ID Only - Never had Personal Driver License,0
,59695343903,FC24003925,58:00.0,Male,Black,27,Thin,Curly,Medium Brown,Not of Hispanic Origin,,0,MA,Other: M,0
,59698766724,FC24003928,15:00.0,Male,White,20,Thin,Wavy,Fair,Unknown,,0,MA,,1
,59698766844,FC24003928,15:00.0,Male,Black,28,Thin,NULL,NULL,Not of Hispanic Origin,,0,MA,Class D,1
,59698767033,FC24003928,15:00.0,Male,Black,17,NULL,NULL,NULL,Unknown,,0,NULL,,1
,59698780876,FC24003929,00:00.0,Male,Black,26,Medium,NULL,NULL,Not of Hispanic Origin,,0,MA,,0
,59698782642,FC24003929,00:00.0,Male,Black,32,Thin,NULL,Medium,Not of Hispanic Origin,,0,MA,,0
,59698784133,FC24003929,00:00.0,Male,Black,42,Medium,Bald or Balding,Medium Brown,Unknown,,0,MA,,0
,59703110635,FC24003934,32:00.0,Male,Black,27,Medium,Braided,Dark Brown,Unknown,,0,MA,Class D,1
,59703111689,FC24003934,32:00.0,Male,Black,16,NULL,NULL,NULL,NULL,,0,NULL,,1
,59710406613,FC24003939,00:00.0,Male,White,14,NULL,NULL,NULL,Hispanic Origin,,0,NULL,,0
,59710410613,FC24003939,00:00.0,Male,Black,14,NULL,NULL,NULL,NULL,,0,NULL,,0
,59710500199,FC24003941,10:00.0,Male,Black,24,Medium,Afro,Dark,Not of Hispanic Origin,,0,MA,,0
,59712064112,FC24003947,00:00.0,Male,Black,15,NULL,NULL,NULL,Unknown,,0,NULL,,0
,59722925401,FC24003953,00:00.0,Male,Black,16,Medium,Dreadlocks,Medium Brown,Hispanic Origin,,0,MA,,0
,59722992397,FC24003953,00:00.0,Male,Black,20,NULL,NULL,NULL,Unknown,,0,MA,,0
,59723104699,FC24003953,00:00.0,Male,Black,19,Thin,NULL,Medium,Unknown,,0,MA,,NULL
,59723431821,FC24003953,00:00.0,Male,Black,25,NULL,NULL,NULL,Unknown,,0,MA,Class D,NULL
,59729802739,FC24003954,22:00.0,Male,Black,24,NULL,NULL,NULL,Hispanic Origin,,0,OTH,,0
,59729803578,FC24003954,22:00.0,Male,Black,24,NULL,NULL,NULL,Hispanic Origin,,0,OTH,,0
,59729803686,FC24003954,22:00.0,Male,Unknown,27,Thin,NULL,Medium Brown,Hispanic Origin,,0,MA,Class D,0
,59729812663,FC24003954,22:00.0,Male,Black,NULL,NULL,NULL,NULL,Hispanic Origin,,0,NULL,,0
,59736926291,FC24003955,00:00.0,Male,Black,32,Thin,Short,Light Brown,Hispanic Origin,,0,MA,Class D,0
,59755517160,FC24003961,14:00.0,Female,White,45,Heavy,Short,NULL,Not of Hispanic Origin,,0,MA,,1
,60037874145,FC24004121,37:00.0,Male,Asian,63,NULL,NULL,NULL,NULL,,0,NULL,,NULL
,60047289486,FC24004132,24:00.0,Female,Black,31,Medium,Wavy,Dark Brown,Not of Hispanic Origin,,0,MA,Class D,NULL
,60047290670,FC24004132,24:00.0,Male,Black,32,Medium,Dreadlocks,Medium Brown,Not of Hispanic Origin,,0,MA,,NULL
,60047290670,FC24004132,24:00.0,Male,Black,32,Medium,Dreadlocks,Medium Brown,Not of Hispanic Origin,,0,MA,,0
,60051599701,FC24004134,43:00.0,Male,Black,40,Heavy,Receding or Slightly Receding,Medium,Not of Hispanic Origin,,0,MA,Class D,0
,60068062937,FC24004138,52:00.0,Male,Black,27,Medium,Short,Medium Brown,NULL,,0,MA,,1
,60068065519,FC24004138,52:00.0,Male,Black,27,Thin,Short,Light,Hispanic Origin,,0,MA,,1
,60068163405,FC24004140,30:00.0,Male,Black,32,Thin,Short,Light Brown,NULL,,0,MA,,0
,60079346824,FC24004150,51:00.0,Male,Unknown,19,NULL,NULL,NULL,NULL,,0,NULL,,0
,60079347431,FC24004150,51:00.0,Male,Black,22,Thin,NULL,NULL,Hispanic Origin,,0,MA,,0
,60079349000,FC24004150,51:00.0,Male,Black,22,NULL,NULL,NULL,Not of Hispanic Origin,,0,NULL,,0
,60079350727,FC24004150,51:00.0,Female,Black,23,Medium,NULL,Light,Not of Hispanic Origin,,0,MA,,0
,60079351441,FC24004150,51:00.0,Female,Black,19,NULL,NULL,NULL,Hispanic Origin,,0,NULL,,0
,60084378935,FC24004157,45:00.0,Male,Black,36,Medium,NULL,NULL,Not of Hispanic Origin,,0,MA,,0
,60086490709,FC24004159,38:00.0,Female,Unknown,37,NULL,NULL,NULL,NULL,,0,NULL,,NULL
,59798003026,FC24003976,53:00.0,Male,Black,16,Average,Afro,NULL,Not of Hispanic Origin,,0,NULL,,1
,59798167720,FC24003976,53:00.0,Male,Black,18,NULL,NULL,NULL,Unknown,,0,NULL,,1
,59802132434,FC24003976,53:00.0,Female,Black,32,NULL,NULL,NULL,Unknown,,0,MA,,NULL
,59803148903,FC24003976,53:00.0,Male,Black,19,Medium,Braided,Medium,Unknown,,0,MA,Class D,1
,59850050706,FC24003990,20:00.0,Male,Black,25,Medium,Short,Dark Brown,NULL,,0,MA,,1
,59850051742,FC24003990,20:00.0,Male,Black,29,Medium,Corn Rows,Dark Brown,Not of Hispanic Origin,,0,MA,,1
,59873371921,FC24004013,29:00.0,Male,Black,27,Thin,NULL,NULL,Not of Hispanic Origin,,0,MA,,1
,59874338558,FC24004016,31:00.0,Female,Black,18,Small,NULL,Light Brown,Hispanic Origin,,0,MA,ID Only - Never had Personal Driver License,0
,59874452205,FC24004016,31:00.0,Female,Unknown,21,NULL,NULL,NULL,Hispanic Origin,,0,MA,Class D,NULL
,59898708853,FC24004022,31:00.0,Male,Black,25,Heavy,Braided,Medium Brown,Not of Hispanic Origin,,0,MA,,0
,59902520177,FC24004027,10:00.0,Male,White,27,NULL,NULL,NULL,Not of Hispanic Origin,,0,NULL,,0
,59902521145,FC24004027,10:00.0,Male,White,28,NULL,NULL,NULL,Unknown,,0,NULL,,0
,59902523381,FC24004027,10:00.0,Male,White,44,Medium,Short,Light,Not of Hispanic Origin,,0,MA,Class D,0
,59901912098,FC24004029,00:00.0,Male,Black,29,Medium,Corn Rows,Dark Brown,Not of Hispanic Origin,,0,MA,,0
,59901914307,FC24004029,00:00.0,Male,Black,21,Thin,Afro,Dark Brown,Not of Hispanic Origin,,0,MA,,0
,59755989002,FC24003965,28:00.0,Male,Black,18,Medium,Afro,NULL,Unknown,,0,MA,,1
,59755990302,FC24003965,28:00.0,Male,Black,19,Medium,Short,Medium Brown,Not of Hispanic Origin,,0,MA,,1
,59755991947,FC24003965,28:00.0,Male,Black,32,Thin,NULL,Medium,Not of Hispanic Origin,,0,MA,,0
,59755993846,FC24003965,28:00.0,Male,Black,29,Medium,Short,Light Brown,Not of Hispanic Origin,,0,MA,ID Only - Never had Personal Driver License,0
,59756003464,FC24003965,28:00.0,Male,Black,28,NULL,NULL,NULL,Hispanic Origin,,0,MA,ID Only - Never had Personal Driver License,0
,59756600382,FC24003968,05:00.0,Male,White,18,NULL,NULL,NULL,NULL,,0,MA,,0
,59776349449,FC24003974,44:00.0,Male,Black,NULL,NULL,NULL,NULL,Unknown,,0,NULL,,NULL
,59777290572,FC24003974,44:00.0,Male,Black,NULL,NULL,NULL,NULL,Unknown,,0,NULL,,NULL
,59777290572,FC24003974,44:00.0,Male,Black,NULL,NULL,NULL,NULL,Unknown,,0,NULL,,0
,59805450416,FC24003978,14:00.0,Female,Black,20,NULL,NULL,NULL,NULL,,0,MA,Class D,0
,59805543139,FC24003978,14:00.0,Male,Black,17,NULL,NULL,NULL,Unknown,,0,MA,No License - Record Only,1
,59805630322,FC24003978,14:00.0,Male,Black,17,NULL,NULL,NULL,Unknown,,0,MA,No License - Record Only,1
,59805822114,FC24003978,14:00.0,Male,Black,18,NULL,NULL,NULL,NULL,,0,NULL,,1
,59805954872,FC24003978,14:00.0,Male,Black,18,NULL,NULL,NULL,NULL,,0,MA,No License - Record Only,1
,59821614853,FC24003980,00:00.0,Male,Black,26,Medium,Braided,Medium Brown,Not of Hispanic Origin,,0,MA,Class D,0
,59706127441,FC24003936,00:00.0,Male,Unknown,24,NULL,NULL,NULL,Unknown,,0,MA,Class D,1
,59712021570,FC24003945,20:00.0,Male,Black,15,NULL,NULL,NULL,NULL,,0,NULL,,0
,59712022329,FC24003946,45:00.0,Male,Black,28,Thin,Short,Dark,Not of Hispanic Origin,,0,MA,Class D,1
,59737079025,FC24003956,30:00.0,Male,Black,22,Thin,Dreadlocks,Medium Brown,Not of Hispanic Origin,,0,MA,Class D,0
,59743959186,FC24003957,10:00.0,Female,Black,30,NULL,NULL,NULL,Not of Hispanic Origin,,0,MA,Class D,0
,59755917250,FC24003963,00:00.0,Male,Black,35,Heavy,NULL,NULL,Not of Hispanic Origin,,0,MA,,0
,59793601431,FC24003975,15:00.0,Male,Asian,43,NULL,NULL,NULL,NULL,,0,NULL,,1
,59804487939,FC24003977,41:00.0,Male,Black,15,Thin,Short,Medium Brown,Not of Hispanic Origin,,0,MA,,1
,59804966262,FC24003977,41:00.0,Male,Unknown,NULL,NULL,NULL,NULL,Unknown,,0,NULL,,0
,59805914279,FC24003979,32:00.0,Female,White,29,Thin,Straight,Light,Not of Hispanic Origin,,0,MA,,1
,59805945956,FC24003979,32:00.0,Female,White,34,Thin,NULL,NULL,Not of Hispanic Origin,,0,MA,,0
,59805963555,FC24003979,32:00.0,Female,White,35,NULL,Wavy,NULL,NULL,,0,MA,Class D,0
,59806024231,FC24003979,32:00.0,Female,Unknown,36,NULL,NULL,NULL,NULL,,0,NULL,,0
,59845112937,FC24003984,00:00.0,Male,Black,28,Thin,Curly,Light Brown,Not of Hispanic Origin,,0,MA,,0
,59847146488,FC24003987,00:00.0,Female,Black,34,Medium,Wavy,Light Brown,Not of Hispanic Origin,,0,MA,,0
,60086490709,FC24004159,38:00.0,Female,Unknown,37,NULL,NULL,NULL,NULL,,0,NULL,,NULL
,60086493427,FC24004159,38:00.0,Female,Unknown,14,NULL,NULL,NULL,NULL,,0,NULL,,0
,60086498774,FC24004159,38:00.0,Male,White,13,NULL,NULL,NULL,Hispanic Origin,,0,NULL,,0
,60088620119,FC24004165,22:00.0,Male,Black,22,Thin,Short,Dark,NULL,,0,MA,,0
,60088624540,FC24004165,22:00.0,Male,Black,53,Medium,NULL,NULL,Not of Hispanic Origin,,0,MA,,0
,60088695294,FC24004166,21:00.0,Male,Black,31,Thin,Braided,Medium,Not of Hispanic Origin,,0,MA,Class D,0
,60110028580,FC24004174,30:00.0,Male,Black,24,NULL,NULL,NULL,Not of Hispanic Origin,,0,MA,,0
,60115613682,FC24004175,00:00.0,Male,White,28,NULL,NULL,NULL,Hispanic Origin,,0,MA,Class D,0
,60126556106,FC24004182,04:00.0,Male,Black,28,Medium,NULL,NULL,Hispanic Origin,,0,MA,Class D,1
,60131862650,FC24004186,42:00.0,Male,White,36,Medium,NULL,NULL,Not of Hispanic Origin,,0,MA,,1
,60135449089,FC24004190,46:00.0,Male,Black,28,Heavy,Short,Dark,Not of Hispanic Origin,,0,MA,Class D,1
,60135452224,FC24004190,46:00.0,Male,Black,20,Thin,Short,Medium Brown,Not of Hispanic Origin,,0,MA,,1
,60135453896,FC24004190,46:00.0,Male,Black,22,NULL,NULL,NULL,Not of Hispanic Origin,,0,MA,,1
,60137784248,FC24004194,35:00.0,Male,Black,41,NULL,NULL,NULL,Unknown,,0,NULL,,1
,60140958119,FC24004198,28:00.0,Female,White,44,Thin,Wavy,Medium,Not of Hispanic Origin,,0,MA,,0
,59901917268,FC24004029,00:00.0,Male,White,30,Thin,Short,Medium,NULL,,0,MA,Class D,0
,59903033433,FC24004031,26:00.0,Male,Black,NULL,NULL,NULL,NULL,Not of Hispanic Origin,,0,NULL,,1
,59903035328,FC24004031,26:00.0,Male,White,NULL,NULL,NULL,NULL,Not of Hispanic Origin,,0,NULL,,1
,59918231729,FC24004038,06:00.0,Male,Unknown,22,NULL,NULL,NULL,Hispanic Origin,,0,NULL,,0
,59918236636,FC24004038,06:00.0,Male,Unknown,22,NULL,NULL,NULL,Hispanic Origin,,0,NULL,,0
,59918241372,FC24004038,06:00.0,Female,Unknown,19,NULL,NULL,NULL,Hispanic Origin,,0,NULL,,0
,59918246884,FC24004038,06:00.0,Male,Unknown,24,NULL,NULL,NULL,Hispanic Origin,,0,NULL,,0
,59918251194,FC24004038,06:00.0,Male,NULL,23,NULL,NULL,NULL,NULL,,0,MA,,0
,59918253515,FC24004038,06:00.0,Male,Unknown,23,NULL,NULL,NULL,Hispanic Origin,,0,NULL,,0
,59918259066,FC24004038,06:00.0,Male,Unknown,25,NULL,NULL,NULL,Hispanic Origin,,0,NULL,,0
,59918335609,FC24004038,06:00.0,Male,White,25,NULL,NULL,NULL,Hispanic Origin,,0,NULL,,0
,59944299385,FC24004051,45:00.0,Male,Black,18,NULL,NULL,NULL,Not of Hispanic Origin,,0,NULL,,0
,59949054230,FC24004052,13:00.0,Male,Black,39,Heavy,Braided,Medium Brown,Not of Hispanic Origin,,0,MA,Class D,0
,59962533017,FC24004058,30:00.0,Male,White,37,Thin,Bald or Balding,NULL,NULL,,0,MA,,0
,59964718774,FC24004059,33:00.0,Female,Unknown,NULL,NULL,NULL,NULL,NULL,,0,NULL,,NULL
,59964751087,FC24004059,33:00.0,Male,White,43,NULL,NULL,NULL,Hispanic Origin,,0,NULL,,0
,59849296470,FC24003989,21:00.0,Male,White,NULL,NULL,NULL,NULL,Not of Hispanic Origin,,0,NULL,,NULL
,59849305250,FC24003989,21:00.0,Male,White,19,NULL,NULL,NULL,Hispanic Origin,,0,NULL,,1
,59851612602,FC24003991,35:00.0,Male,Asian,26,NULL,NULL,NULL,Not of Hispanic Origin,,0,NULL,,0
,59856778084,FC24003996,31:00.0,Female,White,52,Medium,Straight,Light,Unknown,,0,MA,,0
,59856779980,FC24003996,31:00.0,Male,Black,28,Thin,Curly,Light Brown,Not of Hispanic Origin,,0,MA,,0
,59856782487,FC24003996,31:00.0,Male,Black,29,NULL,NULL,NULL,Unknown,,0,MA,Class D,0
,59856790153,FC24003996,31:00.0,Male,Black,62,Muscular,NULL,NULL,Hispanic Origin,,0,MA,,0
,59856791439,FC24003996,31:00.0,Female,White,20,Medium,NULL,NULL,Not of Hispanic Origin,,0,MA,,0
,59856795843,FC24003996,31:00.0,Male,Black,31,Medium,Short,Light,Hispanic Origin,,0,MA,,0
,59856803075,FC24003996,31:00.0,Male,Black,29,Medium,Braided,Medium Brown,Not of Hispanic Origin,,0,MA,Class D,0
,59856806470,FC24003996,31:00.0,Male,Black,34,Medium,Dreadlocks,Light,Not of Hispanic Origin,,0,MA,ID Only - Never had Personal Driver License,0
,59856811993,FC24003996,31:00.0,Male,White,47,Obese,NULL,NULL,Hispanic Origin,,0,MA,,0
,59856861916,FC24003996,31:00.0,Male,Black,36,Medium,NULL,Medium Brown,NULL,,0,MA,,0
,59856916379,FC24003996,31:00.0,Male,White,48,NULL,NULL,NULL,NULL,,0,NULL,,0
,59857344104,FC24003997,45:00.0,Male,Black,29,Medium,NULL,NULL,Hispanic Origin,,0,MA,,0
,59966803077,FC24004061,43:00.0,Male,Black,19,Heavy,Braided,NULL,Unknown,,0,MA,,0
,59966812234,FC24004061,43:00.0,Male,White,23,NULL,NULL,NULL,Hispanic Origin,,0,MA,Class D,0
,59971414713,FC24004063,35:00.0,Male,Black,23,Thin,Braided,Light Brown,Hispanic Origin,,0,MA,Class D,1
,59971425716,FC24004063,35:00.0,Female,Black,26,Thin,Straight,Medium Brown,Not of Hispanic Origin,,0,MA,,NULL
,59972639380,FC24004064,00:00.0,Male,White,14,NULL,NULL,NULL,Hispanic Origin,,0,NULL,,0
,59973290106,FC24004065,30:00.0,Male,Black,29,Medium,Short,Light Brown,Not of Hispanic Origin,,0,MA,ID Only - Never had Personal Driver License,0
,59973318670,FC24004065,30:00.0,Male,Black,31,Medium,Short,Medium,Not of Hispanic Origin,,0,MA,,0
,59973335345,FC24004065,30:00.0,Male,Black,28,Thin,NULL,NULL,Hispanic Origin,,0,MA,,0
,59973359148,FC24004065,30:00.0,Male,Black,33,Thin,Short,Dark Brown,Not of Hispanic Origin,,0,MA,Class D,0
,59973377639,FC24004065,30:00.0,Male,Black,33,Thin,NULL,Medium,Not of Hispanic Origin,,0,MA,,0
,59973426144,FC24004065,30:00.0,Male,White,27,Thin,NULL,NULL,Hispanic Origin,,0,MA,ID Only - Never had Personal Driver License,0
,59977177346,FC24004069,01:00.0,Male,Black,41,Thin,NULL,NULL,Not of Hispanic Origin,,0,MA,,0
,59984215122,FC24004072,00:00.0,Male,Black,16,Thin,Short,NULL,Unknown,,0,MA,,0
,59984219029,FC24004072,00:00.0,Male,Black,49,Thin,NULL,NULL,Not of Hispanic Origin,,0,MA,,0
,59857345735,FC24003997,45:00.0,Male,Black,19,Thin,Afro,Light Brown,Hispanic Origin,,0,MA,,0
,59857340453,FC24003998,56:00.0,Male,Black,18,Medium,Afro,NULL,Unknown,,0,MA,,0
,59857341709,FC24003998,56:00.0,Male,Asian,18,Thin,NULL,Light Brown,Hispanic Origin,,0,MA,,0
,59857345317,FC24003998,56:00.0,Male,Black,19,Medium,Short,Medium Brown,Not of Hispanic Origin,,0,MA,,0
,59857349268,FC24003998,56:00.0,Male,Black,29,Medium,Short,Light Brown,Not of Hispanic Origin,,0,MA,ID Only - Never had Personal Driver License,0
,59857351511,FC24003998,56:00.0,Male,Black,33,Thin,NULL,Medium,Not of Hispanic Origin,,0,MA,,0
,59857353879,FC24003998,56:00.0,Male,Black,30,Medium,Short,Light,Not of Hispanic Origin,,0,MA,,0
,59859524199,FC24004001,51:00.0,Male,Black,30,Thin,Short,Medium Brown,Unknown,,0,MA,,1
,59859526607,FC24004001,51:00.0,Male,Black,26,Thin,Braided,Medium Brown,Not of Hispanic Origin,,0,MA,,1
,59859530203,FC24004001,51:00.0,Male,Black,24,Thin,NULL,NULL,Not of Hispanic Origin,,0,MA,,1
,59859654878,FC24004002,50:00.0,Male,Black,21,Thin,Dreadlocks,Dark Brown,Not of Hispanic Origin,,0,MA,,0
,59869444045,FC24004006,45:00.0,Male,NULL,26,NULL,NULL,NULL,Not of Hispanic Origin,,0,MA,,1
,59869449876,FC24004006,45:00.0,Male,Black,23,NULL,NULL,NULL,NULL,,0,MA,Class D,1
,59869453114,FC24004006,45:00.0,Female,Black,26,NULL,NULL,NULL,NULL,,0,MA,Class D,1
,59984333569,FC24004072,00:00.0,Male,White,NULL,NULL,NULL,NULL,NULL,,0,NULL,,NULL
,59987225000,FC24004077,45:00.0,Male,Black,24,NULL,NULL,NULL,Hispanic Origin,,0,MA,,0
,59987449286,FC24004079,08:00.0,Male,Black,33,Thin,Short,Dark,Hispanic Origin,,0,MA,Class D,0
,59987449977,FC24004079,08:00.0,Male,Black,36,Medium,NULL,NULL,Not of Hispanic Origin,,0,MA,Class D,0
,59987450378,FC24004079,08:00.0,Male,White,24,Stocky,Pony Tail,NULL,Hispanic Origin,,0,MA,Class D,0
,59988110755,FC24004081,15:00.0,Male,White,38,Medium,Short,Light,Not of Hispanic Origin,,0,MA,,0
,60000535342,FC24004090,00:00.0,Male,Black,20,NULL,NULL,NULL,Unknown,,0,MA,Class D,1
,60011262472,FC24004098,35:00.0,Female,Black,20,NULL,NULL,NULL,Not of Hispanic Origin,,0,MA,,NULL
,60011262472,FC24004098,35:00.0,Female,Black,20,NULL,NULL,NULL,Not of Hispanic Origin,,0,MA,,NULL
,60011271121,FC24004098,35:00.0,Female,Black,29,Medium,Short,Medium Brown,Not of Hispanic Origin,,0,MA,"ID - Had a License, now has ID",0
,60027164317,FC24004115,59:00.0,Male,Black,30,NULL,NULL,NULL,Not of Hispanic Origin,,0,MA,Class D,1
,60027176551,FC24004115,59:00.0,Male,Black,29,NULL,NULL,NULL,Not of Hispanic Origin,,0,MA,Class D,1
,60032642837,FC24004119,00:00.0,Male,Black,30,Medium,NULL,Medium Brown,Not of Hispanic Origin,,0,MA,Class D,0
,60032646701,FC24004119,00:00.0,Male,Black,35,Medium,NULL,NULL,Not of Hispanic Origin,,1,MA,,0
,60046834725,FC24004131,09:00.0,Male,Black,32,Medium,NULL,NULL,Not of Hispanic Origin,,0,MA,,0
,60164250218,FC24004210,45:00.0,Female,White,53,Medium,NULL,NULL,Not of Hispanic Origin,,0,MA,Other: Suspended ,0
,60164252280,FC24004210,45:00.0,Female,Black,34,Medium,Unkempt,Dark,Not of Hispanic Origin,,0,MA,"ID - Had a License, now has ID",0
,60164261975,FC24004210,45:00.0,Female,Black,34,Heavy,NULL,NULL,Not of Hispanic Origin,,0,MA,Class D,0
,60168098408,FC24004214,10:00.0,Male,White,30,Medium,NULL,NULL,Hispanic Origin,,0,MA,,1
,60169892454,FC24004218,24:00.0,Male,Black,58,Thin,Bald or Balding,Light,Not of Hispanic Origin,,0,MA,"ID - Had a License, now has ID",0
,60169892999,FC24004218,24:00.0,Male,Black,58,Stocky,Short,Dark Brown,NULL,,0,MA,,NULL
,60185543015,FC24004231,53:00.0,Male,White,57,NULL,NULL,NULL,Not of Hispanic Origin,,0,MA,Class D,NULL
,60185544124,FC24004231,53:00.0,Male,Black,41,Medium,NULL,NULL,Not of Hispanic Origin,,0,MA,Class D,0
,60186561758,FC24004236,00:00.0,Male,Black,21,Medium,Braided,Medium Brown,Not of Hispanic Origin,,0,MA,Class D,1
,60190838072,FC24004238,00:00.0,Male,Black,58,Thin,Short,Medium Brown,Not of Hispanic Origin,,0,MA,,0
,60190917433,FC24004238,00:00.0,Male,Black,46,Thin,Short,Dark Brown,Not of Hispanic Origin,,0,MA,"ID - Had a License, now has ID",0
,60193349524,FC24004239,00:00.0,Male,Black,20,Thin,Braided,Medium Brown,Not of Hispanic Origin,,0,MA,,0
,60198354039,FC24004243,42:00.0,Male,Black,19,Thin,Corn Rows,Medium Brown,Not of Hispanic Origin,,0,MA,,1
,59821616310,FC24003980,00:00.0,Male,Black,22,Thin,Straight,Light Brown,Not of Hispanic Origin,,0,MA,Class D,0
,59828773342,FC24003981,09:00.0,Male,Black,41,Thin,Unkempt,Medium Brown,Not of Hispanic Origin,,0,MA,"ID - Had a License, now has ID",0
,59865447607,FC24004004,08:00.0,Male,Unknown,44,Medium,NULL,NULL,Hispanic Origin,,0,MA,Class D,0
,59865448504,FC24004004,08:00.0,Female,Black,51,NULL,NULL,NULL,Unknown,,0,MA,Class D,0
,59869415142,FC24004005,17:00.0,Female,White,42,Thin,NULL,NULL,Hispanic Origin,,0,MA,ID Only - Never had Personal Driver License,1
,59869415478,FC24004005,17:00.0,Male,Unknown,45,NULL,NULL,NULL,Hispanic Origin,,0,NULL,,0
,59869416217,FC24004005,17:00.0,Female,White,27,NULL,NULL,NULL,Unknown,,0,MA,Class D,0
,59869417318,FC24004005,17:00.0,Female,Black,32,NULL,NULL,NULL,Hispanic Origin,,0,MA,None,0
,59873161253,FC24004012,00:00.0,Male,Black,35,Heavy,NULL,Light Brown,Unknown,,0,MA,Class D,0
,59873417764,FC24004012,00:00.0,Male,Black,33,NULL,NULL,NULL,Hispanic Origin,,0,NULL,,0
,59878742124,FC24004018,56:00.0,Male,Black,32,Thin,NULL,NULL,Not of Hispanic Origin,,0,MA,Class D,1
,59900422084,FC24004025,50:00.0,Male,Black,25,Heavy,Braided,Medium Brown,Not of Hispanic Origin,,0,MA,,1
,59900423285,FC24004025,50:00.0,Male,Black,31,Thin,Dreadlocks,Light Brown,Hispanic Origin,,0,MA,Class D,1
,59918118631,FC24004037,38:00.0,Male,Black,27,Medium,Afro,Medium Brown,Not of Hispanic Origin,,0,MA,Other: Suspended,0
,59872331206,FC24004011,51:00.0,Male,Black,30,Thin,Short,Dark,Not of Hispanic Origin,,0,MA,,1
,59873554677,FC24004014,00:00.0,Male,Black,33,Medium,NULL,NULL,Not of Hispanic Origin,,0,MA,,1
,59873556266,FC24004014,00:00.0,Male,Black,34,Muscular,Braided,NULL,NULL,,0,MA,,0
,59873557242,FC24004014,00:00.0,Male,Black,22,Thin,Short,Dark,NULL,,0,MA,,0
,59873563573,FC24004014,00:00.0,Male,Black,35,Medium,NULL,NULL,Not of Hispanic Origin,,0,MA,,0
,59873573776,FC24004014,00:00.0,Male,Black,37,Medium,NULL,NULL,Not of Hispanic Origin,,0,MA,Class D,0
,59874672747,FC24004017,16:00.0,Male,Black,22,NULL,NULL,NULL,NULL,,0,NULL,,0
,59891882692,FC24004019,51:00.0,Male,White,32,Thin,Straight,Medium,Not of Hispanic Origin,,0,MA,ID Only - Never had Personal Driver License,0
,59898896655,FC24004021,09:00.0,Male,Black,19,Thin,Braided,Dark Brown,Not of Hispanic Origin,,0,MA,,1
,59899023968,FC24004024,00:00.0,Male,Unknown,52,NULL,NULL,NULL,Hispanic Origin,,0,NULL,,0
,59899028921,FC24004024,00:00.0,Male,Other,60,NULL,NULL,NULL,Hispanic Origin,,0,MA,ID Only - Never had Personal Driver License,0
,59901645328,FC24004028,46:00.0,Male,Unknown,45,NULL,NULL,NULL,Hispanic Origin,,0,MA,"ID - Had a License, now has ID",1
,59905757828,FC24004032,10:00.0,Male,White,49,NULL,NULL,NULL,Hispanic Origin,,0,NULL,,1
,59905758493,FC24004032,10:00.0,Male,White,47,Medium,NULL,NULL,Hispanic Origin,,0,MA,,1
,59916633411,FC24004034,44:00.0,Male,White,21,NULL,Short,Light,Hispanic Origin,,0,MA,,1
,60046838616,FC24004131,09:00.0,Male,Black,23,NULL,NULL,NULL,NULL,,0,NULL,,0
,60051203312,FC24004133,08:00.0,Male,Unknown,NULL,NULL,NULL,NULL,Unknown,,0,NULL,,NULL
,60051207534,FC24004133,08:00.0,Male,White,44,Thin,Short,Fair,Not of Hispanic Origin,,0,MA,"ID - Had a License, now has ID",0
,60064617634,FC24004137,04:00.0,Female,Black,47,Heavy,NULL,NULL,Not of Hispanic Origin,,0,MA,,0
,60064635661,FC24004137,04:00.0,Male,Black,32,Medium,NULL,NULL,Not of Hispanic Origin,,0,MA,,0
,60064651091,FC24004137,04:00.0,Male,Black,34,Stocky,NULL,NULL,Not of Hispanic Origin,,0,MA,ID Only - Never had Personal Driver License,0
,60068094766,FC24004139,20:00.0,Female,White,60,NULL,NULL,NULL,Not of Hispanic Origin,,0,MA,"ID - Had a License, now has ID",0
,60068105627,FC24004139,20:00.0,Male,Black,28,Medium,Dreadlocks,Medium,Not of Hispanic Origin,,0,MA,ID Only - Never had Personal Driver License,0
,60068117434,FC24004139,20:00.0,Male,White,58,Heavy,Wavy,Light,Not of Hispanic Origin,,0,MA,No License - Record Only,0
,60074236515,FC24004143,22:00.0,Male,Black,34,Thin,Short,Light Brown,Hispanic Origin,,0,MA,,1
,60075421332,FC24004144,10:00.0,Male,Black,33,Thin,NULL,Medium,Not of Hispanic Origin,,0,MA,,0
,60075422966,FC24004144,10:00.0,Male,White,29,NULL,NULL,NULL,Unknown,,0,NULL,,0
,60075426538,FC24004144,10:00.0,Male,Black,18,Medium,Afro,NULL,Unknown,,0,MA,,0
,60075428411,FC24004144,10:00.0,Male,Black,24,Thin,Afro,Dark,Not of Hispanic Origin,,0,MA,,0
,60198354438,FC24004243,42:00.0,Male,Black,18,Medium,Dreadlocks,Medium Brown,Not of Hispanic Origin,,0,MA,ID Only - Never had Personal Driver License,1
,60198355642,FC24004243,42:00.0,Male,Black,18,NULL,NULL,NULL,Unknown,,0,NULL,,1
,60198843137,FC24004244,00:00.0,Male,White,27,Medium,NULL,NULL,Hispanic Origin,,0,MA,ID Only - Never had Personal Driver License,0
,60198845958,FC24004244,00:00.0,Male,White,20,NULL,NULL,NULL,Hispanic Origin,,0,MA,Class D,0
,60199865112,FC24004246,00:00.0,Male,Black,32,NULL,NULL,NULL,Not of Hispanic Origin,,0,NULL,,0
,60200569758,FC24004247,00:00.0,Male,White,31,Medium,Unkempt,Light,Not of Hispanic Origin,,0,MA,Class D,0
,60211147660,FC24004255,43:00.0,Female,Black,39,Medium,Bald or Balding,Dark Brown,Unknown,,0,MA,Class D,0
,60213231031,FC24004257,31:00.0,Male,Black,29,Medium,NULL,NULL,Not of Hispanic Origin,,0,MA,Class D,0
,60217131637,FC24004262,00:00.0,Male,Black,NULL,NULL,NULL,NULL,NULL,,0,NULL,,0
,60219123873,FC24004266,45:00.0,Female,Black,17,NULL,NULL,NULL,Not of Hispanic Origin,,0,NULL,,0
,60219124473,FC24004266,45:00.0,Male,Black,15,Thin,Curly,Medium,Not of Hispanic Origin,,0,MA,,0
,60219129865,FC24004266,45:00.0,Male,Black,20,NULL,NULL,NULL,Unknown,,0,MA,,1
,60219589019,FC24004269,00:00.0,Male,Black,16,Medium,Dreadlocks,Medium Brown,NULL,,0,MA,,0
,60219595120,FC24004269,00:00.0,Male,Black,23,Medium,Dreadlocks,Light Brown,Hispanic Origin,,0,MA,ID Only - Never had Personal Driver License,0
,59916633750,FC24004034,44:00.0,Male,Unknown,20,NULL,NULL,NULL,Unknown,,0,NULL,,1
,59916641357,FC24004034,44:00.0,Male,White,19,NULL,NULL,NULL,Hispanic Origin,,0,NULL,,0
,59918434341,FC24004040,20:00.0,Female,Unknown,46,Heavy,NULL,NULL,Hispanic Origin,,0,MA,,0
,59918439464,FC24004040,20:00.0,Male,Black,37,Heavy,Short,Light,Hispanic Origin,,0,MA,,1
,59964630897,FC24004060,20:00.0,Male,Black,15,NULL,NULL,NULL,Unknown,,0,NULL,,1
,59964668022,FC24004060,20:00.0,Male,Black,18,NULL,NULL,NULL,NULL,,0,NULL,,1
,59986747883,FC24004075,45:00.0,Male,Black,32,Heavy,NULL,NULL,Not of Hispanic Origin,,0,MA,Class D,1
,59986752569,FC24004075,45:00.0,Male,Black,29,Muscular,Dreadlocks,Medium Brown,Not of Hispanic Origin,,0,MA,,1
,59988311275,FC24004082,46:00.0,Male,White,26,Thin,Short,Light,Hispanic Origin,,0,MA,Instruction Permit,1
,59988313843,FC24004082,46:00.0,Male,Black,24,NULL,NULL,NULL,Hispanic Origin,,0,MA,,1
,59988319476,FC24004082,46:00.0,Male,Unknown,29,NULL,NULL,NULL,Hispanic Origin,,0,NULL,,1
,59997252028,FC24004084,30:00.0,Male,Asian,27,Thin,NULL,NULL,Not of Hispanic Origin,,0,MA,,1
,59997959448,FC24004086,50:00.0,Male,Black,42,Medium,Braided,Medium Brown,Hispanic Origin,,0,MA,ID Only - Never had Personal Driver License,0
,60008778762,FC24004095,10:00.0,Male,Black,22,Thin,Braided,Brown,Hispanic Origin,,0,MA,,1
,60008782055,FC24004095,10:00.0,Male,Black,21,Heavy,Corn Rows,Medium,Not of Hispanic Origin,,0,MA,Instruction Permit,1
,60075431160,FC24004144,10:00.0,Male,Black,34,Heavy,Short,Dark,Not of Hispanic Origin,,0,MA,Class D,0
,60075433281,FC24004144,10:00.0,Male,Black,16,Thin,Dreadlocks,Light Brown,Unknown,,0,MA,,0
,60079750485,FC24004151,00:00.0,Male,Black,23,NULL,NULL,NULL,NULL,,0,NULL,,1
,60079791659,FC24004151,00:00.0,Female,Black,25,NULL,NULL,NULL,NULL,,0,NULL,,1
,60084126509,FC24004156,10:00.0,Male,Black,23,Thin,Braided,Dark Brown,NULL,,0,MA,,0
,60118066799,FC24004176,00:00.0,Male,Black,20,NULL,NULL,NULL,Hispanic Origin,,0,MA,,1
,60118237777,FC24004176,00:00.0,Male,Black,15,Thin,Short,Medium Brown,Not of Hispanic Origin,,0,MA,,NULL
,60135837639,FC24004191,45:00.0,Male,Unknown,43,NULL,NULL,NULL,NULL,,0,NULL,,0
,60137605804,FC24004193,28:00.0,Male,White,42,NULL,NULL,NULL,Not of Hispanic Origin,,0,NULL,,0
,60139998775,FC24004196,16:00.0,Male,Black,13,NULL,NULL,NULL,NULL,,0,NULL,,0
,60140884282,FC24004197,45:00.0,Male,Black,40,NULL,NULL,NULL,Hispanic Origin,,0,MA,,0
,60140885745,FC24004197,45:00.0,Female,White,37,Thin,NULL,NULL,Not of Hispanic Origin,,0,MA,,0
,60146652890,FC24004199,25:00.0,Male,Black,26,Thin,NULL,NULL,Not of Hispanic Origin,,0,MA,,0
,60158214008,FC24004203,47:00.0,Male,NULL,31,NULL,NULL,NULL,NULL,,0,MA,,0
,60158452612,FC24004204,10:00.0,Male,Black,21,Medium,Braided,Medium Brown,Not of Hispanic Origin,,0,MA,Class D,1
,60158488308,FC24004204,10:00.0,Male,Black,16,Thin,Short,NULL,Unknown,,0,MA,,0
,60219597315,FC24004269,00:00.0,Male,Black,17,Thin,NULL,Light Brown,Hispanic Origin,,0,MA,,0
,60219637205,FC24004269,00:00.0,Male,White,24,NULL,NULL,NULL,Unknown,,0,MA,Class D,0
,60219823269,FC24004271,45:00.0,Male,Black,42,Medium,NULL,NULL,Not of Hispanic Origin,,0,MA,,1
,60228090981,FC24004278,46:00.0,Female,Black,24,NULL,NULL,NULL,Hispanic Origin,,0,MA,Class D,1
,60228091111,FC24004278,46:00.0,Female,Black,17,Thin,NULL,NULL,Hispanic Origin,,0,MA,,1
,60228091486,FC24004278,46:00.0,Female,Black,27,NULL,NULL,NULL,Not of Hispanic Origin,,0,MA,,1
,60235166050,FC24004281,28:00.0,Male,Black,22,Thin,NULL,NULL,Not of Hispanic Origin,,0,MA,Class D,1
,60235173086,FC24004281,28:00.0,Male,Black,18,Thin,Short,Medium,Hispanic Origin,,0,MA,ID Only - Never had Personal Driver License,1
,60235188155,FC24004281,28:00.0,Male,Black,22,Thin,Afro,Medium Brown,Not of Hispanic Origin,,0,MA,,1
,60237747485,FC24004284,00:00.0,Male,White,56,NULL,NULL,NULL,Not of Hispanic Origin,,0,MA,Class D,0
,60237755126,FC24004284,00:00.0,Male,White,36,Medium,NULL,Light,Hispanic Origin,,0,MA,CDL Class C,0
,60237775198,FC24004284,00:00.0,Male,White,35,Medium,Short,Light,Not of Hispanic Origin,,0,MA,,0
,60264753823,FC24004294,00:00.0,Male,Black,23,Muscular,Dreadlocks,Dark,Not of Hispanic Origin,,0,MA,Class D,0
,60264756847,FC24004294,00:00.0,Male,Black,31,NULL,NULL,NULL,NULL,,0,MA,,0
,60008790929,FC24004095,10:00.0,Male,White,30,Medium,Short,Light Brown,Hispanic Origin,,0,MA,Class D,1
,60008809515,FC24004095,10:00.0,Male,Black,20,Thin,Corn Rows,Medium Brown,Not of Hispanic Origin,,0,MA,,0
,60008911811,FC24004096,00:00.0,Female,Unknown,NULL,NULL,NULL,NULL,Unknown,,0,NULL,,0
,60012018325,FC24004099,10:00.0,Male,Black,26,Medium,Braided,Medium Brown,NULL,,0,MA,,1
,60020089217,FC24004107,00:00.0,Male,Black,26,Obese,Short,Dark Brown,Not of Hispanic Origin,,0,NULL,,0
,60021004648,FC24004110,45:00.0,Male,Black,15,Thin,Short,Medium Brown,Not of Hispanic Origin,,0,MA,,0
,60022497351,FC24004113,15:00.0,Male,Black,69,NULL,NULL,NULL,Not of Hispanic Origin,,0,MA,Other: M,0
,60031213892,FC24004116,31:00.0,Male,White,37,NULL,NULL,NULL,Not of Hispanic Origin,,0,MA,Class D,0
,60031345547,FC24004117,00:00.0,Male,Black,49,Muscular,NULL,NULL,Not of Hispanic Origin,,0,MA,Class D,0
,60039539024,FC24004124,45:00.0,Male,Black,13,Medium,NULL,Medium Brown,Unknown,,0,MA,,0
,60039539629,FC24004124,45:00.0,Female,Black,21,NULL,NULL,NULL,Hispanic Origin,,0,MA,ID Only - Never had Personal Driver License,0
,60041568193,FC24004126,00:00.0,Male,Black,15,Thin,Short,Medium Brown,Not of Hispanic Origin,,0,MA,,NULL
,60041568876,FC24004126,00:00.0,Male,Black,15,Thin,Short,Dark,Not of Hispanic Origin,,0,MA,,NULL
,60041570596,FC24004126,00:00.0,Male,White,19,NULL,NULL,NULL,Hispanic Origin,,0,NH,Class D,1
,59918279351,FC24004039,28:00.0,Female,Black,34,Medium,Unkempt,Dark,Not of Hispanic Origin,,0,MA,"ID - Had a License, now has ID",0
,59918518173,FC24004042,34:00.0,Male,Black,43,Heavy,Short,Dark,Not of Hispanic Origin,,0,MA,,1
,59932457727,FC24004044,23:00.0,Male,Black,30,Heavy,Curly,Medium,Not of Hispanic Origin,,0,MA,,0
,59932524765,FC24004044,23:00.0,Male,Black,64,Medium,NULL,NULL,Not of Hispanic Origin,,0,MA,,0
,59943923148,FC24004050,06:00.0,Male,Black,32,Medium,Braided,Medium,Not of Hispanic Origin,,0,MA,,1
,59943923372,FC24004050,06:00.0,Male,Black,33,Medium,Dreadlocks,Dark Brown,Not of Hispanic Origin,,0,MA,,1
,59949140927,FC24004054,53:00.0,Male,Black,24,Medium,Afro,Dark,Not of Hispanic Origin,,0,MA,,0
,59951238275,FC24004055,00:00.0,Male,Black,28,Medium,NULL,NULL,Not of Hispanic Origin,,0,MA,Class D,0
,59951257687,FC24004055,00:00.0,Male,Black,20,Thin,NULL,Light Brown,Hispanic Origin,,0,MA,,0
,59970412671,FC24004062,29:00.0,Male,Black,30,Thin,NULL,NULL,Not of Hispanic Origin,,0,MA,Class D,0
,59976990117,FC24004068,30:00.0,Male,White,44,NULL,NULL,NULL,Not of Hispanic Origin,,0,MA,Class D,0
,59982645746,FC24004071,14:00.0,Male,Black,37,NULL,NULL,NULL,Unknown,,0,MA,Class D,0
,59987499171,FC24004080,25:00.0,Female,White,76,Thin,Straight,Light,Not of Hispanic Origin,,0,NH,,0
,59997043216,FC24004083,30:00.0,Male,Black,34,Heavy,Short,Dark,Not of Hispanic Origin,,0,MA,Class D,0
,60158495252,FC24004204,10:00.0,Male,White,22,Medium,Braided,Light,Hispanic Origin,,0,MA,Class D,0
,60158531876,FC24004204,10:00.0,Male,Black,22,NULL,NULL,NULL,NULL,,0,MA,,0
,60158537522,FC24004206,02:00.0,Male,Black,22,Thin,Short,Dark,Unknown,,0,NULL,,1
,60158538194,FC24004206,02:00.0,Male,Black,22,Medium,Short,Dark,Not of Hispanic Origin,,0,MA,Class D,1
,60158538419,FC24004206,02:00.0,Male,Black,50,Medium,NULL,NULL,Not of Hispanic Origin,,0,MA,Class D,0
,60163821827,FC24004209,45:00.0,Male,Black,46,Thin,Short,Medium Brown,Unknown,,0,MA,Class D,1
,60163825421,FC24004209,45:00.0,Male,Black,45,Muscular,NULL,NULL,Not of Hispanic Origin,,0,MA,,0
,60165938083,FC24004211,00:00.0,Male,Black,20,NULL,NULL,NULL,Unknown,,0,MA,Class D,1
,60165945611,FC24004211,00:00.0,Male,Black,27,Medium,Short,Medium Brown,Not of Hispanic Origin,,0,MA,Class D,1
,60168284217,FC24004215,00:00.0,Male to Female Transgender,Black,29,Medium,Braided,Light Brown,Unknown,,0,MA,None,0
,60170192809,FC24004219,00:00.0,Male,Black,21,Thin,NULL,Dark Brown,Not of Hispanic Origin,,0,MA,,1
,60171437254,FC24004221,11:00.0,Male,Asian,37,Thin,NULL,NULL,Not of Hispanic Origin,,0,MA,,1
,60177079797,FC24004225,10:00.0,Male,Black,14,NULL,NULL,NULL,Not of Hispanic Origin,,0,NULL,,0
,60177093327,FC24004225,10:00.0,Male,Black,14,NULL,NULL,NULL,Not of Hispanic Origin,,0,NULL,,0
,60177138734,FC24004225,10:00.0,Male,Black,14,Thin,Short,Dark,NULL,,0,NULL,,0
,60041574048,FC24004126,00:00.0,Female,Black,28,Thin,Braided,Light Brown,Not of Hispanic Origin,,0,MA,Class D,NULL
,60041618747,FC24004127,19:00.0,Male,White,36,Thin,Straight,Light Brown,Hispanic Origin,,0,MA,,0
,60041620622,FC24004127,19:00.0,Male,Black,46,Thin,Short,NULL,Not of Hispanic Origin,,0,MA,,0
,60041633794,FC24004127,19:00.0,Female,Unknown,29,NULL,NULL,NULL,NULL,,0,NULL,,0
,60041800443,FC24004129,00:00.0,Male,White,19,NULL,NULL,NULL,Hispanic Origin,,0,NULL,,0
,60041801855,FC24004129,00:00.0,Male,White,22,Thin,Short,Light,Hispanic Origin,,0,MA,,0
,60041804154,FC24004129,00:00.0,Male,Black,19,NULL,NULL,NULL,Hispanic Origin,,0,NULL,,0
,60043165701,FC24004130,03:00.0,Male,Black,36,Medium,NULL,Light,NULL,,0,MA,,1
,60043166726,FC24004130,03:00.0,Male,Black,16,Medium,Dreadlocks,Medium Brown,Hispanic Origin,,0,MA,,1
,60055509873,FC24004135,12:00.0,Male,Black,27,Medium,NULL,Dark Brown,Not of Hispanic Origin,,0,MA,Class D,1
,60063216685,FC24004136,00:00.0,Male,Black,31,Thin,NULL,NULL,Not of Hispanic Origin,,0,MA,Class D,0
,60063218517,FC24004136,00:00.0,Male,Black,22,NULL,NULL,NULL,Not of Hispanic Origin,,0,MA,Class D,0
,60076102965,FC24004145,00:00.0,Male,White,59,NULL,NULL,NULL,Hispanic Origin,,0,MA,Class D,0
,60077606976,FC24004147,45:00.0,Male,Black,25,Thin,Short,Dark Brown,Not of Hispanic Origin,,0,MA,Class D,1
,60077608897,FC24004147,45:00.0,Male,Black,25,Thin,Short,NULL,Not of Hispanic Origin,,0,MA,Class D,1
,60177146538,FC24004225,10:00.0,Male,White,14,NULL,NULL,NULL,Hispanic Origin,,0,NULL,,0
,60185838111,FC24004230,48:00.0,Male,NULL,32,Thin,Pony Tail,Light Brown,Hispanic Origin,,0,MA,,0
,60185840620,FC24004230,48:00.0,Male,Unknown,28,NULL,NULL,NULL,Unknown,,0,MA,Class D,0
,60207613231,FC24004252,57:00.0,Male,Black,27,Thin,Dreadlocks,Light Brown,Not of Hispanic Origin,,0,MA,,1
,60209735843,FC24004254,15:00.0,Male,Black,33,Thin,Short,Dark Brown,Not of Hispanic Origin,,0,MA,Class D,0
,60209739549,FC24004254,15:00.0,Male,Black,22,NULL,NULL,NULL,Not of Hispanic Origin,,0,MA,Class D,0
,60209740891,FC24004254,15:00.0,Male,Black,23,Heavy,Braided,Dark Brown,Not of Hispanic Origin,,0,MA,,0
,60209742322,FC24004254,15:00.0,Male,White,27,Thin,NULL,NULL,Hispanic Origin,,0,MA,ID Only - Never had Personal Driver License,0
,60209747029,FC24004254,15:00.0,Male,Black,24,Thin,Short,Dark,Unknown,,0,MA,,0
,60212357435,FC24004256,00:00.0,Male,Black,20,NULL,NULL,NULL,Not of Hispanic Origin,,0,MA,Class D,0
,60219463756,FC24004270,00:00.0,Unknown,Unknown,NULL,NULL,NULL,NULL,Unknown,,0,NULL,,0
,60219475897,FC24004270,00:00.0,Male,Unknown,28,NULL,NULL,NULL,Unknown,,0,MA,Class D,NULL
,60221825505,FC24004273,37:00.0,Male,Black,23,Thin,Braided,Medium Brown,Not of Hispanic Origin,,0,MA,ID Only - Never had Personal Driver License,1
,60226256139,FC24004276,00:00.0,Male,White,39,Thin,NULL,NULL,Not of Hispanic Origin,,0,MA,,1
,59997200087,FC24004083,30:00.0,Male,Black,18,Medium,Afro,NULL,Unknown,,0,MA,,0
,60000450654,FC24004085,30:00.0,Male,White,33,Thin,Straight,Light,Not of Hispanic Origin,,0,MA,,1
,60000464116,FC24004089,00:00.0,Male,Black,27,Unknown,NULL,NULL,Not of Hispanic Origin,,0,MA,,0
,60000537914,FC24004091,00:00.0,Male,Black,22,Heavy,Braided,Medium,Not of Hispanic Origin,,0,MA,,0
,60000539231,FC24004091,00:00.0,Male,Black,22,Medium,NULL,NULL,Not of Hispanic Origin,,0,MA,,0
,60000542366,FC24004091,00:00.0,Male,Black,21,Medium,Braided,Medium Brown,Not of Hispanic Origin,,0,MA,Class D,0
,60009845056,FC24004097,46:00.0,Male,Black,31,NULL,NULL,NULL,Hispanic Origin,,0,NULL,,0
,60012988823,FC24004101,50:00.0,Male,Unknown,22,NULL,NULL,NULL,Unknown,,0,NULL,,0
,60015751104,FC24004102,40:00.0,Male,Black,49,Medium,NULL,NULL,Not of Hispanic Origin,,0,MA,,1
,60015754468,FC24004102,40:00.0,Male,Black,50,Medium,NULL,NULL,Not of Hispanic Origin,,0,MA,,1
,60017789906,FC24004103,00:00.0,Male,Black,29,Thin,Dreadlocks,Medium Brown,Not of Hispanic Origin,,0,MA,"ID - Had a License, now has ID",0
,60018447913,FC24004105,00:00.0,Male,Black,23,Heavy,Dreadlocks,Dark,Hispanic Origin,,0,MA,ID Only - Never had Personal Driver License,0
,60018449698,FC24004105,00:00.0,Male,Black,24,Thin,Braided,Medium Brown,Not of Hispanic Origin,,0,MA,,0
,60018450557,FC24004105,00:00.0,Male,Black,18,NULL,NULL,NULL,Unknown,,0,NULL,,0
,60077610122,FC24004147,45:00.0,Male,Black,18,Medium,Dreadlocks,Medium Brown,Unknown,,0,MA,,1
,60077614142,FC24004147,45:00.0,Male,White,25,Thin,Afro,Light Brown,Hispanic Origin,,0,MA,"ID - Had a License, now has ID",1
,60078111044,FC24004148,00:00.0,Male,Black,30,Heavy,Short,Dark Brown,Not of Hispanic Origin,,0,MA,Class D,0
,60093618322,FC24004152,00:00.0,Male,Black,17,Thin,Short,Dark,Unknown,,0,MA,,1
,60081560843,FC24004154,40:00.0,Male,White,39,Thin,Straight,Light Brown,Hispanic Origin,,0,MA,ID Only - Never had Personal Driver License,0
,60087872452,FC24004160,24:00.0,Male,Black,NULL,NULL,NULL,NULL,NULL,,0,NULL,,1
,60087875082,FC24004160,24:00.0,Male,Black,NULL,NULL,NULL,NULL,NULL,,0,NULL,,1
,60087986756,FC24004161,24:00.0,Female,Black,20,NULL,NULL,NULL,Unknown,,0,NULL,,1
,60088121717,FC24004163,00:00.0,Male,Black,24,Heavy,Braided,Medium Brown,Hispanic Origin,,0,MA,Class D,0
,60088555183,FC24004164,46:00.0,Male,Black,18,NULL,NULL,NULL,Unknown,,0,MA,Class D,1
,60109228349,FC24004172,30:00.0,Male,White,57,NULL,NULL,NULL,Not of Hispanic Origin,,0,MA,,0
,60109229937,FC24004172,30:00.0,Female,White,30,Medium,Curly,Medium,Not of Hispanic Origin,,0,MA,,0
,60109234002,FC24004172,30:00.0,Male,White,38,Thin,NULL,NULL,Not of Hispanic Origin,,0,MA,,0
,60109846836,FC24004173,00:00.0,Male,White,21,NULL,NULL,NULL,Hispanic Origin,,0,MA,Class D,1
,60109848712,FC24004173,00:00.0,Male,Black,22,Thin,Curly,Light Brown,Hispanic Origin,,0,MA,ID Only - Never had Personal Driver License,1
,60018453834,FC24004105,00:00.0,Male,Black,22,Medium,Dreadlocks,Black,Not of Hispanic Origin,,0,MA,None,0
,60019873379,FC24004106,12:00.0,Male,Black,34,Thin,Braided,NULL,Not of Hispanic Origin,,0,MA,,0
,60020939784,FC24004109,30:00.0,Male,Black,30,Thin,Short,Light Brown,Hispanic Origin,,0,MA,Class D,0
,60021594574,FC24004111,10:00.0,Male,Black,18,Medium,Afro,NULL,Unknown,,0,MA,,0
,60021603407,FC24004111,10:00.0,Male,Black,17,Medium,Afro,Medium Brown,Unknown,,0,NULL,,0
,60021609827,FC24004111,10:00.0,Male,Black,27,Thin,Braided,Medium Brown,Not of Hispanic Origin,,0,MA,,0
,60021611283,FC24004111,10:00.0,Male,Black,26,NULL,NULL,NULL,Not of Hispanic Origin,,0,NULL,,0
,60022161383,FC24004112,08:00.0,Male,White,21,NULL,NULL,NULL,Unknown,,0,NULL,,0
,60022168121,FC24004112,08:00.0,Male,White,19,NULL,NULL,NULL,Not of Hispanic Origin,,0,NULL,,0
,60022173554,FC24004112,08:00.0,Male,Unknown,18,NULL,NULL,NULL,Unknown,,0,NULL,,0
,60023296676,FC24004114,16:00.0,Female,Black,33,Thin,Curly,Light Brown,Not of Hispanic Origin,,0,MA,,0
,60031410923,FC24004118,46:00.0,NULL,NULL,NULL,NULL,NULL,NULL,NULL,,0,NULL,,0
,60037369191,FC24004120,00:00.0,Male,White,58,NULL,NULL,NULL,Not of Hispanic Origin,,0,NULL,,0
,60039505055,FC24004123,30:00.0,Male,White,16,NULL,NULL,NULL,Not of Hispanic Origin,,0,NULL,,1
,60040297190,FC24004125,19:00.0,Male,White,28,NULL,NULL,NULL,Not of Hispanic Origin,,0,NULL,,0
,60118699204,FC24004178,30:00.0,Male,NULL,34,Medium,NULL,Medium Brown,Not of Hispanic Origin,,0,MA,,1
,60118885247,FC24004179,10:00.0,Male,Black,29,Medium,Short,Dark,Not of Hispanic Origin,,0,MA,,1
,60118931259,FC24004179,10:00.0,Male,NULL,31,NULL,NULL,NULL,Not of Hispanic Origin,,0,MA,,1
,60123551466,FC24004180,27:00.0,Male,Black,41,Thin,Short,Dark,Not of Hispanic Origin,,0,MA,,1
,60130012352,FC24004185,00:00.0,Male,Black,29,Medium,Short,Light Brown,Not of Hispanic Origin,,0,MA,ID Only - Never had Personal Driver License,0
,60130012737,FC24004185,00:00.0,Male,Black,34,Heavy,Short,Dark,Not of Hispanic Origin,,0,MA,Class D,0
,60130013220,FC24004185,00:00.0,Male,Black,33,Thin,NULL,Medium,Not of Hispanic Origin,,0,MA,,0
,60130014982,FC24004185,00:00.0,Male,White,29,NULL,NULL,NULL,Unknown,,0,NULL,,0
,60130016495,FC24004185,00:00.0,Male,Black,24,Thin,Afro,Dark,Not of Hispanic Origin,,0,MA,,0
,60132419450,FC24004188,11:00.0,Male,Black,59,NULL,NULL,NULL,Not of Hispanic Origin,,0,MA,,1
,60132438608,FC24004188,11:00.0,Male,Black,55,Thin,NULL,NULL,Not of Hispanic Origin,,0,MA,Class D,0
,60137549703,FC24004192,36:00.0,Male,Black,24,NULL,NULL,NULL,NULL,,0,MA,Class D,1
,60147596817,FC24004200,51:00.0,Male,Black,21,Thin,NULL,NULL,Not of Hispanic Origin,,0,MA,,0
,60163073733,FC24004208,55:00.0,Male,White,55,NULL,NULL,NULL,Hispanic Origin,,0,MA,"ID - Had a License, now has ID",1
,60041737195,FC24004128,40:00.0,Male,NULL,26,Medium,NULL,NULL,Not of Hispanic Origin,,0,MA,,0
,60041740220,FC24004128,40:00.0,Male,Black,32,Thin,NULL,NULL,Not of Hispanic Origin,,0,MA,,0
,60069032379,FC24004141,08:00.0,Male,White,31,Thin,NULL,Light,Unknown,,0,MA,Class D,0
,60069049649,FC24004141,08:00.0,Male,White,41,NULL,NULL,NULL,NULL,,0,NULL,,0
,60071382011,FC24004142,19:00.0,Male,Black,34,Medium,NULL,NULL,Not of Hispanic Origin,,0,MA,,0
,60077528297,FC24004146,53:00.0,Male,White,43,Medium,Receding or Slightly Receding,Light,Hispanic Origin,,0,MA,Class D,0
,60078369589,FC24004149,14:00.0,Male,White,35,NULL,NULL,NULL,Not of Hispanic Origin,,0,NULL,,0
,60078371546,FC24004149,14:00.0,Male,White,34,NULL,NULL,NULL,Not of Hispanic Origin,,0,MA,,0
,60081539364,FC24004153,26:00.0,Male,Black,26,NULL,NULL,NULL,NULL,,0,MA,,1
,60083263276,FC24004155,45:00.0,Male,Unknown,35,NULL,NULL,NULL,NULL,,0,NULL,,0
,60084831481,FC24004158,00:00.0,Male,Black,31,Medium,NULL,NULL,Not of Hispanic Origin,,0,MA,,0
,60084833776,FC24004158,00:00.0,Male,Black,25,Medium,Corn Rows,Medium Brown,NULL,,0,MA,,NULL
,60088036120,FC24004162,00:00.0,Male,Black,30,Muscular,Short,Dark Brown,Not of Hispanic Origin,,0,MA,,1
,60088891444,FC24004167,32:00.0,Male,Black,61,Medium,Bald or Balding,Medium Brown,Not of Hispanic Origin,,0,MA,Class D,0
,60090385342,FC24004169,40:00.0,Male,White,17,NULL,NULL,NULL,Hispanic Origin,,0,NULL,,1
,60166295234,FC24004212,15:00.0,Male,Black,23,Thin,Braided,Medium Brown,Not of Hispanic Origin,,0,MA,,0
,60166812490,FC24004213,20:00.0,Male,Black,19,Thin,Braided,Light Brown,Not of Hispanic Origin,,0,MA,,0
,60171462585,FC24004222,38:00.0,Male,NULL,27,Medium,NULL,NULL,Hispanic Origin,,0,MA,,0
,60182596717,FC24004228,00:00.0,Male,White,29,NULL,NULL,NULL,Unknown,,0,NULL,,0
,60182607170,FC24004228,00:00.0,Male,Black,24,Thin,Afro,Dark,Not of Hispanic Origin,,0,MA,,0
,60182608912,FC24004228,00:00.0,Male,Other,18,NULL,NULL,NULL,Unknown,,0,NULL,,0
,60182610877,FC24004228,00:00.0,Male,Black,16,Medium,Braided,Medium,Unknown,,0,MA,,0
,60185649897,FC24004233,45:00.0,Male,White,56,Thin,NULL,NULL,Not of Hispanic Origin,,0,MA,,0
,60197340079,FC24004241,08:00.0,Female,White,28,Thin,NULL,NULL,Not of Hispanic Origin,,0,MA,,NULL
,60197407565,FC24004241,08:00.0,Male,Black,64,NULL,NULL,NULL,Not of Hispanic Origin,,0,NULL,,0
,60199128793,FC24004245,31:00.0,Male,White,20,NULL,NULL,NULL,Hispanic Origin,,0,MA,Class D,0
,60199131578,FC24004245,31:00.0,Male,White,27,Medium,NULL,NULL,Hispanic Origin,,0,MA,ID Only - Never had Personal Driver License,0
,60203673506,FC24004250,00:00.0,Male,Black,27,Thin,Afro,Dark Brown,Hispanic Origin,,0,MA,ID Only - Never had Personal Driver License,0
,60203696332,FC24004250,00:00.0,Male,Black,19,Thin,NULL,Medium,Unknown,,0,MA,,0
,60203706634,FC24004250,00:00.0,Male,Black,23,NULL,NULL,NULL,Not of Hispanic Origin,,0,MA,Class D,0
,60090760982,FC24004170,13:00.0,Male,Black,30,Medium,NULL,NULL,Not of Hispanic Origin,,0,MA,"ID - Had a License, now has ID",0
,60107701787,FC24004171,00:00.0,Male,White,73,NULL,NULL,NULL,Not of Hispanic Origin,,0,MA,Class D,0
,60118061876,FC24004177,45:00.0,Male,White,40,NULL,NULL,NULL,Hispanic Origin,,0,MA,Class D,0
,60126375695,FC24004181,59:00.0,Male,Black,26,Thin,Braided,NULL,NULL,,0,MA,Class D,1
,60126379017,FC24004181,59:00.0,Male,Black,29,Medium,NULL,NULL,Not of Hispanic Origin,,0,MA,,1
,60128116017,FC24004183,57:00.0,Male,White,43,Medium,Short,Light,Not of Hispanic Origin,,0,MA,,1
,60128248224,FC24004184,04:00.0,Male,Black,34,NULL,NULL,NULL,Not of Hispanic Origin,,0,MA,Class D,NULL
,60128258705,FC24004184,04:00.0,Male,White,36,NULL,NULL,NULL,Not of Hispanic Origin,,0,MA,,1
,60132269626,FC24004187,54:00.0,Male,White,54,NULL,NULL,NULL,Not of Hispanic Origin,,0,NULL,,1
,60132517484,FC24004189,09:00.0,Male,Black,20,NULL,NULL,NULL,Hispanic Origin,,0,MA,,1
,60154436235,FC24004201,20:00.0,Male,NULL,40,NULL,NULL,NULL,NULL,,0,NULL,,0
,60154436235,FC24004201,20:00.0,Male,NULL,40,NULL,NULL,NULL,NULL,,0,NULL,,NULL
,60154474303,FC24004201,20:00.0,Male,White,51,NULL,NULL,NULL,Hispanic Origin,,0,MA,Class D,0
,60157135208,FC24004202,30:00.0,Male,Black,39,Heavy,Braided,Medium Brown,Not of Hispanic Origin,,0,MA,Class D,0
,60157189483,FC24004202,30:00.0,Male,Black,47,Thin,NULL,NULL,Not of Hispanic Origin,,0,MA,,0
,60157228079,FC24004202,30:00.0,Male,Black,42,Thin,NULL,NULL,Not of Hispanic Origin,,0,MA,,0
,60157232966,FC24004202,30:00.0,Male,Black,16,Thin,NULL,Light,NULL,,0,MA,,0
,60157236199,FC24004202,30:00.0,Male,Black,24,Thin,Short,Dark,Unknown,,0,MA,,0
,60157238760,FC24004202,30:00.0,Male,Black,33,Thin,NULL,Medium,Not of Hispanic Origin,,0,MA,,0
,60157247577,FC24004202,30:00.0,Male,Black,29,Medium,Short,Light Brown,Not of Hispanic Origin,,0,MA,ID Only - Never had Personal Driver License,0
,60157259708,FC24004202,30:00.0,Male,White,27,Thin,NULL,NULL,Hispanic Origin,,0,MA,ID Only - Never had Personal Driver License,0
,60157364323,FC24004202,30:00.0,Male,Black,33,Thin,Short,Dark Brown,Not of Hispanic Origin,,0,MA,Class D,0
,60158471094,FC24004205,30:00.0,Male,Black,60,Heavy,Bald or Balding,Medium Brown,Not of Hispanic Origin,,0,MA,,1
,60158478354,FC24004205,30:00.0,Female,White,40,Medium,Straight,Medium,NULL,,0,MA,,0
,60168491513,FC24004216,00:00.0,Male,Black,38,Heavy,NULL,NULL,Not of Hispanic Origin,,0,MA,,0
,60168542799,FC24004217,00:00.0,Male,Black,18,Medium,Afro,NULL,Unknown,,0,MA,,0
,60168545362,FC24004217,00:00.0,Male,Black,26,Medium,NULL,NULL,Not of Hispanic Origin,,0,MA,,0
,60171531161,FC24004223,15:00.0,Male,Black,18,Thin,Curly,NULL,Unknown,,0,NULL,,1
,60171531569,FC24004223,15:00.0,Male,Black,12,Thin,Afro,NULL,Unknown,,0,MA,,1
,60171532003,FC24004223,15:00.0,Male,Black,13,NULL,NULL,NULL,Unknown,,0,NULL,,1
,60177267449,FC24004226,18:00.0,Female,White,51,NULL,NULL,NULL,Hispanic Origin,,0,NULL,,NULL
,60177277330,FC24004226,18:00.0,Male,Black,39,NULL,NULL,NULL,Not of Hispanic Origin,,0,MA,,0
,60177361755,FC24004226,18:00.0,Female,Black,34,NULL,NULL,NULL,Not of Hispanic Origin,,0,MA,,NULL
,60177370838,FC24004226,18:00.0,Male,Black,36,Thin,NULL,NULL,Not of Hispanic Origin,,0,MA,,NULL
,60178392608,FC24004227,00:00.0,Male,NULL,42,Medium,NULL,NULL,Not of Hispanic Origin,,0,MA,,0
,60185100308,FC24004229,05:00.0,Male,Black,18,NULL,NULL,NULL,Hispanic Origin,,0,MA,ID Only - Never had Personal Driver License,1
,60185580198,FC24004232,55:00.0,Male,Black,22,Medium,NULL,NULL,Not of Hispanic Origin,,0,MA,,1
,60185713594,FC24004232,55:00.0,Male,Black,30,Medium,NULL,Medium Brown,Not of Hispanic Origin,,0,MA,Class D,0
,60186000962,FC24004234,03:00.0,Male,White,64,Medium,Bald or Balding,Light,Not of Hispanic Origin,,0,MA,,0
